eventID,occurrenceID,measurementID,measurementMethod,measurementType,measurementTypeID,measurementUnit,measurementUnitID,measurementValue,measurementValueID
RICE001_NB_2016-06-27,NA,RICE001_NB_2016-06-27_cmecs-tidal,https://www.fgdc.gov/standards/projects/cmecs-folder/CMECS_Version_06-2012_FINAL.pdf,tidal zone as defined by CMECS,https://w3id.org/CMECS/CMECS_00000034,not applicable,https://vocab.nerc.ac.uk/collection/P06/current/XXXX/,Marine Nearshore Intertidal,https://w3id.org/CMECS/CMECS_00000495
RICE003_WB_2016-09-14,NA,RICE003_WB_2016-09-14_cmecs-tidal,https://www.fgdc.gov/standards/projects/cmecs-folder/CMECS_Version_06-2012_FINAL.pdf,tidal zone as defined by CMECS,https://w3id.org/CMECS/CMECS_00000034,not applicable,https://vocab.nerc.ac.uk/collection/P06/current/XXXX/,Marine Nearshore Intertidal,https://w3id.org/CMECS/CMECS_00000495
RICE003_NB_2016-09-15,NA,RICE003_NB_2016-09-15_cmecs-tidal,https://www.fgdc.gov/standards/projects/cmecs-folder/CMECS_Version_06-2012_FINAL.pdf,tidal zone as defined by CMECS,https://w3id.org/CMECS/CMECS_00000034,not applicable,https://vocab.nerc.ac.uk/collection/P06/current/XXXX/,Marine Nearshore Intertidal,https://w3id.org/CMECS/CMECS_00000495
RICE003_FB_2016-09-16,NA,RICE003_FB_2016-09-16_cmecs-tidal,https://www.fgdc.gov/standards/projects/cmecs-folder/CMECS_Version_06-2012_FINAL.pdf,tidal zone as defined by CMECS,https://w3id.org/CMECS/CMECS_00000034,not applicable,https://vocab.nerc.ac.uk/collection/P06/current/XXXX/,Marine Nearshore Intertidal,https://w3id.org/CMECS/CMECS_00000495
RICE003_FB_2016-09-17,NA,RICE003_FB_2016-09-17_cmecs-tidal,https://www.fgdc.gov/standards/projects/cmecs-folder/CMECS_Version_06-2012_FINAL.pdf,tidal zone as defined by CMECS,https://w3id.org/CMECS/CMECS_00000034,not applicable,https://vocab.nerc.ac.uk/collection/P06/current/XXXX/,Marine Nearshore Intertidal,https://w3id.org/CMECS/CMECS_00000495
RICE004_FB_2016-11-12,NA,RICE004_FB_2016-11-12_cmecs-tidal,https://www.fgdc.gov/standards/projects/cmecs-folder/CMECS_Version_06-2012_FINAL.pdf,tidal zone as defined by CMECS,https://w3id.org/CMECS/CMECS_00000034,not applicable,https://vocab.nerc.ac.uk/collection/P06/current/XXXX/,Marine Nearshore Intertidal,https://w3id.org/CMECS/CMECS_00000495
RICE004_WB_2016-11-13,NA,RICE004_WB_2016-11-13_cmecs-tidal,https://www.fgdc.gov/standards/projects/cmecs-folder/CMECS_Version_06-2012_FINAL.pdf,tidal zone as defined by CMECS,https://w3id.org/CMECS/CMECS_00000034,not applicable,https://vocab.nerc.ac.uk/collection/P06/current/XXXX/,Marine Nearshore Intertidal,https://w3id.org/CMECS/CMECS_00000495
RICE004_NB_2016-11-14,NA,RICE004_NB_2016-11-14_cmecs-tidal,https://www.fgdc.gov/standards/projects/cmecs-folder/CMECS_Version_06-2012_FINAL.pdf,tidal zone as defined by CMECS,https://w3id.org/CMECS/CMECS_00000034,not applicable,https://vocab.nerc.ac.uk/collection/P06/current/XXXX/,Marine Nearshore Intertidal,https://w3id.org/CMECS/CMECS_00000495
RICE005_FB_2017-02-22,NA,RICE005_FB_2017-02-22_cmecs-tidal,https://www.fgdc.gov/standards/projects/cmecs-folder/CMECS_Version_06-2012_FINAL.pdf,tidal zone as defined by CMECS,https://w3id.org/CMECS/CMECS_00000034,not applicable,https://vocab.nerc.ac.uk/collection/P06/current/XXXX/,Marine Nearshore Intertidal,https://w3id.org/CMECS/CMECS_00000495
RICE005_NB_2017-02-23,NA,RICE005_NB_2017-02-23_cmecs-tidal,https://www.fgdc.gov/standards/projects/cmecs-folder/CMECS_Version_06-2012_FINAL.pdf,tidal zone as defined by CMECS,https://w3id.org/CMECS/CMECS_00000034,not applicable,https://vocab.nerc.ac.uk/collection/P06/current/XXXX/,Marine Nearshore Intertidal,https://w3id.org/CMECS/CMECS_00000495
RICE005_WB_2017-02-24,NA,RICE005_WB_2017-02-24_cmecs-tidal,https://www.fgdc.gov/standards/projects/cmecs-folder/CMECS_Version_06-2012_FINAL.pdf,tidal zone as defined by CMECS,https://w3id.org/CMECS/CMECS_00000034,not applicable,https://vocab.nerc.ac.uk/collection/P06/current/XXXX/,Marine Nearshore Intertidal,https://w3id.org/CMECS/CMECS_00000495
RICE006_WB_2017-05-27,NA,RICE006_WB_2017-05-27_cmecs-tidal,https://www.fgdc.gov/standards/projects/cmecs-folder/CMECS_Version_06-2012_FINAL.pdf,tidal zone as defined by CMECS,https://w3id.org/CMECS/CMECS_00000034,not applicable,https://vocab.nerc.ac.uk/collection/P06/current/XXXX/,Marine Nearshore Intertidal,https://w3id.org/CMECS/CMECS_00000495
RICE006_NB_2017-05-28,NA,RICE006_NB_2017-05-28_cmecs-tidal,https://www.fgdc.gov/standards/projects/cmecs-folder/CMECS_Version_06-2012_FINAL.pdf,tidal zone as defined by CMECS,https://w3id.org/CMECS/CMECS_00000034,not applicable,https://vocab.nerc.ac.uk/collection/P06/current/XXXX/,Marine Nearshore Intertidal,https://w3id.org/CMECS/CMECS_00000495
RICE006_FB_2017-05-29,NA,RICE006_FB_2017-05-29_cmecs-tidal,https://www.fgdc.gov/standards/projects/cmecs-folder/CMECS_Version_06-2012_FINAL.pdf,tidal zone as defined by CMECS,https://w3id.org/CMECS/CMECS_00000034,not applicable,https://vocab.nerc.ac.uk/collection/P06/current/XXXX/,Marine Nearshore Intertidal,https://w3id.org/CMECS/CMECS_00000495
RICE007_FB_2017-06-29,NA,RICE007_FB_2017-06-29_cmecs-tidal,https://www.fgdc.gov/standards/projects/cmecs-folder/CMECS_Version_06-2012_FINAL.pdf,tidal zone as defined by CMECS,https://w3id.org/CMECS/CMECS_00000034,not applicable,https://vocab.nerc.ac.uk/collection/P06/current/XXXX/,Marine Nearshore Intertidal,https://w3id.org/CMECS/CMECS_00000495
RICE007_NB_2017-06-30,NA,RICE007_NB_2017-06-30_cmecs-tidal,https://www.fgdc.gov/standards/projects/cmecs-folder/CMECS_Version_06-2012_FINAL.pdf,tidal zone as defined by CMECS,https://w3id.org/CMECS/CMECS_00000034,not applicable,https://vocab.nerc.ac.uk/collection/P06/current/XXXX/,Marine Nearshore Intertidal,https://w3id.org/CMECS/CMECS_00000495
RICE007_WB_2017-07-01,NA,RICE007_WB_2017-07-01_cmecs-tidal,https://www.fgdc.gov/standards/projects/cmecs-folder/CMECS_Version_06-2012_FINAL.pdf,tidal zone as defined by CMECS,https://w3id.org/CMECS/CMECS_00000034,not applicable,https://vocab.nerc.ac.uk/collection/P06/current/XXXX/,Marine Nearshore Intertidal,https://w3id.org/CMECS/CMECS_00000495
RICE008_WB_2017-09-17,NA,RICE008_WB_2017-09-17_cmecs-tidal,https://www.fgdc.gov/standards/projects/cmecs-folder/CMECS_Version_06-2012_FINAL.pdf,tidal zone as defined by CMECS,https://w3id.org/CMECS/CMECS_00000034,not applicable,https://vocab.nerc.ac.uk/collection/P06/current/XXXX/,Marine Nearshore Intertidal,https://w3id.org/CMECS/CMECS_00000495
RICE008_NB_2017-09-18,NA,RICE008_NB_2017-09-18_cmecs-tidal,https://www.fgdc.gov/standards/projects/cmecs-folder/CMECS_Version_06-2012_FINAL.pdf,tidal zone as defined by CMECS,https://w3id.org/CMECS/CMECS_00000034,not applicable,https://vocab.nerc.ac.uk/collection/P06/current/XXXX/,Marine Nearshore Intertidal,https://w3id.org/CMECS/CMECS_00000495
RICE008_FB_2017-09-19,NA,RICE008_FB_2017-09-19_cmecs-tidal,https://www.fgdc.gov/standards/projects/cmecs-folder/CMECS_Version_06-2012_FINAL.pdf,tidal zone as defined by CMECS,https://w3id.org/CMECS/CMECS_00000034,not applicable,https://vocab.nerc.ac.uk/collection/P06/current/XXXX/,Marine Nearshore Intertidal,https://w3id.org/CMECS/CMECS_00000495
RICE009_FB_2017-11-16,NA,RICE009_FB_2017-11-16_cmecs-tidal,https://www.fgdc.gov/standards/projects/cmecs-folder/CMECS_Version_06-2012_FINAL.pdf,tidal zone as defined by CMECS,https://w3id.org/CMECS/CMECS_00000034,not applicable,https://vocab.nerc.ac.uk/collection/P06/current/XXXX/,Marine Nearshore Intertidal,https://w3id.org/CMECS/CMECS_00000495
RICE009_NB_2017-11-17,NA,RICE009_NB_2017-11-17_cmecs-tidal,https://www.fgdc.gov/standards/projects/cmecs-folder/CMECS_Version_06-2012_FINAL.pdf,tidal zone as defined by CMECS,https://w3id.org/CMECS/CMECS_00000034,not applicable,https://vocab.nerc.ac.uk/collection/P06/current/XXXX/,Marine Nearshore Intertidal,https://w3id.org/CMECS/CMECS_00000495
RICE009_WB_2017-11-18,NA,RICE009_WB_2017-11-18_cmecs-tidal,https://www.fgdc.gov/standards/projects/cmecs-folder/CMECS_Version_06-2012_FINAL.pdf,tidal zone as defined by CMECS,https://w3id.org/CMECS/CMECS_00000034,not applicable,https://vocab.nerc.ac.uk/collection/P06/current/XXXX/,Marine Nearshore Intertidal,https://w3id.org/CMECS/CMECS_00000495
RICE010_FB_2018-02-14,NA,RICE010_FB_2018-02-14_cmecs-tidal,https://www.fgdc.gov/standards/projects/cmecs-folder/CMECS_Version_06-2012_FINAL.pdf,tidal zone as defined by CMECS,https://w3id.org/CMECS/CMECS_00000034,not applicable,https://vocab.nerc.ac.uk/collection/P06/current/XXXX/,Marine Nearshore Intertidal,https://w3id.org/CMECS/CMECS_00000495
RICE010_NB_2018-02-15,NA,RICE010_NB_2018-02-15_cmecs-tidal,https://www.fgdc.gov/standards/projects/cmecs-folder/CMECS_Version_06-2012_FINAL.pdf,tidal zone as defined by CMECS,https://w3id.org/CMECS/CMECS_00000034,not applicable,https://vocab.nerc.ac.uk/collection/P06/current/XXXX/,Marine Nearshore Intertidal,https://w3id.org/CMECS/CMECS_00000495
RICE010_WB_2018-02-16,NA,RICE010_WB_2018-02-16_cmecs-tidal,https://www.fgdc.gov/standards/projects/cmecs-folder/CMECS_Version_06-2012_FINAL.pdf,tidal zone as defined by CMECS,https://w3id.org/CMECS/CMECS_00000034,not applicable,https://vocab.nerc.ac.uk/collection/P06/current/XXXX/,Marine Nearshore Intertidal,https://w3id.org/CMECS/CMECS_00000495
RICE011_WB_2018-05-19,NA,RICE011_WB_2018-05-19_cmecs-tidal,https://www.fgdc.gov/standards/projects/cmecs-folder/CMECS_Version_06-2012_FINAL.pdf,tidal zone as defined by CMECS,https://w3id.org/CMECS/CMECS_00000034,not applicable,https://vocab.nerc.ac.uk/collection/P06/current/XXXX/,Marine Nearshore Intertidal,https://w3id.org/CMECS/CMECS_00000495
RICE011_FB_2018-05-20,NA,RICE011_FB_2018-05-20_cmecs-tidal,https://www.fgdc.gov/standards/projects/cmecs-folder/CMECS_Version_06-2012_FINAL.pdf,tidal zone as defined by CMECS,https://w3id.org/CMECS/CMECS_00000034,not applicable,https://vocab.nerc.ac.uk/collection/P06/current/XXXX/,Marine Nearshore Intertidal,https://w3id.org/CMECS/CMECS_00000495
RICE011_NB_2018-05-21,NA,RICE011_NB_2018-05-21_cmecs-tidal,https://www.fgdc.gov/standards/projects/cmecs-folder/CMECS_Version_06-2012_FINAL.pdf,tidal zone as defined by CMECS,https://w3id.org/CMECS/CMECS_00000034,not applicable,https://vocab.nerc.ac.uk/collection/P06/current/XXXX/,Marine Nearshore Intertidal,https://w3id.org/CMECS/CMECS_00000495
RICE012_WB_2018-06-14,NA,RICE012_WB_2018-06-14_cmecs-tidal,https://www.fgdc.gov/standards/projects/cmecs-folder/CMECS_Version_06-2012_FINAL.pdf,tidal zone as defined by CMECS,https://w3id.org/CMECS/CMECS_00000034,not applicable,https://vocab.nerc.ac.uk/collection/P06/current/XXXX/,Marine Nearshore Intertidal,https://w3id.org/CMECS/CMECS_00000495
RICE012_FB_2018-06-15,NA,RICE012_FB_2018-06-15_cmecs-tidal,https://www.fgdc.gov/standards/projects/cmecs-folder/CMECS_Version_06-2012_FINAL.pdf,tidal zone as defined by CMECS,https://w3id.org/CMECS/CMECS_00000034,not applicable,https://vocab.nerc.ac.uk/collection/P06/current/XXXX/,Marine Nearshore Intertidal,https://w3id.org/CMECS/CMECS_00000495
RICE012_NB_2018-06-16,NA,RICE012_NB_2018-06-16_cmecs-tidal,https://www.fgdc.gov/standards/projects/cmecs-folder/CMECS_Version_06-2012_FINAL.pdf,tidal zone as defined by CMECS,https://w3id.org/CMECS/CMECS_00000034,not applicable,https://vocab.nerc.ac.uk/collection/P06/current/XXXX/,Marine Nearshore Intertidal,https://w3id.org/CMECS/CMECS_00000495
RICE013_NB_2018-08-11,NA,RICE013_NB_2018-08-11_cmecs-tidal,https://www.fgdc.gov/standards/projects/cmecs-folder/CMECS_Version_06-2012_FINAL.pdf,tidal zone as defined by CMECS,https://w3id.org/CMECS/CMECS_00000034,not applicable,https://vocab.nerc.ac.uk/collection/P06/current/XXXX/,Marine Nearshore Intertidal,https://w3id.org/CMECS/CMECS_00000495
RICE013_FB_2018-08-12,NA,RICE013_FB_2018-08-12_cmecs-tidal,https://www.fgdc.gov/standards/projects/cmecs-folder/CMECS_Version_06-2012_FINAL.pdf,tidal zone as defined by CMECS,https://w3id.org/CMECS/CMECS_00000034,not applicable,https://vocab.nerc.ac.uk/collection/P06/current/XXXX/,Marine Nearshore Intertidal,https://w3id.org/CMECS/CMECS_00000495
RICE013_WB_2018-08-13,NA,RICE013_WB_2018-08-13_cmecs-tidal,https://www.fgdc.gov/standards/projects/cmecs-folder/CMECS_Version_06-2012_FINAL.pdf,tidal zone as defined by CMECS,https://w3id.org/CMECS/CMECS_00000034,not applicable,https://vocab.nerc.ac.uk/collection/P06/current/XXXX/,Marine Nearshore Intertidal,https://w3id.org/CMECS/CMECS_00000495
RICE014_NB_2018-09-11,NA,RICE014_NB_2018-09-11_cmecs-tidal,https://www.fgdc.gov/standards/projects/cmecs-folder/CMECS_Version_06-2012_FINAL.pdf,tidal zone as defined by CMECS,https://w3id.org/CMECS/CMECS_00000034,not applicable,https://vocab.nerc.ac.uk/collection/P06/current/XXXX/,Marine Nearshore Intertidal,https://w3id.org/CMECS/CMECS_00000495
RICE014_WB_2018-09-13,NA,RICE014_WB_2018-09-13_cmecs-tidal,https://www.fgdc.gov/standards/projects/cmecs-folder/CMECS_Version_06-2012_FINAL.pdf,tidal zone as defined by CMECS,https://w3id.org/CMECS/CMECS_00000034,not applicable,https://vocab.nerc.ac.uk/collection/P06/current/XXXX/,Marine Nearshore Intertidal,https://w3id.org/CMECS/CMECS_00000495
RICE014_FB_2018-09-14,NA,RICE014_FB_2018-09-14_cmecs-tidal,https://www.fgdc.gov/standards/projects/cmecs-folder/CMECS_Version_06-2012_FINAL.pdf,tidal zone as defined by CMECS,https://w3id.org/CMECS/CMECS_00000034,not applicable,https://vocab.nerc.ac.uk/collection/P06/current/XXXX/,Marine Nearshore Intertidal,https://w3id.org/CMECS/CMECS_00000495
RICE015_NB_2018-11-22,NA,RICE015_NB_2018-11-22_cmecs-tidal,https://www.fgdc.gov/standards/projects/cmecs-folder/CMECS_Version_06-2012_FINAL.pdf,tidal zone as defined by CMECS,https://w3id.org/CMECS/CMECS_00000034,not applicable,https://vocab.nerc.ac.uk/collection/P06/current/XXXX/,Marine Nearshore Intertidal,https://w3id.org/CMECS/CMECS_00000495
RICE015_FB_2018-11-23,NA,RICE015_FB_2018-11-23_cmecs-tidal,https://www.fgdc.gov/standards/projects/cmecs-folder/CMECS_Version_06-2012_FINAL.pdf,tidal zone as defined by CMECS,https://w3id.org/CMECS/CMECS_00000034,not applicable,https://vocab.nerc.ac.uk/collection/P06/current/XXXX/,Marine Nearshore Intertidal,https://w3id.org/CMECS/CMECS_00000495
RICE015_WB_2018-11-24,NA,RICE015_WB_2018-11-24_cmecs-tidal,https://www.fgdc.gov/standards/projects/cmecs-folder/CMECS_Version_06-2012_FINAL.pdf,tidal zone as defined by CMECS,https://w3id.org/CMECS/CMECS_00000034,not applicable,https://vocab.nerc.ac.uk/collection/P06/current/XXXX/,Marine Nearshore Intertidal,https://w3id.org/CMECS/CMECS_00000495
RICE016_NB_2019-02-18,NA,RICE016_NB_2019-02-18_cmecs-tidal,https://www.fgdc.gov/standards/projects/cmecs-folder/CMECS_Version_06-2012_FINAL.pdf,tidal zone as defined by CMECS,https://w3id.org/CMECS/CMECS_00000034,not applicable,https://vocab.nerc.ac.uk/collection/P06/current/XXXX/,Marine Nearshore Intertidal,https://w3id.org/CMECS/CMECS_00000495
RICE016_FB_2019-02-19,NA,RICE016_FB_2019-02-19_cmecs-tidal,https://www.fgdc.gov/standards/projects/cmecs-folder/CMECS_Version_06-2012_FINAL.pdf,tidal zone as defined by CMECS,https://w3id.org/CMECS/CMECS_00000034,not applicable,https://vocab.nerc.ac.uk/collection/P06/current/XXXX/,Marine Nearshore Intertidal,https://w3id.org/CMECS/CMECS_00000495
RICE016_WB_2019-02-20,NA,RICE016_WB_2019-02-20_cmecs-tidal,https://www.fgdc.gov/standards/projects/cmecs-folder/CMECS_Version_06-2012_FINAL.pdf,tidal zone as defined by CMECS,https://w3id.org/CMECS/CMECS_00000034,not applicable,https://vocab.nerc.ac.uk/collection/P06/current/XXXX/,Marine Nearshore Intertidal,https://w3id.org/CMECS/CMECS_00000495
RICE017_FB_2019-05-21,NA,RICE017_FB_2019-05-21_cmecs-tidal,https://www.fgdc.gov/standards/projects/cmecs-folder/CMECS_Version_06-2012_FINAL.pdf,tidal zone as defined by CMECS,https://w3id.org/CMECS/CMECS_00000034,not applicable,https://vocab.nerc.ac.uk/collection/P06/current/XXXX/,Marine Nearshore Intertidal,https://w3id.org/CMECS/CMECS_00000495
RICE017_NB_2019-05-22,NA,RICE017_NB_2019-05-22_cmecs-tidal,https://www.fgdc.gov/standards/projects/cmecs-folder/CMECS_Version_06-2012_FINAL.pdf,tidal zone as defined by CMECS,https://w3id.org/CMECS/CMECS_00000034,not applicable,https://vocab.nerc.ac.uk/collection/P06/current/XXXX/,Marine Nearshore Intertidal,https://w3id.org/CMECS/CMECS_00000495
RICE017_WB_2019-05-23,NA,RICE017_WB_2019-05-23_cmecs-tidal,https://www.fgdc.gov/standards/projects/cmecs-folder/CMECS_Version_06-2012_FINAL.pdf,tidal zone as defined by CMECS,https://w3id.org/CMECS/CMECS_00000034,not applicable,https://vocab.nerc.ac.uk/collection/P06/current/XXXX/,Marine Nearshore Intertidal,https://w3id.org/CMECS/CMECS_00000495
RICE018_FB_2019-06-15,NA,RICE018_FB_2019-06-15_cmecs-tidal,https://www.fgdc.gov/standards/projects/cmecs-folder/CMECS_Version_06-2012_FINAL.pdf,tidal zone as defined by CMECS,https://w3id.org/CMECS/CMECS_00000034,not applicable,https://vocab.nerc.ac.uk/collection/P06/current/XXXX/,Marine Nearshore Intertidal,https://w3id.org/CMECS/CMECS_00000495
RICE018_WB_2019-06-16,NA,RICE018_WB_2019-06-16_cmecs-tidal,https://www.fgdc.gov/standards/projects/cmecs-folder/CMECS_Version_06-2012_FINAL.pdf,tidal zone as defined by CMECS,https://w3id.org/CMECS/CMECS_00000034,not applicable,https://vocab.nerc.ac.uk/collection/P06/current/XXXX/,Marine Nearshore Intertidal,https://w3id.org/CMECS/CMECS_00000495
RICE018_NB_2019-06-17,NA,RICE018_NB_2019-06-17_cmecs-tidal,https://www.fgdc.gov/standards/projects/cmecs-folder/CMECS_Version_06-2012_FINAL.pdf,tidal zone as defined by CMECS,https://w3id.org/CMECS/CMECS_00000034,not applicable,https://vocab.nerc.ac.uk/collection/P06/current/XXXX/,Marine Nearshore Intertidal,https://w3id.org/CMECS/CMECS_00000495
RICE018_NB_2019-06-18,NA,RICE018_NB_2019-06-18_cmecs-tidal,https://www.fgdc.gov/standards/projects/cmecs-folder/CMECS_Version_06-2012_FINAL.pdf,tidal zone as defined by CMECS,https://w3id.org/CMECS/CMECS_00000034,not applicable,https://vocab.nerc.ac.uk/collection/P06/current/XXXX/,Marine Nearshore Intertidal,https://w3id.org/CMECS/CMECS_00000495
RICE019_WB_2019-08-28,NA,RICE019_WB_2019-08-28_cmecs-tidal,https://www.fgdc.gov/standards/projects/cmecs-folder/CMECS_Version_06-2012_FINAL.pdf,tidal zone as defined by CMECS,https://w3id.org/CMECS/CMECS_00000034,not applicable,https://vocab.nerc.ac.uk/collection/P06/current/XXXX/,Marine Nearshore Intertidal,https://w3id.org/CMECS/CMECS_00000495
RICE019_FB_2019-08-29,NA,RICE019_FB_2019-08-29_cmecs-tidal,https://www.fgdc.gov/standards/projects/cmecs-folder/CMECS_Version_06-2012_FINAL.pdf,tidal zone as defined by CMECS,https://w3id.org/CMECS/CMECS_00000034,not applicable,https://vocab.nerc.ac.uk/collection/P06/current/XXXX/,Marine Nearshore Intertidal,https://w3id.org/CMECS/CMECS_00000495
RICE019_NB_2019-08-30,NA,RICE019_NB_2019-08-30_cmecs-tidal,https://www.fgdc.gov/standards/projects/cmecs-folder/CMECS_Version_06-2012_FINAL.pdf,tidal zone as defined by CMECS,https://w3id.org/CMECS/CMECS_00000034,not applicable,https://vocab.nerc.ac.uk/collection/P06/current/XXXX/,Marine Nearshore Intertidal,https://w3id.org/CMECS/CMECS_00000495
RICE020_WB_2019-11-23,NA,RICE020_WB_2019-11-23_cmecs-tidal,https://www.fgdc.gov/standards/projects/cmecs-folder/CMECS_Version_06-2012_FINAL.pdf,tidal zone as defined by CMECS,https://w3id.org/CMECS/CMECS_00000034,not applicable,https://vocab.nerc.ac.uk/collection/P06/current/XXXX/,Marine Nearshore Intertidal,https://w3id.org/CMECS/CMECS_00000495
RICE020_NB_2019-11-24,NA,RICE020_NB_2019-11-24_cmecs-tidal,https://www.fgdc.gov/standards/projects/cmecs-folder/CMECS_Version_06-2012_FINAL.pdf,tidal zone as defined by CMECS,https://w3id.org/CMECS/CMECS_00000034,not applicable,https://vocab.nerc.ac.uk/collection/P06/current/XXXX/,Marine Nearshore Intertidal,https://w3id.org/CMECS/CMECS_00000495
RICE020_NB_2019-11-26,NA,RICE020_NB_2019-11-26_cmecs-tidal,https://www.fgdc.gov/standards/projects/cmecs-folder/CMECS_Version_06-2012_FINAL.pdf,tidal zone as defined by CMECS,https://w3id.org/CMECS/CMECS_00000034,not applicable,https://vocab.nerc.ac.uk/collection/P06/current/XXXX/,Marine Nearshore Intertidal,https://w3id.org/CMECS/CMECS_00000495
RICE020_FB_2019-11-27,NA,RICE020_FB_2019-11-27_cmecs-tidal,https://www.fgdc.gov/standards/projects/cmecs-folder/CMECS_Version_06-2012_FINAL.pdf,tidal zone as defined by CMECS,https://w3id.org/CMECS/CMECS_00000034,not applicable,https://vocab.nerc.ac.uk/collection/P06/current/XXXX/,Marine Nearshore Intertidal,https://w3id.org/CMECS/CMECS_00000495
RICE021_NB_2020-02-09,NA,RICE021_NB_2020-02-09_cmecs-tidal,https://www.fgdc.gov/standards/projects/cmecs-folder/CMECS_Version_06-2012_FINAL.pdf,tidal zone as defined by CMECS,https://w3id.org/CMECS/CMECS_00000034,not applicable,https://vocab.nerc.ac.uk/collection/P06/current/XXXX/,Marine Nearshore Intertidal,https://w3id.org/CMECS/CMECS_00000495
RICE021_FB_2020-02-10,NA,RICE021_FB_2020-02-10_cmecs-tidal,https://www.fgdc.gov/standards/projects/cmecs-folder/CMECS_Version_06-2012_FINAL.pdf,tidal zone as defined by CMECS,https://w3id.org/CMECS/CMECS_00000034,not applicable,https://vocab.nerc.ac.uk/collection/P06/current/XXXX/,Marine Nearshore Intertidal,https://w3id.org/CMECS/CMECS_00000495
RICE021_WB_2020-02-11,NA,RICE021_WB_2020-02-11_cmecs-tidal,https://www.fgdc.gov/standards/projects/cmecs-folder/CMECS_Version_06-2012_FINAL.pdf,tidal zone as defined by CMECS,https://w3id.org/CMECS/CMECS_00000034,not applicable,https://vocab.nerc.ac.uk/collection/P06/current/XXXX/,Marine Nearshore Intertidal,https://w3id.org/CMECS/CMECS_00000495
RICE022_NB_2020-06-03,NA,RICE022_NB_2020-06-03_cmecs-tidal,https://www.fgdc.gov/standards/projects/cmecs-folder/CMECS_Version_06-2012_FINAL.pdf,tidal zone as defined by CMECS,https://w3id.org/CMECS/CMECS_00000034,not applicable,https://vocab.nerc.ac.uk/collection/P06/current/XXXX/,Marine Nearshore Intertidal,https://w3id.org/CMECS/CMECS_00000495
RICE022_NB_2020-06-04,NA,RICE022_NB_2020-06-04_cmecs-tidal,https://www.fgdc.gov/standards/projects/cmecs-folder/CMECS_Version_06-2012_FINAL.pdf,tidal zone as defined by CMECS,https://w3id.org/CMECS/CMECS_00000034,not applicable,https://vocab.nerc.ac.uk/collection/P06/current/XXXX/,Marine Nearshore Intertidal,https://w3id.org/CMECS/CMECS_00000495
RICE022_WB_2020-06-05,NA,RICE022_WB_2020-06-05_cmecs-tidal,https://www.fgdc.gov/standards/projects/cmecs-folder/CMECS_Version_06-2012_FINAL.pdf,tidal zone as defined by CMECS,https://w3id.org/CMECS/CMECS_00000034,not applicable,https://vocab.nerc.ac.uk/collection/P06/current/XXXX/,Marine Nearshore Intertidal,https://w3id.org/CMECS/CMECS_00000495
RICE022_FB_2020-06-06,NA,RICE022_FB_2020-06-06_cmecs-tidal,https://www.fgdc.gov/standards/projects/cmecs-folder/CMECS_Version_06-2012_FINAL.pdf,tidal zone as defined by CMECS,https://w3id.org/CMECS/CMECS_00000034,not applicable,https://vocab.nerc.ac.uk/collection/P06/current/XXXX/,Marine Nearshore Intertidal,https://w3id.org/CMECS/CMECS_00000495
RICE023_WB_2020-08-18,NA,RICE023_WB_2020-08-18_cmecs-tidal,https://www.fgdc.gov/standards/projects/cmecs-folder/CMECS_Version_06-2012_FINAL.pdf,tidal zone as defined by CMECS,https://w3id.org/CMECS/CMECS_00000034,not applicable,https://vocab.nerc.ac.uk/collection/P06/current/XXXX/,Marine Nearshore Intertidal,https://w3id.org/CMECS/CMECS_00000495
RICE023_NB_2020-08-19,NA,RICE023_NB_2020-08-19_cmecs-tidal,https://www.fgdc.gov/standards/projects/cmecs-folder/CMECS_Version_06-2012_FINAL.pdf,tidal zone as defined by CMECS,https://w3id.org/CMECS/CMECS_00000034,not applicable,https://vocab.nerc.ac.uk/collection/P06/current/XXXX/,Marine Nearshore Intertidal,https://w3id.org/CMECS/CMECS_00000495
RICE023_FB_2020-08-20,NA,RICE023_FB_2020-08-20_cmecs-tidal,https://www.fgdc.gov/standards/projects/cmecs-folder/CMECS_Version_06-2012_FINAL.pdf,tidal zone as defined by CMECS,https://w3id.org/CMECS/CMECS_00000034,not applicable,https://vocab.nerc.ac.uk/collection/P06/current/XXXX/,Marine Nearshore Intertidal,https://w3id.org/CMECS/CMECS_00000495
RICE024_WB_2020-11-13,NA,RICE024_WB_2020-11-13_cmecs-tidal,https://www.fgdc.gov/standards/projects/cmecs-folder/CMECS_Version_06-2012_FINAL.pdf,tidal zone as defined by CMECS,https://w3id.org/CMECS/CMECS_00000034,not applicable,https://vocab.nerc.ac.uk/collection/P06/current/XXXX/,Marine Nearshore Intertidal,https://w3id.org/CMECS/CMECS_00000495
RICE024_NB_2020-11-14,NA,RICE024_NB_2020-11-14_cmecs-tidal,https://www.fgdc.gov/standards/projects/cmecs-folder/CMECS_Version_06-2012_FINAL.pdf,tidal zone as defined by CMECS,https://w3id.org/CMECS/CMECS_00000034,not applicable,https://vocab.nerc.ac.uk/collection/P06/current/XXXX/,Marine Nearshore Intertidal,https://w3id.org/CMECS/CMECS_00000495
RICE024_NB_2020-11-15,NA,RICE024_NB_2020-11-15_cmecs-tidal,https://www.fgdc.gov/standards/projects/cmecs-folder/CMECS_Version_06-2012_FINAL.pdf,tidal zone as defined by CMECS,https://w3id.org/CMECS/CMECS_00000034,not applicable,https://vocab.nerc.ac.uk/collection/P06/current/XXXX/,Marine Nearshore Intertidal,https://w3id.org/CMECS/CMECS_00000495
RICE024_FB_2020-11-16,NA,RICE024_FB_2020-11-16_cmecs-tidal,https://www.fgdc.gov/standards/projects/cmecs-folder/CMECS_Version_06-2012_FINAL.pdf,tidal zone as defined by CMECS,https://w3id.org/CMECS/CMECS_00000034,not applicable,https://vocab.nerc.ac.uk/collection/P06/current/XXXX/,Marine Nearshore Intertidal,https://w3id.org/CMECS/CMECS_00000495
RICE024_WB_2020-11-17,NA,RICE024_WB_2020-11-17_cmecs-tidal,https://www.fgdc.gov/standards/projects/cmecs-folder/CMECS_Version_06-2012_FINAL.pdf,tidal zone as defined by CMECS,https://w3id.org/CMECS/CMECS_00000034,not applicable,https://vocab.nerc.ac.uk/collection/P06/current/XXXX/,Marine Nearshore Intertidal,https://w3id.org/CMECS/CMECS_00000495
RICE025_WB_2021-02-07,NA,RICE025_WB_2021-02-07_cmecs-tidal,https://www.fgdc.gov/standards/projects/cmecs-folder/CMECS_Version_06-2012_FINAL.pdf,tidal zone as defined by CMECS,https://w3id.org/CMECS/CMECS_00000034,not applicable,https://vocab.nerc.ac.uk/collection/P06/current/XXXX/,Marine Nearshore Intertidal,https://w3id.org/CMECS/CMECS_00000495
RICE025_NB_2021-02-08,NA,RICE025_NB_2021-02-08_cmecs-tidal,https://www.fgdc.gov/standards/projects/cmecs-folder/CMECS_Version_06-2012_FINAL.pdf,tidal zone as defined by CMECS,https://w3id.org/CMECS/CMECS_00000034,not applicable,https://vocab.nerc.ac.uk/collection/P06/current/XXXX/,Marine Nearshore Intertidal,https://w3id.org/CMECS/CMECS_00000495
RICE025_NB_2021-02-09,NA,RICE025_NB_2021-02-09_cmecs-tidal,https://www.fgdc.gov/standards/projects/cmecs-folder/CMECS_Version_06-2012_FINAL.pdf,tidal zone as defined by CMECS,https://w3id.org/CMECS/CMECS_00000034,not applicable,https://vocab.nerc.ac.uk/collection/P06/current/XXXX/,Marine Nearshore Intertidal,https://w3id.org/CMECS/CMECS_00000495
RICE025_FB_2021-02-10,NA,RICE025_FB_2021-02-10_cmecs-tidal,https://www.fgdc.gov/standards/projects/cmecs-folder/CMECS_Version_06-2012_FINAL.pdf,tidal zone as defined by CMECS,https://w3id.org/CMECS/CMECS_00000034,not applicable,https://vocab.nerc.ac.uk/collection/P06/current/XXXX/,Marine Nearshore Intertidal,https://w3id.org/CMECS/CMECS_00000495
RICE026_NB_2021-05-27,NA,RICE026_NB_2021-05-27_cmecs-tidal,https://www.fgdc.gov/standards/projects/cmecs-folder/CMECS_Version_06-2012_FINAL.pdf,tidal zone as defined by CMECS,https://w3id.org/CMECS/CMECS_00000034,not applicable,https://vocab.nerc.ac.uk/collection/P06/current/XXXX/,Marine Nearshore Intertidal,https://w3id.org/CMECS/CMECS_00000495
RICE026_NB_2021-05-28,NA,RICE026_NB_2021-05-28_cmecs-tidal,https://www.fgdc.gov/standards/projects/cmecs-folder/CMECS_Version_06-2012_FINAL.pdf,tidal zone as defined by CMECS,https://w3id.org/CMECS/CMECS_00000034,not applicable,https://vocab.nerc.ac.uk/collection/P06/current/XXXX/,Marine Nearshore Intertidal,https://w3id.org/CMECS/CMECS_00000495
RICE026_FB_2021-05-29,NA,RICE026_FB_2021-05-29_cmecs-tidal,https://www.fgdc.gov/standards/projects/cmecs-folder/CMECS_Version_06-2012_FINAL.pdf,tidal zone as defined by CMECS,https://w3id.org/CMECS/CMECS_00000034,not applicable,https://vocab.nerc.ac.uk/collection/P06/current/XXXX/,Marine Nearshore Intertidal,https://w3id.org/CMECS/CMECS_00000495
RICE026_WB_2021-05-30,NA,RICE026_WB_2021-05-30_cmecs-tidal,https://www.fgdc.gov/standards/projects/cmecs-folder/CMECS_Version_06-2012_FINAL.pdf,tidal zone as defined by CMECS,https://w3id.org/CMECS/CMECS_00000034,not applicable,https://vocab.nerc.ac.uk/collection/P06/current/XXXX/,Marine Nearshore Intertidal,https://w3id.org/CMECS/CMECS_00000495
RICE027_WB_2021-06-24,NA,RICE027_WB_2021-06-24_cmecs-tidal,https://www.fgdc.gov/standards/projects/cmecs-folder/CMECS_Version_06-2012_FINAL.pdf,tidal zone as defined by CMECS,https://w3id.org/CMECS/CMECS_00000034,not applicable,https://vocab.nerc.ac.uk/collection/P06/current/XXXX/,Marine Nearshore Intertidal,https://w3id.org/CMECS/CMECS_00000495
RICE027_WB_2021-06-25,NA,RICE027_WB_2021-06-25_cmecs-tidal,https://www.fgdc.gov/standards/projects/cmecs-folder/CMECS_Version_06-2012_FINAL.pdf,tidal zone as defined by CMECS,https://w3id.org/CMECS/CMECS_00000034,not applicable,https://vocab.nerc.ac.uk/collection/P06/current/XXXX/,Marine Nearshore Intertidal,https://w3id.org/CMECS/CMECS_00000495
RICE027_NB_2021-06-27,NA,RICE027_NB_2021-06-27_cmecs-tidal,https://www.fgdc.gov/standards/projects/cmecs-folder/CMECS_Version_06-2012_FINAL.pdf,tidal zone as defined by CMECS,https://w3id.org/CMECS/CMECS_00000034,not applicable,https://vocab.nerc.ac.uk/collection/P06/current/XXXX/,Marine Nearshore Intertidal,https://w3id.org/CMECS/CMECS_00000495
RICE027_NB_2021-06-28,NA,RICE027_NB_2021-06-28_cmecs-tidal,https://www.fgdc.gov/standards/projects/cmecs-folder/CMECS_Version_06-2012_FINAL.pdf,tidal zone as defined by CMECS,https://w3id.org/CMECS/CMECS_00000034,not applicable,https://vocab.nerc.ac.uk/collection/P06/current/XXXX/,Marine Nearshore Intertidal,https://w3id.org/CMECS/CMECS_00000495
RICE027_FB_2021-06-29,NA,RICE027_FB_2021-06-29_cmecs-tidal,https://www.fgdc.gov/standards/projects/cmecs-folder/CMECS_Version_06-2012_FINAL.pdf,tidal zone as defined by CMECS,https://w3id.org/CMECS/CMECS_00000034,not applicable,https://vocab.nerc.ac.uk/collection/P06/current/XXXX/,Marine Nearshore Intertidal,https://w3id.org/CMECS/CMECS_00000495
RICE028_WB_2021-08-19,NA,RICE028_WB_2021-08-19_cmecs-tidal,https://www.fgdc.gov/standards/projects/cmecs-folder/CMECS_Version_06-2012_FINAL.pdf,tidal zone as defined by CMECS,https://w3id.org/CMECS/CMECS_00000034,not applicable,https://vocab.nerc.ac.uk/collection/P06/current/XXXX/,Marine Nearshore Intertidal,https://w3id.org/CMECS/CMECS_00000495
RICE028_FB_2021-08-22,NA,RICE028_FB_2021-08-22_cmecs-tidal,https://www.fgdc.gov/standards/projects/cmecs-folder/CMECS_Version_06-2012_FINAL.pdf,tidal zone as defined by CMECS,https://w3id.org/CMECS/CMECS_00000034,not applicable,https://vocab.nerc.ac.uk/collection/P06/current/XXXX/,Marine Nearshore Intertidal,https://w3id.org/CMECS/CMECS_00000495
RICE028_NB_2021-08-23,NA,RICE028_NB_2021-08-23_cmecs-tidal,https://www.fgdc.gov/standards/projects/cmecs-folder/CMECS_Version_06-2012_FINAL.pdf,tidal zone as defined by CMECS,https://w3id.org/CMECS/CMECS_00000034,not applicable,https://vocab.nerc.ac.uk/collection/P06/current/XXXX/,Marine Nearshore Intertidal,https://w3id.org/CMECS/CMECS_00000495
RICE028_NB_2021-08-24,NA,RICE028_NB_2021-08-24_cmecs-tidal,https://www.fgdc.gov/standards/projects/cmecs-folder/CMECS_Version_06-2012_FINAL.pdf,tidal zone as defined by CMECS,https://w3id.org/CMECS/CMECS_00000034,not applicable,https://vocab.nerc.ac.uk/collection/P06/current/XXXX/,Marine Nearshore Intertidal,https://w3id.org/CMECS/CMECS_00000495
RICE029_NB_2021-11-04,NA,RICE029_NB_2021-11-04_cmecs-tidal,https://www.fgdc.gov/standards/projects/cmecs-folder/CMECS_Version_06-2012_FINAL.pdf,tidal zone as defined by CMECS,https://w3id.org/CMECS/CMECS_00000034,not applicable,https://vocab.nerc.ac.uk/collection/P06/current/XXXX/,Marine Nearshore Intertidal,https://w3id.org/CMECS/CMECS_00000495
RICE029_NB_2021-11-05,NA,RICE029_NB_2021-11-05_cmecs-tidal,https://www.fgdc.gov/standards/projects/cmecs-folder/CMECS_Version_06-2012_FINAL.pdf,tidal zone as defined by CMECS,https://w3id.org/CMECS/CMECS_00000034,not applicable,https://vocab.nerc.ac.uk/collection/P06/current/XXXX/,Marine Nearshore Intertidal,https://w3id.org/CMECS/CMECS_00000495
RICE029_FB_2021-11-06,NA,RICE029_FB_2021-11-06_cmecs-tidal,https://www.fgdc.gov/standards/projects/cmecs-folder/CMECS_Version_06-2012_FINAL.pdf,tidal zone as defined by CMECS,https://w3id.org/CMECS/CMECS_00000034,not applicable,https://vocab.nerc.ac.uk/collection/P06/current/XXXX/,Marine Nearshore Intertidal,https://w3id.org/CMECS/CMECS_00000495
RICE029_WB_2021-11-07,NA,RICE029_WB_2021-11-07_cmecs-tidal,https://www.fgdc.gov/standards/projects/cmecs-folder/CMECS_Version_06-2012_FINAL.pdf,tidal zone as defined by CMECS,https://w3id.org/CMECS/CMECS_00000034,not applicable,https://vocab.nerc.ac.uk/collection/P06/current/XXXX/,Marine Nearshore Intertidal,https://w3id.org/CMECS/CMECS_00000495
RICE030_NB_2022-01-29,NA,RICE030_NB_2022-01-29_cmecs-tidal,https://www.fgdc.gov/standards/projects/cmecs-folder/CMECS_Version_06-2012_FINAL.pdf,tidal zone as defined by CMECS,https://w3id.org/CMECS/CMECS_00000034,not applicable,https://vocab.nerc.ac.uk/collection/P06/current/XXXX/,Marine Nearshore Intertidal,https://w3id.org/CMECS/CMECS_00000495
RICE030_NB_2022-01-30,NA,RICE030_NB_2022-01-30_cmecs-tidal,https://www.fgdc.gov/standards/projects/cmecs-folder/CMECS_Version_06-2012_FINAL.pdf,tidal zone as defined by CMECS,https://w3id.org/CMECS/CMECS_00000034,not applicable,https://vocab.nerc.ac.uk/collection/P06/current/XXXX/,Marine Nearshore Intertidal,https://w3id.org/CMECS/CMECS_00000495
RICE030_FB_2022-01-31,NA,RICE030_FB_2022-01-31_cmecs-tidal,https://www.fgdc.gov/standards/projects/cmecs-folder/CMECS_Version_06-2012_FINAL.pdf,tidal zone as defined by CMECS,https://w3id.org/CMECS/CMECS_00000034,not applicable,https://vocab.nerc.ac.uk/collection/P06/current/XXXX/,Marine Nearshore Intertidal,https://w3id.org/CMECS/CMECS_00000495
RICE030_WB_2022-02-01,NA,RICE030_WB_2022-02-01_cmecs-tidal,https://www.fgdc.gov/standards/projects/cmecs-folder/CMECS_Version_06-2012_FINAL.pdf,tidal zone as defined by CMECS,https://w3id.org/CMECS/CMECS_00000034,not applicable,https://vocab.nerc.ac.uk/collection/P06/current/XXXX/,Marine Nearshore Intertidal,https://w3id.org/CMECS/CMECS_00000495
RICE031_WB_2022-05-15,NA,RICE031_WB_2022-05-15_cmecs-tidal,https://www.fgdc.gov/standards/projects/cmecs-folder/CMECS_Version_06-2012_FINAL.pdf,tidal zone as defined by CMECS,https://w3id.org/CMECS/CMECS_00000034,not applicable,https://vocab.nerc.ac.uk/collection/P06/current/XXXX/,Marine Nearshore Intertidal,https://w3id.org/CMECS/CMECS_00000495
RICE031_NB_2022-05-16,NA,RICE031_NB_2022-05-16_cmecs-tidal,https://www.fgdc.gov/standards/projects/cmecs-folder/CMECS_Version_06-2012_FINAL.pdf,tidal zone as defined by CMECS,https://w3id.org/CMECS/CMECS_00000034,not applicable,https://vocab.nerc.ac.uk/collection/P06/current/XXXX/,Marine Nearshore Intertidal,https://w3id.org/CMECS/CMECS_00000495
RICE031_NB_2022-05-17,NA,RICE031_NB_2022-05-17_cmecs-tidal,https://www.fgdc.gov/standards/projects/cmecs-folder/CMECS_Version_06-2012_FINAL.pdf,tidal zone as defined by CMECS,https://w3id.org/CMECS/CMECS_00000034,not applicable,https://vocab.nerc.ac.uk/collection/P06/current/XXXX/,Marine Nearshore Intertidal,https://w3id.org/CMECS/CMECS_00000495
RICE031_FB_2022-05-18,NA,RICE031_FB_2022-05-18_cmecs-tidal,https://www.fgdc.gov/standards/projects/cmecs-folder/CMECS_Version_06-2012_FINAL.pdf,tidal zone as defined by CMECS,https://w3id.org/CMECS/CMECS_00000034,not applicable,https://vocab.nerc.ac.uk/collection/P06/current/XXXX/,Marine Nearshore Intertidal,https://w3id.org/CMECS/CMECS_00000495
RICE032_NB_2022-06-12,NA,RICE032_NB_2022-06-12_cmecs-tidal,https://www.fgdc.gov/standards/projects/cmecs-folder/CMECS_Version_06-2012_FINAL.pdf,tidal zone as defined by CMECS,https://w3id.org/CMECS/CMECS_00000034,not applicable,https://vocab.nerc.ac.uk/collection/P06/current/XXXX/,Marine Nearshore Intertidal,https://w3id.org/CMECS/CMECS_00000495
RICE032_NB_2022-06-13,NA,RICE032_NB_2022-06-13_cmecs-tidal,https://www.fgdc.gov/standards/projects/cmecs-folder/CMECS_Version_06-2012_FINAL.pdf,tidal zone as defined by CMECS,https://w3id.org/CMECS/CMECS_00000034,not applicable,https://vocab.nerc.ac.uk/collection/P06/current/XXXX/,Marine Nearshore Intertidal,https://w3id.org/CMECS/CMECS_00000495
RICE032_WB_2022-06-14,NA,RICE032_WB_2022-06-14_cmecs-tidal,https://www.fgdc.gov/standards/projects/cmecs-folder/CMECS_Version_06-2012_FINAL.pdf,tidal zone as defined by CMECS,https://w3id.org/CMECS/CMECS_00000034,not applicable,https://vocab.nerc.ac.uk/collection/P06/current/XXXX/,Marine Nearshore Intertidal,https://w3id.org/CMECS/CMECS_00000495
RICE032_FB_2022-06-15,NA,RICE032_FB_2022-06-15_cmecs-tidal,https://www.fgdc.gov/standards/projects/cmecs-folder/CMECS_Version_06-2012_FINAL.pdf,tidal zone as defined by CMECS,https://w3id.org/CMECS/CMECS_00000034,not applicable,https://vocab.nerc.ac.uk/collection/P06/current/XXXX/,Marine Nearshore Intertidal,https://w3id.org/CMECS/CMECS_00000495
RICE033_NB_2022-09-08,NA,RICE033_NB_2022-09-08_cmecs-tidal,https://www.fgdc.gov/standards/projects/cmecs-folder/CMECS_Version_06-2012_FINAL.pdf,tidal zone as defined by CMECS,https://w3id.org/CMECS/CMECS_00000034,not applicable,https://vocab.nerc.ac.uk/collection/P06/current/XXXX/,Marine Nearshore Intertidal,https://w3id.org/CMECS/CMECS_00000495
RICE033_WB_2022-09-10,NA,RICE033_WB_2022-09-10_cmecs-tidal,https://www.fgdc.gov/standards/projects/cmecs-folder/CMECS_Version_06-2012_FINAL.pdf,tidal zone as defined by CMECS,https://w3id.org/CMECS/CMECS_00000034,not applicable,https://vocab.nerc.ac.uk/collection/P06/current/XXXX/,Marine Nearshore Intertidal,https://w3id.org/CMECS/CMECS_00000495
RICE033_FB_2022-09-11,NA,RICE033_FB_2022-09-11_cmecs-tidal,https://www.fgdc.gov/standards/projects/cmecs-folder/CMECS_Version_06-2012_FINAL.pdf,tidal zone as defined by CMECS,https://w3id.org/CMECS/CMECS_00000034,not applicable,https://vocab.nerc.ac.uk/collection/P06/current/XXXX/,Marine Nearshore Intertidal,https://w3id.org/CMECS/CMECS_00000495
RICE034_WB_2022-11-25,NA,RICE034_WB_2022-11-25_cmecs-tidal,https://www.fgdc.gov/standards/projects/cmecs-folder/CMECS_Version_06-2012_FINAL.pdf,tidal zone as defined by CMECS,https://w3id.org/CMECS/CMECS_00000034,not applicable,https://vocab.nerc.ac.uk/collection/P06/current/XXXX/,Marine Nearshore Intertidal,https://w3id.org/CMECS/CMECS_00000495
RICE034_NB_2022-11-26,NA,RICE034_NB_2022-11-26_cmecs-tidal,https://www.fgdc.gov/standards/projects/cmecs-folder/CMECS_Version_06-2012_FINAL.pdf,tidal zone as defined by CMECS,https://w3id.org/CMECS/CMECS_00000034,not applicable,https://vocab.nerc.ac.uk/collection/P06/current/XXXX/,Marine Nearshore Intertidal,https://w3id.org/CMECS/CMECS_00000495
RICE034_FB_2022-11-27,NA,RICE034_FB_2022-11-27_cmecs-tidal,https://www.fgdc.gov/standards/projects/cmecs-folder/CMECS_Version_06-2012_FINAL.pdf,tidal zone as defined by CMECS,https://w3id.org/CMECS/CMECS_00000034,not applicable,https://vocab.nerc.ac.uk/collection/P06/current/XXXX/,Marine Nearshore Intertidal,https://w3id.org/CMECS/CMECS_00000495
RICE035_NB_2023-02-15,NA,RICE035_NB_2023-02-15_cmecs-tidal,https://www.fgdc.gov/standards/projects/cmecs-folder/CMECS_Version_06-2012_FINAL.pdf,tidal zone as defined by CMECS,https://w3id.org/CMECS/CMECS_00000034,not applicable,https://vocab.nerc.ac.uk/collection/P06/current/XXXX/,Marine Nearshore Intertidal,https://w3id.org/CMECS/CMECS_00000495
RICE035_WB_2023-02-16,NA,RICE035_WB_2023-02-16_cmecs-tidal,https://www.fgdc.gov/standards/projects/cmecs-folder/CMECS_Version_06-2012_FINAL.pdf,tidal zone as defined by CMECS,https://w3id.org/CMECS/CMECS_00000034,not applicable,https://vocab.nerc.ac.uk/collection/P06/current/XXXX/,Marine Nearshore Intertidal,https://w3id.org/CMECS/CMECS_00000495
RICE035_FB_2023-02-17,NA,RICE035_FB_2023-02-17_cmecs-tidal,https://www.fgdc.gov/standards/projects/cmecs-folder/CMECS_Version_06-2012_FINAL.pdf,tidal zone as defined by CMECS,https://w3id.org/CMECS/CMECS_00000034,not applicable,https://vocab.nerc.ac.uk/collection/P06/current/XXXX/,Marine Nearshore Intertidal,https://w3id.org/CMECS/CMECS_00000495
RICE036_WB_2023-05-06,NA,RICE036_WB_2023-05-06_cmecs-tidal,https://www.fgdc.gov/standards/projects/cmecs-folder/CMECS_Version_06-2012_FINAL.pdf,tidal zone as defined by CMECS,https://w3id.org/CMECS/CMECS_00000034,not applicable,https://vocab.nerc.ac.uk/collection/P06/current/XXXX/,Marine Nearshore Intertidal,https://w3id.org/CMECS/CMECS_00000495
RICE036_NB_2023-05-07,NA,RICE036_NB_2023-05-07_cmecs-tidal,https://www.fgdc.gov/standards/projects/cmecs-folder/CMECS_Version_06-2012_FINAL.pdf,tidal zone as defined by CMECS,https://w3id.org/CMECS/CMECS_00000034,not applicable,https://vocab.nerc.ac.uk/collection/P06/current/XXXX/,Marine Nearshore Intertidal,https://w3id.org/CMECS/CMECS_00000495
RICE036_FB_2023-05-08,NA,RICE036_FB_2023-05-08_cmecs-tidal,https://www.fgdc.gov/standards/projects/cmecs-folder/CMECS_Version_06-2012_FINAL.pdf,tidal zone as defined by CMECS,https://w3id.org/CMECS/CMECS_00000034,not applicable,https://vocab.nerc.ac.uk/collection/P06/current/XXXX/,Marine Nearshore Intertidal,https://w3id.org/CMECS/CMECS_00000495
RICE036_NB_2023-05-09,NA,RICE036_NB_2023-05-09_cmecs-tidal,https://www.fgdc.gov/standards/projects/cmecs-folder/CMECS_Version_06-2012_FINAL.pdf,tidal zone as defined by CMECS,https://w3id.org/CMECS/CMECS_00000034,not applicable,https://vocab.nerc.ac.uk/collection/P06/current/XXXX/,Marine Nearshore Intertidal,https://w3id.org/CMECS/CMECS_00000495
RICE037_WB_2023-06-03,NA,RICE037_WB_2023-06-03_cmecs-tidal,https://www.fgdc.gov/standards/projects/cmecs-folder/CMECS_Version_06-2012_FINAL.pdf,tidal zone as defined by CMECS,https://w3id.org/CMECS/CMECS_00000034,not applicable,https://vocab.nerc.ac.uk/collection/P06/current/XXXX/,Marine Nearshore Intertidal,https://w3id.org/CMECS/CMECS_00000495
RICE037_NB_2023-06-04,NA,RICE037_NB_2023-06-04_cmecs-tidal,https://www.fgdc.gov/standards/projects/cmecs-folder/CMECS_Version_06-2012_FINAL.pdf,tidal zone as defined by CMECS,https://w3id.org/CMECS/CMECS_00000034,not applicable,https://vocab.nerc.ac.uk/collection/P06/current/XXXX/,Marine Nearshore Intertidal,https://w3id.org/CMECS/CMECS_00000495
RICE037_FB_2023-06-05,NA,RICE037_FB_2023-06-05_cmecs-tidal,https://www.fgdc.gov/standards/projects/cmecs-folder/CMECS_Version_06-2012_FINAL.pdf,tidal zone as defined by CMECS,https://w3id.org/CMECS/CMECS_00000034,not applicable,https://vocab.nerc.ac.uk/collection/P06/current/XXXX/,Marine Nearshore Intertidal,https://w3id.org/CMECS/CMECS_00000495
RICE037_NB_2023-06-06,NA,RICE037_NB_2023-06-06_cmecs-tidal,https://www.fgdc.gov/standards/projects/cmecs-folder/CMECS_Version_06-2012_FINAL.pdf,tidal zone as defined by CMECS,https://w3id.org/CMECS/CMECS_00000034,not applicable,https://vocab.nerc.ac.uk/collection/P06/current/XXXX/,Marine Nearshore Intertidal,https://w3id.org/CMECS/CMECS_00000495
RICE038_NB_2023-08-29,NA,RICE038_NB_2023-08-29_cmecs-tidal,https://www.fgdc.gov/standards/projects/cmecs-folder/CMECS_Version_06-2012_FINAL.pdf,tidal zone as defined by CMECS,https://w3id.org/CMECS/CMECS_00000034,not applicable,https://vocab.nerc.ac.uk/collection/P06/current/XXXX/,Marine Nearshore Intertidal,https://w3id.org/CMECS/CMECS_00000495
RICE038_WB_2023-08-30,NA,RICE038_WB_2023-08-30_cmecs-tidal,https://www.fgdc.gov/standards/projects/cmecs-folder/CMECS_Version_06-2012_FINAL.pdf,tidal zone as defined by CMECS,https://w3id.org/CMECS/CMECS_00000034,not applicable,https://vocab.nerc.ac.uk/collection/P06/current/XXXX/,Marine Nearshore Intertidal,https://w3id.org/CMECS/CMECS_00000495
RICE038_FB_2023-08-31,NA,RICE038_FB_2023-08-31_cmecs-tidal,https://www.fgdc.gov/standards/projects/cmecs-folder/CMECS_Version_06-2012_FINAL.pdf,tidal zone as defined by CMECS,https://w3id.org/CMECS/CMECS_00000034,not applicable,https://vocab.nerc.ac.uk/collection/P06/current/XXXX/,Marine Nearshore Intertidal,https://w3id.org/CMECS/CMECS_00000495
RICE038_NB_2023-09-01,NA,RICE038_NB_2023-09-01_cmecs-tidal,https://www.fgdc.gov/standards/projects/cmecs-folder/CMECS_Version_06-2012_FINAL.pdf,tidal zone as defined by CMECS,https://w3id.org/CMECS/CMECS_00000034,not applicable,https://vocab.nerc.ac.uk/collection/P06/current/XXXX/,Marine Nearshore Intertidal,https://w3id.org/CMECS/CMECS_00000495
RICE039_WB_2023-11-22,NA,RICE039_WB_2023-11-22_cmecs-tidal,https://www.fgdc.gov/standards/projects/cmecs-folder/CMECS_Version_06-2012_FINAL.pdf,tidal zone as defined by CMECS,https://w3id.org/CMECS/CMECS_00000034,not applicable,https://vocab.nerc.ac.uk/collection/P06/current/XXXX/,Marine Nearshore Intertidal,https://w3id.org/CMECS/CMECS_00000495
RICE039_NB_2023-11-23,NA,RICE039_NB_2023-11-23_cmecs-tidal,https://www.fgdc.gov/standards/projects/cmecs-folder/CMECS_Version_06-2012_FINAL.pdf,tidal zone as defined by CMECS,https://w3id.org/CMECS/CMECS_00000034,not applicable,https://vocab.nerc.ac.uk/collection/P06/current/XXXX/,Marine Nearshore Intertidal,https://w3id.org/CMECS/CMECS_00000495
RICE039_FB_2023-11-24,NA,RICE039_FB_2023-11-24_cmecs-tidal,https://www.fgdc.gov/standards/projects/cmecs-folder/CMECS_Version_06-2012_FINAL.pdf,tidal zone as defined by CMECS,https://w3id.org/CMECS/CMECS_00000034,not applicable,https://vocab.nerc.ac.uk/collection/P06/current/XXXX/,Marine Nearshore Intertidal,https://w3id.org/CMECS/CMECS_00000495
RICE039_NB_2023-11-25,NA,RICE039_NB_2023-11-25_cmecs-tidal,https://www.fgdc.gov/standards/projects/cmecs-folder/CMECS_Version_06-2012_FINAL.pdf,tidal zone as defined by CMECS,https://w3id.org/CMECS/CMECS_00000034,not applicable,https://vocab.nerc.ac.uk/collection/P06/current/XXXX/,Marine Nearshore Intertidal,https://w3id.org/CMECS/CMECS_00000495
RICE039_WB_2023-11-26,NA,RICE039_WB_2023-11-26_cmecs-tidal,https://www.fgdc.gov/standards/projects/cmecs-folder/CMECS_Version_06-2012_FINAL.pdf,tidal zone as defined by CMECS,https://w3id.org/CMECS/CMECS_00000034,not applicable,https://vocab.nerc.ac.uk/collection/P06/current/XXXX/,Marine Nearshore Intertidal,https://w3id.org/CMECS/CMECS_00000495
RICE040_WB_2024-02-08,NA,RICE040_WB_2024-02-08_cmecs-tidal,https://www.fgdc.gov/standards/projects/cmecs-folder/CMECS_Version_06-2012_FINAL.pdf,tidal zone as defined by CMECS,https://w3id.org/CMECS/CMECS_00000034,not applicable,https://vocab.nerc.ac.uk/collection/P06/current/XXXX/,Marine Nearshore Intertidal,https://w3id.org/CMECS/CMECS_00000495
RICE040_NB_2024-02-09,NA,RICE040_NB_2024-02-09_cmecs-tidal,https://www.fgdc.gov/standards/projects/cmecs-folder/CMECS_Version_06-2012_FINAL.pdf,tidal zone as defined by CMECS,https://w3id.org/CMECS/CMECS_00000034,not applicable,https://vocab.nerc.ac.uk/collection/P06/current/XXXX/,Marine Nearshore Intertidal,https://w3id.org/CMECS/CMECS_00000495
RICE040_NB_2024-02-10,NA,RICE040_NB_2024-02-10_cmecs-tidal,https://www.fgdc.gov/standards/projects/cmecs-folder/CMECS_Version_06-2012_FINAL.pdf,tidal zone as defined by CMECS,https://w3id.org/CMECS/CMECS_00000034,not applicable,https://vocab.nerc.ac.uk/collection/P06/current/XXXX/,Marine Nearshore Intertidal,https://w3id.org/CMECS/CMECS_00000495
RICE040_FB_2024-02-12,NA,RICE040_FB_2024-02-12_cmecs-tidal,https://www.fgdc.gov/standards/projects/cmecs-folder/CMECS_Version_06-2012_FINAL.pdf,tidal zone as defined by CMECS,https://w3id.org/CMECS/CMECS_00000034,not applicable,https://vocab.nerc.ac.uk/collection/P06/current/XXXX/,Marine Nearshore Intertidal,https://w3id.org/CMECS/CMECS_00000495
RICE041_NB_2024-06-07,NA,RICE041_NB_2024-06-07_cmecs-tidal,https://www.fgdc.gov/standards/projects/cmecs-folder/CMECS_Version_06-2012_FINAL.pdf,tidal zone as defined by CMECS,https://w3id.org/CMECS/CMECS_00000034,not applicable,https://vocab.nerc.ac.uk/collection/P06/current/XXXX/,Marine Nearshore Intertidal,https://w3id.org/CMECS/CMECS_00000495
RICE041_FB_2024-06-08,NA,RICE041_FB_2024-06-08_cmecs-tidal,https://www.fgdc.gov/standards/projects/cmecs-folder/CMECS_Version_06-2012_FINAL.pdf,tidal zone as defined by CMECS,https://w3id.org/CMECS/CMECS_00000034,not applicable,https://vocab.nerc.ac.uk/collection/P06/current/XXXX/,Marine Nearshore Intertidal,https://w3id.org/CMECS/CMECS_00000495
RICE041_WB_2024-06-09,NA,RICE041_WB_2024-06-09_cmecs-tidal,https://www.fgdc.gov/standards/projects/cmecs-folder/CMECS_Version_06-2012_FINAL.pdf,tidal zone as defined by CMECS,https://w3id.org/CMECS/CMECS_00000034,not applicable,https://vocab.nerc.ac.uk/collection/P06/current/XXXX/,Marine Nearshore Intertidal,https://w3id.org/CMECS/CMECS_00000495
RICE041_NB_2024-06-10,NA,RICE041_NB_2024-06-10_cmecs-tidal,https://www.fgdc.gov/standards/projects/cmecs-folder/CMECS_Version_06-2012_FINAL.pdf,tidal zone as defined by CMECS,https://w3id.org/CMECS/CMECS_00000034,not applicable,https://vocab.nerc.ac.uk/collection/P06/current/XXXX/,Marine Nearshore Intertidal,https://w3id.org/CMECS/CMECS_00000495
RICE042_WB_2024-08-17,NA,RICE042_WB_2024-08-17_cmecs-tidal,https://www.fgdc.gov/standards/projects/cmecs-folder/CMECS_Version_06-2012_FINAL.pdf,tidal zone as defined by CMECS,https://w3id.org/CMECS/CMECS_00000034,not applicable,https://vocab.nerc.ac.uk/collection/P06/current/XXXX/,Marine Nearshore Intertidal,https://w3id.org/CMECS/CMECS_00000495
RICE042_NB_2024-08-18,NA,RICE042_NB_2024-08-18_cmecs-tidal,https://www.fgdc.gov/standards/projects/cmecs-folder/CMECS_Version_06-2012_FINAL.pdf,tidal zone as defined by CMECS,https://w3id.org/CMECS/CMECS_00000034,not applicable,https://vocab.nerc.ac.uk/collection/P06/current/XXXX/,Marine Nearshore Intertidal,https://w3id.org/CMECS/CMECS_00000495
RICE042_NB_2024-08-19,NA,RICE042_NB_2024-08-19_cmecs-tidal,https://www.fgdc.gov/standards/projects/cmecs-folder/CMECS_Version_06-2012_FINAL.pdf,tidal zone as defined by CMECS,https://w3id.org/CMECS/CMECS_00000034,not applicable,https://vocab.nerc.ac.uk/collection/P06/current/XXXX/,Marine Nearshore Intertidal,https://w3id.org/CMECS/CMECS_00000495
RICE042_FB_2024-08-20,NA,RICE042_FB_2024-08-20_cmecs-tidal,https://www.fgdc.gov/standards/projects/cmecs-folder/CMECS_Version_06-2012_FINAL.pdf,tidal zone as defined by CMECS,https://w3id.org/CMECS/CMECS_00000034,not applicable,https://vocab.nerc.ac.uk/collection/P06/current/XXXX/,Marine Nearshore Intertidal,https://w3id.org/CMECS/CMECS_00000495
RICE043_WB_2024-11-14,NA,RICE043_WB_2024-11-14_cmecs-tidal,https://www.fgdc.gov/standards/projects/cmecs-folder/CMECS_Version_06-2012_FINAL.pdf,tidal zone as defined by CMECS,https://w3id.org/CMECS/CMECS_00000034,not applicable,https://vocab.nerc.ac.uk/collection/P06/current/XXXX/,Marine Nearshore Intertidal,https://w3id.org/CMECS/CMECS_00000495
RICE043_FB_2024-11-16,NA,RICE043_FB_2024-11-16_cmecs-tidal,https://www.fgdc.gov/standards/projects/cmecs-folder/CMECS_Version_06-2012_FINAL.pdf,tidal zone as defined by CMECS,https://w3id.org/CMECS/CMECS_00000034,not applicable,https://vocab.nerc.ac.uk/collection/P06/current/XXXX/,Marine Nearshore Intertidal,https://w3id.org/CMECS/CMECS_00000495
RICE043_NB_2024-11-17,NA,RICE043_NB_2024-11-17_cmecs-tidal,https://www.fgdc.gov/standards/projects/cmecs-folder/CMECS_Version_06-2012_FINAL.pdf,tidal zone as defined by CMECS,https://w3id.org/CMECS/CMECS_00000034,not applicable,https://vocab.nerc.ac.uk/collection/P06/current/XXXX/,Marine Nearshore Intertidal,https://w3id.org/CMECS/CMECS_00000495
RICE043_NB_2024-11-18,NA,RICE043_NB_2024-11-18_cmecs-tidal,https://www.fgdc.gov/standards/projects/cmecs-folder/CMECS_Version_06-2012_FINAL.pdf,tidal zone as defined by CMECS,https://w3id.org/CMECS/CMECS_00000034,not applicable,https://vocab.nerc.ac.uk/collection/P06/current/XXXX/,Marine Nearshore Intertidal,https://w3id.org/CMECS/CMECS_00000495
RICE001_NB_2016-06-27,NA,RICE001_NB_2016-06-27_cmecs-geoform,https://www.fgdc.gov/standards/projects/cmecs-folder/CMECS_Version_06-2012_FINAL.pdf,Geoform Type as defined by CMECS,https://w3id.org/CMECS/CMECS_00000387,not applicable,https://vocab.nerc.ac.uk/collection/P06/current/XXXX/,Tide-dominated beach,https://w3id.org/CMECS/CMECS_00000837 
RICE003_WB_2016-09-14,NA,RICE003_WB_2016-09-14_cmecs-geoform,https://www.fgdc.gov/standards/projects/cmecs-folder/CMECS_Version_06-2012_FINAL.pdf,Geoform Type as defined by CMECS,https://w3id.org/CMECS/CMECS_00000387,not applicable,https://vocab.nerc.ac.uk/collection/P06/current/XXXX/,Tide-dominated beach,https://w3id.org/CMECS/CMECS_00000837 
RICE003_NB_2016-09-15,NA,RICE003_NB_2016-09-15_cmecs-geoform,https://www.fgdc.gov/standards/projects/cmecs-folder/CMECS_Version_06-2012_FINAL.pdf,Geoform Type as defined by CMECS,https://w3id.org/CMECS/CMECS_00000387,not applicable,https://vocab.nerc.ac.uk/collection/P06/current/XXXX/,Tide-dominated beach,https://w3id.org/CMECS/CMECS_00000837 
RICE003_FB_2016-09-16,NA,RICE003_FB_2016-09-16_cmecs-geoform,https://www.fgdc.gov/standards/projects/cmecs-folder/CMECS_Version_06-2012_FINAL.pdf,Geoform Type as defined by CMECS,https://w3id.org/CMECS/CMECS_00000387,not applicable,https://vocab.nerc.ac.uk/collection/P06/current/XXXX/,Tide-dominated beach,https://w3id.org/CMECS/CMECS_00000837 
RICE003_FB_2016-09-17,NA,RICE003_FB_2016-09-17_cmecs-geoform,https://www.fgdc.gov/standards/projects/cmecs-folder/CMECS_Version_06-2012_FINAL.pdf,Geoform Type as defined by CMECS,https://w3id.org/CMECS/CMECS_00000387,not applicable,https://vocab.nerc.ac.uk/collection/P06/current/XXXX/,Tide-dominated beach,https://w3id.org/CMECS/CMECS_00000837 
RICE004_FB_2016-11-12,NA,RICE004_FB_2016-11-12_cmecs-geoform,https://www.fgdc.gov/standards/projects/cmecs-folder/CMECS_Version_06-2012_FINAL.pdf,Geoform Type as defined by CMECS,https://w3id.org/CMECS/CMECS_00000387,not applicable,https://vocab.nerc.ac.uk/collection/P06/current/XXXX/,Tide-dominated beach,https://w3id.org/CMECS/CMECS_00000837 
RICE004_WB_2016-11-13,NA,RICE004_WB_2016-11-13_cmecs-geoform,https://www.fgdc.gov/standards/projects/cmecs-folder/CMECS_Version_06-2012_FINAL.pdf,Geoform Type as defined by CMECS,https://w3id.org/CMECS/CMECS_00000387,not applicable,https://vocab.nerc.ac.uk/collection/P06/current/XXXX/,Tide-dominated beach,https://w3id.org/CMECS/CMECS_00000837 
RICE004_NB_2016-11-14,NA,RICE004_NB_2016-11-14_cmecs-geoform,https://www.fgdc.gov/standards/projects/cmecs-folder/CMECS_Version_06-2012_FINAL.pdf,Geoform Type as defined by CMECS,https://w3id.org/CMECS/CMECS_00000387,not applicable,https://vocab.nerc.ac.uk/collection/P06/current/XXXX/,Tide-dominated beach,https://w3id.org/CMECS/CMECS_00000837 
RICE005_FB_2017-02-22,NA,RICE005_FB_2017-02-22_cmecs-geoform,https://www.fgdc.gov/standards/projects/cmecs-folder/CMECS_Version_06-2012_FINAL.pdf,Geoform Type as defined by CMECS,https://w3id.org/CMECS/CMECS_00000387,not applicable,https://vocab.nerc.ac.uk/collection/P06/current/XXXX/,Tide-dominated beach,https://w3id.org/CMECS/CMECS_00000837 
RICE005_NB_2017-02-23,NA,RICE005_NB_2017-02-23_cmecs-geoform,https://www.fgdc.gov/standards/projects/cmecs-folder/CMECS_Version_06-2012_FINAL.pdf,Geoform Type as defined by CMECS,https://w3id.org/CMECS/CMECS_00000387,not applicable,https://vocab.nerc.ac.uk/collection/P06/current/XXXX/,Tide-dominated beach,https://w3id.org/CMECS/CMECS_00000837 
RICE005_WB_2017-02-24,NA,RICE005_WB_2017-02-24_cmecs-geoform,https://www.fgdc.gov/standards/projects/cmecs-folder/CMECS_Version_06-2012_FINAL.pdf,Geoform Type as defined by CMECS,https://w3id.org/CMECS/CMECS_00000387,not applicable,https://vocab.nerc.ac.uk/collection/P06/current/XXXX/,Tide-dominated beach,https://w3id.org/CMECS/CMECS_00000837 
RICE006_WB_2017-05-27,NA,RICE006_WB_2017-05-27_cmecs-geoform,https://www.fgdc.gov/standards/projects/cmecs-folder/CMECS_Version_06-2012_FINAL.pdf,Geoform Type as defined by CMECS,https://w3id.org/CMECS/CMECS_00000387,not applicable,https://vocab.nerc.ac.uk/collection/P06/current/XXXX/,Tide-dominated beach,https://w3id.org/CMECS/CMECS_00000837 
RICE006_NB_2017-05-28,NA,RICE006_NB_2017-05-28_cmecs-geoform,https://www.fgdc.gov/standards/projects/cmecs-folder/CMECS_Version_06-2012_FINAL.pdf,Geoform Type as defined by CMECS,https://w3id.org/CMECS/CMECS_00000387,not applicable,https://vocab.nerc.ac.uk/collection/P06/current/XXXX/,Tide-dominated beach,https://w3id.org/CMECS/CMECS_00000837 
RICE006_FB_2017-05-29,NA,RICE006_FB_2017-05-29_cmecs-geoform,https://www.fgdc.gov/standards/projects/cmecs-folder/CMECS_Version_06-2012_FINAL.pdf,Geoform Type as defined by CMECS,https://w3id.org/CMECS/CMECS_00000387,not applicable,https://vocab.nerc.ac.uk/collection/P06/current/XXXX/,Tide-dominated beach,https://w3id.org/CMECS/CMECS_00000837 
RICE007_FB_2017-06-29,NA,RICE007_FB_2017-06-29_cmecs-geoform,https://www.fgdc.gov/standards/projects/cmecs-folder/CMECS_Version_06-2012_FINAL.pdf,Geoform Type as defined by CMECS,https://w3id.org/CMECS/CMECS_00000387,not applicable,https://vocab.nerc.ac.uk/collection/P06/current/XXXX/,Tide-dominated beach,https://w3id.org/CMECS/CMECS_00000837 
RICE007_NB_2017-06-30,NA,RICE007_NB_2017-06-30_cmecs-geoform,https://www.fgdc.gov/standards/projects/cmecs-folder/CMECS_Version_06-2012_FINAL.pdf,Geoform Type as defined by CMECS,https://w3id.org/CMECS/CMECS_00000387,not applicable,https://vocab.nerc.ac.uk/collection/P06/current/XXXX/,Tide-dominated beach,https://w3id.org/CMECS/CMECS_00000837 
RICE007_WB_2017-07-01,NA,RICE007_WB_2017-07-01_cmecs-geoform,https://www.fgdc.gov/standards/projects/cmecs-folder/CMECS_Version_06-2012_FINAL.pdf,Geoform Type as defined by CMECS,https://w3id.org/CMECS/CMECS_00000387,not applicable,https://vocab.nerc.ac.uk/collection/P06/current/XXXX/,Tide-dominated beach,https://w3id.org/CMECS/CMECS_00000837 
RICE008_WB_2017-09-17,NA,RICE008_WB_2017-09-17_cmecs-geoform,https://www.fgdc.gov/standards/projects/cmecs-folder/CMECS_Version_06-2012_FINAL.pdf,Geoform Type as defined by CMECS,https://w3id.org/CMECS/CMECS_00000387,not applicable,https://vocab.nerc.ac.uk/collection/P06/current/XXXX/,Tide-dominated beach,https://w3id.org/CMECS/CMECS_00000837 
RICE008_NB_2017-09-18,NA,RICE008_NB_2017-09-18_cmecs-geoform,https://www.fgdc.gov/standards/projects/cmecs-folder/CMECS_Version_06-2012_FINAL.pdf,Geoform Type as defined by CMECS,https://w3id.org/CMECS/CMECS_00000387,not applicable,https://vocab.nerc.ac.uk/collection/P06/current/XXXX/,Tide-dominated beach,https://w3id.org/CMECS/CMECS_00000837 
RICE008_FB_2017-09-19,NA,RICE008_FB_2017-09-19_cmecs-geoform,https://www.fgdc.gov/standards/projects/cmecs-folder/CMECS_Version_06-2012_FINAL.pdf,Geoform Type as defined by CMECS,https://w3id.org/CMECS/CMECS_00000387,not applicable,https://vocab.nerc.ac.uk/collection/P06/current/XXXX/,Tide-dominated beach,https://w3id.org/CMECS/CMECS_00000837 
RICE009_FB_2017-11-16,NA,RICE009_FB_2017-11-16_cmecs-geoform,https://www.fgdc.gov/standards/projects/cmecs-folder/CMECS_Version_06-2012_FINAL.pdf,Geoform Type as defined by CMECS,https://w3id.org/CMECS/CMECS_00000387,not applicable,https://vocab.nerc.ac.uk/collection/P06/current/XXXX/,Tide-dominated beach,https://w3id.org/CMECS/CMECS_00000837 
RICE009_NB_2017-11-17,NA,RICE009_NB_2017-11-17_cmecs-geoform,https://www.fgdc.gov/standards/projects/cmecs-folder/CMECS_Version_06-2012_FINAL.pdf,Geoform Type as defined by CMECS,https://w3id.org/CMECS/CMECS_00000387,not applicable,https://vocab.nerc.ac.uk/collection/P06/current/XXXX/,Tide-dominated beach,https://w3id.org/CMECS/CMECS_00000837 
RICE009_WB_2017-11-18,NA,RICE009_WB_2017-11-18_cmecs-geoform,https://www.fgdc.gov/standards/projects/cmecs-folder/CMECS_Version_06-2012_FINAL.pdf,Geoform Type as defined by CMECS,https://w3id.org/CMECS/CMECS_00000387,not applicable,https://vocab.nerc.ac.uk/collection/P06/current/XXXX/,Tide-dominated beach,https://w3id.org/CMECS/CMECS_00000837 
RICE010_FB_2018-02-14,NA,RICE010_FB_2018-02-14_cmecs-geoform,https://www.fgdc.gov/standards/projects/cmecs-folder/CMECS_Version_06-2012_FINAL.pdf,Geoform Type as defined by CMECS,https://w3id.org/CMECS/CMECS_00000387,not applicable,https://vocab.nerc.ac.uk/collection/P06/current/XXXX/,Tide-dominated beach,https://w3id.org/CMECS/CMECS_00000837 
RICE010_NB_2018-02-15,NA,RICE010_NB_2018-02-15_cmecs-geoform,https://www.fgdc.gov/standards/projects/cmecs-folder/CMECS_Version_06-2012_FINAL.pdf,Geoform Type as defined by CMECS,https://w3id.org/CMECS/CMECS_00000387,not applicable,https://vocab.nerc.ac.uk/collection/P06/current/XXXX/,Tide-dominated beach,https://w3id.org/CMECS/CMECS_00000837 
RICE010_WB_2018-02-16,NA,RICE010_WB_2018-02-16_cmecs-geoform,https://www.fgdc.gov/standards/projects/cmecs-folder/CMECS_Version_06-2012_FINAL.pdf,Geoform Type as defined by CMECS,https://w3id.org/CMECS/CMECS_00000387,not applicable,https://vocab.nerc.ac.uk/collection/P06/current/XXXX/,Tide-dominated beach,https://w3id.org/CMECS/CMECS_00000837 
RICE011_WB_2018-05-19,NA,RICE011_WB_2018-05-19_cmecs-geoform,https://www.fgdc.gov/standards/projects/cmecs-folder/CMECS_Version_06-2012_FINAL.pdf,Geoform Type as defined by CMECS,https://w3id.org/CMECS/CMECS_00000387,not applicable,https://vocab.nerc.ac.uk/collection/P06/current/XXXX/,Tide-dominated beach,https://w3id.org/CMECS/CMECS_00000837 
RICE011_FB_2018-05-20,NA,RICE011_FB_2018-05-20_cmecs-geoform,https://www.fgdc.gov/standards/projects/cmecs-folder/CMECS_Version_06-2012_FINAL.pdf,Geoform Type as defined by CMECS,https://w3id.org/CMECS/CMECS_00000387,not applicable,https://vocab.nerc.ac.uk/collection/P06/current/XXXX/,Tide-dominated beach,https://w3id.org/CMECS/CMECS_00000837 
RICE011_NB_2018-05-21,NA,RICE011_NB_2018-05-21_cmecs-geoform,https://www.fgdc.gov/standards/projects/cmecs-folder/CMECS_Version_06-2012_FINAL.pdf,Geoform Type as defined by CMECS,https://w3id.org/CMECS/CMECS_00000387,not applicable,https://vocab.nerc.ac.uk/collection/P06/current/XXXX/,Tide-dominated beach,https://w3id.org/CMECS/CMECS_00000837 
RICE012_WB_2018-06-14,NA,RICE012_WB_2018-06-14_cmecs-geoform,https://www.fgdc.gov/standards/projects/cmecs-folder/CMECS_Version_06-2012_FINAL.pdf,Geoform Type as defined by CMECS,https://w3id.org/CMECS/CMECS_00000387,not applicable,https://vocab.nerc.ac.uk/collection/P06/current/XXXX/,Tide-dominated beach,https://w3id.org/CMECS/CMECS_00000837 
RICE012_FB_2018-06-15,NA,RICE012_FB_2018-06-15_cmecs-geoform,https://www.fgdc.gov/standards/projects/cmecs-folder/CMECS_Version_06-2012_FINAL.pdf,Geoform Type as defined by CMECS,https://w3id.org/CMECS/CMECS_00000387,not applicable,https://vocab.nerc.ac.uk/collection/P06/current/XXXX/,Tide-dominated beach,https://w3id.org/CMECS/CMECS_00000837 
RICE012_NB_2018-06-16,NA,RICE012_NB_2018-06-16_cmecs-geoform,https://www.fgdc.gov/standards/projects/cmecs-folder/CMECS_Version_06-2012_FINAL.pdf,Geoform Type as defined by CMECS,https://w3id.org/CMECS/CMECS_00000387,not applicable,https://vocab.nerc.ac.uk/collection/P06/current/XXXX/,Tide-dominated beach,https://w3id.org/CMECS/CMECS_00000837 
RICE013_NB_2018-08-11,NA,RICE013_NB_2018-08-11_cmecs-geoform,https://www.fgdc.gov/standards/projects/cmecs-folder/CMECS_Version_06-2012_FINAL.pdf,Geoform Type as defined by CMECS,https://w3id.org/CMECS/CMECS_00000387,not applicable,https://vocab.nerc.ac.uk/collection/P06/current/XXXX/,Tide-dominated beach,https://w3id.org/CMECS/CMECS_00000837 
RICE013_FB_2018-08-12,NA,RICE013_FB_2018-08-12_cmecs-geoform,https://www.fgdc.gov/standards/projects/cmecs-folder/CMECS_Version_06-2012_FINAL.pdf,Geoform Type as defined by CMECS,https://w3id.org/CMECS/CMECS_00000387,not applicable,https://vocab.nerc.ac.uk/collection/P06/current/XXXX/,Tide-dominated beach,https://w3id.org/CMECS/CMECS_00000837 
RICE013_WB_2018-08-13,NA,RICE013_WB_2018-08-13_cmecs-geoform,https://www.fgdc.gov/standards/projects/cmecs-folder/CMECS_Version_06-2012_FINAL.pdf,Geoform Type as defined by CMECS,https://w3id.org/CMECS/CMECS_00000387,not applicable,https://vocab.nerc.ac.uk/collection/P06/current/XXXX/,Tide-dominated beach,https://w3id.org/CMECS/CMECS_00000837 
RICE014_NB_2018-09-11,NA,RICE014_NB_2018-09-11_cmecs-geoform,https://www.fgdc.gov/standards/projects/cmecs-folder/CMECS_Version_06-2012_FINAL.pdf,Geoform Type as defined by CMECS,https://w3id.org/CMECS/CMECS_00000387,not applicable,https://vocab.nerc.ac.uk/collection/P06/current/XXXX/,Tide-dominated beach,https://w3id.org/CMECS/CMECS_00000837 
RICE014_WB_2018-09-13,NA,RICE014_WB_2018-09-13_cmecs-geoform,https://www.fgdc.gov/standards/projects/cmecs-folder/CMECS_Version_06-2012_FINAL.pdf,Geoform Type as defined by CMECS,https://w3id.org/CMECS/CMECS_00000387,not applicable,https://vocab.nerc.ac.uk/collection/P06/current/XXXX/,Tide-dominated beach,https://w3id.org/CMECS/CMECS_00000837 
RICE014_FB_2018-09-14,NA,RICE014_FB_2018-09-14_cmecs-geoform,https://www.fgdc.gov/standards/projects/cmecs-folder/CMECS_Version_06-2012_FINAL.pdf,Geoform Type as defined by CMECS,https://w3id.org/CMECS/CMECS_00000387,not applicable,https://vocab.nerc.ac.uk/collection/P06/current/XXXX/,Tide-dominated beach,https://w3id.org/CMECS/CMECS_00000837 
RICE015_NB_2018-11-22,NA,RICE015_NB_2018-11-22_cmecs-geoform,https://www.fgdc.gov/standards/projects/cmecs-folder/CMECS_Version_06-2012_FINAL.pdf,Geoform Type as defined by CMECS,https://w3id.org/CMECS/CMECS_00000387,not applicable,https://vocab.nerc.ac.uk/collection/P06/current/XXXX/,Tide-dominated beach,https://w3id.org/CMECS/CMECS_00000837 
RICE015_FB_2018-11-23,NA,RICE015_FB_2018-11-23_cmecs-geoform,https://www.fgdc.gov/standards/projects/cmecs-folder/CMECS_Version_06-2012_FINAL.pdf,Geoform Type as defined by CMECS,https://w3id.org/CMECS/CMECS_00000387,not applicable,https://vocab.nerc.ac.uk/collection/P06/current/XXXX/,Tide-dominated beach,https://w3id.org/CMECS/CMECS_00000837 
RICE015_WB_2018-11-24,NA,RICE015_WB_2018-11-24_cmecs-geoform,https://www.fgdc.gov/standards/projects/cmecs-folder/CMECS_Version_06-2012_FINAL.pdf,Geoform Type as defined by CMECS,https://w3id.org/CMECS/CMECS_00000387,not applicable,https://vocab.nerc.ac.uk/collection/P06/current/XXXX/,Tide-dominated beach,https://w3id.org/CMECS/CMECS_00000837 
RICE016_NB_2019-02-18,NA,RICE016_NB_2019-02-18_cmecs-geoform,https://www.fgdc.gov/standards/projects/cmecs-folder/CMECS_Version_06-2012_FINAL.pdf,Geoform Type as defined by CMECS,https://w3id.org/CMECS/CMECS_00000387,not applicable,https://vocab.nerc.ac.uk/collection/P06/current/XXXX/,Tide-dominated beach,https://w3id.org/CMECS/CMECS_00000837 
RICE016_FB_2019-02-19,NA,RICE016_FB_2019-02-19_cmecs-geoform,https://www.fgdc.gov/standards/projects/cmecs-folder/CMECS_Version_06-2012_FINAL.pdf,Geoform Type as defined by CMECS,https://w3id.org/CMECS/CMECS_00000387,not applicable,https://vocab.nerc.ac.uk/collection/P06/current/XXXX/,Tide-dominated beach,https://w3id.org/CMECS/CMECS_00000837 
RICE016_WB_2019-02-20,NA,RICE016_WB_2019-02-20_cmecs-geoform,https://www.fgdc.gov/standards/projects/cmecs-folder/CMECS_Version_06-2012_FINAL.pdf,Geoform Type as defined by CMECS,https://w3id.org/CMECS/CMECS_00000387,not applicable,https://vocab.nerc.ac.uk/collection/P06/current/XXXX/,Tide-dominated beach,https://w3id.org/CMECS/CMECS_00000837 
RICE017_FB_2019-05-21,NA,RICE017_FB_2019-05-21_cmecs-geoform,https://www.fgdc.gov/standards/projects/cmecs-folder/CMECS_Version_06-2012_FINAL.pdf,Geoform Type as defined by CMECS,https://w3id.org/CMECS/CMECS_00000387,not applicable,https://vocab.nerc.ac.uk/collection/P06/current/XXXX/,Tide-dominated beach,https://w3id.org/CMECS/CMECS_00000837 
RICE017_NB_2019-05-22,NA,RICE017_NB_2019-05-22_cmecs-geoform,https://www.fgdc.gov/standards/projects/cmecs-folder/CMECS_Version_06-2012_FINAL.pdf,Geoform Type as defined by CMECS,https://w3id.org/CMECS/CMECS_00000387,not applicable,https://vocab.nerc.ac.uk/collection/P06/current/XXXX/,Tide-dominated beach,https://w3id.org/CMECS/CMECS_00000837 
RICE017_WB_2019-05-23,NA,RICE017_WB_2019-05-23_cmecs-geoform,https://www.fgdc.gov/standards/projects/cmecs-folder/CMECS_Version_06-2012_FINAL.pdf,Geoform Type as defined by CMECS,https://w3id.org/CMECS/CMECS_00000387,not applicable,https://vocab.nerc.ac.uk/collection/P06/current/XXXX/,Tide-dominated beach,https://w3id.org/CMECS/CMECS_00000837 
RICE018_FB_2019-06-15,NA,RICE018_FB_2019-06-15_cmecs-geoform,https://www.fgdc.gov/standards/projects/cmecs-folder/CMECS_Version_06-2012_FINAL.pdf,Geoform Type as defined by CMECS,https://w3id.org/CMECS/CMECS_00000387,not applicable,https://vocab.nerc.ac.uk/collection/P06/current/XXXX/,Tide-dominated beach,https://w3id.org/CMECS/CMECS_00000837 
RICE018_WB_2019-06-16,NA,RICE018_WB_2019-06-16_cmecs-geoform,https://www.fgdc.gov/standards/projects/cmecs-folder/CMECS_Version_06-2012_FINAL.pdf,Geoform Type as defined by CMECS,https://w3id.org/CMECS/CMECS_00000387,not applicable,https://vocab.nerc.ac.uk/collection/P06/current/XXXX/,Tide-dominated beach,https://w3id.org/CMECS/CMECS_00000837 
RICE018_NB_2019-06-17,NA,RICE018_NB_2019-06-17_cmecs-geoform,https://www.fgdc.gov/standards/projects/cmecs-folder/CMECS_Version_06-2012_FINAL.pdf,Geoform Type as defined by CMECS,https://w3id.org/CMECS/CMECS_00000387,not applicable,https://vocab.nerc.ac.uk/collection/P06/current/XXXX/,Tide-dominated beach,https://w3id.org/CMECS/CMECS_00000837 
RICE018_NB_2019-06-18,NA,RICE018_NB_2019-06-18_cmecs-geoform,https://www.fgdc.gov/standards/projects/cmecs-folder/CMECS_Version_06-2012_FINAL.pdf,Geoform Type as defined by CMECS,https://w3id.org/CMECS/CMECS_00000387,not applicable,https://vocab.nerc.ac.uk/collection/P06/current/XXXX/,Tide-dominated beach,https://w3id.org/CMECS/CMECS_00000837 
RICE019_WB_2019-08-28,NA,RICE019_WB_2019-08-28_cmecs-geoform,https://www.fgdc.gov/standards/projects/cmecs-folder/CMECS_Version_06-2012_FINAL.pdf,Geoform Type as defined by CMECS,https://w3id.org/CMECS/CMECS_00000387,not applicable,https://vocab.nerc.ac.uk/collection/P06/current/XXXX/,Tide-dominated beach,https://w3id.org/CMECS/CMECS_00000837 
RICE019_FB_2019-08-29,NA,RICE019_FB_2019-08-29_cmecs-geoform,https://www.fgdc.gov/standards/projects/cmecs-folder/CMECS_Version_06-2012_FINAL.pdf,Geoform Type as defined by CMECS,https://w3id.org/CMECS/CMECS_00000387,not applicable,https://vocab.nerc.ac.uk/collection/P06/current/XXXX/,Tide-dominated beach,https://w3id.org/CMECS/CMECS_00000837 
RICE019_NB_2019-08-30,NA,RICE019_NB_2019-08-30_cmecs-geoform,https://www.fgdc.gov/standards/projects/cmecs-folder/CMECS_Version_06-2012_FINAL.pdf,Geoform Type as defined by CMECS,https://w3id.org/CMECS/CMECS_00000387,not applicable,https://vocab.nerc.ac.uk/collection/P06/current/XXXX/,Tide-dominated beach,https://w3id.org/CMECS/CMECS_00000837 
RICE020_WB_2019-11-23,NA,RICE020_WB_2019-11-23_cmecs-geoform,https://www.fgdc.gov/standards/projects/cmecs-folder/CMECS_Version_06-2012_FINAL.pdf,Geoform Type as defined by CMECS,https://w3id.org/CMECS/CMECS_00000387,not applicable,https://vocab.nerc.ac.uk/collection/P06/current/XXXX/,Tide-dominated beach,https://w3id.org/CMECS/CMECS_00000837 
RICE020_NB_2019-11-24,NA,RICE020_NB_2019-11-24_cmecs-geoform,https://www.fgdc.gov/standards/projects/cmecs-folder/CMECS_Version_06-2012_FINAL.pdf,Geoform Type as defined by CMECS,https://w3id.org/CMECS/CMECS_00000387,not applicable,https://vocab.nerc.ac.uk/collection/P06/current/XXXX/,Tide-dominated beach,https://w3id.org/CMECS/CMECS_00000837 
RICE020_NB_2019-11-26,NA,RICE020_NB_2019-11-26_cmecs-geoform,https://www.fgdc.gov/standards/projects/cmecs-folder/CMECS_Version_06-2012_FINAL.pdf,Geoform Type as defined by CMECS,https://w3id.org/CMECS/CMECS_00000387,not applicable,https://vocab.nerc.ac.uk/collection/P06/current/XXXX/,Tide-dominated beach,https://w3id.org/CMECS/CMECS_00000837 
RICE020_FB_2019-11-27,NA,RICE020_FB_2019-11-27_cmecs-geoform,https://www.fgdc.gov/standards/projects/cmecs-folder/CMECS_Version_06-2012_FINAL.pdf,Geoform Type as defined by CMECS,https://w3id.org/CMECS/CMECS_00000387,not applicable,https://vocab.nerc.ac.uk/collection/P06/current/XXXX/,Tide-dominated beach,https://w3id.org/CMECS/CMECS_00000837 
RICE021_NB_2020-02-09,NA,RICE021_NB_2020-02-09_cmecs-geoform,https://www.fgdc.gov/standards/projects/cmecs-folder/CMECS_Version_06-2012_FINAL.pdf,Geoform Type as defined by CMECS,https://w3id.org/CMECS/CMECS_00000387,not applicable,https://vocab.nerc.ac.uk/collection/P06/current/XXXX/,Tide-dominated beach,https://w3id.org/CMECS/CMECS_00000837 
RICE021_FB_2020-02-10,NA,RICE021_FB_2020-02-10_cmecs-geoform,https://www.fgdc.gov/standards/projects/cmecs-folder/CMECS_Version_06-2012_FINAL.pdf,Geoform Type as defined by CMECS,https://w3id.org/CMECS/CMECS_00000387,not applicable,https://vocab.nerc.ac.uk/collection/P06/current/XXXX/,Tide-dominated beach,https://w3id.org/CMECS/CMECS_00000837 
RICE021_WB_2020-02-11,NA,RICE021_WB_2020-02-11_cmecs-geoform,https://www.fgdc.gov/standards/projects/cmecs-folder/CMECS_Version_06-2012_FINAL.pdf,Geoform Type as defined by CMECS,https://w3id.org/CMECS/CMECS_00000387,not applicable,https://vocab.nerc.ac.uk/collection/P06/current/XXXX/,Tide-dominated beach,https://w3id.org/CMECS/CMECS_00000837 
RICE022_NB_2020-06-03,NA,RICE022_NB_2020-06-03_cmecs-geoform,https://www.fgdc.gov/standards/projects/cmecs-folder/CMECS_Version_06-2012_FINAL.pdf,Geoform Type as defined by CMECS,https://w3id.org/CMECS/CMECS_00000387,not applicable,https://vocab.nerc.ac.uk/collection/P06/current/XXXX/,Tide-dominated beach,https://w3id.org/CMECS/CMECS_00000837 
RICE022_NB_2020-06-04,NA,RICE022_NB_2020-06-04_cmecs-geoform,https://www.fgdc.gov/standards/projects/cmecs-folder/CMECS_Version_06-2012_FINAL.pdf,Geoform Type as defined by CMECS,https://w3id.org/CMECS/CMECS_00000387,not applicable,https://vocab.nerc.ac.uk/collection/P06/current/XXXX/,Tide-dominated beach,https://w3id.org/CMECS/CMECS_00000837 
RICE022_WB_2020-06-05,NA,RICE022_WB_2020-06-05_cmecs-geoform,https://www.fgdc.gov/standards/projects/cmecs-folder/CMECS_Version_06-2012_FINAL.pdf,Geoform Type as defined by CMECS,https://w3id.org/CMECS/CMECS_00000387,not applicable,https://vocab.nerc.ac.uk/collection/P06/current/XXXX/,Tide-dominated beach,https://w3id.org/CMECS/CMECS_00000837 
RICE022_FB_2020-06-06,NA,RICE022_FB_2020-06-06_cmecs-geoform,https://www.fgdc.gov/standards/projects/cmecs-folder/CMECS_Version_06-2012_FINAL.pdf,Geoform Type as defined by CMECS,https://w3id.org/CMECS/CMECS_00000387,not applicable,https://vocab.nerc.ac.uk/collection/P06/current/XXXX/,Tide-dominated beach,https://w3id.org/CMECS/CMECS_00000837 
RICE023_WB_2020-08-18,NA,RICE023_WB_2020-08-18_cmecs-geoform,https://www.fgdc.gov/standards/projects/cmecs-folder/CMECS_Version_06-2012_FINAL.pdf,Geoform Type as defined by CMECS,https://w3id.org/CMECS/CMECS_00000387,not applicable,https://vocab.nerc.ac.uk/collection/P06/current/XXXX/,Tide-dominated beach,https://w3id.org/CMECS/CMECS_00000837 
RICE023_NB_2020-08-19,NA,RICE023_NB_2020-08-19_cmecs-geoform,https://www.fgdc.gov/standards/projects/cmecs-folder/CMECS_Version_06-2012_FINAL.pdf,Geoform Type as defined by CMECS,https://w3id.org/CMECS/CMECS_00000387,not applicable,https://vocab.nerc.ac.uk/collection/P06/current/XXXX/,Tide-dominated beach,https://w3id.org/CMECS/CMECS_00000837 
RICE023_FB_2020-08-20,NA,RICE023_FB_2020-08-20_cmecs-geoform,https://www.fgdc.gov/standards/projects/cmecs-folder/CMECS_Version_06-2012_FINAL.pdf,Geoform Type as defined by CMECS,https://w3id.org/CMECS/CMECS_00000387,not applicable,https://vocab.nerc.ac.uk/collection/P06/current/XXXX/,Tide-dominated beach,https://w3id.org/CMECS/CMECS_00000837 
RICE024_WB_2020-11-13,NA,RICE024_WB_2020-11-13_cmecs-geoform,https://www.fgdc.gov/standards/projects/cmecs-folder/CMECS_Version_06-2012_FINAL.pdf,Geoform Type as defined by CMECS,https://w3id.org/CMECS/CMECS_00000387,not applicable,https://vocab.nerc.ac.uk/collection/P06/current/XXXX/,Tide-dominated beach,https://w3id.org/CMECS/CMECS_00000837 
RICE024_NB_2020-11-14,NA,RICE024_NB_2020-11-14_cmecs-geoform,https://www.fgdc.gov/standards/projects/cmecs-folder/CMECS_Version_06-2012_FINAL.pdf,Geoform Type as defined by CMECS,https://w3id.org/CMECS/CMECS_00000387,not applicable,https://vocab.nerc.ac.uk/collection/P06/current/XXXX/,Tide-dominated beach,https://w3id.org/CMECS/CMECS_00000837 
RICE024_NB_2020-11-15,NA,RICE024_NB_2020-11-15_cmecs-geoform,https://www.fgdc.gov/standards/projects/cmecs-folder/CMECS_Version_06-2012_FINAL.pdf,Geoform Type as defined by CMECS,https://w3id.org/CMECS/CMECS_00000387,not applicable,https://vocab.nerc.ac.uk/collection/P06/current/XXXX/,Tide-dominated beach,https://w3id.org/CMECS/CMECS_00000837 
RICE024_FB_2020-11-16,NA,RICE024_FB_2020-11-16_cmecs-geoform,https://www.fgdc.gov/standards/projects/cmecs-folder/CMECS_Version_06-2012_FINAL.pdf,Geoform Type as defined by CMECS,https://w3id.org/CMECS/CMECS_00000387,not applicable,https://vocab.nerc.ac.uk/collection/P06/current/XXXX/,Tide-dominated beach,https://w3id.org/CMECS/CMECS_00000837 
RICE024_WB_2020-11-17,NA,RICE024_WB_2020-11-17_cmecs-geoform,https://www.fgdc.gov/standards/projects/cmecs-folder/CMECS_Version_06-2012_FINAL.pdf,Geoform Type as defined by CMECS,https://w3id.org/CMECS/CMECS_00000387,not applicable,https://vocab.nerc.ac.uk/collection/P06/current/XXXX/,Tide-dominated beach,https://w3id.org/CMECS/CMECS_00000837 
RICE025_WB_2021-02-07,NA,RICE025_WB_2021-02-07_cmecs-geoform,https://www.fgdc.gov/standards/projects/cmecs-folder/CMECS_Version_06-2012_FINAL.pdf,Geoform Type as defined by CMECS,https://w3id.org/CMECS/CMECS_00000387,not applicable,https://vocab.nerc.ac.uk/collection/P06/current/XXXX/,Tide-dominated beach,https://w3id.org/CMECS/CMECS_00000837 
RICE025_NB_2021-02-08,NA,RICE025_NB_2021-02-08_cmecs-geoform,https://www.fgdc.gov/standards/projects/cmecs-folder/CMECS_Version_06-2012_FINAL.pdf,Geoform Type as defined by CMECS,https://w3id.org/CMECS/CMECS_00000387,not applicable,https://vocab.nerc.ac.uk/collection/P06/current/XXXX/,Tide-dominated beach,https://w3id.org/CMECS/CMECS_00000837 
RICE025_NB_2021-02-09,NA,RICE025_NB_2021-02-09_cmecs-geoform,https://www.fgdc.gov/standards/projects/cmecs-folder/CMECS_Version_06-2012_FINAL.pdf,Geoform Type as defined by CMECS,https://w3id.org/CMECS/CMECS_00000387,not applicable,https://vocab.nerc.ac.uk/collection/P06/current/XXXX/,Tide-dominated beach,https://w3id.org/CMECS/CMECS_00000837 
RICE025_FB_2021-02-10,NA,RICE025_FB_2021-02-10_cmecs-geoform,https://www.fgdc.gov/standards/projects/cmecs-folder/CMECS_Version_06-2012_FINAL.pdf,Geoform Type as defined by CMECS,https://w3id.org/CMECS/CMECS_00000387,not applicable,https://vocab.nerc.ac.uk/collection/P06/current/XXXX/,Tide-dominated beach,https://w3id.org/CMECS/CMECS_00000837 
RICE026_NB_2021-05-27,NA,RICE026_NB_2021-05-27_cmecs-geoform,https://www.fgdc.gov/standards/projects/cmecs-folder/CMECS_Version_06-2012_FINAL.pdf,Geoform Type as defined by CMECS,https://w3id.org/CMECS/CMECS_00000387,not applicable,https://vocab.nerc.ac.uk/collection/P06/current/XXXX/,Tide-dominated beach,https://w3id.org/CMECS/CMECS_00000837 
RICE026_NB_2021-05-28,NA,RICE026_NB_2021-05-28_cmecs-geoform,https://www.fgdc.gov/standards/projects/cmecs-folder/CMECS_Version_06-2012_FINAL.pdf,Geoform Type as defined by CMECS,https://w3id.org/CMECS/CMECS_00000387,not applicable,https://vocab.nerc.ac.uk/collection/P06/current/XXXX/,Tide-dominated beach,https://w3id.org/CMECS/CMECS_00000837 
RICE026_FB_2021-05-29,NA,RICE026_FB_2021-05-29_cmecs-geoform,https://www.fgdc.gov/standards/projects/cmecs-folder/CMECS_Version_06-2012_FINAL.pdf,Geoform Type as defined by CMECS,https://w3id.org/CMECS/CMECS_00000387,not applicable,https://vocab.nerc.ac.uk/collection/P06/current/XXXX/,Tide-dominated beach,https://w3id.org/CMECS/CMECS_00000837 
RICE026_WB_2021-05-30,NA,RICE026_WB_2021-05-30_cmecs-geoform,https://www.fgdc.gov/standards/projects/cmecs-folder/CMECS_Version_06-2012_FINAL.pdf,Geoform Type as defined by CMECS,https://w3id.org/CMECS/CMECS_00000387,not applicable,https://vocab.nerc.ac.uk/collection/P06/current/XXXX/,Tide-dominated beach,https://w3id.org/CMECS/CMECS_00000837 
RICE027_WB_2021-06-24,NA,RICE027_WB_2021-06-24_cmecs-geoform,https://www.fgdc.gov/standards/projects/cmecs-folder/CMECS_Version_06-2012_FINAL.pdf,Geoform Type as defined by CMECS,https://w3id.org/CMECS/CMECS_00000387,not applicable,https://vocab.nerc.ac.uk/collection/P06/current/XXXX/,Tide-dominated beach,https://w3id.org/CMECS/CMECS_00000837 
RICE027_WB_2021-06-25,NA,RICE027_WB_2021-06-25_cmecs-geoform,https://www.fgdc.gov/standards/projects/cmecs-folder/CMECS_Version_06-2012_FINAL.pdf,Geoform Type as defined by CMECS,https://w3id.org/CMECS/CMECS_00000387,not applicable,https://vocab.nerc.ac.uk/collection/P06/current/XXXX/,Tide-dominated beach,https://w3id.org/CMECS/CMECS_00000837 
RICE027_NB_2021-06-27,NA,RICE027_NB_2021-06-27_cmecs-geoform,https://www.fgdc.gov/standards/projects/cmecs-folder/CMECS_Version_06-2012_FINAL.pdf,Geoform Type as defined by CMECS,https://w3id.org/CMECS/CMECS_00000387,not applicable,https://vocab.nerc.ac.uk/collection/P06/current/XXXX/,Tide-dominated beach,https://w3id.org/CMECS/CMECS_00000837 
RICE027_NB_2021-06-28,NA,RICE027_NB_2021-06-28_cmecs-geoform,https://www.fgdc.gov/standards/projects/cmecs-folder/CMECS_Version_06-2012_FINAL.pdf,Geoform Type as defined by CMECS,https://w3id.org/CMECS/CMECS_00000387,not applicable,https://vocab.nerc.ac.uk/collection/P06/current/XXXX/,Tide-dominated beach,https://w3id.org/CMECS/CMECS_00000837 
RICE027_FB_2021-06-29,NA,RICE027_FB_2021-06-29_cmecs-geoform,https://www.fgdc.gov/standards/projects/cmecs-folder/CMECS_Version_06-2012_FINAL.pdf,Geoform Type as defined by CMECS,https://w3id.org/CMECS/CMECS_00000387,not applicable,https://vocab.nerc.ac.uk/collection/P06/current/XXXX/,Tide-dominated beach,https://w3id.org/CMECS/CMECS_00000837 
RICE028_WB_2021-08-19,NA,RICE028_WB_2021-08-19_cmecs-geoform,https://www.fgdc.gov/standards/projects/cmecs-folder/CMECS_Version_06-2012_FINAL.pdf,Geoform Type as defined by CMECS,https://w3id.org/CMECS/CMECS_00000387,not applicable,https://vocab.nerc.ac.uk/collection/P06/current/XXXX/,Tide-dominated beach,https://w3id.org/CMECS/CMECS_00000837 
RICE028_FB_2021-08-22,NA,RICE028_FB_2021-08-22_cmecs-geoform,https://www.fgdc.gov/standards/projects/cmecs-folder/CMECS_Version_06-2012_FINAL.pdf,Geoform Type as defined by CMECS,https://w3id.org/CMECS/CMECS_00000387,not applicable,https://vocab.nerc.ac.uk/collection/P06/current/XXXX/,Tide-dominated beach,https://w3id.org/CMECS/CMECS_00000837 
RICE028_NB_2021-08-23,NA,RICE028_NB_2021-08-23_cmecs-geoform,https://www.fgdc.gov/standards/projects/cmecs-folder/CMECS_Version_06-2012_FINAL.pdf,Geoform Type as defined by CMECS,https://w3id.org/CMECS/CMECS_00000387,not applicable,https://vocab.nerc.ac.uk/collection/P06/current/XXXX/,Tide-dominated beach,https://w3id.org/CMECS/CMECS_00000837 
RICE028_NB_2021-08-24,NA,RICE028_NB_2021-08-24_cmecs-geoform,https://www.fgdc.gov/standards/projects/cmecs-folder/CMECS_Version_06-2012_FINAL.pdf,Geoform Type as defined by CMECS,https://w3id.org/CMECS/CMECS_00000387,not applicable,https://vocab.nerc.ac.uk/collection/P06/current/XXXX/,Tide-dominated beach,https://w3id.org/CMECS/CMECS_00000837 
RICE029_NB_2021-11-04,NA,RICE029_NB_2021-11-04_cmecs-geoform,https://www.fgdc.gov/standards/projects/cmecs-folder/CMECS_Version_06-2012_FINAL.pdf,Geoform Type as defined by CMECS,https://w3id.org/CMECS/CMECS_00000387,not applicable,https://vocab.nerc.ac.uk/collection/P06/current/XXXX/,Tide-dominated beach,https://w3id.org/CMECS/CMECS_00000837 
RICE029_NB_2021-11-05,NA,RICE029_NB_2021-11-05_cmecs-geoform,https://www.fgdc.gov/standards/projects/cmecs-folder/CMECS_Version_06-2012_FINAL.pdf,Geoform Type as defined by CMECS,https://w3id.org/CMECS/CMECS_00000387,not applicable,https://vocab.nerc.ac.uk/collection/P06/current/XXXX/,Tide-dominated beach,https://w3id.org/CMECS/CMECS_00000837 
RICE029_FB_2021-11-06,NA,RICE029_FB_2021-11-06_cmecs-geoform,https://www.fgdc.gov/standards/projects/cmecs-folder/CMECS_Version_06-2012_FINAL.pdf,Geoform Type as defined by CMECS,https://w3id.org/CMECS/CMECS_00000387,not applicable,https://vocab.nerc.ac.uk/collection/P06/current/XXXX/,Tide-dominated beach,https://w3id.org/CMECS/CMECS_00000837 
RICE029_WB_2021-11-07,NA,RICE029_WB_2021-11-07_cmecs-geoform,https://www.fgdc.gov/standards/projects/cmecs-folder/CMECS_Version_06-2012_FINAL.pdf,Geoform Type as defined by CMECS,https://w3id.org/CMECS/CMECS_00000387,not applicable,https://vocab.nerc.ac.uk/collection/P06/current/XXXX/,Tide-dominated beach,https://w3id.org/CMECS/CMECS_00000837 
RICE030_NB_2022-01-29,NA,RICE030_NB_2022-01-29_cmecs-geoform,https://www.fgdc.gov/standards/projects/cmecs-folder/CMECS_Version_06-2012_FINAL.pdf,Geoform Type as defined by CMECS,https://w3id.org/CMECS/CMECS_00000387,not applicable,https://vocab.nerc.ac.uk/collection/P06/current/XXXX/,Tide-dominated beach,https://w3id.org/CMECS/CMECS_00000837 
RICE030_NB_2022-01-30,NA,RICE030_NB_2022-01-30_cmecs-geoform,https://www.fgdc.gov/standards/projects/cmecs-folder/CMECS_Version_06-2012_FINAL.pdf,Geoform Type as defined by CMECS,https://w3id.org/CMECS/CMECS_00000387,not applicable,https://vocab.nerc.ac.uk/collection/P06/current/XXXX/,Tide-dominated beach,https://w3id.org/CMECS/CMECS_00000837 
RICE030_FB_2022-01-31,NA,RICE030_FB_2022-01-31_cmecs-geoform,https://www.fgdc.gov/standards/projects/cmecs-folder/CMECS_Version_06-2012_FINAL.pdf,Geoform Type as defined by CMECS,https://w3id.org/CMECS/CMECS_00000387,not applicable,https://vocab.nerc.ac.uk/collection/P06/current/XXXX/,Tide-dominated beach,https://w3id.org/CMECS/CMECS_00000837 
RICE030_WB_2022-02-01,NA,RICE030_WB_2022-02-01_cmecs-geoform,https://www.fgdc.gov/standards/projects/cmecs-folder/CMECS_Version_06-2012_FINAL.pdf,Geoform Type as defined by CMECS,https://w3id.org/CMECS/CMECS_00000387,not applicable,https://vocab.nerc.ac.uk/collection/P06/current/XXXX/,Tide-dominated beach,https://w3id.org/CMECS/CMECS_00000837 
RICE031_WB_2022-05-15,NA,RICE031_WB_2022-05-15_cmecs-geoform,https://www.fgdc.gov/standards/projects/cmecs-folder/CMECS_Version_06-2012_FINAL.pdf,Geoform Type as defined by CMECS,https://w3id.org/CMECS/CMECS_00000387,not applicable,https://vocab.nerc.ac.uk/collection/P06/current/XXXX/,Tide-dominated beach,https://w3id.org/CMECS/CMECS_00000837 
RICE031_NB_2022-05-16,NA,RICE031_NB_2022-05-16_cmecs-geoform,https://www.fgdc.gov/standards/projects/cmecs-folder/CMECS_Version_06-2012_FINAL.pdf,Geoform Type as defined by CMECS,https://w3id.org/CMECS/CMECS_00000387,not applicable,https://vocab.nerc.ac.uk/collection/P06/current/XXXX/,Tide-dominated beach,https://w3id.org/CMECS/CMECS_00000837 
RICE031_NB_2022-05-17,NA,RICE031_NB_2022-05-17_cmecs-geoform,https://www.fgdc.gov/standards/projects/cmecs-folder/CMECS_Version_06-2012_FINAL.pdf,Geoform Type as defined by CMECS,https://w3id.org/CMECS/CMECS_00000387,not applicable,https://vocab.nerc.ac.uk/collection/P06/current/XXXX/,Tide-dominated beach,https://w3id.org/CMECS/CMECS_00000837 
RICE031_FB_2022-05-18,NA,RICE031_FB_2022-05-18_cmecs-geoform,https://www.fgdc.gov/standards/projects/cmecs-folder/CMECS_Version_06-2012_FINAL.pdf,Geoform Type as defined by CMECS,https://w3id.org/CMECS/CMECS_00000387,not applicable,https://vocab.nerc.ac.uk/collection/P06/current/XXXX/,Tide-dominated beach,https://w3id.org/CMECS/CMECS_00000837 
RICE032_NB_2022-06-12,NA,RICE032_NB_2022-06-12_cmecs-geoform,https://www.fgdc.gov/standards/projects/cmecs-folder/CMECS_Version_06-2012_FINAL.pdf,Geoform Type as defined by CMECS,https://w3id.org/CMECS/CMECS_00000387,not applicable,https://vocab.nerc.ac.uk/collection/P06/current/XXXX/,Tide-dominated beach,https://w3id.org/CMECS/CMECS_00000837 
RICE032_NB_2022-06-13,NA,RICE032_NB_2022-06-13_cmecs-geoform,https://www.fgdc.gov/standards/projects/cmecs-folder/CMECS_Version_06-2012_FINAL.pdf,Geoform Type as defined by CMECS,https://w3id.org/CMECS/CMECS_00000387,not applicable,https://vocab.nerc.ac.uk/collection/P06/current/XXXX/,Tide-dominated beach,https://w3id.org/CMECS/CMECS_00000837 
RICE032_WB_2022-06-14,NA,RICE032_WB_2022-06-14_cmecs-geoform,https://www.fgdc.gov/standards/projects/cmecs-folder/CMECS_Version_06-2012_FINAL.pdf,Geoform Type as defined by CMECS,https://w3id.org/CMECS/CMECS_00000387,not applicable,https://vocab.nerc.ac.uk/collection/P06/current/XXXX/,Tide-dominated beach,https://w3id.org/CMECS/CMECS_00000837 
RICE032_FB_2022-06-15,NA,RICE032_FB_2022-06-15_cmecs-geoform,https://www.fgdc.gov/standards/projects/cmecs-folder/CMECS_Version_06-2012_FINAL.pdf,Geoform Type as defined by CMECS,https://w3id.org/CMECS/CMECS_00000387,not applicable,https://vocab.nerc.ac.uk/collection/P06/current/XXXX/,Tide-dominated beach,https://w3id.org/CMECS/CMECS_00000837 
RICE033_NB_2022-09-08,NA,RICE033_NB_2022-09-08_cmecs-geoform,https://www.fgdc.gov/standards/projects/cmecs-folder/CMECS_Version_06-2012_FINAL.pdf,Geoform Type as defined by CMECS,https://w3id.org/CMECS/CMECS_00000387,not applicable,https://vocab.nerc.ac.uk/collection/P06/current/XXXX/,Tide-dominated beach,https://w3id.org/CMECS/CMECS_00000837 
RICE033_WB_2022-09-10,NA,RICE033_WB_2022-09-10_cmecs-geoform,https://www.fgdc.gov/standards/projects/cmecs-folder/CMECS_Version_06-2012_FINAL.pdf,Geoform Type as defined by CMECS,https://w3id.org/CMECS/CMECS_00000387,not applicable,https://vocab.nerc.ac.uk/collection/P06/current/XXXX/,Tide-dominated beach,https://w3id.org/CMECS/CMECS_00000837 
RICE033_FB_2022-09-11,NA,RICE033_FB_2022-09-11_cmecs-geoform,https://www.fgdc.gov/standards/projects/cmecs-folder/CMECS_Version_06-2012_FINAL.pdf,Geoform Type as defined by CMECS,https://w3id.org/CMECS/CMECS_00000387,not applicable,https://vocab.nerc.ac.uk/collection/P06/current/XXXX/,Tide-dominated beach,https://w3id.org/CMECS/CMECS_00000837 
RICE034_WB_2022-11-25,NA,RICE034_WB_2022-11-25_cmecs-geoform,https://www.fgdc.gov/standards/projects/cmecs-folder/CMECS_Version_06-2012_FINAL.pdf,Geoform Type as defined by CMECS,https://w3id.org/CMECS/CMECS_00000387,not applicable,https://vocab.nerc.ac.uk/collection/P06/current/XXXX/,Tide-dominated beach,https://w3id.org/CMECS/CMECS_00000837 
RICE034_NB_2022-11-26,NA,RICE034_NB_2022-11-26_cmecs-geoform,https://www.fgdc.gov/standards/projects/cmecs-folder/CMECS_Version_06-2012_FINAL.pdf,Geoform Type as defined by CMECS,https://w3id.org/CMECS/CMECS_00000387,not applicable,https://vocab.nerc.ac.uk/collection/P06/current/XXXX/,Tide-dominated beach,https://w3id.org/CMECS/CMECS_00000837 
RICE034_FB_2022-11-27,NA,RICE034_FB_2022-11-27_cmecs-geoform,https://www.fgdc.gov/standards/projects/cmecs-folder/CMECS_Version_06-2012_FINAL.pdf,Geoform Type as defined by CMECS,https://w3id.org/CMECS/CMECS_00000387,not applicable,https://vocab.nerc.ac.uk/collection/P06/current/XXXX/,Tide-dominated beach,https://w3id.org/CMECS/CMECS_00000837 
RICE035_NB_2023-02-15,NA,RICE035_NB_2023-02-15_cmecs-geoform,https://www.fgdc.gov/standards/projects/cmecs-folder/CMECS_Version_06-2012_FINAL.pdf,Geoform Type as defined by CMECS,https://w3id.org/CMECS/CMECS_00000387,not applicable,https://vocab.nerc.ac.uk/collection/P06/current/XXXX/,Tide-dominated beach,https://w3id.org/CMECS/CMECS_00000837 
RICE035_WB_2023-02-16,NA,RICE035_WB_2023-02-16_cmecs-geoform,https://www.fgdc.gov/standards/projects/cmecs-folder/CMECS_Version_06-2012_FINAL.pdf,Geoform Type as defined by CMECS,https://w3id.org/CMECS/CMECS_00000387,not applicable,https://vocab.nerc.ac.uk/collection/P06/current/XXXX/,Tide-dominated beach,https://w3id.org/CMECS/CMECS_00000837 
RICE035_FB_2023-02-17,NA,RICE035_FB_2023-02-17_cmecs-geoform,https://www.fgdc.gov/standards/projects/cmecs-folder/CMECS_Version_06-2012_FINAL.pdf,Geoform Type as defined by CMECS,https://w3id.org/CMECS/CMECS_00000387,not applicable,https://vocab.nerc.ac.uk/collection/P06/current/XXXX/,Tide-dominated beach,https://w3id.org/CMECS/CMECS_00000837 
RICE036_WB_2023-05-06,NA,RICE036_WB_2023-05-06_cmecs-geoform,https://www.fgdc.gov/standards/projects/cmecs-folder/CMECS_Version_06-2012_FINAL.pdf,Geoform Type as defined by CMECS,https://w3id.org/CMECS/CMECS_00000387,not applicable,https://vocab.nerc.ac.uk/collection/P06/current/XXXX/,Tide-dominated beach,https://w3id.org/CMECS/CMECS_00000837 
RICE036_NB_2023-05-07,NA,RICE036_NB_2023-05-07_cmecs-geoform,https://www.fgdc.gov/standards/projects/cmecs-folder/CMECS_Version_06-2012_FINAL.pdf,Geoform Type as defined by CMECS,https://w3id.org/CMECS/CMECS_00000387,not applicable,https://vocab.nerc.ac.uk/collection/P06/current/XXXX/,Tide-dominated beach,https://w3id.org/CMECS/CMECS_00000837 
RICE036_FB_2023-05-08,NA,RICE036_FB_2023-05-08_cmecs-geoform,https://www.fgdc.gov/standards/projects/cmecs-folder/CMECS_Version_06-2012_FINAL.pdf,Geoform Type as defined by CMECS,https://w3id.org/CMECS/CMECS_00000387,not applicable,https://vocab.nerc.ac.uk/collection/P06/current/XXXX/,Tide-dominated beach,https://w3id.org/CMECS/CMECS_00000837 
RICE036_NB_2023-05-09,NA,RICE036_NB_2023-05-09_cmecs-geoform,https://www.fgdc.gov/standards/projects/cmecs-folder/CMECS_Version_06-2012_FINAL.pdf,Geoform Type as defined by CMECS,https://w3id.org/CMECS/CMECS_00000387,not applicable,https://vocab.nerc.ac.uk/collection/P06/current/XXXX/,Tide-dominated beach,https://w3id.org/CMECS/CMECS_00000837 
RICE037_WB_2023-06-03,NA,RICE037_WB_2023-06-03_cmecs-geoform,https://www.fgdc.gov/standards/projects/cmecs-folder/CMECS_Version_06-2012_FINAL.pdf,Geoform Type as defined by CMECS,https://w3id.org/CMECS/CMECS_00000387,not applicable,https://vocab.nerc.ac.uk/collection/P06/current/XXXX/,Tide-dominated beach,https://w3id.org/CMECS/CMECS_00000837 
RICE037_NB_2023-06-04,NA,RICE037_NB_2023-06-04_cmecs-geoform,https://www.fgdc.gov/standards/projects/cmecs-folder/CMECS_Version_06-2012_FINAL.pdf,Geoform Type as defined by CMECS,https://w3id.org/CMECS/CMECS_00000387,not applicable,https://vocab.nerc.ac.uk/collection/P06/current/XXXX/,Tide-dominated beach,https://w3id.org/CMECS/CMECS_00000837 
RICE037_FB_2023-06-05,NA,RICE037_FB_2023-06-05_cmecs-geoform,https://www.fgdc.gov/standards/projects/cmecs-folder/CMECS_Version_06-2012_FINAL.pdf,Geoform Type as defined by CMECS,https://w3id.org/CMECS/CMECS_00000387,not applicable,https://vocab.nerc.ac.uk/collection/P06/current/XXXX/,Tide-dominated beach,https://w3id.org/CMECS/CMECS_00000837 
RICE037_NB_2023-06-06,NA,RICE037_NB_2023-06-06_cmecs-geoform,https://www.fgdc.gov/standards/projects/cmecs-folder/CMECS_Version_06-2012_FINAL.pdf,Geoform Type as defined by CMECS,https://w3id.org/CMECS/CMECS_00000387,not applicable,https://vocab.nerc.ac.uk/collection/P06/current/XXXX/,Tide-dominated beach,https://w3id.org/CMECS/CMECS_00000837 
RICE038_NB_2023-08-29,NA,RICE038_NB_2023-08-29_cmecs-geoform,https://www.fgdc.gov/standards/projects/cmecs-folder/CMECS_Version_06-2012_FINAL.pdf,Geoform Type as defined by CMECS,https://w3id.org/CMECS/CMECS_00000387,not applicable,https://vocab.nerc.ac.uk/collection/P06/current/XXXX/,Tide-dominated beach,https://w3id.org/CMECS/CMECS_00000837 
RICE038_WB_2023-08-30,NA,RICE038_WB_2023-08-30_cmecs-geoform,https://www.fgdc.gov/standards/projects/cmecs-folder/CMECS_Version_06-2012_FINAL.pdf,Geoform Type as defined by CMECS,https://w3id.org/CMECS/CMECS_00000387,not applicable,https://vocab.nerc.ac.uk/collection/P06/current/XXXX/,Tide-dominated beach,https://w3id.org/CMECS/CMECS_00000837 
RICE038_FB_2023-08-31,NA,RICE038_FB_2023-08-31_cmecs-geoform,https://www.fgdc.gov/standards/projects/cmecs-folder/CMECS_Version_06-2012_FINAL.pdf,Geoform Type as defined by CMECS,https://w3id.org/CMECS/CMECS_00000387,not applicable,https://vocab.nerc.ac.uk/collection/P06/current/XXXX/,Tide-dominated beach,https://w3id.org/CMECS/CMECS_00000837 
RICE038_NB_2023-09-01,NA,RICE038_NB_2023-09-01_cmecs-geoform,https://www.fgdc.gov/standards/projects/cmecs-folder/CMECS_Version_06-2012_FINAL.pdf,Geoform Type as defined by CMECS,https://w3id.org/CMECS/CMECS_00000387,not applicable,https://vocab.nerc.ac.uk/collection/P06/current/XXXX/,Tide-dominated beach,https://w3id.org/CMECS/CMECS_00000837 
RICE039_WB_2023-11-22,NA,RICE039_WB_2023-11-22_cmecs-geoform,https://www.fgdc.gov/standards/projects/cmecs-folder/CMECS_Version_06-2012_FINAL.pdf,Geoform Type as defined by CMECS,https://w3id.org/CMECS/CMECS_00000387,not applicable,https://vocab.nerc.ac.uk/collection/P06/current/XXXX/,Tide-dominated beach,https://w3id.org/CMECS/CMECS_00000837 
RICE039_NB_2023-11-23,NA,RICE039_NB_2023-11-23_cmecs-geoform,https://www.fgdc.gov/standards/projects/cmecs-folder/CMECS_Version_06-2012_FINAL.pdf,Geoform Type as defined by CMECS,https://w3id.org/CMECS/CMECS_00000387,not applicable,https://vocab.nerc.ac.uk/collection/P06/current/XXXX/,Tide-dominated beach,https://w3id.org/CMECS/CMECS_00000837 
RICE039_FB_2023-11-24,NA,RICE039_FB_2023-11-24_cmecs-geoform,https://www.fgdc.gov/standards/projects/cmecs-folder/CMECS_Version_06-2012_FINAL.pdf,Geoform Type as defined by CMECS,https://w3id.org/CMECS/CMECS_00000387,not applicable,https://vocab.nerc.ac.uk/collection/P06/current/XXXX/,Tide-dominated beach,https://w3id.org/CMECS/CMECS_00000837 
RICE039_NB_2023-11-25,NA,RICE039_NB_2023-11-25_cmecs-geoform,https://www.fgdc.gov/standards/projects/cmecs-folder/CMECS_Version_06-2012_FINAL.pdf,Geoform Type as defined by CMECS,https://w3id.org/CMECS/CMECS_00000387,not applicable,https://vocab.nerc.ac.uk/collection/P06/current/XXXX/,Tide-dominated beach,https://w3id.org/CMECS/CMECS_00000837 
RICE039_WB_2023-11-26,NA,RICE039_WB_2023-11-26_cmecs-geoform,https://www.fgdc.gov/standards/projects/cmecs-folder/CMECS_Version_06-2012_FINAL.pdf,Geoform Type as defined by CMECS,https://w3id.org/CMECS/CMECS_00000387,not applicable,https://vocab.nerc.ac.uk/collection/P06/current/XXXX/,Tide-dominated beach,https://w3id.org/CMECS/CMECS_00000837 
RICE040_WB_2024-02-08,NA,RICE040_WB_2024-02-08_cmecs-geoform,https://www.fgdc.gov/standards/projects/cmecs-folder/CMECS_Version_06-2012_FINAL.pdf,Geoform Type as defined by CMECS,https://w3id.org/CMECS/CMECS_00000387,not applicable,https://vocab.nerc.ac.uk/collection/P06/current/XXXX/,Tide-dominated beach,https://w3id.org/CMECS/CMECS_00000837 
RICE040_NB_2024-02-09,NA,RICE040_NB_2024-02-09_cmecs-geoform,https://www.fgdc.gov/standards/projects/cmecs-folder/CMECS_Version_06-2012_FINAL.pdf,Geoform Type as defined by CMECS,https://w3id.org/CMECS/CMECS_00000387,not applicable,https://vocab.nerc.ac.uk/collection/P06/current/XXXX/,Tide-dominated beach,https://w3id.org/CMECS/CMECS_00000837 
RICE040_NB_2024-02-10,NA,RICE040_NB_2024-02-10_cmecs-geoform,https://www.fgdc.gov/standards/projects/cmecs-folder/CMECS_Version_06-2012_FINAL.pdf,Geoform Type as defined by CMECS,https://w3id.org/CMECS/CMECS_00000387,not applicable,https://vocab.nerc.ac.uk/collection/P06/current/XXXX/,Tide-dominated beach,https://w3id.org/CMECS/CMECS_00000837 
RICE040_FB_2024-02-12,NA,RICE040_FB_2024-02-12_cmecs-geoform,https://www.fgdc.gov/standards/projects/cmecs-folder/CMECS_Version_06-2012_FINAL.pdf,Geoform Type as defined by CMECS,https://w3id.org/CMECS/CMECS_00000387,not applicable,https://vocab.nerc.ac.uk/collection/P06/current/XXXX/,Tide-dominated beach,https://w3id.org/CMECS/CMECS_00000837 
RICE041_NB_2024-06-07,NA,RICE041_NB_2024-06-07_cmecs-geoform,https://www.fgdc.gov/standards/projects/cmecs-folder/CMECS_Version_06-2012_FINAL.pdf,Geoform Type as defined by CMECS,https://w3id.org/CMECS/CMECS_00000387,not applicable,https://vocab.nerc.ac.uk/collection/P06/current/XXXX/,Tide-dominated beach,https://w3id.org/CMECS/CMECS_00000837 
RICE041_FB_2024-06-08,NA,RICE041_FB_2024-06-08_cmecs-geoform,https://www.fgdc.gov/standards/projects/cmecs-folder/CMECS_Version_06-2012_FINAL.pdf,Geoform Type as defined by CMECS,https://w3id.org/CMECS/CMECS_00000387,not applicable,https://vocab.nerc.ac.uk/collection/P06/current/XXXX/,Tide-dominated beach,https://w3id.org/CMECS/CMECS_00000837 
RICE041_WB_2024-06-09,NA,RICE041_WB_2024-06-09_cmecs-geoform,https://www.fgdc.gov/standards/projects/cmecs-folder/CMECS_Version_06-2012_FINAL.pdf,Geoform Type as defined by CMECS,https://w3id.org/CMECS/CMECS_00000387,not applicable,https://vocab.nerc.ac.uk/collection/P06/current/XXXX/,Tide-dominated beach,https://w3id.org/CMECS/CMECS_00000837 
RICE041_NB_2024-06-10,NA,RICE041_NB_2024-06-10_cmecs-geoform,https://www.fgdc.gov/standards/projects/cmecs-folder/CMECS_Version_06-2012_FINAL.pdf,Geoform Type as defined by CMECS,https://w3id.org/CMECS/CMECS_00000387,not applicable,https://vocab.nerc.ac.uk/collection/P06/current/XXXX/,Tide-dominated beach,https://w3id.org/CMECS/CMECS_00000837 
RICE042_WB_2024-08-17,NA,RICE042_WB_2024-08-17_cmecs-geoform,https://www.fgdc.gov/standards/projects/cmecs-folder/CMECS_Version_06-2012_FINAL.pdf,Geoform Type as defined by CMECS,https://w3id.org/CMECS/CMECS_00000387,not applicable,https://vocab.nerc.ac.uk/collection/P06/current/XXXX/,Tide-dominated beach,https://w3id.org/CMECS/CMECS_00000837 
RICE042_NB_2024-08-18,NA,RICE042_NB_2024-08-18_cmecs-geoform,https://www.fgdc.gov/standards/projects/cmecs-folder/CMECS_Version_06-2012_FINAL.pdf,Geoform Type as defined by CMECS,https://w3id.org/CMECS/CMECS_00000387,not applicable,https://vocab.nerc.ac.uk/collection/P06/current/XXXX/,Tide-dominated beach,https://w3id.org/CMECS/CMECS_00000837 
RICE042_NB_2024-08-19,NA,RICE042_NB_2024-08-19_cmecs-geoform,https://www.fgdc.gov/standards/projects/cmecs-folder/CMECS_Version_06-2012_FINAL.pdf,Geoform Type as defined by CMECS,https://w3id.org/CMECS/CMECS_00000387,not applicable,https://vocab.nerc.ac.uk/collection/P06/current/XXXX/,Tide-dominated beach,https://w3id.org/CMECS/CMECS_00000837 
RICE042_FB_2024-08-20,NA,RICE042_FB_2024-08-20_cmecs-geoform,https://www.fgdc.gov/standards/projects/cmecs-folder/CMECS_Version_06-2012_FINAL.pdf,Geoform Type as defined by CMECS,https://w3id.org/CMECS/CMECS_00000387,not applicable,https://vocab.nerc.ac.uk/collection/P06/current/XXXX/,Tide-dominated beach,https://w3id.org/CMECS/CMECS_00000837 
RICE043_WB_2024-11-14,NA,RICE043_WB_2024-11-14_cmecs-geoform,https://www.fgdc.gov/standards/projects/cmecs-folder/CMECS_Version_06-2012_FINAL.pdf,Geoform Type as defined by CMECS,https://w3id.org/CMECS/CMECS_00000387,not applicable,https://vocab.nerc.ac.uk/collection/P06/current/XXXX/,Tide-dominated beach,https://w3id.org/CMECS/CMECS_00000837 
RICE043_FB_2024-11-16,NA,RICE043_FB_2024-11-16_cmecs-geoform,https://www.fgdc.gov/standards/projects/cmecs-folder/CMECS_Version_06-2012_FINAL.pdf,Geoform Type as defined by CMECS,https://w3id.org/CMECS/CMECS_00000387,not applicable,https://vocab.nerc.ac.uk/collection/P06/current/XXXX/,Tide-dominated beach,https://w3id.org/CMECS/CMECS_00000837 
RICE043_NB_2024-11-17,NA,RICE043_NB_2024-11-17_cmecs-geoform,https://www.fgdc.gov/standards/projects/cmecs-folder/CMECS_Version_06-2012_FINAL.pdf,Geoform Type as defined by CMECS,https://w3id.org/CMECS/CMECS_00000387,not applicable,https://vocab.nerc.ac.uk/collection/P06/current/XXXX/,Tide-dominated beach,https://w3id.org/CMECS/CMECS_00000837 
RICE043_NB_2024-11-18,NA,RICE043_NB_2024-11-18_cmecs-geoform,https://www.fgdc.gov/standards/projects/cmecs-folder/CMECS_Version_06-2012_FINAL.pdf,Geoform Type as defined by CMECS,https://w3id.org/CMECS/CMECS_00000387,not applicable,https://vocab.nerc.ac.uk/collection/P06/current/XXXX/,Tide-dominated beach,https://w3id.org/CMECS/CMECS_00000837 
RICE001_NB_2016-06-27,NA,RICE001_NB_2016-06-27_cmecs-substrate,https://www.fgdc.gov/standards/projects/cmecs-folder/CMECS_Version_06-2012_FINAL.pdf,substrate component as defined by CMECS,https://w3id.org/CMECS/CMECS_00000803,not applicable,https://vocab.nerc.ac.uk/collection/P06/current/XXXX/,Bedrock,https://w3id.org/CMECS/CMECS_00000094
RICE003_WB_2016-09-14,NA,RICE003_WB_2016-09-14_cmecs-substrate,https://www.fgdc.gov/standards/projects/cmecs-folder/CMECS_Version_06-2012_FINAL.pdf,substrate component as defined by CMECS,https://w3id.org/CMECS/CMECS_00000803,not applicable,https://vocab.nerc.ac.uk/collection/P06/current/XXXX/,Bedrock,https://w3id.org/CMECS/CMECS_00000094
RICE003_NB_2016-09-15,NA,RICE003_NB_2016-09-15_cmecs-substrate,https://www.fgdc.gov/standards/projects/cmecs-folder/CMECS_Version_06-2012_FINAL.pdf,substrate component as defined by CMECS,https://w3id.org/CMECS/CMECS_00000803,not applicable,https://vocab.nerc.ac.uk/collection/P06/current/XXXX/,Bedrock,https://w3id.org/CMECS/CMECS_00000094
RICE003_FB_2016-09-16,NA,RICE003_FB_2016-09-16_cmecs-substrate,https://www.fgdc.gov/standards/projects/cmecs-folder/CMECS_Version_06-2012_FINAL.pdf,substrate component as defined by CMECS,https://w3id.org/CMECS/CMECS_00000803,not applicable,https://vocab.nerc.ac.uk/collection/P06/current/XXXX/,Bedrock,https://w3id.org/CMECS/CMECS_00000094
RICE003_FB_2016-09-17,NA,RICE003_FB_2016-09-17_cmecs-substrate,https://www.fgdc.gov/standards/projects/cmecs-folder/CMECS_Version_06-2012_FINAL.pdf,substrate component as defined by CMECS,https://w3id.org/CMECS/CMECS_00000803,not applicable,https://vocab.nerc.ac.uk/collection/P06/current/XXXX/,Bedrock,https://w3id.org/CMECS/CMECS_00000094
RICE004_FB_2016-11-12,NA,RICE004_FB_2016-11-12_cmecs-substrate,https://www.fgdc.gov/standards/projects/cmecs-folder/CMECS_Version_06-2012_FINAL.pdf,substrate component as defined by CMECS,https://w3id.org/CMECS/CMECS_00000803,not applicable,https://vocab.nerc.ac.uk/collection/P06/current/XXXX/,Bedrock,https://w3id.org/CMECS/CMECS_00000094
RICE004_WB_2016-11-13,NA,RICE004_WB_2016-11-13_cmecs-substrate,https://www.fgdc.gov/standards/projects/cmecs-folder/CMECS_Version_06-2012_FINAL.pdf,substrate component as defined by CMECS,https://w3id.org/CMECS/CMECS_00000803,not applicable,https://vocab.nerc.ac.uk/collection/P06/current/XXXX/,Bedrock,https://w3id.org/CMECS/CMECS_00000094
RICE004_NB_2016-11-14,NA,RICE004_NB_2016-11-14_cmecs-substrate,https://www.fgdc.gov/standards/projects/cmecs-folder/CMECS_Version_06-2012_FINAL.pdf,substrate component as defined by CMECS,https://w3id.org/CMECS/CMECS_00000803,not applicable,https://vocab.nerc.ac.uk/collection/P06/current/XXXX/,Bedrock,https://w3id.org/CMECS/CMECS_00000094
RICE005_FB_2017-02-22,NA,RICE005_FB_2017-02-22_cmecs-substrate,https://www.fgdc.gov/standards/projects/cmecs-folder/CMECS_Version_06-2012_FINAL.pdf,substrate component as defined by CMECS,https://w3id.org/CMECS/CMECS_00000803,not applicable,https://vocab.nerc.ac.uk/collection/P06/current/XXXX/,Bedrock,https://w3id.org/CMECS/CMECS_00000094
RICE005_NB_2017-02-23,NA,RICE005_NB_2017-02-23_cmecs-substrate,https://www.fgdc.gov/standards/projects/cmecs-folder/CMECS_Version_06-2012_FINAL.pdf,substrate component as defined by CMECS,https://w3id.org/CMECS/CMECS_00000803,not applicable,https://vocab.nerc.ac.uk/collection/P06/current/XXXX/,Bedrock,https://w3id.org/CMECS/CMECS_00000094
RICE005_WB_2017-02-24,NA,RICE005_WB_2017-02-24_cmecs-substrate,https://www.fgdc.gov/standards/projects/cmecs-folder/CMECS_Version_06-2012_FINAL.pdf,substrate component as defined by CMECS,https://w3id.org/CMECS/CMECS_00000803,not applicable,https://vocab.nerc.ac.uk/collection/P06/current/XXXX/,Bedrock,https://w3id.org/CMECS/CMECS_00000094
RICE006_WB_2017-05-27,NA,RICE006_WB_2017-05-27_cmecs-substrate,https://www.fgdc.gov/standards/projects/cmecs-folder/CMECS_Version_06-2012_FINAL.pdf,substrate component as defined by CMECS,https://w3id.org/CMECS/CMECS_00000803,not applicable,https://vocab.nerc.ac.uk/collection/P06/current/XXXX/,Bedrock,https://w3id.org/CMECS/CMECS_00000094
RICE006_NB_2017-05-28,NA,RICE006_NB_2017-05-28_cmecs-substrate,https://www.fgdc.gov/standards/projects/cmecs-folder/CMECS_Version_06-2012_FINAL.pdf,substrate component as defined by CMECS,https://w3id.org/CMECS/CMECS_00000803,not applicable,https://vocab.nerc.ac.uk/collection/P06/current/XXXX/,Bedrock,https://w3id.org/CMECS/CMECS_00000094
RICE006_FB_2017-05-29,NA,RICE006_FB_2017-05-29_cmecs-substrate,https://www.fgdc.gov/standards/projects/cmecs-folder/CMECS_Version_06-2012_FINAL.pdf,substrate component as defined by CMECS,https://w3id.org/CMECS/CMECS_00000803,not applicable,https://vocab.nerc.ac.uk/collection/P06/current/XXXX/,Bedrock,https://w3id.org/CMECS/CMECS_00000094
RICE007_FB_2017-06-29,NA,RICE007_FB_2017-06-29_cmecs-substrate,https://www.fgdc.gov/standards/projects/cmecs-folder/CMECS_Version_06-2012_FINAL.pdf,substrate component as defined by CMECS,https://w3id.org/CMECS/CMECS_00000803,not applicable,https://vocab.nerc.ac.uk/collection/P06/current/XXXX/,Bedrock,https://w3id.org/CMECS/CMECS_00000094
RICE007_NB_2017-06-30,NA,RICE007_NB_2017-06-30_cmecs-substrate,https://www.fgdc.gov/standards/projects/cmecs-folder/CMECS_Version_06-2012_FINAL.pdf,substrate component as defined by CMECS,https://w3id.org/CMECS/CMECS_00000803,not applicable,https://vocab.nerc.ac.uk/collection/P06/current/XXXX/,Bedrock,https://w3id.org/CMECS/CMECS_00000094
RICE007_WB_2017-07-01,NA,RICE007_WB_2017-07-01_cmecs-substrate,https://www.fgdc.gov/standards/projects/cmecs-folder/CMECS_Version_06-2012_FINAL.pdf,substrate component as defined by CMECS,https://w3id.org/CMECS/CMECS_00000803,not applicable,https://vocab.nerc.ac.uk/collection/P06/current/XXXX/,Bedrock,https://w3id.org/CMECS/CMECS_00000094
RICE008_WB_2017-09-17,NA,RICE008_WB_2017-09-17_cmecs-substrate,https://www.fgdc.gov/standards/projects/cmecs-folder/CMECS_Version_06-2012_FINAL.pdf,substrate component as defined by CMECS,https://w3id.org/CMECS/CMECS_00000803,not applicable,https://vocab.nerc.ac.uk/collection/P06/current/XXXX/,Bedrock,https://w3id.org/CMECS/CMECS_00000094
RICE008_NB_2017-09-18,NA,RICE008_NB_2017-09-18_cmecs-substrate,https://www.fgdc.gov/standards/projects/cmecs-folder/CMECS_Version_06-2012_FINAL.pdf,substrate component as defined by CMECS,https://w3id.org/CMECS/CMECS_00000803,not applicable,https://vocab.nerc.ac.uk/collection/P06/current/XXXX/,Bedrock,https://w3id.org/CMECS/CMECS_00000094
RICE008_FB_2017-09-19,NA,RICE008_FB_2017-09-19_cmecs-substrate,https://www.fgdc.gov/standards/projects/cmecs-folder/CMECS_Version_06-2012_FINAL.pdf,substrate component as defined by CMECS,https://w3id.org/CMECS/CMECS_00000803,not applicable,https://vocab.nerc.ac.uk/collection/P06/current/XXXX/,Bedrock,https://w3id.org/CMECS/CMECS_00000094
RICE009_FB_2017-11-16,NA,RICE009_FB_2017-11-16_cmecs-substrate,https://www.fgdc.gov/standards/projects/cmecs-folder/CMECS_Version_06-2012_FINAL.pdf,substrate component as defined by CMECS,https://w3id.org/CMECS/CMECS_00000803,not applicable,https://vocab.nerc.ac.uk/collection/P06/current/XXXX/,Bedrock,https://w3id.org/CMECS/CMECS_00000094
RICE009_NB_2017-11-17,NA,RICE009_NB_2017-11-17_cmecs-substrate,https://www.fgdc.gov/standards/projects/cmecs-folder/CMECS_Version_06-2012_FINAL.pdf,substrate component as defined by CMECS,https://w3id.org/CMECS/CMECS_00000803,not applicable,https://vocab.nerc.ac.uk/collection/P06/current/XXXX/,Bedrock,https://w3id.org/CMECS/CMECS_00000094
RICE009_WB_2017-11-18,NA,RICE009_WB_2017-11-18_cmecs-substrate,https://www.fgdc.gov/standards/projects/cmecs-folder/CMECS_Version_06-2012_FINAL.pdf,substrate component as defined by CMECS,https://w3id.org/CMECS/CMECS_00000803,not applicable,https://vocab.nerc.ac.uk/collection/P06/current/XXXX/,Bedrock,https://w3id.org/CMECS/CMECS_00000094
RICE010_FB_2018-02-14,NA,RICE010_FB_2018-02-14_cmecs-substrate,https://www.fgdc.gov/standards/projects/cmecs-folder/CMECS_Version_06-2012_FINAL.pdf,substrate component as defined by CMECS,https://w3id.org/CMECS/CMECS_00000803,not applicable,https://vocab.nerc.ac.uk/collection/P06/current/XXXX/,Bedrock,https://w3id.org/CMECS/CMECS_00000094
RICE010_NB_2018-02-15,NA,RICE010_NB_2018-02-15_cmecs-substrate,https://www.fgdc.gov/standards/projects/cmecs-folder/CMECS_Version_06-2012_FINAL.pdf,substrate component as defined by CMECS,https://w3id.org/CMECS/CMECS_00000803,not applicable,https://vocab.nerc.ac.uk/collection/P06/current/XXXX/,Bedrock,https://w3id.org/CMECS/CMECS_00000094
RICE010_WB_2018-02-16,NA,RICE010_WB_2018-02-16_cmecs-substrate,https://www.fgdc.gov/standards/projects/cmecs-folder/CMECS_Version_06-2012_FINAL.pdf,substrate component as defined by CMECS,https://w3id.org/CMECS/CMECS_00000803,not applicable,https://vocab.nerc.ac.uk/collection/P06/current/XXXX/,Bedrock,https://w3id.org/CMECS/CMECS_00000094
RICE011_WB_2018-05-19,NA,RICE011_WB_2018-05-19_cmecs-substrate,https://www.fgdc.gov/standards/projects/cmecs-folder/CMECS_Version_06-2012_FINAL.pdf,substrate component as defined by CMECS,https://w3id.org/CMECS/CMECS_00000803,not applicable,https://vocab.nerc.ac.uk/collection/P06/current/XXXX/,Bedrock,https://w3id.org/CMECS/CMECS_00000094
RICE011_FB_2018-05-20,NA,RICE011_FB_2018-05-20_cmecs-substrate,https://www.fgdc.gov/standards/projects/cmecs-folder/CMECS_Version_06-2012_FINAL.pdf,substrate component as defined by CMECS,https://w3id.org/CMECS/CMECS_00000803,not applicable,https://vocab.nerc.ac.uk/collection/P06/current/XXXX/,Bedrock,https://w3id.org/CMECS/CMECS_00000094
RICE011_NB_2018-05-21,NA,RICE011_NB_2018-05-21_cmecs-substrate,https://www.fgdc.gov/standards/projects/cmecs-folder/CMECS_Version_06-2012_FINAL.pdf,substrate component as defined by CMECS,https://w3id.org/CMECS/CMECS_00000803,not applicable,https://vocab.nerc.ac.uk/collection/P06/current/XXXX/,Bedrock,https://w3id.org/CMECS/CMECS_00000094
RICE012_WB_2018-06-14,NA,RICE012_WB_2018-06-14_cmecs-substrate,https://www.fgdc.gov/standards/projects/cmecs-folder/CMECS_Version_06-2012_FINAL.pdf,substrate component as defined by CMECS,https://w3id.org/CMECS/CMECS_00000803,not applicable,https://vocab.nerc.ac.uk/collection/P06/current/XXXX/,Bedrock,https://w3id.org/CMECS/CMECS_00000094
RICE012_FB_2018-06-15,NA,RICE012_FB_2018-06-15_cmecs-substrate,https://www.fgdc.gov/standards/projects/cmecs-folder/CMECS_Version_06-2012_FINAL.pdf,substrate component as defined by CMECS,https://w3id.org/CMECS/CMECS_00000803,not applicable,https://vocab.nerc.ac.uk/collection/P06/current/XXXX/,Bedrock,https://w3id.org/CMECS/CMECS_00000094
RICE012_NB_2018-06-16,NA,RICE012_NB_2018-06-16_cmecs-substrate,https://www.fgdc.gov/standards/projects/cmecs-folder/CMECS_Version_06-2012_FINAL.pdf,substrate component as defined by CMECS,https://w3id.org/CMECS/CMECS_00000803,not applicable,https://vocab.nerc.ac.uk/collection/P06/current/XXXX/,Bedrock,https://w3id.org/CMECS/CMECS_00000094
RICE013_NB_2018-08-11,NA,RICE013_NB_2018-08-11_cmecs-substrate,https://www.fgdc.gov/standards/projects/cmecs-folder/CMECS_Version_06-2012_FINAL.pdf,substrate component as defined by CMECS,https://w3id.org/CMECS/CMECS_00000803,not applicable,https://vocab.nerc.ac.uk/collection/P06/current/XXXX/,Bedrock,https://w3id.org/CMECS/CMECS_00000094
RICE013_FB_2018-08-12,NA,RICE013_FB_2018-08-12_cmecs-substrate,https://www.fgdc.gov/standards/projects/cmecs-folder/CMECS_Version_06-2012_FINAL.pdf,substrate component as defined by CMECS,https://w3id.org/CMECS/CMECS_00000803,not applicable,https://vocab.nerc.ac.uk/collection/P06/current/XXXX/,Bedrock,https://w3id.org/CMECS/CMECS_00000094
RICE013_WB_2018-08-13,NA,RICE013_WB_2018-08-13_cmecs-substrate,https://www.fgdc.gov/standards/projects/cmecs-folder/CMECS_Version_06-2012_FINAL.pdf,substrate component as defined by CMECS,https://w3id.org/CMECS/CMECS_00000803,not applicable,https://vocab.nerc.ac.uk/collection/P06/current/XXXX/,Bedrock,https://w3id.org/CMECS/CMECS_00000094
RICE014_NB_2018-09-11,NA,RICE014_NB_2018-09-11_cmecs-substrate,https://www.fgdc.gov/standards/projects/cmecs-folder/CMECS_Version_06-2012_FINAL.pdf,substrate component as defined by CMECS,https://w3id.org/CMECS/CMECS_00000803,not applicable,https://vocab.nerc.ac.uk/collection/P06/current/XXXX/,Bedrock,https://w3id.org/CMECS/CMECS_00000094
RICE014_WB_2018-09-13,NA,RICE014_WB_2018-09-13_cmecs-substrate,https://www.fgdc.gov/standards/projects/cmecs-folder/CMECS_Version_06-2012_FINAL.pdf,substrate component as defined by CMECS,https://w3id.org/CMECS/CMECS_00000803,not applicable,https://vocab.nerc.ac.uk/collection/P06/current/XXXX/,Bedrock,https://w3id.org/CMECS/CMECS_00000094
RICE014_FB_2018-09-14,NA,RICE014_FB_2018-09-14_cmecs-substrate,https://www.fgdc.gov/standards/projects/cmecs-folder/CMECS_Version_06-2012_FINAL.pdf,substrate component as defined by CMECS,https://w3id.org/CMECS/CMECS_00000803,not applicable,https://vocab.nerc.ac.uk/collection/P06/current/XXXX/,Bedrock,https://w3id.org/CMECS/CMECS_00000094
RICE015_NB_2018-11-22,NA,RICE015_NB_2018-11-22_cmecs-substrate,https://www.fgdc.gov/standards/projects/cmecs-folder/CMECS_Version_06-2012_FINAL.pdf,substrate component as defined by CMECS,https://w3id.org/CMECS/CMECS_00000803,not applicable,https://vocab.nerc.ac.uk/collection/P06/current/XXXX/,Bedrock,https://w3id.org/CMECS/CMECS_00000094
RICE015_FB_2018-11-23,NA,RICE015_FB_2018-11-23_cmecs-substrate,https://www.fgdc.gov/standards/projects/cmecs-folder/CMECS_Version_06-2012_FINAL.pdf,substrate component as defined by CMECS,https://w3id.org/CMECS/CMECS_00000803,not applicable,https://vocab.nerc.ac.uk/collection/P06/current/XXXX/,Bedrock,https://w3id.org/CMECS/CMECS_00000094
RICE015_WB_2018-11-24,NA,RICE015_WB_2018-11-24_cmecs-substrate,https://www.fgdc.gov/standards/projects/cmecs-folder/CMECS_Version_06-2012_FINAL.pdf,substrate component as defined by CMECS,https://w3id.org/CMECS/CMECS_00000803,not applicable,https://vocab.nerc.ac.uk/collection/P06/current/XXXX/,Bedrock,https://w3id.org/CMECS/CMECS_00000094
RICE016_NB_2019-02-18,NA,RICE016_NB_2019-02-18_cmecs-substrate,https://www.fgdc.gov/standards/projects/cmecs-folder/CMECS_Version_06-2012_FINAL.pdf,substrate component as defined by CMECS,https://w3id.org/CMECS/CMECS_00000803,not applicable,https://vocab.nerc.ac.uk/collection/P06/current/XXXX/,Bedrock,https://w3id.org/CMECS/CMECS_00000094
RICE016_FB_2019-02-19,NA,RICE016_FB_2019-02-19_cmecs-substrate,https://www.fgdc.gov/standards/projects/cmecs-folder/CMECS_Version_06-2012_FINAL.pdf,substrate component as defined by CMECS,https://w3id.org/CMECS/CMECS_00000803,not applicable,https://vocab.nerc.ac.uk/collection/P06/current/XXXX/,Bedrock,https://w3id.org/CMECS/CMECS_00000094
RICE016_WB_2019-02-20,NA,RICE016_WB_2019-02-20_cmecs-substrate,https://www.fgdc.gov/standards/projects/cmecs-folder/CMECS_Version_06-2012_FINAL.pdf,substrate component as defined by CMECS,https://w3id.org/CMECS/CMECS_00000803,not applicable,https://vocab.nerc.ac.uk/collection/P06/current/XXXX/,Bedrock,https://w3id.org/CMECS/CMECS_00000094
RICE017_FB_2019-05-21,NA,RICE017_FB_2019-05-21_cmecs-substrate,https://www.fgdc.gov/standards/projects/cmecs-folder/CMECS_Version_06-2012_FINAL.pdf,substrate component as defined by CMECS,https://w3id.org/CMECS/CMECS_00000803,not applicable,https://vocab.nerc.ac.uk/collection/P06/current/XXXX/,Bedrock,https://w3id.org/CMECS/CMECS_00000094
RICE017_NB_2019-05-22,NA,RICE017_NB_2019-05-22_cmecs-substrate,https://www.fgdc.gov/standards/projects/cmecs-folder/CMECS_Version_06-2012_FINAL.pdf,substrate component as defined by CMECS,https://w3id.org/CMECS/CMECS_00000803,not applicable,https://vocab.nerc.ac.uk/collection/P06/current/XXXX/,Bedrock,https://w3id.org/CMECS/CMECS_00000094
RICE017_WB_2019-05-23,NA,RICE017_WB_2019-05-23_cmecs-substrate,https://www.fgdc.gov/standards/projects/cmecs-folder/CMECS_Version_06-2012_FINAL.pdf,substrate component as defined by CMECS,https://w3id.org/CMECS/CMECS_00000803,not applicable,https://vocab.nerc.ac.uk/collection/P06/current/XXXX/,Bedrock,https://w3id.org/CMECS/CMECS_00000094
RICE018_FB_2019-06-15,NA,RICE018_FB_2019-06-15_cmecs-substrate,https://www.fgdc.gov/standards/projects/cmecs-folder/CMECS_Version_06-2012_FINAL.pdf,substrate component as defined by CMECS,https://w3id.org/CMECS/CMECS_00000803,not applicable,https://vocab.nerc.ac.uk/collection/P06/current/XXXX/,Bedrock,https://w3id.org/CMECS/CMECS_00000094
RICE018_WB_2019-06-16,NA,RICE018_WB_2019-06-16_cmecs-substrate,https://www.fgdc.gov/standards/projects/cmecs-folder/CMECS_Version_06-2012_FINAL.pdf,substrate component as defined by CMECS,https://w3id.org/CMECS/CMECS_00000803,not applicable,https://vocab.nerc.ac.uk/collection/P06/current/XXXX/,Bedrock,https://w3id.org/CMECS/CMECS_00000094
RICE018_NB_2019-06-17,NA,RICE018_NB_2019-06-17_cmecs-substrate,https://www.fgdc.gov/standards/projects/cmecs-folder/CMECS_Version_06-2012_FINAL.pdf,substrate component as defined by CMECS,https://w3id.org/CMECS/CMECS_00000803,not applicable,https://vocab.nerc.ac.uk/collection/P06/current/XXXX/,Bedrock,https://w3id.org/CMECS/CMECS_00000094
RICE018_NB_2019-06-18,NA,RICE018_NB_2019-06-18_cmecs-substrate,https://www.fgdc.gov/standards/projects/cmecs-folder/CMECS_Version_06-2012_FINAL.pdf,substrate component as defined by CMECS,https://w3id.org/CMECS/CMECS_00000803,not applicable,https://vocab.nerc.ac.uk/collection/P06/current/XXXX/,Bedrock,https://w3id.org/CMECS/CMECS_00000094
RICE019_WB_2019-08-28,NA,RICE019_WB_2019-08-28_cmecs-substrate,https://www.fgdc.gov/standards/projects/cmecs-folder/CMECS_Version_06-2012_FINAL.pdf,substrate component as defined by CMECS,https://w3id.org/CMECS/CMECS_00000803,not applicable,https://vocab.nerc.ac.uk/collection/P06/current/XXXX/,Bedrock,https://w3id.org/CMECS/CMECS_00000094
RICE019_FB_2019-08-29,NA,RICE019_FB_2019-08-29_cmecs-substrate,https://www.fgdc.gov/standards/projects/cmecs-folder/CMECS_Version_06-2012_FINAL.pdf,substrate component as defined by CMECS,https://w3id.org/CMECS/CMECS_00000803,not applicable,https://vocab.nerc.ac.uk/collection/P06/current/XXXX/,Bedrock,https://w3id.org/CMECS/CMECS_00000094
RICE019_NB_2019-08-30,NA,RICE019_NB_2019-08-30_cmecs-substrate,https://www.fgdc.gov/standards/projects/cmecs-folder/CMECS_Version_06-2012_FINAL.pdf,substrate component as defined by CMECS,https://w3id.org/CMECS/CMECS_00000803,not applicable,https://vocab.nerc.ac.uk/collection/P06/current/XXXX/,Bedrock,https://w3id.org/CMECS/CMECS_00000094
RICE020_WB_2019-11-23,NA,RICE020_WB_2019-11-23_cmecs-substrate,https://www.fgdc.gov/standards/projects/cmecs-folder/CMECS_Version_06-2012_FINAL.pdf,substrate component as defined by CMECS,https://w3id.org/CMECS/CMECS_00000803,not applicable,https://vocab.nerc.ac.uk/collection/P06/current/XXXX/,Bedrock,https://w3id.org/CMECS/CMECS_00000094
RICE020_NB_2019-11-24,NA,RICE020_NB_2019-11-24_cmecs-substrate,https://www.fgdc.gov/standards/projects/cmecs-folder/CMECS_Version_06-2012_FINAL.pdf,substrate component as defined by CMECS,https://w3id.org/CMECS/CMECS_00000803,not applicable,https://vocab.nerc.ac.uk/collection/P06/current/XXXX/,Bedrock,https://w3id.org/CMECS/CMECS_00000094
RICE020_NB_2019-11-26,NA,RICE020_NB_2019-11-26_cmecs-substrate,https://www.fgdc.gov/standards/projects/cmecs-folder/CMECS_Version_06-2012_FINAL.pdf,substrate component as defined by CMECS,https://w3id.org/CMECS/CMECS_00000803,not applicable,https://vocab.nerc.ac.uk/collection/P06/current/XXXX/,Bedrock,https://w3id.org/CMECS/CMECS_00000094
RICE020_FB_2019-11-27,NA,RICE020_FB_2019-11-27_cmecs-substrate,https://www.fgdc.gov/standards/projects/cmecs-folder/CMECS_Version_06-2012_FINAL.pdf,substrate component as defined by CMECS,https://w3id.org/CMECS/CMECS_00000803,not applicable,https://vocab.nerc.ac.uk/collection/P06/current/XXXX/,Bedrock,https://w3id.org/CMECS/CMECS_00000094
RICE021_NB_2020-02-09,NA,RICE021_NB_2020-02-09_cmecs-substrate,https://www.fgdc.gov/standards/projects/cmecs-folder/CMECS_Version_06-2012_FINAL.pdf,substrate component as defined by CMECS,https://w3id.org/CMECS/CMECS_00000803,not applicable,https://vocab.nerc.ac.uk/collection/P06/current/XXXX/,Bedrock,https://w3id.org/CMECS/CMECS_00000094
RICE021_FB_2020-02-10,NA,RICE021_FB_2020-02-10_cmecs-substrate,https://www.fgdc.gov/standards/projects/cmecs-folder/CMECS_Version_06-2012_FINAL.pdf,substrate component as defined by CMECS,https://w3id.org/CMECS/CMECS_00000803,not applicable,https://vocab.nerc.ac.uk/collection/P06/current/XXXX/,Bedrock,https://w3id.org/CMECS/CMECS_00000094
RICE021_WB_2020-02-11,NA,RICE021_WB_2020-02-11_cmecs-substrate,https://www.fgdc.gov/standards/projects/cmecs-folder/CMECS_Version_06-2012_FINAL.pdf,substrate component as defined by CMECS,https://w3id.org/CMECS/CMECS_00000803,not applicable,https://vocab.nerc.ac.uk/collection/P06/current/XXXX/,Bedrock,https://w3id.org/CMECS/CMECS_00000094
RICE022_NB_2020-06-03,NA,RICE022_NB_2020-06-03_cmecs-substrate,https://www.fgdc.gov/standards/projects/cmecs-folder/CMECS_Version_06-2012_FINAL.pdf,substrate component as defined by CMECS,https://w3id.org/CMECS/CMECS_00000803,not applicable,https://vocab.nerc.ac.uk/collection/P06/current/XXXX/,Bedrock,https://w3id.org/CMECS/CMECS_00000094
RICE022_NB_2020-06-04,NA,RICE022_NB_2020-06-04_cmecs-substrate,https://www.fgdc.gov/standards/projects/cmecs-folder/CMECS_Version_06-2012_FINAL.pdf,substrate component as defined by CMECS,https://w3id.org/CMECS/CMECS_00000803,not applicable,https://vocab.nerc.ac.uk/collection/P06/current/XXXX/,Bedrock,https://w3id.org/CMECS/CMECS_00000094
RICE022_WB_2020-06-05,NA,RICE022_WB_2020-06-05_cmecs-substrate,https://www.fgdc.gov/standards/projects/cmecs-folder/CMECS_Version_06-2012_FINAL.pdf,substrate component as defined by CMECS,https://w3id.org/CMECS/CMECS_00000803,not applicable,https://vocab.nerc.ac.uk/collection/P06/current/XXXX/,Bedrock,https://w3id.org/CMECS/CMECS_00000094
RICE022_FB_2020-06-06,NA,RICE022_FB_2020-06-06_cmecs-substrate,https://www.fgdc.gov/standards/projects/cmecs-folder/CMECS_Version_06-2012_FINAL.pdf,substrate component as defined by CMECS,https://w3id.org/CMECS/CMECS_00000803,not applicable,https://vocab.nerc.ac.uk/collection/P06/current/XXXX/,Bedrock,https://w3id.org/CMECS/CMECS_00000094
RICE023_WB_2020-08-18,NA,RICE023_WB_2020-08-18_cmecs-substrate,https://www.fgdc.gov/standards/projects/cmecs-folder/CMECS_Version_06-2012_FINAL.pdf,substrate component as defined by CMECS,https://w3id.org/CMECS/CMECS_00000803,not applicable,https://vocab.nerc.ac.uk/collection/P06/current/XXXX/,Bedrock,https://w3id.org/CMECS/CMECS_00000094
RICE023_NB_2020-08-19,NA,RICE023_NB_2020-08-19_cmecs-substrate,https://www.fgdc.gov/standards/projects/cmecs-folder/CMECS_Version_06-2012_FINAL.pdf,substrate component as defined by CMECS,https://w3id.org/CMECS/CMECS_00000803,not applicable,https://vocab.nerc.ac.uk/collection/P06/current/XXXX/,Bedrock,https://w3id.org/CMECS/CMECS_00000094
RICE023_FB_2020-08-20,NA,RICE023_FB_2020-08-20_cmecs-substrate,https://www.fgdc.gov/standards/projects/cmecs-folder/CMECS_Version_06-2012_FINAL.pdf,substrate component as defined by CMECS,https://w3id.org/CMECS/CMECS_00000803,not applicable,https://vocab.nerc.ac.uk/collection/P06/current/XXXX/,Bedrock,https://w3id.org/CMECS/CMECS_00000094
RICE024_WB_2020-11-13,NA,RICE024_WB_2020-11-13_cmecs-substrate,https://www.fgdc.gov/standards/projects/cmecs-folder/CMECS_Version_06-2012_FINAL.pdf,substrate component as defined by CMECS,https://w3id.org/CMECS/CMECS_00000803,not applicable,https://vocab.nerc.ac.uk/collection/P06/current/XXXX/,Bedrock,https://w3id.org/CMECS/CMECS_00000094
RICE024_NB_2020-11-14,NA,RICE024_NB_2020-11-14_cmecs-substrate,https://www.fgdc.gov/standards/projects/cmecs-folder/CMECS_Version_06-2012_FINAL.pdf,substrate component as defined by CMECS,https://w3id.org/CMECS/CMECS_00000803,not applicable,https://vocab.nerc.ac.uk/collection/P06/current/XXXX/,Bedrock,https://w3id.org/CMECS/CMECS_00000094
RICE024_NB_2020-11-15,NA,RICE024_NB_2020-11-15_cmecs-substrate,https://www.fgdc.gov/standards/projects/cmecs-folder/CMECS_Version_06-2012_FINAL.pdf,substrate component as defined by CMECS,https://w3id.org/CMECS/CMECS_00000803,not applicable,https://vocab.nerc.ac.uk/collection/P06/current/XXXX/,Bedrock,https://w3id.org/CMECS/CMECS_00000094
RICE024_FB_2020-11-16,NA,RICE024_FB_2020-11-16_cmecs-substrate,https://www.fgdc.gov/standards/projects/cmecs-folder/CMECS_Version_06-2012_FINAL.pdf,substrate component as defined by CMECS,https://w3id.org/CMECS/CMECS_00000803,not applicable,https://vocab.nerc.ac.uk/collection/P06/current/XXXX/,Bedrock,https://w3id.org/CMECS/CMECS_00000094
RICE024_WB_2020-11-17,NA,RICE024_WB_2020-11-17_cmecs-substrate,https://www.fgdc.gov/standards/projects/cmecs-folder/CMECS_Version_06-2012_FINAL.pdf,substrate component as defined by CMECS,https://w3id.org/CMECS/CMECS_00000803,not applicable,https://vocab.nerc.ac.uk/collection/P06/current/XXXX/,Bedrock,https://w3id.org/CMECS/CMECS_00000094
RICE025_WB_2021-02-07,NA,RICE025_WB_2021-02-07_cmecs-substrate,https://www.fgdc.gov/standards/projects/cmecs-folder/CMECS_Version_06-2012_FINAL.pdf,substrate component as defined by CMECS,https://w3id.org/CMECS/CMECS_00000803,not applicable,https://vocab.nerc.ac.uk/collection/P06/current/XXXX/,Bedrock,https://w3id.org/CMECS/CMECS_00000094
RICE025_NB_2021-02-08,NA,RICE025_NB_2021-02-08_cmecs-substrate,https://www.fgdc.gov/standards/projects/cmecs-folder/CMECS_Version_06-2012_FINAL.pdf,substrate component as defined by CMECS,https://w3id.org/CMECS/CMECS_00000803,not applicable,https://vocab.nerc.ac.uk/collection/P06/current/XXXX/,Bedrock,https://w3id.org/CMECS/CMECS_00000094
RICE025_NB_2021-02-09,NA,RICE025_NB_2021-02-09_cmecs-substrate,https://www.fgdc.gov/standards/projects/cmecs-folder/CMECS_Version_06-2012_FINAL.pdf,substrate component as defined by CMECS,https://w3id.org/CMECS/CMECS_00000803,not applicable,https://vocab.nerc.ac.uk/collection/P06/current/XXXX/,Bedrock,https://w3id.org/CMECS/CMECS_00000094
RICE025_FB_2021-02-10,NA,RICE025_FB_2021-02-10_cmecs-substrate,https://www.fgdc.gov/standards/projects/cmecs-folder/CMECS_Version_06-2012_FINAL.pdf,substrate component as defined by CMECS,https://w3id.org/CMECS/CMECS_00000803,not applicable,https://vocab.nerc.ac.uk/collection/P06/current/XXXX/,Bedrock,https://w3id.org/CMECS/CMECS_00000094
RICE026_NB_2021-05-27,NA,RICE026_NB_2021-05-27_cmecs-substrate,https://www.fgdc.gov/standards/projects/cmecs-folder/CMECS_Version_06-2012_FINAL.pdf,substrate component as defined by CMECS,https://w3id.org/CMECS/CMECS_00000803,not applicable,https://vocab.nerc.ac.uk/collection/P06/current/XXXX/,Bedrock,https://w3id.org/CMECS/CMECS_00000094
RICE026_NB_2021-05-28,NA,RICE026_NB_2021-05-28_cmecs-substrate,https://www.fgdc.gov/standards/projects/cmecs-folder/CMECS_Version_06-2012_FINAL.pdf,substrate component as defined by CMECS,https://w3id.org/CMECS/CMECS_00000803,not applicable,https://vocab.nerc.ac.uk/collection/P06/current/XXXX/,Bedrock,https://w3id.org/CMECS/CMECS_00000094
RICE026_FB_2021-05-29,NA,RICE026_FB_2021-05-29_cmecs-substrate,https://www.fgdc.gov/standards/projects/cmecs-folder/CMECS_Version_06-2012_FINAL.pdf,substrate component as defined by CMECS,https://w3id.org/CMECS/CMECS_00000803,not applicable,https://vocab.nerc.ac.uk/collection/P06/current/XXXX/,Bedrock,https://w3id.org/CMECS/CMECS_00000094
RICE026_WB_2021-05-30,NA,RICE026_WB_2021-05-30_cmecs-substrate,https://www.fgdc.gov/standards/projects/cmecs-folder/CMECS_Version_06-2012_FINAL.pdf,substrate component as defined by CMECS,https://w3id.org/CMECS/CMECS_00000803,not applicable,https://vocab.nerc.ac.uk/collection/P06/current/XXXX/,Bedrock,https://w3id.org/CMECS/CMECS_00000094
RICE027_WB_2021-06-24,NA,RICE027_WB_2021-06-24_cmecs-substrate,https://www.fgdc.gov/standards/projects/cmecs-folder/CMECS_Version_06-2012_FINAL.pdf,substrate component as defined by CMECS,https://w3id.org/CMECS/CMECS_00000803,not applicable,https://vocab.nerc.ac.uk/collection/P06/current/XXXX/,Bedrock,https://w3id.org/CMECS/CMECS_00000094
RICE027_WB_2021-06-25,NA,RICE027_WB_2021-06-25_cmecs-substrate,https://www.fgdc.gov/standards/projects/cmecs-folder/CMECS_Version_06-2012_FINAL.pdf,substrate component as defined by CMECS,https://w3id.org/CMECS/CMECS_00000803,not applicable,https://vocab.nerc.ac.uk/collection/P06/current/XXXX/,Bedrock,https://w3id.org/CMECS/CMECS_00000094
RICE027_NB_2021-06-27,NA,RICE027_NB_2021-06-27_cmecs-substrate,https://www.fgdc.gov/standards/projects/cmecs-folder/CMECS_Version_06-2012_FINAL.pdf,substrate component as defined by CMECS,https://w3id.org/CMECS/CMECS_00000803,not applicable,https://vocab.nerc.ac.uk/collection/P06/current/XXXX/,Bedrock,https://w3id.org/CMECS/CMECS_00000094
RICE027_NB_2021-06-28,NA,RICE027_NB_2021-06-28_cmecs-substrate,https://www.fgdc.gov/standards/projects/cmecs-folder/CMECS_Version_06-2012_FINAL.pdf,substrate component as defined by CMECS,https://w3id.org/CMECS/CMECS_00000803,not applicable,https://vocab.nerc.ac.uk/collection/P06/current/XXXX/,Bedrock,https://w3id.org/CMECS/CMECS_00000094
RICE027_FB_2021-06-29,NA,RICE027_FB_2021-06-29_cmecs-substrate,https://www.fgdc.gov/standards/projects/cmecs-folder/CMECS_Version_06-2012_FINAL.pdf,substrate component as defined by CMECS,https://w3id.org/CMECS/CMECS_00000803,not applicable,https://vocab.nerc.ac.uk/collection/P06/current/XXXX/,Bedrock,https://w3id.org/CMECS/CMECS_00000094
RICE028_WB_2021-08-19,NA,RICE028_WB_2021-08-19_cmecs-substrate,https://www.fgdc.gov/standards/projects/cmecs-folder/CMECS_Version_06-2012_FINAL.pdf,substrate component as defined by CMECS,https://w3id.org/CMECS/CMECS_00000803,not applicable,https://vocab.nerc.ac.uk/collection/P06/current/XXXX/,Bedrock,https://w3id.org/CMECS/CMECS_00000094
RICE028_FB_2021-08-22,NA,RICE028_FB_2021-08-22_cmecs-substrate,https://www.fgdc.gov/standards/projects/cmecs-folder/CMECS_Version_06-2012_FINAL.pdf,substrate component as defined by CMECS,https://w3id.org/CMECS/CMECS_00000803,not applicable,https://vocab.nerc.ac.uk/collection/P06/current/XXXX/,Bedrock,https://w3id.org/CMECS/CMECS_00000094
RICE028_NB_2021-08-23,NA,RICE028_NB_2021-08-23_cmecs-substrate,https://www.fgdc.gov/standards/projects/cmecs-folder/CMECS_Version_06-2012_FINAL.pdf,substrate component as defined by CMECS,https://w3id.org/CMECS/CMECS_00000803,not applicable,https://vocab.nerc.ac.uk/collection/P06/current/XXXX/,Bedrock,https://w3id.org/CMECS/CMECS_00000094
RICE028_NB_2021-08-24,NA,RICE028_NB_2021-08-24_cmecs-substrate,https://www.fgdc.gov/standards/projects/cmecs-folder/CMECS_Version_06-2012_FINAL.pdf,substrate component as defined by CMECS,https://w3id.org/CMECS/CMECS_00000803,not applicable,https://vocab.nerc.ac.uk/collection/P06/current/XXXX/,Bedrock,https://w3id.org/CMECS/CMECS_00000094
RICE029_NB_2021-11-04,NA,RICE029_NB_2021-11-04_cmecs-substrate,https://www.fgdc.gov/standards/projects/cmecs-folder/CMECS_Version_06-2012_FINAL.pdf,substrate component as defined by CMECS,https://w3id.org/CMECS/CMECS_00000803,not applicable,https://vocab.nerc.ac.uk/collection/P06/current/XXXX/,Bedrock,https://w3id.org/CMECS/CMECS_00000094
RICE029_NB_2021-11-05,NA,RICE029_NB_2021-11-05_cmecs-substrate,https://www.fgdc.gov/standards/projects/cmecs-folder/CMECS_Version_06-2012_FINAL.pdf,substrate component as defined by CMECS,https://w3id.org/CMECS/CMECS_00000803,not applicable,https://vocab.nerc.ac.uk/collection/P06/current/XXXX/,Bedrock,https://w3id.org/CMECS/CMECS_00000094
RICE029_FB_2021-11-06,NA,RICE029_FB_2021-11-06_cmecs-substrate,https://www.fgdc.gov/standards/projects/cmecs-folder/CMECS_Version_06-2012_FINAL.pdf,substrate component as defined by CMECS,https://w3id.org/CMECS/CMECS_00000803,not applicable,https://vocab.nerc.ac.uk/collection/P06/current/XXXX/,Bedrock,https://w3id.org/CMECS/CMECS_00000094
RICE029_WB_2021-11-07,NA,RICE029_WB_2021-11-07_cmecs-substrate,https://www.fgdc.gov/standards/projects/cmecs-folder/CMECS_Version_06-2012_FINAL.pdf,substrate component as defined by CMECS,https://w3id.org/CMECS/CMECS_00000803,not applicable,https://vocab.nerc.ac.uk/collection/P06/current/XXXX/,Bedrock,https://w3id.org/CMECS/CMECS_00000094
RICE030_NB_2022-01-29,NA,RICE030_NB_2022-01-29_cmecs-substrate,https://www.fgdc.gov/standards/projects/cmecs-folder/CMECS_Version_06-2012_FINAL.pdf,substrate component as defined by CMECS,https://w3id.org/CMECS/CMECS_00000803,not applicable,https://vocab.nerc.ac.uk/collection/P06/current/XXXX/,Bedrock,https://w3id.org/CMECS/CMECS_00000094
RICE030_NB_2022-01-30,NA,RICE030_NB_2022-01-30_cmecs-substrate,https://www.fgdc.gov/standards/projects/cmecs-folder/CMECS_Version_06-2012_FINAL.pdf,substrate component as defined by CMECS,https://w3id.org/CMECS/CMECS_00000803,not applicable,https://vocab.nerc.ac.uk/collection/P06/current/XXXX/,Bedrock,https://w3id.org/CMECS/CMECS_00000094
RICE030_FB_2022-01-31,NA,RICE030_FB_2022-01-31_cmecs-substrate,https://www.fgdc.gov/standards/projects/cmecs-folder/CMECS_Version_06-2012_FINAL.pdf,substrate component as defined by CMECS,https://w3id.org/CMECS/CMECS_00000803,not applicable,https://vocab.nerc.ac.uk/collection/P06/current/XXXX/,Bedrock,https://w3id.org/CMECS/CMECS_00000094
RICE030_WB_2022-02-01,NA,RICE030_WB_2022-02-01_cmecs-substrate,https://www.fgdc.gov/standards/projects/cmecs-folder/CMECS_Version_06-2012_FINAL.pdf,substrate component as defined by CMECS,https://w3id.org/CMECS/CMECS_00000803,not applicable,https://vocab.nerc.ac.uk/collection/P06/current/XXXX/,Bedrock,https://w3id.org/CMECS/CMECS_00000094
RICE031_WB_2022-05-15,NA,RICE031_WB_2022-05-15_cmecs-substrate,https://www.fgdc.gov/standards/projects/cmecs-folder/CMECS_Version_06-2012_FINAL.pdf,substrate component as defined by CMECS,https://w3id.org/CMECS/CMECS_00000803,not applicable,https://vocab.nerc.ac.uk/collection/P06/current/XXXX/,Bedrock,https://w3id.org/CMECS/CMECS_00000094
RICE031_NB_2022-05-16,NA,RICE031_NB_2022-05-16_cmecs-substrate,https://www.fgdc.gov/standards/projects/cmecs-folder/CMECS_Version_06-2012_FINAL.pdf,substrate component as defined by CMECS,https://w3id.org/CMECS/CMECS_00000803,not applicable,https://vocab.nerc.ac.uk/collection/P06/current/XXXX/,Bedrock,https://w3id.org/CMECS/CMECS_00000094
RICE031_NB_2022-05-17,NA,RICE031_NB_2022-05-17_cmecs-substrate,https://www.fgdc.gov/standards/projects/cmecs-folder/CMECS_Version_06-2012_FINAL.pdf,substrate component as defined by CMECS,https://w3id.org/CMECS/CMECS_00000803,not applicable,https://vocab.nerc.ac.uk/collection/P06/current/XXXX/,Bedrock,https://w3id.org/CMECS/CMECS_00000094
RICE031_FB_2022-05-18,NA,RICE031_FB_2022-05-18_cmecs-substrate,https://www.fgdc.gov/standards/projects/cmecs-folder/CMECS_Version_06-2012_FINAL.pdf,substrate component as defined by CMECS,https://w3id.org/CMECS/CMECS_00000803,not applicable,https://vocab.nerc.ac.uk/collection/P06/current/XXXX/,Bedrock,https://w3id.org/CMECS/CMECS_00000094
RICE032_NB_2022-06-12,NA,RICE032_NB_2022-06-12_cmecs-substrate,https://www.fgdc.gov/standards/projects/cmecs-folder/CMECS_Version_06-2012_FINAL.pdf,substrate component as defined by CMECS,https://w3id.org/CMECS/CMECS_00000803,not applicable,https://vocab.nerc.ac.uk/collection/P06/current/XXXX/,Bedrock,https://w3id.org/CMECS/CMECS_00000094
RICE032_NB_2022-06-13,NA,RICE032_NB_2022-06-13_cmecs-substrate,https://www.fgdc.gov/standards/projects/cmecs-folder/CMECS_Version_06-2012_FINAL.pdf,substrate component as defined by CMECS,https://w3id.org/CMECS/CMECS_00000803,not applicable,https://vocab.nerc.ac.uk/collection/P06/current/XXXX/,Bedrock,https://w3id.org/CMECS/CMECS_00000094
RICE032_WB_2022-06-14,NA,RICE032_WB_2022-06-14_cmecs-substrate,https://www.fgdc.gov/standards/projects/cmecs-folder/CMECS_Version_06-2012_FINAL.pdf,substrate component as defined by CMECS,https://w3id.org/CMECS/CMECS_00000803,not applicable,https://vocab.nerc.ac.uk/collection/P06/current/XXXX/,Bedrock,https://w3id.org/CMECS/CMECS_00000094
RICE032_FB_2022-06-15,NA,RICE032_FB_2022-06-15_cmecs-substrate,https://www.fgdc.gov/standards/projects/cmecs-folder/CMECS_Version_06-2012_FINAL.pdf,substrate component as defined by CMECS,https://w3id.org/CMECS/CMECS_00000803,not applicable,https://vocab.nerc.ac.uk/collection/P06/current/XXXX/,Bedrock,https://w3id.org/CMECS/CMECS_00000094
RICE033_NB_2022-09-08,NA,RICE033_NB_2022-09-08_cmecs-substrate,https://www.fgdc.gov/standards/projects/cmecs-folder/CMECS_Version_06-2012_FINAL.pdf,substrate component as defined by CMECS,https://w3id.org/CMECS/CMECS_00000803,not applicable,https://vocab.nerc.ac.uk/collection/P06/current/XXXX/,Bedrock,https://w3id.org/CMECS/CMECS_00000094
RICE033_WB_2022-09-10,NA,RICE033_WB_2022-09-10_cmecs-substrate,https://www.fgdc.gov/standards/projects/cmecs-folder/CMECS_Version_06-2012_FINAL.pdf,substrate component as defined by CMECS,https://w3id.org/CMECS/CMECS_00000803,not applicable,https://vocab.nerc.ac.uk/collection/P06/current/XXXX/,Bedrock,https://w3id.org/CMECS/CMECS_00000094
RICE033_FB_2022-09-11,NA,RICE033_FB_2022-09-11_cmecs-substrate,https://www.fgdc.gov/standards/projects/cmecs-folder/CMECS_Version_06-2012_FINAL.pdf,substrate component as defined by CMECS,https://w3id.org/CMECS/CMECS_00000803,not applicable,https://vocab.nerc.ac.uk/collection/P06/current/XXXX/,Bedrock,https://w3id.org/CMECS/CMECS_00000094
RICE034_WB_2022-11-25,NA,RICE034_WB_2022-11-25_cmecs-substrate,https://www.fgdc.gov/standards/projects/cmecs-folder/CMECS_Version_06-2012_FINAL.pdf,substrate component as defined by CMECS,https://w3id.org/CMECS/CMECS_00000803,not applicable,https://vocab.nerc.ac.uk/collection/P06/current/XXXX/,Bedrock,https://w3id.org/CMECS/CMECS_00000094
RICE034_NB_2022-11-26,NA,RICE034_NB_2022-11-26_cmecs-substrate,https://www.fgdc.gov/standards/projects/cmecs-folder/CMECS_Version_06-2012_FINAL.pdf,substrate component as defined by CMECS,https://w3id.org/CMECS/CMECS_00000803,not applicable,https://vocab.nerc.ac.uk/collection/P06/current/XXXX/,Bedrock,https://w3id.org/CMECS/CMECS_00000094
RICE034_FB_2022-11-27,NA,RICE034_FB_2022-11-27_cmecs-substrate,https://www.fgdc.gov/standards/projects/cmecs-folder/CMECS_Version_06-2012_FINAL.pdf,substrate component as defined by CMECS,https://w3id.org/CMECS/CMECS_00000803,not applicable,https://vocab.nerc.ac.uk/collection/P06/current/XXXX/,Bedrock,https://w3id.org/CMECS/CMECS_00000094
RICE035_NB_2023-02-15,NA,RICE035_NB_2023-02-15_cmecs-substrate,https://www.fgdc.gov/standards/projects/cmecs-folder/CMECS_Version_06-2012_FINAL.pdf,substrate component as defined by CMECS,https://w3id.org/CMECS/CMECS_00000803,not applicable,https://vocab.nerc.ac.uk/collection/P06/current/XXXX/,Bedrock,https://w3id.org/CMECS/CMECS_00000094
RICE035_WB_2023-02-16,NA,RICE035_WB_2023-02-16_cmecs-substrate,https://www.fgdc.gov/standards/projects/cmecs-folder/CMECS_Version_06-2012_FINAL.pdf,substrate component as defined by CMECS,https://w3id.org/CMECS/CMECS_00000803,not applicable,https://vocab.nerc.ac.uk/collection/P06/current/XXXX/,Bedrock,https://w3id.org/CMECS/CMECS_00000094
RICE035_FB_2023-02-17,NA,RICE035_FB_2023-02-17_cmecs-substrate,https://www.fgdc.gov/standards/projects/cmecs-folder/CMECS_Version_06-2012_FINAL.pdf,substrate component as defined by CMECS,https://w3id.org/CMECS/CMECS_00000803,not applicable,https://vocab.nerc.ac.uk/collection/P06/current/XXXX/,Bedrock,https://w3id.org/CMECS/CMECS_00000094
RICE036_WB_2023-05-06,NA,RICE036_WB_2023-05-06_cmecs-substrate,https://www.fgdc.gov/standards/projects/cmecs-folder/CMECS_Version_06-2012_FINAL.pdf,substrate component as defined by CMECS,https://w3id.org/CMECS/CMECS_00000803,not applicable,https://vocab.nerc.ac.uk/collection/P06/current/XXXX/,Bedrock,https://w3id.org/CMECS/CMECS_00000094
RICE036_NB_2023-05-07,NA,RICE036_NB_2023-05-07_cmecs-substrate,https://www.fgdc.gov/standards/projects/cmecs-folder/CMECS_Version_06-2012_FINAL.pdf,substrate component as defined by CMECS,https://w3id.org/CMECS/CMECS_00000803,not applicable,https://vocab.nerc.ac.uk/collection/P06/current/XXXX/,Bedrock,https://w3id.org/CMECS/CMECS_00000094
RICE036_FB_2023-05-08,NA,RICE036_FB_2023-05-08_cmecs-substrate,https://www.fgdc.gov/standards/projects/cmecs-folder/CMECS_Version_06-2012_FINAL.pdf,substrate component as defined by CMECS,https://w3id.org/CMECS/CMECS_00000803,not applicable,https://vocab.nerc.ac.uk/collection/P06/current/XXXX/,Bedrock,https://w3id.org/CMECS/CMECS_00000094
RICE036_NB_2023-05-09,NA,RICE036_NB_2023-05-09_cmecs-substrate,https://www.fgdc.gov/standards/projects/cmecs-folder/CMECS_Version_06-2012_FINAL.pdf,substrate component as defined by CMECS,https://w3id.org/CMECS/CMECS_00000803,not applicable,https://vocab.nerc.ac.uk/collection/P06/current/XXXX/,Bedrock,https://w3id.org/CMECS/CMECS_00000094
RICE037_WB_2023-06-03,NA,RICE037_WB_2023-06-03_cmecs-substrate,https://www.fgdc.gov/standards/projects/cmecs-folder/CMECS_Version_06-2012_FINAL.pdf,substrate component as defined by CMECS,https://w3id.org/CMECS/CMECS_00000803,not applicable,https://vocab.nerc.ac.uk/collection/P06/current/XXXX/,Bedrock,https://w3id.org/CMECS/CMECS_00000094
RICE037_NB_2023-06-04,NA,RICE037_NB_2023-06-04_cmecs-substrate,https://www.fgdc.gov/standards/projects/cmecs-folder/CMECS_Version_06-2012_FINAL.pdf,substrate component as defined by CMECS,https://w3id.org/CMECS/CMECS_00000803,not applicable,https://vocab.nerc.ac.uk/collection/P06/current/XXXX/,Bedrock,https://w3id.org/CMECS/CMECS_00000094
RICE037_FB_2023-06-05,NA,RICE037_FB_2023-06-05_cmecs-substrate,https://www.fgdc.gov/standards/projects/cmecs-folder/CMECS_Version_06-2012_FINAL.pdf,substrate component as defined by CMECS,https://w3id.org/CMECS/CMECS_00000803,not applicable,https://vocab.nerc.ac.uk/collection/P06/current/XXXX/,Bedrock,https://w3id.org/CMECS/CMECS_00000094
RICE037_NB_2023-06-06,NA,RICE037_NB_2023-06-06_cmecs-substrate,https://www.fgdc.gov/standards/projects/cmecs-folder/CMECS_Version_06-2012_FINAL.pdf,substrate component as defined by CMECS,https://w3id.org/CMECS/CMECS_00000803,not applicable,https://vocab.nerc.ac.uk/collection/P06/current/XXXX/,Bedrock,https://w3id.org/CMECS/CMECS_00000094
RICE038_NB_2023-08-29,NA,RICE038_NB_2023-08-29_cmecs-substrate,https://www.fgdc.gov/standards/projects/cmecs-folder/CMECS_Version_06-2012_FINAL.pdf,substrate component as defined by CMECS,https://w3id.org/CMECS/CMECS_00000803,not applicable,https://vocab.nerc.ac.uk/collection/P06/current/XXXX/,Bedrock,https://w3id.org/CMECS/CMECS_00000094
RICE038_WB_2023-08-30,NA,RICE038_WB_2023-08-30_cmecs-substrate,https://www.fgdc.gov/standards/projects/cmecs-folder/CMECS_Version_06-2012_FINAL.pdf,substrate component as defined by CMECS,https://w3id.org/CMECS/CMECS_00000803,not applicable,https://vocab.nerc.ac.uk/collection/P06/current/XXXX/,Bedrock,https://w3id.org/CMECS/CMECS_00000094
RICE038_FB_2023-08-31,NA,RICE038_FB_2023-08-31_cmecs-substrate,https://www.fgdc.gov/standards/projects/cmecs-folder/CMECS_Version_06-2012_FINAL.pdf,substrate component as defined by CMECS,https://w3id.org/CMECS/CMECS_00000803,not applicable,https://vocab.nerc.ac.uk/collection/P06/current/XXXX/,Bedrock,https://w3id.org/CMECS/CMECS_00000094
RICE038_NB_2023-09-01,NA,RICE038_NB_2023-09-01_cmecs-substrate,https://www.fgdc.gov/standards/projects/cmecs-folder/CMECS_Version_06-2012_FINAL.pdf,substrate component as defined by CMECS,https://w3id.org/CMECS/CMECS_00000803,not applicable,https://vocab.nerc.ac.uk/collection/P06/current/XXXX/,Bedrock,https://w3id.org/CMECS/CMECS_00000094
RICE039_WB_2023-11-22,NA,RICE039_WB_2023-11-22_cmecs-substrate,https://www.fgdc.gov/standards/projects/cmecs-folder/CMECS_Version_06-2012_FINAL.pdf,substrate component as defined by CMECS,https://w3id.org/CMECS/CMECS_00000803,not applicable,https://vocab.nerc.ac.uk/collection/P06/current/XXXX/,Bedrock,https://w3id.org/CMECS/CMECS_00000094
RICE039_NB_2023-11-23,NA,RICE039_NB_2023-11-23_cmecs-substrate,https://www.fgdc.gov/standards/projects/cmecs-folder/CMECS_Version_06-2012_FINAL.pdf,substrate component as defined by CMECS,https://w3id.org/CMECS/CMECS_00000803,not applicable,https://vocab.nerc.ac.uk/collection/P06/current/XXXX/,Bedrock,https://w3id.org/CMECS/CMECS_00000094
RICE039_FB_2023-11-24,NA,RICE039_FB_2023-11-24_cmecs-substrate,https://www.fgdc.gov/standards/projects/cmecs-folder/CMECS_Version_06-2012_FINAL.pdf,substrate component as defined by CMECS,https://w3id.org/CMECS/CMECS_00000803,not applicable,https://vocab.nerc.ac.uk/collection/P06/current/XXXX/,Bedrock,https://w3id.org/CMECS/CMECS_00000094
RICE039_NB_2023-11-25,NA,RICE039_NB_2023-11-25_cmecs-substrate,https://www.fgdc.gov/standards/projects/cmecs-folder/CMECS_Version_06-2012_FINAL.pdf,substrate component as defined by CMECS,https://w3id.org/CMECS/CMECS_00000803,not applicable,https://vocab.nerc.ac.uk/collection/P06/current/XXXX/,Bedrock,https://w3id.org/CMECS/CMECS_00000094
RICE039_WB_2023-11-26,NA,RICE039_WB_2023-11-26_cmecs-substrate,https://www.fgdc.gov/standards/projects/cmecs-folder/CMECS_Version_06-2012_FINAL.pdf,substrate component as defined by CMECS,https://w3id.org/CMECS/CMECS_00000803,not applicable,https://vocab.nerc.ac.uk/collection/P06/current/XXXX/,Bedrock,https://w3id.org/CMECS/CMECS_00000094
RICE040_WB_2024-02-08,NA,RICE040_WB_2024-02-08_cmecs-substrate,https://www.fgdc.gov/standards/projects/cmecs-folder/CMECS_Version_06-2012_FINAL.pdf,substrate component as defined by CMECS,https://w3id.org/CMECS/CMECS_00000803,not applicable,https://vocab.nerc.ac.uk/collection/P06/current/XXXX/,Bedrock,https://w3id.org/CMECS/CMECS_00000094
RICE040_NB_2024-02-09,NA,RICE040_NB_2024-02-09_cmecs-substrate,https://www.fgdc.gov/standards/projects/cmecs-folder/CMECS_Version_06-2012_FINAL.pdf,substrate component as defined by CMECS,https://w3id.org/CMECS/CMECS_00000803,not applicable,https://vocab.nerc.ac.uk/collection/P06/current/XXXX/,Bedrock,https://w3id.org/CMECS/CMECS_00000094
RICE040_NB_2024-02-10,NA,RICE040_NB_2024-02-10_cmecs-substrate,https://www.fgdc.gov/standards/projects/cmecs-folder/CMECS_Version_06-2012_FINAL.pdf,substrate component as defined by CMECS,https://w3id.org/CMECS/CMECS_00000803,not applicable,https://vocab.nerc.ac.uk/collection/P06/current/XXXX/,Bedrock,https://w3id.org/CMECS/CMECS_00000094
RICE040_FB_2024-02-12,NA,RICE040_FB_2024-02-12_cmecs-substrate,https://www.fgdc.gov/standards/projects/cmecs-folder/CMECS_Version_06-2012_FINAL.pdf,substrate component as defined by CMECS,https://w3id.org/CMECS/CMECS_00000803,not applicable,https://vocab.nerc.ac.uk/collection/P06/current/XXXX/,Bedrock,https://w3id.org/CMECS/CMECS_00000094
RICE041_NB_2024-06-07,NA,RICE041_NB_2024-06-07_cmecs-substrate,https://www.fgdc.gov/standards/projects/cmecs-folder/CMECS_Version_06-2012_FINAL.pdf,substrate component as defined by CMECS,https://w3id.org/CMECS/CMECS_00000803,not applicable,https://vocab.nerc.ac.uk/collection/P06/current/XXXX/,Bedrock,https://w3id.org/CMECS/CMECS_00000094
RICE041_FB_2024-06-08,NA,RICE041_FB_2024-06-08_cmecs-substrate,https://www.fgdc.gov/standards/projects/cmecs-folder/CMECS_Version_06-2012_FINAL.pdf,substrate component as defined by CMECS,https://w3id.org/CMECS/CMECS_00000803,not applicable,https://vocab.nerc.ac.uk/collection/P06/current/XXXX/,Bedrock,https://w3id.org/CMECS/CMECS_00000094
RICE041_WB_2024-06-09,NA,RICE041_WB_2024-06-09_cmecs-substrate,https://www.fgdc.gov/standards/projects/cmecs-folder/CMECS_Version_06-2012_FINAL.pdf,substrate component as defined by CMECS,https://w3id.org/CMECS/CMECS_00000803,not applicable,https://vocab.nerc.ac.uk/collection/P06/current/XXXX/,Bedrock,https://w3id.org/CMECS/CMECS_00000094
RICE041_NB_2024-06-10,NA,RICE041_NB_2024-06-10_cmecs-substrate,https://www.fgdc.gov/standards/projects/cmecs-folder/CMECS_Version_06-2012_FINAL.pdf,substrate component as defined by CMECS,https://w3id.org/CMECS/CMECS_00000803,not applicable,https://vocab.nerc.ac.uk/collection/P06/current/XXXX/,Bedrock,https://w3id.org/CMECS/CMECS_00000094
RICE042_WB_2024-08-17,NA,RICE042_WB_2024-08-17_cmecs-substrate,https://www.fgdc.gov/standards/projects/cmecs-folder/CMECS_Version_06-2012_FINAL.pdf,substrate component as defined by CMECS,https://w3id.org/CMECS/CMECS_00000803,not applicable,https://vocab.nerc.ac.uk/collection/P06/current/XXXX/,Bedrock,https://w3id.org/CMECS/CMECS_00000094
RICE042_NB_2024-08-18,NA,RICE042_NB_2024-08-18_cmecs-substrate,https://www.fgdc.gov/standards/projects/cmecs-folder/CMECS_Version_06-2012_FINAL.pdf,substrate component as defined by CMECS,https://w3id.org/CMECS/CMECS_00000803,not applicable,https://vocab.nerc.ac.uk/collection/P06/current/XXXX/,Bedrock,https://w3id.org/CMECS/CMECS_00000094
RICE042_NB_2024-08-19,NA,RICE042_NB_2024-08-19_cmecs-substrate,https://www.fgdc.gov/standards/projects/cmecs-folder/CMECS_Version_06-2012_FINAL.pdf,substrate component as defined by CMECS,https://w3id.org/CMECS/CMECS_00000803,not applicable,https://vocab.nerc.ac.uk/collection/P06/current/XXXX/,Bedrock,https://w3id.org/CMECS/CMECS_00000094
RICE042_FB_2024-08-20,NA,RICE042_FB_2024-08-20_cmecs-substrate,https://www.fgdc.gov/standards/projects/cmecs-folder/CMECS_Version_06-2012_FINAL.pdf,substrate component as defined by CMECS,https://w3id.org/CMECS/CMECS_00000803,not applicable,https://vocab.nerc.ac.uk/collection/P06/current/XXXX/,Bedrock,https://w3id.org/CMECS/CMECS_00000094
RICE043_WB_2024-11-14,NA,RICE043_WB_2024-11-14_cmecs-substrate,https://www.fgdc.gov/standards/projects/cmecs-folder/CMECS_Version_06-2012_FINAL.pdf,substrate component as defined by CMECS,https://w3id.org/CMECS/CMECS_00000803,not applicable,https://vocab.nerc.ac.uk/collection/P06/current/XXXX/,Bedrock,https://w3id.org/CMECS/CMECS_00000094
RICE043_FB_2024-11-16,NA,RICE043_FB_2024-11-16_cmecs-substrate,https://www.fgdc.gov/standards/projects/cmecs-folder/CMECS_Version_06-2012_FINAL.pdf,substrate component as defined by CMECS,https://w3id.org/CMECS/CMECS_00000803,not applicable,https://vocab.nerc.ac.uk/collection/P06/current/XXXX/,Bedrock,https://w3id.org/CMECS/CMECS_00000094
RICE043_NB_2024-11-17,NA,RICE043_NB_2024-11-17_cmecs-substrate,https://www.fgdc.gov/standards/projects/cmecs-folder/CMECS_Version_06-2012_FINAL.pdf,substrate component as defined by CMECS,https://w3id.org/CMECS/CMECS_00000803,not applicable,https://vocab.nerc.ac.uk/collection/P06/current/XXXX/,Bedrock,https://w3id.org/CMECS/CMECS_00000094
RICE043_NB_2024-11-18,NA,RICE043_NB_2024-11-18_cmecs-substrate,https://www.fgdc.gov/standards/projects/cmecs-folder/CMECS_Version_06-2012_FINAL.pdf,substrate component as defined by CMECS,https://w3id.org/CMECS/CMECS_00000803,not applicable,https://vocab.nerc.ac.uk/collection/P06/current/XXXX/,Bedrock,https://w3id.org/CMECS/CMECS_00000094
RICE001_NB_2016-06-27_MQ1,RICE001_NB_2016-06-27_MQ1_2849,RICE001_NB_2016-06-27_MQ1_2849_length,Calipers to nearest mm,Length,NA,mm,NA,20,NA
RICE001_NB_2016-06-27_MQ1,RICE001_NB_2016-06-27_MQ1_2850,RICE001_NB_2016-06-27_MQ1_2850_length,Calipers to nearest mm,Length,NA,mm,NA,21,NA
RICE001_NB_2016-06-27_MQ1,RICE001_NB_2016-06-27_MQ1_2851,RICE001_NB_2016-06-27_MQ1_2851_length,Calipers to nearest mm,Length,NA,mm,NA,16,NA
RICE001_NB_2016-06-27_MQ1,RICE001_NB_2016-06-27_MQ1_2852,RICE001_NB_2016-06-27_MQ1_2852_length,Calipers to nearest mm,Length,NA,mm,NA,18,NA
RICE001_NB_2016-06-27_MQ4,RICE001_NB_2016-06-27_MQ4_2853,RICE001_NB_2016-06-27_MQ4_2853_length,Calipers to nearest mm,Length,NA,mm,NA,21,NA
RICE003_WB_2016-09-14_BQ2,RICE003_WB_2016-09-14_BQ2_2854,RICE003_WB_2016-09-14_BQ2_2854_length,Calipers to nearest mm,Length,NA,mm,NA,19,NA
RICE003_WB_2016-09-14_FQ1,RICE003_WB_2016-09-14_FQ1_2855,RICE003_WB_2016-09-14_FQ1_2855_length,Calipers to nearest mm,Length,NA,mm,NA,18,NA
RICE003_WB_2016-09-14_FQ2,RICE003_WB_2016-09-14_FQ2_2856,RICE003_WB_2016-09-14_FQ2_2856_length,Calipers to nearest mm,Length,NA,mm,NA,7,NA
RICE003_WB_2016-09-14_FQ3,RICE003_WB_2016-09-14_FQ3_2857,RICE003_WB_2016-09-14_FQ3_2857_length,Calipers to nearest mm,Length,NA,mm,NA,21,NA
RICE003_WB_2016-09-14_FQ3,RICE003_WB_2016-09-14_FQ3_2858,RICE003_WB_2016-09-14_FQ3_2858_length,Calipers to nearest mm,Length,NA,mm,NA,11,NA
RICE003_WB_2016-09-14_MQ1,RICE003_WB_2016-09-14_MQ1_2859,RICE003_WB_2016-09-14_MQ1_2859_length,Calipers to nearest mm,Length,NA,mm,NA,17,NA
RICE003_WB_2016-09-14_MQ1,RICE003_WB_2016-09-14_MQ1_2860,RICE003_WB_2016-09-14_MQ1_2860_length,Calipers to nearest mm,Length,NA,mm,NA,16,NA
RICE003_WB_2016-09-14_MQ1,RICE003_WB_2016-09-14_MQ1_2861,RICE003_WB_2016-09-14_MQ1_2861_length,Calipers to nearest mm,Length,NA,mm,NA,18,NA
RICE003_WB_2016-09-14_MQ1,RICE003_WB_2016-09-14_MQ1_2862,RICE003_WB_2016-09-14_MQ1_2862_length,Calipers to nearest mm,Length,NA,mm,NA,15,NA
RICE003_WB_2016-09-14_MQ1,RICE003_WB_2016-09-14_MQ1_2863,RICE003_WB_2016-09-14_MQ1_2863_length,Calipers to nearest mm,Length,NA,mm,NA,14,NA
RICE003_WB_2016-09-14_MQ1,RICE003_WB_2016-09-14_MQ1_2864,RICE003_WB_2016-09-14_MQ1_2864_length,Calipers to nearest mm,Length,NA,mm,NA,19,NA
RICE003_WB_2016-09-14_MQ2,RICE003_WB_2016-09-14_MQ2_2865,RICE003_WB_2016-09-14_MQ2_2865_length,Calipers to nearest mm,Length,NA,mm,NA,20,NA
RICE003_WB_2016-09-14_MQ2,RICE003_WB_2016-09-14_MQ2_2866,RICE003_WB_2016-09-14_MQ2_2866_length,Calipers to nearest mm,Length,NA,mm,NA,19,NA
RICE003_WB_2016-09-14_MQ2,RICE003_WB_2016-09-14_MQ2_2867,RICE003_WB_2016-09-14_MQ2_2867_length,Calipers to nearest mm,Length,NA,mm,NA,18,NA
RICE003_WB_2016-09-14_MQ2,RICE003_WB_2016-09-14_MQ2_2868,RICE003_WB_2016-09-14_MQ2_2868_length,Calipers to nearest mm,Length,NA,mm,NA,22,NA
RICE003_WB_2016-09-14_MQ2,RICE003_WB_2016-09-14_MQ2_2869,RICE003_WB_2016-09-14_MQ2_2869_length,Calipers to nearest mm,Length,NA,mm,NA,21,NA
RICE003_WB_2016-09-14_MQ2,RICE003_WB_2016-09-14_MQ2_2870,RICE003_WB_2016-09-14_MQ2_2870_length,Calipers to nearest mm,Length,NA,mm,NA,16,NA
RICE003_WB_2016-09-14_MQ2,RICE003_WB_2016-09-14_MQ2_2871,RICE003_WB_2016-09-14_MQ2_2871_length,Calipers to nearest mm,Length,NA,mm,NA,14,NA
RICE003_WB_2016-09-14_MQ3,RICE003_WB_2016-09-14_MQ3_2872,RICE003_WB_2016-09-14_MQ3_2872_length,Calipers to nearest mm,Length,NA,mm,NA,19,NA
RICE003_WB_2016-09-14_MQ3,RICE003_WB_2016-09-14_MQ3_2873,RICE003_WB_2016-09-14_MQ3_2873_length,Calipers to nearest mm,Length,NA,mm,NA,17,NA
RICE003_WB_2016-09-14_MQ3,RICE003_WB_2016-09-14_MQ3_2874,RICE003_WB_2016-09-14_MQ3_2874_length,Calipers to nearest mm,Length,NA,mm,NA,14,NA
RICE003_WB_2016-09-14_MQ3,RICE003_WB_2016-09-14_MQ3_2875,RICE003_WB_2016-09-14_MQ3_2875_length,Calipers to nearest mm,Length,NA,mm,NA,15,NA
RICE003_WB_2016-09-14_MQ3,RICE003_WB_2016-09-14_MQ3_2876,RICE003_WB_2016-09-14_MQ3_2876_length,Calipers to nearest mm,Length,NA,mm,NA,18,NA
RICE003_WB_2016-09-14_MQ3,RICE003_WB_2016-09-14_MQ3_2877,RICE003_WB_2016-09-14_MQ3_2877_length,Calipers to nearest mm,Length,NA,mm,NA,16,NA
RICE003_WB_2016-09-14_MQ4,RICE003_WB_2016-09-14_MQ4_2878,RICE003_WB_2016-09-14_MQ4_2878_length,Calipers to nearest mm,Length,NA,mm,NA,21,NA
RICE003_WB_2016-09-14_MQ4,RICE003_WB_2016-09-14_MQ4_2879,RICE003_WB_2016-09-14_MQ4_2879_length,Calipers to nearest mm,Length,NA,mm,NA,18,NA
RICE003_WB_2016-09-14_MQ4,RICE003_WB_2016-09-14_MQ4_2880,RICE003_WB_2016-09-14_MQ4_2880_length,Calipers to nearest mm,Length,NA,mm,NA,16,NA
RICE003_WB_2016-09-14_MQ4,RICE003_WB_2016-09-14_MQ4_2881,RICE003_WB_2016-09-14_MQ4_2881_length,Calipers to nearest mm,Length,NA,mm,NA,15,NA
RICE003_WB_2016-09-14_MQ4,RICE003_WB_2016-09-14_MQ4_2882,RICE003_WB_2016-09-14_MQ4_2882_length,Calipers to nearest mm,Length,NA,mm,NA,20,NA
RICE003_WB_2016-09-14_MQ5,RICE003_WB_2016-09-14_MQ5_2883,RICE003_WB_2016-09-14_MQ5_2883_length,Calipers to nearest mm,Length,NA,mm,NA,20,NA
RICE003_WB_2016-09-14_MQ5,RICE003_WB_2016-09-14_MQ5_2884,RICE003_WB_2016-09-14_MQ5_2884_length,Calipers to nearest mm,Length,NA,mm,NA,15,NA
RICE003_WB_2016-09-14_MQ5,RICE003_WB_2016-09-14_MQ5_2885,RICE003_WB_2016-09-14_MQ5_2885_length,Calipers to nearest mm,Length,NA,mm,NA,19,NA
RICE003_WB_2016-09-14_MQ5,RICE003_WB_2016-09-14_MQ5_2886,RICE003_WB_2016-09-14_MQ5_2886_length,Calipers to nearest mm,Length,NA,mm,NA,22,NA
RICE003_NB_2016-09-15_FQ3,RICE003_NB_2016-09-15_FQ3_2887,RICE003_NB_2016-09-15_FQ3_2887_length,Calipers to nearest mm,Length,NA,mm,NA,25,NA
RICE003_NB_2016-09-15_FQ5,RICE003_NB_2016-09-15_FQ5_2888,RICE003_NB_2016-09-15_FQ5_2888_length,Calipers to nearest mm,Length,NA,mm,NA,83,NA
RICE003_NB_2016-09-15_FQ5,RICE003_NB_2016-09-15_FQ5_2889,RICE003_NB_2016-09-15_FQ5_2889_length,Calipers to nearest mm,Length,NA,mm,NA,54,NA
RICE003_NB_2016-09-15_MQ3,RICE003_NB_2016-09-15_MQ3_2890,RICE003_NB_2016-09-15_MQ3_2890_length,Calipers to nearest mm,Length,NA,mm,NA,25,NA
RICE003_NB_2016-09-15_MQ4,RICE003_NB_2016-09-15_MQ4_2891,RICE003_NB_2016-09-15_MQ4_2891_length,Calipers to nearest mm,Length,NA,mm,NA,14,NA
RICE003_NB_2016-09-15_MQ4,RICE003_NB_2016-09-15_MQ4_2892,RICE003_NB_2016-09-15_MQ4_2892_length,Calipers to nearest mm,Length,NA,mm,NA,11,NA
RICE003_NB_2016-09-15_MQ4,RICE003_NB_2016-09-15_MQ4_2893,RICE003_NB_2016-09-15_MQ4_2893_length,Calipers to nearest mm,Length,NA,mm,NA,16,NA
RICE003_NB_2016-09-15_MQ4,RICE003_NB_2016-09-15_MQ4_2894,RICE003_NB_2016-09-15_MQ4_2894_length,Calipers to nearest mm,Length,NA,mm,NA,19,NA
RICE003_FB_2016-09-16_FQ1,RICE003_FB_2016-09-16_FQ1_2895,RICE003_FB_2016-09-16_FQ1_2895_length,Calipers to nearest mm,Length,NA,mm,NA,15,NA
RICE003_FB_2016-09-16_FQ1,RICE003_FB_2016-09-16_FQ1_2896,RICE003_FB_2016-09-16_FQ1_2896_length,Calipers to nearest mm,Length,NA,mm,NA,14,NA
RICE003_FB_2016-09-16_FQ1,RICE003_FB_2016-09-16_FQ1_2897,RICE003_FB_2016-09-16_FQ1_2897_length,Calipers to nearest mm,Length,NA,mm,NA,12,NA
RICE003_FB_2016-09-16_FQ1,RICE003_FB_2016-09-16_FQ1_2898,RICE003_FB_2016-09-16_FQ1_2898_length,Calipers to nearest mm,Length,NA,mm,NA,16,NA
RICE003_FB_2016-09-16_FQ1,RICE003_FB_2016-09-16_FQ1_2899,RICE003_FB_2016-09-16_FQ1_2899_length,Calipers to nearest mm,Length,NA,mm,NA,21,NA
RICE003_FB_2016-09-16_FQ3,RICE003_FB_2016-09-16_FQ3_2900,RICE003_FB_2016-09-16_FQ3_2900_length,Calipers to nearest mm,Length,NA,mm,NA,19,NA
RICE003_FB_2016-09-16_FQ3,RICE003_FB_2016-09-16_FQ3_2901,RICE003_FB_2016-09-16_FQ3_2901_length,Calipers to nearest mm,Length,NA,mm,NA,21,NA
RICE003_FB_2016-09-16_FQ3,RICE003_FB_2016-09-16_FQ3_2902,RICE003_FB_2016-09-16_FQ3_2902_length,Calipers to nearest mm,Length,NA,mm,NA,15,NA
RICE003_FB_2016-09-16_FQ3,RICE003_FB_2016-09-16_FQ3_2903,RICE003_FB_2016-09-16_FQ3_2903_length,Calipers to nearest mm,Length,NA,mm,NA,10,NA
RICE003_FB_2016-09-16_FQ4,RICE003_FB_2016-09-16_FQ4_2904,RICE003_FB_2016-09-16_FQ4_2904_length,Calipers to nearest mm,Length,NA,mm,NA,17,NA
RICE003_FB_2016-09-16_FQ4,RICE003_FB_2016-09-16_FQ4_2905,RICE003_FB_2016-09-16_FQ4_2905_length,Calipers to nearest mm,Length,NA,mm,NA,13,NA
RICE003_FB_2016-09-16_FQ4,RICE003_FB_2016-09-16_FQ4_2906,RICE003_FB_2016-09-16_FQ4_2906_length,Calipers to nearest mm,Length,NA,mm,NA,4,NA
RICE003_FB_2016-09-16_FQ4,RICE003_FB_2016-09-16_FQ4_2907,RICE003_FB_2016-09-16_FQ4_2907_length,Calipers to nearest mm,Length,NA,mm,NA,12,NA
RICE003_FB_2016-09-16_FQ4,RICE003_FB_2016-09-16_FQ4_2908,RICE003_FB_2016-09-16_FQ4_2908_length,Calipers to nearest mm,Length,NA,mm,NA,19,NA
RICE003_FB_2016-09-16_FQ5,RICE003_FB_2016-09-16_FQ5_2909,RICE003_FB_2016-09-16_FQ5_2909_length,Calipers to nearest mm,Length,NA,mm,NA,17,NA
RICE003_FB_2016-09-16_FQ5,RICE003_FB_2016-09-16_FQ5_2910,RICE003_FB_2016-09-16_FQ5_2910_length,Calipers to nearest mm,Length,NA,mm,NA,13,NA
RICE003_FB_2016-09-16_FQ5,RICE003_FB_2016-09-16_FQ5_2911,RICE003_FB_2016-09-16_FQ5_2911_length,Calipers to nearest mm,Length,NA,mm,NA,20,NA
RICE003_FB_2016-09-16_FQ5,RICE003_FB_2016-09-16_FQ5_2912,RICE003_FB_2016-09-16_FQ5_2912_length,Calipers to nearest mm,Length,NA,mm,NA,16,NA
RICE003_FB_2016-09-17_BQ1,RICE003_FB_2016-09-17_BQ1_2913,RICE003_FB_2016-09-17_BQ1_2913_length,Calipers to nearest mm,Length,NA,mm,NA,11,NA
RICE003_FB_2016-09-17_BQ1,RICE003_FB_2016-09-17_BQ1_2914,RICE003_FB_2016-09-17_BQ1_2914_length,Calipers to nearest mm,Length,NA,mm,NA,15,NA
RICE003_FB_2016-09-17_BQ1,RICE003_FB_2016-09-17_BQ1_2915,RICE003_FB_2016-09-17_BQ1_2915_length,Calipers to nearest mm,Length,NA,mm,NA,17,NA
RICE003_FB_2016-09-17_BQ1,RICE003_FB_2016-09-17_BQ1_2916,RICE003_FB_2016-09-17_BQ1_2916_length,Calipers to nearest mm,Length,NA,mm,NA,21,NA
RICE003_FB_2016-09-17_BQ1,RICE003_FB_2016-09-17_BQ1_2917,RICE003_FB_2016-09-17_BQ1_2917_length,Calipers to nearest mm,Length,NA,mm,NA,24,NA
RICE003_FB_2016-09-17_BQ2,RICE003_FB_2016-09-17_BQ2_2918,RICE003_FB_2016-09-17_BQ2_2918_length,Calipers to nearest mm,Length,NA,mm,NA,22,NA
RICE003_FB_2016-09-17_BQ2,RICE003_FB_2016-09-17_BQ2_2919,RICE003_FB_2016-09-17_BQ2_2919_length,Calipers to nearest mm,Length,NA,mm,NA,16,NA
RICE003_FB_2016-09-17_BQ3,RICE003_FB_2016-09-17_BQ3_2920,RICE003_FB_2016-09-17_BQ3_2920_length,Calipers to nearest mm,Length,NA,mm,NA,15,NA
RICE003_FB_2016-09-17_BQ3,RICE003_FB_2016-09-17_BQ3_2921,RICE003_FB_2016-09-17_BQ3_2921_length,Calipers to nearest mm,Length,NA,mm,NA,16,NA
RICE003_FB_2016-09-17_BQ3,RICE003_FB_2016-09-17_BQ3_2922,RICE003_FB_2016-09-17_BQ3_2922_length,Calipers to nearest mm,Length,NA,mm,NA,18,NA
RICE003_FB_2016-09-17_BQ3,RICE003_FB_2016-09-17_BQ3_2923,RICE003_FB_2016-09-17_BQ3_2923_length,Calipers to nearest mm,Length,NA,mm,NA,22,NA
RICE003_FB_2016-09-17_BQ3,RICE003_FB_2016-09-17_BQ3_2924,RICE003_FB_2016-09-17_BQ3_2924_length,Calipers to nearest mm,Length,NA,mm,NA,24,NA
RICE003_FB_2016-09-17_BQ4,RICE003_FB_2016-09-17_BQ4_2925,RICE003_FB_2016-09-17_BQ4_2925_length,Calipers to nearest mm,Length,NA,mm,NA,10,NA
RICE003_FB_2016-09-17_MQ1,RICE003_FB_2016-09-17_MQ1_2926,RICE003_FB_2016-09-17_MQ1_2926_length,Calipers to nearest mm,Length,NA,mm,NA,17,NA
RICE003_FB_2016-09-17_MQ1,RICE003_FB_2016-09-17_MQ1_2927,RICE003_FB_2016-09-17_MQ1_2927_length,Calipers to nearest mm,Length,NA,mm,NA,15,NA
RICE003_FB_2016-09-17_MQ1,RICE003_FB_2016-09-17_MQ1_2928,RICE003_FB_2016-09-17_MQ1_2928_length,Calipers to nearest mm,Length,NA,mm,NA,11,NA
RICE003_FB_2016-09-17_MQ2,RICE003_FB_2016-09-17_MQ2_2929,RICE003_FB_2016-09-17_MQ2_2929_length,Calipers to nearest mm,Length,NA,mm,NA,19,NA
RICE003_FB_2016-09-17_MQ2,RICE003_FB_2016-09-17_MQ2_2930,RICE003_FB_2016-09-17_MQ2_2930_length,Calipers to nearest mm,Length,NA,mm,NA,12,NA
RICE003_FB_2016-09-17_MQ2,RICE003_FB_2016-09-17_MQ2_2931,RICE003_FB_2016-09-17_MQ2_2931_length,Calipers to nearest mm,Length,NA,mm,NA,18,NA
RICE003_FB_2016-09-17_MQ2,RICE003_FB_2016-09-17_MQ2_2932,RICE003_FB_2016-09-17_MQ2_2932_length,Calipers to nearest mm,Length,NA,mm,NA,11,NA
RICE003_FB_2016-09-17_MQ3,RICE003_FB_2016-09-17_MQ3_2933,RICE003_FB_2016-09-17_MQ3_2933_length,Calipers to nearest mm,Length,NA,mm,NA,14,NA
RICE003_FB_2016-09-17_MQ3,RICE003_FB_2016-09-17_MQ3_2934,RICE003_FB_2016-09-17_MQ3_2934_length,Calipers to nearest mm,Length,NA,mm,NA,12,NA
RICE003_FB_2016-09-17_MQ3,RICE003_FB_2016-09-17_MQ3_2935,RICE003_FB_2016-09-17_MQ3_2935_length,Calipers to nearest mm,Length,NA,mm,NA,16,NA
RICE003_FB_2016-09-17_MQ3,RICE003_FB_2016-09-17_MQ3_2936,RICE003_FB_2016-09-17_MQ3_2936_length,Calipers to nearest mm,Length,NA,mm,NA,9,NA
RICE003_FB_2016-09-17_MQ3,RICE003_FB_2016-09-17_MQ3_2937,RICE003_FB_2016-09-17_MQ3_2937_length,Calipers to nearest mm,Length,NA,mm,NA,11,NA
RICE003_FB_2016-09-17_MQ4,RICE003_FB_2016-09-17_MQ4_2938,RICE003_FB_2016-09-17_MQ4_2938_length,Calipers to nearest mm,Length,NA,mm,NA,15,NA
RICE003_FB_2016-09-17_MQ4,RICE003_FB_2016-09-17_MQ4_2939,RICE003_FB_2016-09-17_MQ4_2939_length,Calipers to nearest mm,Length,NA,mm,NA,16,NA
RICE003_FB_2016-09-17_MQ4,RICE003_FB_2016-09-17_MQ4_2940,RICE003_FB_2016-09-17_MQ4_2940_length,Calipers to nearest mm,Length,NA,mm,NA,6,NA
RICE003_FB_2016-09-17_MQ5,RICE003_FB_2016-09-17_MQ5_2941,RICE003_FB_2016-09-17_MQ5_2941_length,Calipers to nearest mm,Length,NA,mm,NA,20,NA
RICE003_FB_2016-09-17_MQ5,RICE003_FB_2016-09-17_MQ5_2942,RICE003_FB_2016-09-17_MQ5_2942_length,Calipers to nearest mm,Length,NA,mm,NA,17,NA
RICE003_FB_2016-09-17_MQ5,RICE003_FB_2016-09-17_MQ5_2943,RICE003_FB_2016-09-17_MQ5_2943_length,Calipers to nearest mm,Length,NA,mm,NA,18,NA
RICE004_FB_2016-11-12_BQ4,RICE004_FB_2016-11-12_BQ4_2944,RICE004_FB_2016-11-12_BQ4_2944_length,Calipers to nearest mm,Length,NA,mm,NA,12,NA
RICE004_FB_2016-11-12_BQ4,RICE004_FB_2016-11-12_BQ4_2945,RICE004_FB_2016-11-12_BQ4_2945_length,Calipers to nearest mm,Length,NA,mm,NA,8,NA
RICE004_FB_2016-11-12_FQ1,RICE004_FB_2016-11-12_FQ1_2946,RICE004_FB_2016-11-12_FQ1_2946_length,Calipers to nearest mm,Length,NA,mm,NA,11,NA
RICE004_FB_2016-11-12_FQ4,RICE004_FB_2016-11-12_FQ4_2947,RICE004_FB_2016-11-12_FQ4_2947_length,Calipers to nearest mm,Length,NA,mm,NA,12,NA
RICE004_FB_2016-11-12_MQ1,RICE004_FB_2016-11-12_MQ1_2948,RICE004_FB_2016-11-12_MQ1_2948_length,Calipers to nearest mm,Length,NA,mm,NA,15,NA
RICE004_FB_2016-11-12_MQ1,RICE004_FB_2016-11-12_MQ1_2949,RICE004_FB_2016-11-12_MQ1_2949_length,Calipers to nearest mm,Length,NA,mm,NA,17,NA
RICE004_FB_2016-11-12_MQ1,RICE004_FB_2016-11-12_MQ1_2950,RICE004_FB_2016-11-12_MQ1_2950_length,Calipers to nearest mm,Length,NA,mm,NA,11,NA
RICE004_FB_2016-11-12_MQ1,RICE004_FB_2016-11-12_MQ1_2951,RICE004_FB_2016-11-12_MQ1_2951_length,Calipers to nearest mm,Length,NA,mm,NA,10,NA
RICE004_FB_2016-11-12_MQ1,RICE004_FB_2016-11-12_MQ1_2952,RICE004_FB_2016-11-12_MQ1_2952_length,Calipers to nearest mm,Length,NA,mm,NA,14,NA
RICE004_FB_2016-11-12_MQ1,RICE004_FB_2016-11-12_MQ1_2953,RICE004_FB_2016-11-12_MQ1_2953_length,Calipers to nearest mm,Length,NA,mm,NA,12,NA
RICE004_FB_2016-11-12_MQ1,RICE004_FB_2016-11-12_MQ1_2954,RICE004_FB_2016-11-12_MQ1_2954_length,Calipers to nearest mm,Length,NA,mm,NA,7,NA
RICE004_FB_2016-11-12_MQ2,RICE004_FB_2016-11-12_MQ2_2955,RICE004_FB_2016-11-12_MQ2_2955_length,Calipers to nearest mm,Length,NA,mm,NA,11,NA
RICE004_FB_2016-11-12_MQ2,RICE004_FB_2016-11-12_MQ2_2956,RICE004_FB_2016-11-12_MQ2_2956_length,Calipers to nearest mm,Length,NA,mm,NA,14,NA
RICE004_FB_2016-11-12_MQ2,RICE004_FB_2016-11-12_MQ2_2957,RICE004_FB_2016-11-12_MQ2_2957_length,Calipers to nearest mm,Length,NA,mm,NA,13,NA
RICE004_FB_2016-11-12_MQ2,RICE004_FB_2016-11-12_MQ2_2958,RICE004_FB_2016-11-12_MQ2_2958_length,Calipers to nearest mm,Length,NA,mm,NA,10,NA
RICE004_FB_2016-11-12_MQ2,RICE004_FB_2016-11-12_MQ2_2959,RICE004_FB_2016-11-12_MQ2_2959_length,Calipers to nearest mm,Length,NA,mm,NA,19,NA
RICE004_FB_2016-11-12_MQ2,RICE004_FB_2016-11-12_MQ2_2960,RICE004_FB_2016-11-12_MQ2_2960_length,Calipers to nearest mm,Length,NA,mm,NA,12,NA
RICE004_FB_2016-11-12_MQ3,RICE004_FB_2016-11-12_MQ3_2961,RICE004_FB_2016-11-12_MQ3_2961_length,Calipers to nearest mm,Length,NA,mm,NA,20,NA
RICE004_FB_2016-11-12_MQ3,RICE004_FB_2016-11-12_MQ3_2962,RICE004_FB_2016-11-12_MQ3_2962_length,Calipers to nearest mm,Length,NA,mm,NA,17,NA
RICE004_FB_2016-11-12_MQ3,RICE004_FB_2016-11-12_MQ3_2963,RICE004_FB_2016-11-12_MQ3_2963_length,Calipers to nearest mm,Length,NA,mm,NA,14,NA
RICE004_FB_2016-11-12_MQ3,RICE004_FB_2016-11-12_MQ3_2964,RICE004_FB_2016-11-12_MQ3_2964_length,Calipers to nearest mm,Length,NA,mm,NA,19,NA
RICE004_FB_2016-11-12_MQ3,RICE004_FB_2016-11-12_MQ3_2965,RICE004_FB_2016-11-12_MQ3_2965_length,Calipers to nearest mm,Length,NA,mm,NA,4,NA
RICE004_FB_2016-11-12_MQ3,RICE004_FB_2016-11-12_MQ3_2966,RICE004_FB_2016-11-12_MQ3_2966_length,Calipers to nearest mm,Length,NA,mm,NA,15,NA
RICE004_FB_2016-11-12_MQ4,RICE004_FB_2016-11-12_MQ4_2967,RICE004_FB_2016-11-12_MQ4_2967_length,Calipers to nearest mm,Length,NA,mm,NA,7,NA
RICE004_FB_2016-11-12_MQ5,RICE004_FB_2016-11-12_MQ5_2968,RICE004_FB_2016-11-12_MQ5_2968_length,Calipers to nearest mm,Length,NA,mm,NA,10,NA
RICE004_FB_2016-11-12_MQ5,RICE004_FB_2016-11-12_MQ5_2969,RICE004_FB_2016-11-12_MQ5_2969_length,Calipers to nearest mm,Length,NA,mm,NA,12,NA
RICE004_WB_2016-11-13_FQ2,RICE004_WB_2016-11-13_FQ2_2970,RICE004_WB_2016-11-13_FQ2_2970_length,Calipers to nearest mm,Length,NA,mm,NA,6,NA
RICE004_WB_2016-11-13_FQ2,RICE004_WB_2016-11-13_FQ2_2971,RICE004_WB_2016-11-13_FQ2_2971_length,Calipers to nearest mm,Length,NA,mm,NA,11,NA
RICE004_WB_2016-11-13_FQ2,RICE004_WB_2016-11-13_FQ2_2972,RICE004_WB_2016-11-13_FQ2_2972_length,Calipers to nearest mm,Length,NA,mm,NA,12,NA
RICE004_WB_2016-11-13_FQ3,RICE004_WB_2016-11-13_FQ3_2973,RICE004_WB_2016-11-13_FQ3_2973_length,Calipers to nearest mm,Length,NA,mm,NA,22,NA
RICE004_WB_2016-11-13_FQ3,RICE004_WB_2016-11-13_FQ3_2974,RICE004_WB_2016-11-13_FQ3_2974_length,Calipers to nearest mm,Length,NA,mm,NA,15,NA
RICE004_WB_2016-11-13_FQ3,RICE004_WB_2016-11-13_FQ3_2975,RICE004_WB_2016-11-13_FQ3_2975_length,Calipers to nearest mm,Length,NA,mm,NA,45,NA
RICE004_WB_2016-11-13_FQ3,RICE004_WB_2016-11-13_FQ3_2976,RICE004_WB_2016-11-13_FQ3_2976_length,Calipers to nearest mm,Length,NA,mm,NA,12,NA
RICE004_WB_2016-11-13_FQ3,RICE004_WB_2016-11-13_FQ3_2977,RICE004_WB_2016-11-13_FQ3_2977_length,Calipers to nearest mm,Length,NA,mm,NA,8,NA
RICE004_WB_2016-11-13_FQ3,RICE004_WB_2016-11-13_FQ3_2978,RICE004_WB_2016-11-13_FQ3_2978_length,Calipers to nearest mm,Length,NA,mm,NA,5,NA
RICE004_WB_2016-11-13_FQ4,RICE004_WB_2016-11-13_FQ4_2979,RICE004_WB_2016-11-13_FQ4_2979_length,Calipers to nearest mm,Length,NA,mm,NA,13,NA
RICE004_WB_2016-11-13_FQ4,RICE004_WB_2016-11-13_FQ4_2980,RICE004_WB_2016-11-13_FQ4_2980_length,Calipers to nearest mm,Length,NA,mm,NA,7,NA
RICE004_WB_2016-11-13_FQ5,RICE004_WB_2016-11-13_FQ5_2981,RICE004_WB_2016-11-13_FQ5_2981_length,Calipers to nearest mm,Length,NA,mm,NA,5,NA
RICE004_WB_2016-11-13_FQ5,RICE004_WB_2016-11-13_FQ5_2982,RICE004_WB_2016-11-13_FQ5_2982_length,Calipers to nearest mm,Length,NA,mm,NA,3,NA
RICE004_WB_2016-11-13_MQ1,RICE004_WB_2016-11-13_MQ1_2983,RICE004_WB_2016-11-13_MQ1_2983_length,Calipers to nearest mm,Length,NA,mm,NA,13,NA
RICE004_WB_2016-11-13_MQ1,RICE004_WB_2016-11-13_MQ1_2984,RICE004_WB_2016-11-13_MQ1_2984_length,Calipers to nearest mm,Length,NA,mm,NA,18,NA
RICE004_WB_2016-11-13_MQ1,RICE004_WB_2016-11-13_MQ1_2985,RICE004_WB_2016-11-13_MQ1_2985_length,Calipers to nearest mm,Length,NA,mm,NA,9,NA
RICE004_WB_2016-11-13_MQ1,RICE004_WB_2016-11-13_MQ1_2986,RICE004_WB_2016-11-13_MQ1_2986_length,Calipers to nearest mm,Length,NA,mm,NA,17,NA
RICE004_WB_2016-11-13_MQ1,RICE004_WB_2016-11-13_MQ1_2987,RICE004_WB_2016-11-13_MQ1_2987_length,Calipers to nearest mm,Length,NA,mm,NA,10,NA
RICE004_WB_2016-11-13_MQ1,RICE004_WB_2016-11-13_MQ1_2988,RICE004_WB_2016-11-13_MQ1_2988_length,Calipers to nearest mm,Length,NA,mm,NA,12,NA
RICE004_WB_2016-11-13_MQ2,RICE004_WB_2016-11-13_MQ2_2989,RICE004_WB_2016-11-13_MQ2_2989_length,Calipers to nearest mm,Length,NA,mm,NA,13,NA
RICE004_WB_2016-11-13_MQ2,RICE004_WB_2016-11-13_MQ2_2990,RICE004_WB_2016-11-13_MQ2_2990_length,Calipers to nearest mm,Length,NA,mm,NA,18,NA
RICE004_WB_2016-11-13_MQ2,RICE004_WB_2016-11-13_MQ2_2991,RICE004_WB_2016-11-13_MQ2_2991_length,Calipers to nearest mm,Length,NA,mm,NA,22,NA
RICE004_WB_2016-11-13_MQ2,RICE004_WB_2016-11-13_MQ2_2992,RICE004_WB_2016-11-13_MQ2_2992_length,Calipers to nearest mm,Length,NA,mm,NA,20,NA
RICE004_WB_2016-11-13_MQ2,RICE004_WB_2016-11-13_MQ2_2993,RICE004_WB_2016-11-13_MQ2_2993_length,Calipers to nearest mm,Length,NA,mm,NA,17,NA
RICE004_WB_2016-11-13_MQ2,RICE004_WB_2016-11-13_MQ2_2994,RICE004_WB_2016-11-13_MQ2_2994_length,Calipers to nearest mm,Length,NA,mm,NA,15,NA
RICE004_WB_2016-11-13_MQ2,RICE004_WB_2016-11-13_MQ2_2995,RICE004_WB_2016-11-13_MQ2_2995_length,Calipers to nearest mm,Length,NA,mm,NA,19,NA
RICE004_WB_2016-11-13_MQ3,RICE004_WB_2016-11-13_MQ3_2996,RICE004_WB_2016-11-13_MQ3_2996_length,Calipers to nearest mm,Length,NA,mm,NA,17,NA
RICE004_WB_2016-11-13_MQ3,RICE004_WB_2016-11-13_MQ3_2997,RICE004_WB_2016-11-13_MQ3_2997_length,Calipers to nearest mm,Length,NA,mm,NA,12,NA
RICE004_WB_2016-11-13_MQ3,RICE004_WB_2016-11-13_MQ3_2998,RICE004_WB_2016-11-13_MQ3_2998_length,Calipers to nearest mm,Length,NA,mm,NA,15,NA
RICE004_WB_2016-11-13_MQ3,RICE004_WB_2016-11-13_MQ3_2999,RICE004_WB_2016-11-13_MQ3_2999_length,Calipers to nearest mm,Length,NA,mm,NA,20,NA
RICE004_WB_2016-11-13_MQ3,RICE004_WB_2016-11-13_MQ3_3000,RICE004_WB_2016-11-13_MQ3_3000_length,Calipers to nearest mm,Length,NA,mm,NA,19,NA
RICE004_WB_2016-11-13_MQ3,RICE004_WB_2016-11-13_MQ3_3001,RICE004_WB_2016-11-13_MQ3_3001_length,Calipers to nearest mm,Length,NA,mm,NA,10,NA
RICE004_WB_2016-11-13_MQ3,RICE004_WB_2016-11-13_MQ3_3002,RICE004_WB_2016-11-13_MQ3_3002_length,Calipers to nearest mm,Length,NA,mm,NA,14,NA
RICE004_WB_2016-11-13_MQ3,RICE004_WB_2016-11-13_MQ3_3003,RICE004_WB_2016-11-13_MQ3_3003_length,Calipers to nearest mm,Length,NA,mm,NA,7,NA
RICE004_WB_2016-11-13_MQ4,RICE004_WB_2016-11-13_MQ4_3004,RICE004_WB_2016-11-13_MQ4_3004_length,Calipers to nearest mm,Length,NA,mm,NA,20,NA
RICE004_WB_2016-11-13_MQ4,RICE004_WB_2016-11-13_MQ4_3005,RICE004_WB_2016-11-13_MQ4_3005_length,Calipers to nearest mm,Length,NA,mm,NA,14,NA
RICE004_WB_2016-11-13_MQ4,RICE004_WB_2016-11-13_MQ4_3006,RICE004_WB_2016-11-13_MQ4_3006_length,Calipers to nearest mm,Length,NA,mm,NA,9,NA
RICE004_WB_2016-11-13_MQ4,RICE004_WB_2016-11-13_MQ4_3007,RICE004_WB_2016-11-13_MQ4_3007_length,Calipers to nearest mm,Length,NA,mm,NA,11,NA
RICE004_WB_2016-11-13_MQ4,RICE004_WB_2016-11-13_MQ4_3008,RICE004_WB_2016-11-13_MQ4_3008_length,Calipers to nearest mm,Length,NA,mm,NA,13,NA
RICE004_WB_2016-11-13_MQ4,RICE004_WB_2016-11-13_MQ4_3009,RICE004_WB_2016-11-13_MQ4_3009_length,Calipers to nearest mm,Length,NA,mm,NA,17,NA
RICE004_WB_2016-11-13_MQ4,RICE004_WB_2016-11-13_MQ4_3010,RICE004_WB_2016-11-13_MQ4_3010_length,Calipers to nearest mm,Length,NA,mm,NA,18,NA
RICE004_WB_2016-11-13_MQ4,RICE004_WB_2016-11-13_MQ4_3011,RICE004_WB_2016-11-13_MQ4_3011_length,Calipers to nearest mm,Length,NA,mm,NA,17,NA
RICE004_WB_2016-11-13_MQ5,RICE004_WB_2016-11-13_MQ5_3012,RICE004_WB_2016-11-13_MQ5_3012_length,Calipers to nearest mm,Length,NA,mm,NA,20,NA
RICE004_WB_2016-11-13_MQ5,RICE004_WB_2016-11-13_MQ5_3013,RICE004_WB_2016-11-13_MQ5_3013_length,Calipers to nearest mm,Length,NA,mm,NA,25,NA
RICE004_WB_2016-11-13_MQ5,RICE004_WB_2016-11-13_MQ5_3014,RICE004_WB_2016-11-13_MQ5_3014_length,Calipers to nearest mm,Length,NA,mm,NA,16,NA
RICE004_WB_2016-11-13_MQ5,RICE004_WB_2016-11-13_MQ5_3015,RICE004_WB_2016-11-13_MQ5_3015_length,Calipers to nearest mm,Length,NA,mm,NA,20,NA
RICE004_NB_2016-11-14_FQ1,RICE004_NB_2016-11-14_FQ1_3016,RICE004_NB_2016-11-14_FQ1_3016_length,Calipers to nearest mm,Length,NA,mm,NA,4,NA
RICE004_NB_2016-11-14_FQ3,RICE004_NB_2016-11-14_FQ3_3017,RICE004_NB_2016-11-14_FQ3_3017_length,Calipers to nearest mm,Length,NA,mm,NA,10,NA
RICE004_NB_2016-11-14_MQ1,RICE004_NB_2016-11-14_MQ1_3018,RICE004_NB_2016-11-14_MQ1_3018_length,Calipers to nearest mm,Length,NA,mm,NA,17,NA
RICE004_NB_2016-11-14_MQ1,RICE004_NB_2016-11-14_MQ1_3019,RICE004_NB_2016-11-14_MQ1_3019_length,Calipers to nearest mm,Length,NA,mm,NA,10,NA
RICE004_NB_2016-11-14_MQ4,RICE004_NB_2016-11-14_MQ4_3020,RICE004_NB_2016-11-14_MQ4_3020_length,Calipers to nearest mm,Length,NA,mm,NA,9,NA
RICE004_NB_2016-11-14_MQ4,RICE004_NB_2016-11-14_MQ4_3021,RICE004_NB_2016-11-14_MQ4_3021_length,Calipers to nearest mm,Length,NA,mm,NA,18,NA
RICE004_NB_2016-11-14_MQ4,RICE004_NB_2016-11-14_MQ4_3022,RICE004_NB_2016-11-14_MQ4_3022_length,Calipers to nearest mm,Length,NA,mm,NA,16,NA
RICE004_NB_2016-11-14_MQ4,RICE004_NB_2016-11-14_MQ4_3023,RICE004_NB_2016-11-14_MQ4_3023_length,Calipers to nearest mm,Length,NA,mm,NA,12,NA
RICE004_NB_2016-11-14_MQ4,RICE004_NB_2016-11-14_MQ4_3024,RICE004_NB_2016-11-14_MQ4_3024_length,Calipers to nearest mm,Length,NA,mm,NA,10,NA
RICE005_FB_2017-02-22_BQ5,RICE005_FB_2017-02-22_BQ5_3025,RICE005_FB_2017-02-22_BQ5_3025_length,Calipers to nearest mm,Length,NA,mm,NA,20,NA
RICE005_FB_2017-02-22_BQ5,RICE005_FB_2017-02-22_BQ5_3026,RICE005_FB_2017-02-22_BQ5_3026_length,Calipers to nearest mm,Length,NA,mm,NA,15,NA
RICE005_FB_2017-02-22_BQ5,RICE005_FB_2017-02-22_BQ5_3027,RICE005_FB_2017-02-22_BQ5_3027_length,Calipers to nearest mm,Length,NA,mm,NA,21,NA
RICE005_FB_2017-02-22_FQ1,RICE005_FB_2017-02-22_FQ1_3028,RICE005_FB_2017-02-22_FQ1_3028_length,Calipers to nearest mm,Length,NA,mm,NA,6,NA
RICE005_FB_2017-02-22_FQ2,RICE005_FB_2017-02-22_FQ2_3029,RICE005_FB_2017-02-22_FQ2_3029_length,Calipers to nearest mm,Length,NA,mm,NA,13,NA
RICE005_FB_2017-02-22_MQ1,RICE005_FB_2017-02-22_MQ1_3030,RICE005_FB_2017-02-22_MQ1_3030_length,Calipers to nearest mm,Length,NA,mm,NA,14,NA
RICE005_FB_2017-02-22_MQ2,RICE005_FB_2017-02-22_MQ2_3031,RICE005_FB_2017-02-22_MQ2_3031_length,Calipers to nearest mm,Length,NA,mm,NA,14,NA
RICE005_FB_2017-02-22_MQ2,RICE005_FB_2017-02-22_MQ2_3032,RICE005_FB_2017-02-22_MQ2_3032_length,Calipers to nearest mm,Length,NA,mm,NA,18,NA
RICE005_FB_2017-02-22_MQ2,RICE005_FB_2017-02-22_MQ2_3033,RICE005_FB_2017-02-22_MQ2_3033_length,Calipers to nearest mm,Length,NA,mm,NA,13,NA
RICE005_FB_2017-02-22_MQ2,RICE005_FB_2017-02-22_MQ2_3034,RICE005_FB_2017-02-22_MQ2_3034_length,Calipers to nearest mm,Length,NA,mm,NA,15,NA
RICE005_FB_2017-02-22_MQ2,RICE005_FB_2017-02-22_MQ2_3035,RICE005_FB_2017-02-22_MQ2_3035_length,Calipers to nearest mm,Length,NA,mm,NA,16,NA
RICE005_FB_2017-02-22_MQ4,RICE005_FB_2017-02-22_MQ4_3036,RICE005_FB_2017-02-22_MQ4_3036_length,Calipers to nearest mm,Length,NA,mm,NA,19,NA
RICE005_FB_2017-02-22_MQ5,RICE005_FB_2017-02-22_MQ5_3037,RICE005_FB_2017-02-22_MQ5_3037_length,Calipers to nearest mm,Length,NA,mm,NA,18,NA
RICE005_FB_2017-02-22_MQ5,RICE005_FB_2017-02-22_MQ5_3038,RICE005_FB_2017-02-22_MQ5_3038_length,Calipers to nearest mm,Length,NA,mm,NA,11,NA
RICE005_NB_2017-02-23_FQ1,RICE005_NB_2017-02-23_FQ1_3039,RICE005_NB_2017-02-23_FQ1_3039_length,Calipers to nearest mm,Length,NA,mm,NA,20,NA
RICE005_NB_2017-02-23_FQ1,RICE005_NB_2017-02-23_FQ1_3040,RICE005_NB_2017-02-23_FQ1_3040_length,Calipers to nearest mm,Length,NA,mm,NA,7,NA
RICE005_NB_2017-02-23_FQ2,RICE005_NB_2017-02-23_FQ2_3041,RICE005_NB_2017-02-23_FQ2_3041_length,Calipers to nearest mm,Length,NA,mm,NA,22,NA
RICE005_NB_2017-02-23_FQ2,RICE005_NB_2017-02-23_FQ2_3042,RICE005_NB_2017-02-23_FQ2_3042_length,Calipers to nearest mm,Length,NA,mm,NA,14,NA
RICE005_NB_2017-02-23_FQ4,RICE005_NB_2017-02-23_FQ4_3043,RICE005_NB_2017-02-23_FQ4_3043_length,Calipers to nearest mm,Length,NA,mm,NA,9,NA
RICE005_NB_2017-02-23_FQ5,RICE005_NB_2017-02-23_FQ5_3044,RICE005_NB_2017-02-23_FQ5_3044_length,Calipers to nearest mm,Length,NA,mm,NA,18,NA
RICE005_NB_2017-02-23_MQ4,RICE005_NB_2017-02-23_MQ4_3045,RICE005_NB_2017-02-23_MQ4_3045_length,Calipers to nearest mm,Length,NA,mm,NA,16,NA
RICE005_NB_2017-02-23_MQ4,RICE005_NB_2017-02-23_MQ4_3046,RICE005_NB_2017-02-23_MQ4_3046_length,Calipers to nearest mm,Length,NA,mm,NA,15,NA
RICE005_NB_2017-02-23_MQ4,RICE005_NB_2017-02-23_MQ4_3047,RICE005_NB_2017-02-23_MQ4_3047_length,Calipers to nearest mm,Length,NA,mm,NA,12,NA
RICE005_NB_2017-02-23_MQ4,RICE005_NB_2017-02-23_MQ4_3048,RICE005_NB_2017-02-23_MQ4_3048_length,Calipers to nearest mm,Length,NA,mm,NA,20,NA
RICE005_WB_2017-02-24_BQ4,RICE005_WB_2017-02-24_BQ4_3049,RICE005_WB_2017-02-24_BQ4_3049_length,Calipers to nearest mm,Length,NA,mm,NA,9,NA
RICE005_WB_2017-02-24_BQ4,RICE005_WB_2017-02-24_BQ4_3050,RICE005_WB_2017-02-24_BQ4_3050_length,Calipers to nearest mm,Length,NA,mm,NA,3,NA
RICE005_WB_2017-02-24_BQ4,RICE005_WB_2017-02-24_BQ4_3051,RICE005_WB_2017-02-24_BQ4_3051_length,Calipers to nearest mm,Length,NA,mm,NA,1,NA
RICE005_WB_2017-02-24_BQ5,RICE005_WB_2017-02-24_BQ5_3052,RICE005_WB_2017-02-24_BQ5_3052_length,Calipers to nearest mm,Length,NA,mm,NA,4,NA
RICE005_WB_2017-02-24_FQ1,RICE005_WB_2017-02-24_FQ1_3053,RICE005_WB_2017-02-24_FQ1_3053_length,Calipers to nearest mm,Length,NA,mm,NA,9,NA
RICE005_WB_2017-02-24_FQ2,RICE005_WB_2017-02-24_FQ2_3054,RICE005_WB_2017-02-24_FQ2_3054_length,Calipers to nearest mm,Length,NA,mm,NA,14,NA
RICE005_WB_2017-02-24_FQ2,RICE005_WB_2017-02-24_FQ2_3055,RICE005_WB_2017-02-24_FQ2_3055_length,Calipers to nearest mm,Length,NA,mm,NA,1,NA
RICE005_WB_2017-02-24_FQ2,RICE005_WB_2017-02-24_FQ2_3056,RICE005_WB_2017-02-24_FQ2_3056_length,Calipers to nearest mm,Length,NA,mm,NA,9,NA
RICE005_WB_2017-02-24_FQ2,RICE005_WB_2017-02-24_FQ2_3057,RICE005_WB_2017-02-24_FQ2_3057_length,Calipers to nearest mm,Length,NA,mm,NA,14,NA
RICE005_WB_2017-02-24_FQ3,RICE005_WB_2017-02-24_FQ3_3058,RICE005_WB_2017-02-24_FQ3_3058_length,Calipers to nearest mm,Length,NA,mm,NA,14,NA
RICE005_WB_2017-02-24_FQ3,RICE005_WB_2017-02-24_FQ3_3059,RICE005_WB_2017-02-24_FQ3_3059_length,Calipers to nearest mm,Length,NA,mm,NA,12,NA
RICE005_WB_2017-02-24_FQ3,RICE005_WB_2017-02-24_FQ3_3060,RICE005_WB_2017-02-24_FQ3_3060_length,Calipers to nearest mm,Length,NA,mm,NA,9,NA
RICE005_WB_2017-02-24_FQ3,RICE005_WB_2017-02-24_FQ3_3061,RICE005_WB_2017-02-24_FQ3_3061_length,Calipers to nearest mm,Length,NA,mm,NA,11,NA
RICE005_WB_2017-02-24_FQ3,RICE005_WB_2017-02-24_FQ3_3062,RICE005_WB_2017-02-24_FQ3_3062_length,Calipers to nearest mm,Length,NA,mm,NA,10,NA
RICE005_WB_2017-02-24_FQ3,RICE005_WB_2017-02-24_FQ3_3063,RICE005_WB_2017-02-24_FQ3_3063_length,Calipers to nearest mm,Length,NA,mm,NA,20,NA
RICE005_WB_2017-02-24_FQ3,RICE005_WB_2017-02-24_FQ3_3064,RICE005_WB_2017-02-24_FQ3_3064_length,Calipers to nearest mm,Length,NA,mm,NA,8,NA
RICE005_WB_2017-02-24_FQ3,RICE005_WB_2017-02-24_FQ3_3065,RICE005_WB_2017-02-24_FQ3_3065_length,Calipers to nearest mm,Length,NA,mm,NA,21,NA
RICE005_WB_2017-02-24_FQ4,RICE005_WB_2017-02-24_FQ4_3066,RICE005_WB_2017-02-24_FQ4_3066_length,Calipers to nearest mm,Length,NA,mm,NA,17,NA
RICE005_WB_2017-02-24_FQ4,RICE005_WB_2017-02-24_FQ4_3067,RICE005_WB_2017-02-24_FQ4_3067_length,Calipers to nearest mm,Length,NA,mm,NA,11,NA
RICE005_WB_2017-02-24_FQ4,RICE005_WB_2017-02-24_FQ4_3068,RICE005_WB_2017-02-24_FQ4_3068_length,Calipers to nearest mm,Length,NA,mm,NA,16,NA
RICE005_WB_2017-02-24_FQ4,RICE005_WB_2017-02-24_FQ4_3069,RICE005_WB_2017-02-24_FQ4_3069_length,Calipers to nearest mm,Length,NA,mm,NA,20,NA
RICE005_WB_2017-02-24_FQ4,RICE005_WB_2017-02-24_FQ4_3070,RICE005_WB_2017-02-24_FQ4_3070_length,Calipers to nearest mm,Length,NA,mm,NA,19,NA
RICE005_WB_2017-02-24_FQ4,RICE005_WB_2017-02-24_FQ4_3071,RICE005_WB_2017-02-24_FQ4_3071_length,Calipers to nearest mm,Length,NA,mm,NA,22,NA
RICE005_WB_2017-02-24_FQ4,RICE005_WB_2017-02-24_FQ4_3072,RICE005_WB_2017-02-24_FQ4_3072_length,Calipers to nearest mm,Length,NA,mm,NA,12,NA
RICE005_WB_2017-02-24_FQ4,RICE005_WB_2017-02-24_FQ4_3073,RICE005_WB_2017-02-24_FQ4_3073_length,Calipers to nearest mm,Length,NA,mm,NA,18,NA
RICE005_WB_2017-02-24_FQ5,RICE005_WB_2017-02-24_FQ5_3074,RICE005_WB_2017-02-24_FQ5_3074_length,Calipers to nearest mm,Length,NA,mm,NA,10,NA
RICE005_WB_2017-02-24_FQ5,RICE005_WB_2017-02-24_FQ5_3075,RICE005_WB_2017-02-24_FQ5_3075_length,Calipers to nearest mm,Length,NA,mm,NA,11,NA
RICE005_WB_2017-02-24_FQ5,RICE005_WB_2017-02-24_FQ5_3076,RICE005_WB_2017-02-24_FQ5_3076_length,Calipers to nearest mm,Length,NA,mm,NA,14,NA
RICE005_WB_2017-02-24_FQ5,RICE005_WB_2017-02-24_FQ5_3077,RICE005_WB_2017-02-24_FQ5_3077_length,Calipers to nearest mm,Length,NA,mm,NA,21,NA
RICE005_WB_2017-02-24_FQ5,RICE005_WB_2017-02-24_FQ5_3078,RICE005_WB_2017-02-24_FQ5_3078_length,Calipers to nearest mm,Length,NA,mm,NA,15,NA
RICE005_WB_2017-02-24_FQ5,RICE005_WB_2017-02-24_FQ5_3079,RICE005_WB_2017-02-24_FQ5_3079_length,Calipers to nearest mm,Length,NA,mm,NA,20,NA
RICE005_WB_2017-02-24_FQ5,RICE005_WB_2017-02-24_FQ5_3080,RICE005_WB_2017-02-24_FQ5_3080_length,Calipers to nearest mm,Length,NA,mm,NA,18,NA
RICE005_WB_2017-02-24_FQ5,RICE005_WB_2017-02-24_FQ5_3081,RICE005_WB_2017-02-24_FQ5_3081_length,Calipers to nearest mm,Length,NA,mm,NA,9,NA
RICE005_WB_2017-02-24_MQ1,RICE005_WB_2017-02-24_MQ1_3082,RICE005_WB_2017-02-24_MQ1_3082_length,Calipers to nearest mm,Length,NA,mm,NA,23,NA
RICE005_WB_2017-02-24_MQ1,RICE005_WB_2017-02-24_MQ1_3083,RICE005_WB_2017-02-24_MQ1_3083_length,Calipers to nearest mm,Length,NA,mm,NA,18,NA
RICE005_WB_2017-02-24_MQ1,RICE005_WB_2017-02-24_MQ1_3084,RICE005_WB_2017-02-24_MQ1_3084_length,Calipers to nearest mm,Length,NA,mm,NA,17,NA
RICE005_WB_2017-02-24_MQ1,RICE005_WB_2017-02-24_MQ1_3085,RICE005_WB_2017-02-24_MQ1_3085_length,Calipers to nearest mm,Length,NA,mm,NA,14,NA
RICE005_WB_2017-02-24_MQ1,RICE005_WB_2017-02-24_MQ1_3086,RICE005_WB_2017-02-24_MQ1_3086_length,Calipers to nearest mm,Length,NA,mm,NA,20,NA
RICE005_WB_2017-02-24_MQ1,RICE005_WB_2017-02-24_MQ1_3087,RICE005_WB_2017-02-24_MQ1_3087_length,Calipers to nearest mm,Length,NA,mm,NA,15,NA
RICE005_WB_2017-02-24_MQ2,RICE005_WB_2017-02-24_MQ2_3088,RICE005_WB_2017-02-24_MQ2_3088_length,Calipers to nearest mm,Length,NA,mm,NA,16,NA
RICE005_WB_2017-02-24_MQ2,RICE005_WB_2017-02-24_MQ2_3089,RICE005_WB_2017-02-24_MQ2_3089_length,Calipers to nearest mm,Length,NA,mm,NA,20,NA
RICE005_WB_2017-02-24_MQ2,RICE005_WB_2017-02-24_MQ2_3090,RICE005_WB_2017-02-24_MQ2_3090_length,Calipers to nearest mm,Length,NA,mm,NA,15,NA
RICE005_WB_2017-02-24_MQ2,RICE005_WB_2017-02-24_MQ2_3091,RICE005_WB_2017-02-24_MQ2_3091_length,Calipers to nearest mm,Length,NA,mm,NA,22,NA
RICE005_WB_2017-02-24_MQ2,RICE005_WB_2017-02-24_MQ2_3092,RICE005_WB_2017-02-24_MQ2_3092_length,Calipers to nearest mm,Length,NA,mm,NA,16,NA
RICE005_WB_2017-02-24_MQ3,RICE005_WB_2017-02-24_MQ3_3093,RICE005_WB_2017-02-24_MQ3_3093_length,Calipers to nearest mm,Length,NA,mm,NA,17,NA
RICE005_WB_2017-02-24_MQ3,RICE005_WB_2017-02-24_MQ3_3094,RICE005_WB_2017-02-24_MQ3_3094_length,Calipers to nearest mm,Length,NA,mm,NA,15,NA
RICE005_WB_2017-02-24_MQ3,RICE005_WB_2017-02-24_MQ3_3095,RICE005_WB_2017-02-24_MQ3_3095_length,Calipers to nearest mm,Length,NA,mm,NA,20,NA
RICE005_WB_2017-02-24_MQ3,RICE005_WB_2017-02-24_MQ3_3096,RICE005_WB_2017-02-24_MQ3_3096_length,Calipers to nearest mm,Length,NA,mm,NA,18,NA
RICE005_WB_2017-02-24_MQ4,RICE005_WB_2017-02-24_MQ4_3097,RICE005_WB_2017-02-24_MQ4_3097_length,Calipers to nearest mm,Length,NA,mm,NA,20,NA
RICE005_WB_2017-02-24_MQ4,RICE005_WB_2017-02-24_MQ4_3098,RICE005_WB_2017-02-24_MQ4_3098_length,Calipers to nearest mm,Length,NA,mm,NA,15,NA
RICE005_WB_2017-02-24_MQ4,RICE005_WB_2017-02-24_MQ4_3099,RICE005_WB_2017-02-24_MQ4_3099_length,Calipers to nearest mm,Length,NA,mm,NA,10,NA
RICE005_WB_2017-02-24_MQ5,RICE005_WB_2017-02-24_MQ5_3100,RICE005_WB_2017-02-24_MQ5_3100_length,Calipers to nearest mm,Length,NA,mm,NA,20,NA
RICE006_WB_2017-05-27_BQ2,RICE006_WB_2017-05-27_BQ2_3101,RICE006_WB_2017-05-27_BQ2_3101_length,Calipers to nearest mm,Length,NA,mm,NA,6,NA
RICE006_WB_2017-05-27_BQ2,RICE006_WB_2017-05-27_BQ2_3102,RICE006_WB_2017-05-27_BQ2_3102_length,Calipers to nearest mm,Length,NA,mm,NA,4,NA
RICE006_WB_2017-05-27_FQ1,RICE006_WB_2017-05-27_FQ1_3103,RICE006_WB_2017-05-27_FQ1_3103_length,Calipers to nearest mm,Length,NA,mm,NA,19,NA
RICE006_WB_2017-05-27_FQ1,RICE006_WB_2017-05-27_FQ1_3104,RICE006_WB_2017-05-27_FQ1_3104_length,Calipers to nearest mm,Length,NA,mm,NA,9,NA
RICE006_WB_2017-05-27_FQ3,RICE006_WB_2017-05-27_FQ3_3105,RICE006_WB_2017-05-27_FQ3_3105_length,Calipers to nearest mm,Length,NA,mm,NA,36,NA
RICE006_WB_2017-05-27_FQ3,RICE006_WB_2017-05-27_FQ3_3106,RICE006_WB_2017-05-27_FQ3_3106_length,Calipers to nearest mm,Length,NA,mm,NA,25,NA
RICE006_WB_2017-05-27_FQ4,RICE006_WB_2017-05-27_FQ4_3107,RICE006_WB_2017-05-27_FQ4_3107_length,Calipers to nearest mm,Length,NA,mm,NA,35,NA
RICE006_WB_2017-05-27_FQ4,RICE006_WB_2017-05-27_FQ4_3108,RICE006_WB_2017-05-27_FQ4_3108_length,Calipers to nearest mm,Length,NA,mm,NA,34,NA
RICE006_WB_2017-05-27_FQ4,RICE006_WB_2017-05-27_FQ4_3109,RICE006_WB_2017-05-27_FQ4_3109_length,Calipers to nearest mm,Length,NA,mm,NA,62,NA
RICE006_WB_2017-05-27_MQ1,RICE006_WB_2017-05-27_MQ1_3110,RICE006_WB_2017-05-27_MQ1_3110_length,Calipers to nearest mm,Length,NA,mm,NA,17,NA
RICE006_WB_2017-05-27_MQ1,RICE006_WB_2017-05-27_MQ1_3111,RICE006_WB_2017-05-27_MQ1_3111_length,Calipers to nearest mm,Length,NA,mm,NA,13,NA
RICE006_WB_2017-05-27_MQ1,RICE006_WB_2017-05-27_MQ1_3112,RICE006_WB_2017-05-27_MQ1_3112_length,Calipers to nearest mm,Length,NA,mm,NA,16,NA
RICE006_WB_2017-05-27_MQ1,RICE006_WB_2017-05-27_MQ1_3113,RICE006_WB_2017-05-27_MQ1_3113_length,Calipers to nearest mm,Length,NA,mm,NA,18,NA
RICE006_WB_2017-05-27_MQ1,RICE006_WB_2017-05-27_MQ1_3114,RICE006_WB_2017-05-27_MQ1_3114_length,Calipers to nearest mm,Length,NA,mm,NA,22,NA
RICE006_WB_2017-05-27_MQ1,RICE006_WB_2017-05-27_MQ1_3115,RICE006_WB_2017-05-27_MQ1_3115_length,Calipers to nearest mm,Length,NA,mm,NA,15,NA
RICE006_WB_2017-05-27_MQ1,RICE006_WB_2017-05-27_MQ1_3116,RICE006_WB_2017-05-27_MQ1_3116_length,Calipers to nearest mm,Length,NA,mm,NA,14,NA
RICE006_WB_2017-05-27_MQ2,RICE006_WB_2017-05-27_MQ2_3117,RICE006_WB_2017-05-27_MQ2_3117_length,Calipers to nearest mm,Length,NA,mm,NA,20,NA
RICE006_WB_2017-05-27_MQ2,RICE006_WB_2017-05-27_MQ2_3118,RICE006_WB_2017-05-27_MQ2_3118_length,Calipers to nearest mm,Length,NA,mm,NA,15,NA
RICE006_WB_2017-05-27_MQ2,RICE006_WB_2017-05-27_MQ2_3119,RICE006_WB_2017-05-27_MQ2_3119_length,Calipers to nearest mm,Length,NA,mm,NA,10,NA
RICE006_WB_2017-05-27_MQ2,RICE006_WB_2017-05-27_MQ2_3120,RICE006_WB_2017-05-27_MQ2_3120_length,Calipers to nearest mm,Length,NA,mm,NA,13,NA
RICE006_WB_2017-05-27_MQ2,RICE006_WB_2017-05-27_MQ2_3121,RICE006_WB_2017-05-27_MQ2_3121_length,Calipers to nearest mm,Length,NA,mm,NA,16,NA
RICE006_WB_2017-05-27_MQ2,RICE006_WB_2017-05-27_MQ2_3122,RICE006_WB_2017-05-27_MQ2_3122_length,Calipers to nearest mm,Length,NA,mm,NA,14,NA
RICE006_WB_2017-05-27_MQ3,RICE006_WB_2017-05-27_MQ3_3123,RICE006_WB_2017-05-27_MQ3_3123_length,Calipers to nearest mm,Length,NA,mm,NA,16,NA
RICE006_WB_2017-05-27_MQ3,RICE006_WB_2017-05-27_MQ3_3124,RICE006_WB_2017-05-27_MQ3_3124_length,Calipers to nearest mm,Length,NA,mm,NA,13,NA
RICE006_WB_2017-05-27_MQ4,RICE006_WB_2017-05-27_MQ4_3125,RICE006_WB_2017-05-27_MQ4_3125_length,Calipers to nearest mm,Length,NA,mm,NA,21,NA
RICE006_WB_2017-05-27_MQ4,RICE006_WB_2017-05-27_MQ4_3126,RICE006_WB_2017-05-27_MQ4_3126_length,Calipers to nearest mm,Length,NA,mm,NA,15,NA
RICE006_WB_2017-05-27_MQ5,RICE006_WB_2017-05-27_MQ5_3127,RICE006_WB_2017-05-27_MQ5_3127_length,Calipers to nearest mm,Length,NA,mm,NA,19,NA
RICE006_WB_2017-05-27_MQ5,RICE006_WB_2017-05-27_MQ5_3128,RICE006_WB_2017-05-27_MQ5_3128_length,Calipers to nearest mm,Length,NA,mm,NA,21,NA
RICE006_WB_2017-05-27_MQ5,RICE006_WB_2017-05-27_MQ5_3129,RICE006_WB_2017-05-27_MQ5_3129_length,Calipers to nearest mm,Length,NA,mm,NA,15,NA
RICE006_WB_2017-05-27_MQ5,RICE006_WB_2017-05-27_MQ5_3130,RICE006_WB_2017-05-27_MQ5_3130_length,Calipers to nearest mm,Length,NA,mm,NA,22,NA
RICE006_NB_2017-05-28_FQ1,RICE006_NB_2017-05-28_FQ1_3131,RICE006_NB_2017-05-28_FQ1_3131_length,Calipers to nearest mm,Length,NA,mm,NA,28,NA
RICE006_NB_2017-05-28_FQ1,RICE006_NB_2017-05-28_FQ1_3132,RICE006_NB_2017-05-28_FQ1_3132_length,Calipers to nearest mm,Length,NA,mm,NA,23,NA
RICE006_NB_2017-05-28_FQ1,RICE006_NB_2017-05-28_FQ1_3133,RICE006_NB_2017-05-28_FQ1_3133_length,Calipers to nearest mm,Length,NA,mm,NA,25,NA
RICE006_NB_2017-05-28_FQ2,RICE006_NB_2017-05-28_FQ2_3134,RICE006_NB_2017-05-28_FQ2_3134_length,Calipers to nearest mm,Length,NA,mm,NA,17,NA
RICE006_NB_2017-05-28_FQ2,RICE006_NB_2017-05-28_FQ2_3135,RICE006_NB_2017-05-28_FQ2_3135_length,Calipers to nearest mm,Length,NA,mm,NA,13,NA
RICE006_NB_2017-05-28_FQ2,RICE006_NB_2017-05-28_FQ2_3136,RICE006_NB_2017-05-28_FQ2_3136_length,Calipers to nearest mm,Length,NA,mm,NA,11,NA
RICE006_NB_2017-05-28_FQ2,RICE006_NB_2017-05-28_FQ2_3137,RICE006_NB_2017-05-28_FQ2_3137_length,Calipers to nearest mm,Length,NA,mm,NA,14,NA
RICE006_NB_2017-05-28_MQ1,RICE006_NB_2017-05-28_MQ1_3138,RICE006_NB_2017-05-28_MQ1_3138_length,Calipers to nearest mm,Length,NA,mm,NA,14,NA
RICE006_NB_2017-05-28_MQ2,RICE006_NB_2017-05-28_MQ2_3139,RICE006_NB_2017-05-28_MQ2_3139_length,Calipers to nearest mm,Length,NA,mm,NA,35,NA
RICE006_NB_2017-05-28_MQ2,RICE006_NB_2017-05-28_MQ2_3140,RICE006_NB_2017-05-28_MQ2_3140_length,Calipers to nearest mm,Length,NA,mm,NA,17,NA
RICE006_NB_2017-05-28_MQ2,RICE006_NB_2017-05-28_MQ2_3141,RICE006_NB_2017-05-28_MQ2_3141_length,Calipers to nearest mm,Length,NA,mm,NA,8,NA
RICE006_NB_2017-05-28_MQ2,RICE006_NB_2017-05-28_MQ2_3142,RICE006_NB_2017-05-28_MQ2_3142_length,Calipers to nearest mm,Length,NA,mm,NA,6,NA
RICE006_FB_2017-05-29_BQ1,RICE006_FB_2017-05-29_BQ1_3143,RICE006_FB_2017-05-29_BQ1_3143_length,Calipers to nearest mm,Length,NA,mm,NA,19,NA
RICE006_FB_2017-05-29_BQ1,RICE006_FB_2017-05-29_BQ1_3144,RICE006_FB_2017-05-29_BQ1_3144_length,Calipers to nearest mm,Length,NA,mm,NA,18,NA
RICE006_FB_2017-05-29_BQ1,RICE006_FB_2017-05-29_BQ1_3145,RICE006_FB_2017-05-29_BQ1_3145_length,Calipers to nearest mm,Length,NA,mm,NA,12,NA
RICE006_FB_2017-05-29_BQ1,RICE006_FB_2017-05-29_BQ1_3146,RICE006_FB_2017-05-29_BQ1_3146_length,Calipers to nearest mm,Length,NA,mm,NA,13,NA
RICE006_FB_2017-05-29_BQ1,RICE006_FB_2017-05-29_BQ1_3147,RICE006_FB_2017-05-29_BQ1_3147_length,Calipers to nearest mm,Length,NA,mm,NA,14,NA
RICE006_FB_2017-05-29_BQ1,RICE006_FB_2017-05-29_BQ1_3148,RICE006_FB_2017-05-29_BQ1_3148_length,Calipers to nearest mm,Length,NA,mm,NA,17,NA
RICE006_FB_2017-05-29_BQ1,RICE006_FB_2017-05-29_BQ1_3149,RICE006_FB_2017-05-29_BQ1_3149_length,Calipers to nearest mm,Length,NA,mm,NA,16,NA
RICE006_FB_2017-05-29_BQ1,RICE006_FB_2017-05-29_BQ1_3150,RICE006_FB_2017-05-29_BQ1_3150_length,Calipers to nearest mm,Length,NA,mm,NA,9,NA
RICE006_FB_2017-05-29_BQ3,RICE006_FB_2017-05-29_BQ3_3151,RICE006_FB_2017-05-29_BQ3_3151_length,Calipers to nearest mm,Length,NA,mm,NA,19,NA
RICE006_FB_2017-05-29_BQ3,RICE006_FB_2017-05-29_BQ3_3152,RICE006_FB_2017-05-29_BQ3_3152_length,Calipers to nearest mm,Length,NA,mm,NA,17,NA
RICE006_FB_2017-05-29_BQ3,RICE006_FB_2017-05-29_BQ3_3153,RICE006_FB_2017-05-29_BQ3_3153_length,Calipers to nearest mm,Length,NA,mm,NA,16,NA
RICE006_FB_2017-05-29_BQ3,RICE006_FB_2017-05-29_BQ3_3154,RICE006_FB_2017-05-29_BQ3_3154_length,Calipers to nearest mm,Length,NA,mm,NA,18,NA
RICE006_FB_2017-05-29_BQ3,RICE006_FB_2017-05-29_BQ3_3155,RICE006_FB_2017-05-29_BQ3_3155_length,Calipers to nearest mm,Length,NA,mm,NA,15,NA
RICE006_FB_2017-05-29_BQ4,RICE006_FB_2017-05-29_BQ4_3156,RICE006_FB_2017-05-29_BQ4_3156_length,Calipers to nearest mm,Length,NA,mm,NA,11,NA
RICE006_FB_2017-05-29_BQ4,RICE006_FB_2017-05-29_BQ4_3157,RICE006_FB_2017-05-29_BQ4_3157_length,Calipers to nearest mm,Length,NA,mm,NA,10,NA
RICE006_FB_2017-05-29_BQ4,RICE006_FB_2017-05-29_BQ4_3158,RICE006_FB_2017-05-29_BQ4_3158_length,Calipers to nearest mm,Length,NA,mm,NA,16,NA
RICE006_FB_2017-05-29_BQ4,RICE006_FB_2017-05-29_BQ4_3159,RICE006_FB_2017-05-29_BQ4_3159_length,Calipers to nearest mm,Length,NA,mm,NA,13,NA
RICE006_FB_2017-05-29_BQ4,RICE006_FB_2017-05-29_BQ4_3160,RICE006_FB_2017-05-29_BQ4_3160_length,Calipers to nearest mm,Length,NA,mm,NA,17,NA
RICE006_FB_2017-05-29_BQ4,RICE006_FB_2017-05-29_BQ4_3161,RICE006_FB_2017-05-29_BQ4_3161_length,Calipers to nearest mm,Length,NA,mm,NA,18,NA
RICE006_FB_2017-05-29_BQ5,RICE006_FB_2017-05-29_BQ5_3162,RICE006_FB_2017-05-29_BQ5_3162_length,Calipers to nearest mm,Length,NA,mm,NA,16,NA
RICE006_FB_2017-05-29_BQ5,RICE006_FB_2017-05-29_BQ5_3163,RICE006_FB_2017-05-29_BQ5_3163_length,Calipers to nearest mm,Length,NA,mm,NA,19,NA
RICE006_FB_2017-05-29_BQ5,RICE006_FB_2017-05-29_BQ5_3164,RICE006_FB_2017-05-29_BQ5_3164_length,Calipers to nearest mm,Length,NA,mm,NA,15,NA
RICE006_FB_2017-05-29_BQ5,RICE006_FB_2017-05-29_BQ5_3165,RICE006_FB_2017-05-29_BQ5_3165_length,Calipers to nearest mm,Length,NA,mm,NA,17,NA
RICE006_FB_2017-05-29_BQ5,RICE006_FB_2017-05-29_BQ5_3166,RICE006_FB_2017-05-29_BQ5_3166_length,Calipers to nearest mm,Length,NA,mm,NA,10,NA
RICE006_FB_2017-05-29_BQ5,RICE006_FB_2017-05-29_BQ5_3167,RICE006_FB_2017-05-29_BQ5_3167_length,Calipers to nearest mm,Length,NA,mm,NA,11,NA
RICE006_FB_2017-05-29_BQ5,RICE006_FB_2017-05-29_BQ5_3168,RICE006_FB_2017-05-29_BQ5_3168_length,Calipers to nearest mm,Length,NA,mm,NA,12,NA
RICE006_FB_2017-05-29_BQ5,RICE006_FB_2017-05-29_BQ5_3169,RICE006_FB_2017-05-29_BQ5_3169_length,Calipers to nearest mm,Length,NA,mm,NA,18,NA
RICE006_FB_2017-05-29_FQ1,RICE006_FB_2017-05-29_FQ1_3170,RICE006_FB_2017-05-29_FQ1_3170_length,Calipers to nearest mm,Length,NA,mm,NA,10,NA
RICE006_FB_2017-05-29_FQ1,RICE006_FB_2017-05-29_FQ1_3171,RICE006_FB_2017-05-29_FQ1_3171_length,Calipers to nearest mm,Length,NA,mm,NA,5,NA
RICE006_FB_2017-05-29_FQ1,RICE006_FB_2017-05-29_FQ1_3172,RICE006_FB_2017-05-29_FQ1_3172_length,Calipers to nearest mm,Length,NA,mm,NA,9,NA
RICE006_FB_2017-05-29_FQ1,RICE006_FB_2017-05-29_FQ1_3173,RICE006_FB_2017-05-29_FQ1_3173_length,Calipers to nearest mm,Length,NA,mm,NA,18,NA
RICE006_FB_2017-05-29_FQ2,RICE006_FB_2017-05-29_FQ2_3174,RICE006_FB_2017-05-29_FQ2_3174_length,Calipers to nearest mm,Length,NA,mm,NA,20,NA
RICE006_FB_2017-05-29_FQ2,RICE006_FB_2017-05-29_FQ2_3175,RICE006_FB_2017-05-29_FQ2_3175_length,Calipers to nearest mm,Length,NA,mm,NA,18,NA
RICE006_FB_2017-05-29_FQ2,RICE006_FB_2017-05-29_FQ2_3176,RICE006_FB_2017-05-29_FQ2_3176_length,Calipers to nearest mm,Length,NA,mm,NA,22,NA
RICE006_FB_2017-05-29_FQ2,RICE006_FB_2017-05-29_FQ2_3177,RICE006_FB_2017-05-29_FQ2_3177_length,Calipers to nearest mm,Length,NA,mm,NA,15,NA
RICE006_FB_2017-05-29_FQ2,RICE006_FB_2017-05-29_FQ2_3178,RICE006_FB_2017-05-29_FQ2_3178_length,Calipers to nearest mm,Length,NA,mm,NA,21,NA
RICE006_FB_2017-05-29_FQ2,RICE006_FB_2017-05-29_FQ2_3179,RICE006_FB_2017-05-29_FQ2_3179_length,Calipers to nearest mm,Length,NA,mm,NA,14,NA
RICE006_FB_2017-05-29_FQ3,RICE006_FB_2017-05-29_FQ3_3180,RICE006_FB_2017-05-29_FQ3_3180_length,Calipers to nearest mm,Length,NA,mm,NA,14,NA
RICE006_FB_2017-05-29_FQ3,RICE006_FB_2017-05-29_FQ3_3181,RICE006_FB_2017-05-29_FQ3_3181_length,Calipers to nearest mm,Length,NA,mm,NA,15,NA
RICE006_FB_2017-05-29_FQ3,RICE006_FB_2017-05-29_FQ3_3182,RICE006_FB_2017-05-29_FQ3_3182_length,Calipers to nearest mm,Length,NA,mm,NA,18,NA
RICE006_FB_2017-05-29_FQ3,RICE006_FB_2017-05-29_FQ3_3183,RICE006_FB_2017-05-29_FQ3_3183_length,Calipers to nearest mm,Length,NA,mm,NA,19,NA
RICE006_FB_2017-05-29_FQ3,RICE006_FB_2017-05-29_FQ3_3184,RICE006_FB_2017-05-29_FQ3_3184_length,Calipers to nearest mm,Length,NA,mm,NA,21,NA
RICE006_FB_2017-05-29_FQ3,RICE006_FB_2017-05-29_FQ3_3185,RICE006_FB_2017-05-29_FQ3_3185_length,Calipers to nearest mm,Length,NA,mm,NA,22,NA
RICE006_FB_2017-05-29_FQ3,RICE006_FB_2017-05-29_FQ3_3186,RICE006_FB_2017-05-29_FQ3_3186_length,Calipers to nearest mm,Length,NA,mm,NA,20,NA
RICE006_FB_2017-05-29_FQ3,RICE006_FB_2017-05-29_FQ3_3187,RICE006_FB_2017-05-29_FQ3_3187_length,Calipers to nearest mm,Length,NA,mm,NA,19,NA
RICE006_FB_2017-05-29_FQ3,RICE006_FB_2017-05-29_FQ3_3188,RICE006_FB_2017-05-29_FQ3_3188_length,Calipers to nearest mm,Length,NA,mm,NA,22,NA
RICE006_FB_2017-05-29_FQ4,RICE006_FB_2017-05-29_FQ4_3189,RICE006_FB_2017-05-29_FQ4_3189_length,Calipers to nearest mm,Length,NA,mm,NA,19,NA
RICE006_FB_2017-05-29_FQ4,RICE006_FB_2017-05-29_FQ4_3190,RICE006_FB_2017-05-29_FQ4_3190_length,Calipers to nearest mm,Length,NA,mm,NA,18,NA
RICE006_FB_2017-05-29_FQ4,RICE006_FB_2017-05-29_FQ4_3191,RICE006_FB_2017-05-29_FQ4_3191_length,Calipers to nearest mm,Length,NA,mm,NA,17,NA
RICE006_FB_2017-05-29_FQ4,RICE006_FB_2017-05-29_FQ4_3192,RICE006_FB_2017-05-29_FQ4_3192_length,Calipers to nearest mm,Length,NA,mm,NA,21,NA
RICE006_FB_2017-05-29_FQ5,RICE006_FB_2017-05-29_FQ5_3193,RICE006_FB_2017-05-29_FQ5_3193_length,Calipers to nearest mm,Length,NA,mm,NA,21,NA
RICE006_FB_2017-05-29_FQ5,RICE006_FB_2017-05-29_FQ5_3194,RICE006_FB_2017-05-29_FQ5_3194_length,Calipers to nearest mm,Length,NA,mm,NA,22,NA
RICE006_FB_2017-05-29_MQ1,RICE006_FB_2017-05-29_MQ1_3195,RICE006_FB_2017-05-29_MQ1_3195_length,Calipers to nearest mm,Length,NA,mm,NA,15,NA
RICE006_FB_2017-05-29_MQ1,RICE006_FB_2017-05-29_MQ1_3196,RICE006_FB_2017-05-29_MQ1_3196_length,Calipers to nearest mm,Length,NA,mm,NA,12,NA
RICE006_FB_2017-05-29_MQ1,RICE006_FB_2017-05-29_MQ1_3197,RICE006_FB_2017-05-29_MQ1_3197_length,Calipers to nearest mm,Length,NA,mm,NA,13,NA
RICE006_FB_2017-05-29_MQ2,RICE006_FB_2017-05-29_MQ2_3198,RICE006_FB_2017-05-29_MQ2_3198_length,Calipers to nearest mm,Length,NA,mm,NA,14,NA
RICE006_FB_2017-05-29_MQ2,RICE006_FB_2017-05-29_MQ2_3199,RICE006_FB_2017-05-29_MQ2_3199_length,Calipers to nearest mm,Length,NA,mm,NA,16,NA
RICE006_FB_2017-05-29_MQ2,RICE006_FB_2017-05-29_MQ2_3200,RICE006_FB_2017-05-29_MQ2_3200_length,Calipers to nearest mm,Length,NA,mm,NA,17,NA
RICE006_FB_2017-05-29_MQ2,RICE006_FB_2017-05-29_MQ2_3201,RICE006_FB_2017-05-29_MQ2_3201_length,Calipers to nearest mm,Length,NA,mm,NA,10,NA
RICE006_FB_2017-05-29_MQ3,RICE006_FB_2017-05-29_MQ3_3202,RICE006_FB_2017-05-29_MQ3_3202_length,Calipers to nearest mm,Length,NA,mm,NA,17,NA
RICE006_FB_2017-05-29_MQ3,RICE006_FB_2017-05-29_MQ3_3203,RICE006_FB_2017-05-29_MQ3_3203_length,Calipers to nearest mm,Length,NA,mm,NA,20,NA
RICE006_FB_2017-05-29_MQ3,RICE006_FB_2017-05-29_MQ3_3204,RICE006_FB_2017-05-29_MQ3_3204_length,Calipers to nearest mm,Length,NA,mm,NA,14,NA
RICE006_FB_2017-05-29_MQ3,RICE006_FB_2017-05-29_MQ3_3205,RICE006_FB_2017-05-29_MQ3_3205_length,Calipers to nearest mm,Length,NA,mm,NA,16,NA
RICE006_FB_2017-05-29_MQ4,RICE006_FB_2017-05-29_MQ4_3206,RICE006_FB_2017-05-29_MQ4_3206_length,Calipers to nearest mm,Length,NA,mm,NA,10,NA
RICE006_FB_2017-05-29_MQ5,RICE006_FB_2017-05-29_MQ5_3207,RICE006_FB_2017-05-29_MQ5_3207_length,Calipers to nearest mm,Length,NA,mm,NA,10,NA
RICE006_FB_2017-05-29_MQ5,RICE006_FB_2017-05-29_MQ5_3208,RICE006_FB_2017-05-29_MQ5_3208_length,Calipers to nearest mm,Length,NA,mm,NA,9,NA
RICE007_FB_2017-06-29_BQ1,RICE007_FB_2017-06-29_BQ1_3209,RICE007_FB_2017-06-29_BQ1_3209_length,Calipers to nearest mm,Length,NA,mm,NA,15,NA
RICE007_FB_2017-06-29_BQ1,RICE007_FB_2017-06-29_BQ1_3210,RICE007_FB_2017-06-29_BQ1_3210_length,Calipers to nearest mm,Length,NA,mm,NA,10,NA
RICE007_FB_2017-06-29_BQ1,RICE007_FB_2017-06-29_BQ1_3211,RICE007_FB_2017-06-29_BQ1_3211_length,Calipers to nearest mm,Length,NA,mm,NA,12,NA
RICE007_FB_2017-06-29_BQ1,RICE007_FB_2017-06-29_BQ1_3212,RICE007_FB_2017-06-29_BQ1_3212_length,Calipers to nearest mm,Length,NA,mm,NA,14,NA
RICE007_FB_2017-06-29_BQ1,RICE007_FB_2017-06-29_BQ1_3213,RICE007_FB_2017-06-29_BQ1_3213_length,Calipers to nearest mm,Length,NA,mm,NA,16,NA
RICE007_FB_2017-06-29_BQ1,RICE007_FB_2017-06-29_BQ1_3214,RICE007_FB_2017-06-29_BQ1_3214_length,Calipers to nearest mm,Length,NA,mm,NA,18,NA
RICE007_FB_2017-06-29_BQ3,RICE007_FB_2017-06-29_BQ3_3215,RICE007_FB_2017-06-29_BQ3_3215_length,Calipers to nearest mm,Length,NA,mm,NA,18,NA
RICE007_FB_2017-06-29_BQ3,RICE007_FB_2017-06-29_BQ3_3216,RICE007_FB_2017-06-29_BQ3_3216_length,Calipers to nearest mm,Length,NA,mm,NA,16,NA
RICE007_FB_2017-06-29_BQ3,RICE007_FB_2017-06-29_BQ3_3217,RICE007_FB_2017-06-29_BQ3_3217_length,Calipers to nearest mm,Length,NA,mm,NA,15,NA
RICE007_FB_2017-06-29_BQ3,RICE007_FB_2017-06-29_BQ3_3218,RICE007_FB_2017-06-29_BQ3_3218_length,Calipers to nearest mm,Length,NA,mm,NA,14,NA
RICE007_FB_2017-06-29_BQ3,RICE007_FB_2017-06-29_BQ3_3219,RICE007_FB_2017-06-29_BQ3_3219_length,Calipers to nearest mm,Length,NA,mm,NA,19,NA
RICE007_FB_2017-06-29_BQ3,RICE007_FB_2017-06-29_BQ3_3220,RICE007_FB_2017-06-29_BQ3_3220_length,Calipers to nearest mm,Length,NA,mm,NA,11,NA
RICE007_FB_2017-06-29_BQ3,RICE007_FB_2017-06-29_BQ3_3221,RICE007_FB_2017-06-29_BQ3_3221_length,Calipers to nearest mm,Length,NA,mm,NA,17,NA
RICE007_FB_2017-06-29_BQ4,RICE007_FB_2017-06-29_BQ4_3222,RICE007_FB_2017-06-29_BQ4_3222_length,Calipers to nearest mm,Length,NA,mm,NA,12,NA
RICE007_FB_2017-06-29_BQ4,RICE007_FB_2017-06-29_BQ4_3223,RICE007_FB_2017-06-29_BQ4_3223_length,Calipers to nearest mm,Length,NA,mm,NA,14,NA
RICE007_FB_2017-06-29_BQ4,RICE007_FB_2017-06-29_BQ4_3224,RICE007_FB_2017-06-29_BQ4_3224_length,Calipers to nearest mm,Length,NA,mm,NA,13,NA
RICE007_FB_2017-06-29_BQ4,RICE007_FB_2017-06-29_BQ4_3225,RICE007_FB_2017-06-29_BQ4_3225_length,Calipers to nearest mm,Length,NA,mm,NA,17,NA
RICE007_FB_2017-06-29_BQ4,RICE007_FB_2017-06-29_BQ4_3226,RICE007_FB_2017-06-29_BQ4_3226_length,Calipers to nearest mm,Length,NA,mm,NA,16,NA
RICE007_FB_2017-06-29_BQ5,RICE007_FB_2017-06-29_BQ5_3227,RICE007_FB_2017-06-29_BQ5_3227_length,Calipers to nearest mm,Length,NA,mm,NA,19,NA
RICE007_FB_2017-06-29_BQ5,RICE007_FB_2017-06-29_BQ5_3228,RICE007_FB_2017-06-29_BQ5_3228_length,Calipers to nearest mm,Length,NA,mm,NA,17,NA
RICE007_FB_2017-06-29_BQ5,RICE007_FB_2017-06-29_BQ5_3229,RICE007_FB_2017-06-29_BQ5_3229_length,Calipers to nearest mm,Length,NA,mm,NA,16,NA
RICE007_FB_2017-06-29_BQ5,RICE007_FB_2017-06-29_BQ5_3230,RICE007_FB_2017-06-29_BQ5_3230_length,Calipers to nearest mm,Length,NA,mm,NA,12,NA
RICE007_FB_2017-06-29_BQ5,RICE007_FB_2017-06-29_BQ5_3231,RICE007_FB_2017-06-29_BQ5_3231_length,Calipers to nearest mm,Length,NA,mm,NA,13,NA
RICE007_FB_2017-06-29_BQ5,RICE007_FB_2017-06-29_BQ5_3232,RICE007_FB_2017-06-29_BQ5_3232_length,Calipers to nearest mm,Length,NA,mm,NA,15,NA
RICE007_FB_2017-06-29_BQ5,RICE007_FB_2017-06-29_BQ5_3233,RICE007_FB_2017-06-29_BQ5_3233_length,Calipers to nearest mm,Length,NA,mm,NA,18,NA
RICE007_FB_2017-06-29_FQ1,RICE007_FB_2017-06-29_FQ1_3234,RICE007_FB_2017-06-29_FQ1_3234_length,Calipers to nearest mm,Length,NA,mm,NA,21,NA
RICE007_FB_2017-06-29_FQ1,RICE007_FB_2017-06-29_FQ1_3235,RICE007_FB_2017-06-29_FQ1_3235_length,Calipers to nearest mm,Length,NA,mm,NA,22,NA
RICE007_FB_2017-06-29_FQ1,RICE007_FB_2017-06-29_FQ1_3236,RICE007_FB_2017-06-29_FQ1_3236_length,Calipers to nearest mm,Length,NA,mm,NA,14,NA
RICE007_FB_2017-06-29_FQ1,RICE007_FB_2017-06-29_FQ1_3237,RICE007_FB_2017-06-29_FQ1_3237_length,Calipers to nearest mm,Length,NA,mm,NA,23,NA
RICE007_FB_2017-06-29_FQ1,RICE007_FB_2017-06-29_FQ1_3238,RICE007_FB_2017-06-29_FQ1_3238_length,Calipers to nearest mm,Length,NA,mm,NA,21,NA
RICE007_FB_2017-06-29_FQ1,RICE007_FB_2017-06-29_FQ1_3239,RICE007_FB_2017-06-29_FQ1_3239_length,Calipers to nearest mm,Length,NA,mm,NA,18,NA
RICE007_FB_2017-06-29_FQ1,RICE007_FB_2017-06-29_FQ1_3240,RICE007_FB_2017-06-29_FQ1_3240_length,Calipers to nearest mm,Length,NA,mm,NA,22,NA
RICE007_FB_2017-06-29_FQ1,RICE007_FB_2017-06-29_FQ1_3241,RICE007_FB_2017-06-29_FQ1_3241_length,Calipers to nearest mm,Length,NA,mm,NA,25,NA
RICE007_FB_2017-06-29_FQ1,RICE007_FB_2017-06-29_FQ1_3242,RICE007_FB_2017-06-29_FQ1_3242_length,Calipers to nearest mm,Length,NA,mm,NA,19,NA
RICE007_FB_2017-06-29_FQ1,RICE007_FB_2017-06-29_FQ1_3243,RICE007_FB_2017-06-29_FQ1_3243_length,Calipers to nearest mm,Length,NA,mm,NA,20,NA
RICE007_FB_2017-06-29_FQ2,RICE007_FB_2017-06-29_FQ2_3244,RICE007_FB_2017-06-29_FQ2_3244_length,Calipers to nearest mm,Length,NA,mm,NA,15,NA
RICE007_FB_2017-06-29_FQ2,RICE007_FB_2017-06-29_FQ2_3245,RICE007_FB_2017-06-29_FQ2_3245_length,Calipers to nearest mm,Length,NA,mm,NA,20,NA
RICE007_FB_2017-06-29_FQ2,RICE007_FB_2017-06-29_FQ2_3246,RICE007_FB_2017-06-29_FQ2_3246_length,Calipers to nearest mm,Length,NA,mm,NA,19,NA
RICE007_FB_2017-06-29_FQ3,RICE007_FB_2017-06-29_FQ3_3247,RICE007_FB_2017-06-29_FQ3_3247_length,Calipers to nearest mm,Length,NA,mm,NA,16,NA
RICE007_FB_2017-06-29_FQ4,RICE007_FB_2017-06-29_FQ4_3248,RICE007_FB_2017-06-29_FQ4_3248_length,Calipers to nearest mm,Length,NA,mm,NA,22,NA
RICE007_FB_2017-06-29_FQ4,RICE007_FB_2017-06-29_FQ4_3249,RICE007_FB_2017-06-29_FQ4_3249_length,Calipers to nearest mm,Length,NA,mm,NA,19,NA
RICE007_FB_2017-06-29_FQ4,RICE007_FB_2017-06-29_FQ4_3250,RICE007_FB_2017-06-29_FQ4_3250_length,Calipers to nearest mm,Length,NA,mm,NA,17,NA
RICE007_FB_2017-06-29_FQ4,RICE007_FB_2017-06-29_FQ4_3251,RICE007_FB_2017-06-29_FQ4_3251_length,Calipers to nearest mm,Length,NA,mm,NA,22,NA
RICE007_FB_2017-06-29_FQ4,RICE007_FB_2017-06-29_FQ4_3252,RICE007_FB_2017-06-29_FQ4_3252_length,Calipers to nearest mm,Length,NA,mm,NA,23,NA
RICE007_FB_2017-06-29_FQ4,RICE007_FB_2017-06-29_FQ4_3253,RICE007_FB_2017-06-29_FQ4_3253_length,Calipers to nearest mm,Length,NA,mm,NA,16,NA
RICE007_FB_2017-06-29_FQ4,RICE007_FB_2017-06-29_FQ4_3254,RICE007_FB_2017-06-29_FQ4_3254_length,Calipers to nearest mm,Length,NA,mm,NA,20,NA
RICE007_FB_2017-06-29_FQ4,RICE007_FB_2017-06-29_FQ4_3255,RICE007_FB_2017-06-29_FQ4_3255_length,Calipers to nearest mm,Length,NA,mm,NA,17,NA
RICE007_FB_2017-06-29_FQ4,RICE007_FB_2017-06-29_FQ4_3256,RICE007_FB_2017-06-29_FQ4_3256_length,Calipers to nearest mm,Length,NA,mm,NA,10,NA
RICE007_FB_2017-06-29_FQ4,RICE007_FB_2017-06-29_FQ4_3257,RICE007_FB_2017-06-29_FQ4_3257_length,Calipers to nearest mm,Length,NA,mm,NA,25,NA
RICE007_FB_2017-06-29_MQ1,RICE007_FB_2017-06-29_MQ1_3258,RICE007_FB_2017-06-29_MQ1_3258_length,Calipers to nearest mm,Length,NA,mm,NA,14,NA
RICE007_FB_2017-06-29_MQ1,RICE007_FB_2017-06-29_MQ1_3259,RICE007_FB_2017-06-29_MQ1_3259_length,Calipers to nearest mm,Length,NA,mm,NA,17,NA
RICE007_FB_2017-06-29_MQ1,RICE007_FB_2017-06-29_MQ1_3260,RICE007_FB_2017-06-29_MQ1_3260_length,Calipers to nearest mm,Length,NA,mm,NA,16,NA
RICE007_FB_2017-06-29_MQ1,RICE007_FB_2017-06-29_MQ1_3261,RICE007_FB_2017-06-29_MQ1_3261_length,Calipers to nearest mm,Length,NA,mm,NA,10,NA
RICE007_FB_2017-06-29_MQ2,RICE007_FB_2017-06-29_MQ2_3262,RICE007_FB_2017-06-29_MQ2_3262_length,Calipers to nearest mm,Length,NA,mm,NA,8,NA
RICE007_FB_2017-06-29_MQ2,RICE007_FB_2017-06-29_MQ2_3263,RICE007_FB_2017-06-29_MQ2_3263_length,Calipers to nearest mm,Length,NA,mm,NA,16,NA
RICE007_FB_2017-06-29_MQ2,RICE007_FB_2017-06-29_MQ2_3264,RICE007_FB_2017-06-29_MQ2_3264_length,Calipers to nearest mm,Length,NA,mm,NA,10,NA
RICE007_FB_2017-06-29_MQ2,RICE007_FB_2017-06-29_MQ2_3265,RICE007_FB_2017-06-29_MQ2_3265_length,Calipers to nearest mm,Length,NA,mm,NA,9,NA
RICE007_FB_2017-06-29_MQ2,RICE007_FB_2017-06-29_MQ2_3266,RICE007_FB_2017-06-29_MQ2_3266_length,Calipers to nearest mm,Length,NA,mm,NA,10,NA
RICE007_FB_2017-06-29_MQ3,RICE007_FB_2017-06-29_MQ3_3267,RICE007_FB_2017-06-29_MQ3_3267_length,Calipers to nearest mm,Length,NA,mm,NA,12,NA
RICE007_FB_2017-06-29_MQ3,RICE007_FB_2017-06-29_MQ3_3268,RICE007_FB_2017-06-29_MQ3_3268_length,Calipers to nearest mm,Length,NA,mm,NA,10,NA
RICE007_FB_2017-06-29_MQ3,RICE007_FB_2017-06-29_MQ3_3269,RICE007_FB_2017-06-29_MQ3_3269_length,Calipers to nearest mm,Length,NA,mm,NA,14,NA
RICE007_FB_2017-06-29_MQ3,RICE007_FB_2017-06-29_MQ3_3270,RICE007_FB_2017-06-29_MQ3_3270_length,Calipers to nearest mm,Length,NA,mm,NA,8,NA
RICE007_FB_2017-06-29_MQ3,RICE007_FB_2017-06-29_MQ3_3271,RICE007_FB_2017-06-29_MQ3_3271_length,Calipers to nearest mm,Length,NA,mm,NA,17,NA
RICE007_FB_2017-06-29_MQ3,RICE007_FB_2017-06-29_MQ3_3272,RICE007_FB_2017-06-29_MQ3_3272_length,Calipers to nearest mm,Length,NA,mm,NA,7,NA
RICE007_FB_2017-06-29_MQ3,RICE007_FB_2017-06-29_MQ3_3273,RICE007_FB_2017-06-29_MQ3_3273_length,Calipers to nearest mm,Length,NA,mm,NA,6,NA
RICE007_FB_2017-06-29_MQ3,RICE007_FB_2017-06-29_MQ3_3274,RICE007_FB_2017-06-29_MQ3_3274_length,Calipers to nearest mm,Length,NA,mm,NA,15,NA
RICE007_FB_2017-06-29_MQ4,RICE007_FB_2017-06-29_MQ4_3275,RICE007_FB_2017-06-29_MQ4_3275_length,Calipers to nearest mm,Length,NA,mm,NA,10,NA
RICE007_FB_2017-06-29_MQ4,RICE007_FB_2017-06-29_MQ4_3276,RICE007_FB_2017-06-29_MQ4_3276_length,Calipers to nearest mm,Length,NA,mm,NA,14,NA
RICE007_FB_2017-06-29_MQ4,RICE007_FB_2017-06-29_MQ4_3277,RICE007_FB_2017-06-29_MQ4_3277_length,Calipers to nearest mm,Length,NA,mm,NA,15,NA
RICE007_FB_2017-06-29_MQ5,RICE007_FB_2017-06-29_MQ5_3278,RICE007_FB_2017-06-29_MQ5_3278_length,Calipers to nearest mm,Length,NA,mm,NA,14,NA
RICE007_FB_2017-06-29_MQ5,RICE007_FB_2017-06-29_MQ5_3279,RICE007_FB_2017-06-29_MQ5_3279_length,Calipers to nearest mm,Length,NA,mm,NA,15,NA
RICE007_NB_2017-06-30_FQ1,RICE007_NB_2017-06-30_FQ1_3280,RICE007_NB_2017-06-30_FQ1_3280_length,Calipers to nearest mm,Length,NA,mm,NA,24,NA
RICE007_NB_2017-06-30_FQ1,RICE007_NB_2017-06-30_FQ1_3281,RICE007_NB_2017-06-30_FQ1_3281_length,Calipers to nearest mm,Length,NA,mm,NA,22,NA
RICE007_NB_2017-06-30_FQ1,RICE007_NB_2017-06-30_FQ1_3282,RICE007_NB_2017-06-30_FQ1_3282_length,Calipers to nearest mm,Length,NA,mm,NA,23,NA
RICE007_NB_2017-06-30_FQ1,RICE007_NB_2017-06-30_FQ1_3283,RICE007_NB_2017-06-30_FQ1_3283_length,Calipers to nearest mm,Length,NA,mm,NA,21,NA
RICE007_NB_2017-06-30_FQ3,RICE007_NB_2017-06-30_FQ3_3284,RICE007_NB_2017-06-30_FQ3_3284_length,Calipers to nearest mm,Length,NA,mm,NA,60,NA
RICE007_NB_2017-06-30_FQ4,RICE007_NB_2017-06-30_FQ4_3285,RICE007_NB_2017-06-30_FQ4_3285_length,Calipers to nearest mm,Length,NA,mm,NA,57,NA
RICE007_NB_2017-06-30_FQ5,RICE007_NB_2017-06-30_FQ5_3286,RICE007_NB_2017-06-30_FQ5_3286_length,Calipers to nearest mm,Length,NA,mm,NA,16,NA
RICE007_NB_2017-06-30_MQ1,RICE007_NB_2017-06-30_MQ1_3287,RICE007_NB_2017-06-30_MQ1_3287_length,Calipers to nearest mm,Length,NA,mm,NA,15,NA
RICE007_NB_2017-06-30_MQ3,RICE007_NB_2017-06-30_MQ3_3288,RICE007_NB_2017-06-30_MQ3_3288_length,Calipers to nearest mm,Length,NA,mm,NA,16,NA
RICE007_NB_2017-06-30_MQ5,RICE007_NB_2017-06-30_MQ5_3289,RICE007_NB_2017-06-30_MQ5_3289_length,Calipers to nearest mm,Length,NA,mm,NA,19,NA
RICE007_WB_2017-07-01_FQ3,RICE007_WB_2017-07-01_FQ3_3290,RICE007_WB_2017-07-01_FQ3_3290_length,Calipers to nearest mm,Length,NA,mm,NA,27,NA
RICE007_WB_2017-07-01_FQ3,RICE007_WB_2017-07-01_FQ3_3291,RICE007_WB_2017-07-01_FQ3_3291_length,Calipers to nearest mm,Length,NA,mm,NA,25,NA
RICE007_WB_2017-07-01_FQ4,RICE007_WB_2017-07-01_FQ4_3292,RICE007_WB_2017-07-01_FQ4_3292_length,Calipers to nearest mm,Length,NA,mm,NA,65,NA
RICE007_WB_2017-07-01_MQ1,RICE007_WB_2017-07-01_MQ1_3293,RICE007_WB_2017-07-01_MQ1_3293_length,Calipers to nearest mm,Length,NA,mm,NA,20,NA
RICE007_WB_2017-07-01_MQ1,RICE007_WB_2017-07-01_MQ1_3294,RICE007_WB_2017-07-01_MQ1_3294_length,Calipers to nearest mm,Length,NA,mm,NA,19,NA
RICE007_WB_2017-07-01_MQ1,RICE007_WB_2017-07-01_MQ1_3295,RICE007_WB_2017-07-01_MQ1_3295_length,Calipers to nearest mm,Length,NA,mm,NA,17,NA
RICE007_WB_2017-07-01_MQ2,RICE007_WB_2017-07-01_MQ2_3296,RICE007_WB_2017-07-01_MQ2_3296_length,Calipers to nearest mm,Length,NA,mm,NA,16,NA
RICE007_WB_2017-07-01_MQ2,RICE007_WB_2017-07-01_MQ2_3297,RICE007_WB_2017-07-01_MQ2_3297_length,Calipers to nearest mm,Length,NA,mm,NA,17,NA
RICE007_WB_2017-07-01_MQ2,RICE007_WB_2017-07-01_MQ2_3298,RICE007_WB_2017-07-01_MQ2_3298_length,Calipers to nearest mm,Length,NA,mm,NA,18,NA
RICE007_WB_2017-07-01_MQ2,RICE007_WB_2017-07-01_MQ2_3299,RICE007_WB_2017-07-01_MQ2_3299_length,Calipers to nearest mm,Length,NA,mm,NA,16,NA
RICE007_WB_2017-07-01_MQ3,RICE007_WB_2017-07-01_MQ3_3300,RICE007_WB_2017-07-01_MQ3_3300_length,Calipers to nearest mm,Length,NA,mm,NA,18,NA
RICE007_WB_2017-07-01_MQ3,RICE007_WB_2017-07-01_MQ3_3301,RICE007_WB_2017-07-01_MQ3_3301_length,Calipers to nearest mm,Length,NA,mm,NA,15,NA
RICE007_WB_2017-07-01_MQ3,RICE007_WB_2017-07-01_MQ3_3302,RICE007_WB_2017-07-01_MQ3_3302_length,Calipers to nearest mm,Length,NA,mm,NA,16,NA
RICE007_WB_2017-07-01_MQ3,RICE007_WB_2017-07-01_MQ3_3303,RICE007_WB_2017-07-01_MQ3_3303_length,Calipers to nearest mm,Length,NA,mm,NA,17,NA
RICE007_WB_2017-07-01_MQ3,RICE007_WB_2017-07-01_MQ3_3304,RICE007_WB_2017-07-01_MQ3_3304_length,Calipers to nearest mm,Length,NA,mm,NA,20,NA
RICE007_WB_2017-07-01_MQ3,RICE007_WB_2017-07-01_MQ3_3305,RICE007_WB_2017-07-01_MQ3_3305_length,Calipers to nearest mm,Length,NA,mm,NA,8,NA
RICE007_WB_2017-07-01_MQ4,RICE007_WB_2017-07-01_MQ4_3306,RICE007_WB_2017-07-01_MQ4_3306_length,Calipers to nearest mm,Length,NA,mm,NA,24,NA
RICE007_WB_2017-07-01_MQ4,RICE007_WB_2017-07-01_MQ4_3307,RICE007_WB_2017-07-01_MQ4_3307_length,Calipers to nearest mm,Length,NA,mm,NA,18,NA
RICE007_WB_2017-07-01_MQ4,RICE007_WB_2017-07-01_MQ4_3308,RICE007_WB_2017-07-01_MQ4_3308_length,Calipers to nearest mm,Length,NA,mm,NA,17,NA
RICE007_WB_2017-07-01_MQ4,RICE007_WB_2017-07-01_MQ4_3309,RICE007_WB_2017-07-01_MQ4_3309_length,Calipers to nearest mm,Length,NA,mm,NA,16,NA
RICE007_WB_2017-07-01_MQ4,RICE007_WB_2017-07-01_MQ4_3310,RICE007_WB_2017-07-01_MQ4_3310_length,Calipers to nearest mm,Length,NA,mm,NA,13,NA
RICE007_WB_2017-07-01_MQ4,RICE007_WB_2017-07-01_MQ4_3311,RICE007_WB_2017-07-01_MQ4_3311_length,Calipers to nearest mm,Length,NA,mm,NA,19,NA
RICE007_WB_2017-07-01_MQ5,RICE007_WB_2017-07-01_MQ5_3312,RICE007_WB_2017-07-01_MQ5_3312_length,Calipers to nearest mm,Length,NA,mm,NA,15,NA
RICE007_WB_2017-07-01_MQ5,RICE007_WB_2017-07-01_MQ5_3313,RICE007_WB_2017-07-01_MQ5_3313_length,Calipers to nearest mm,Length,NA,mm,NA,17,NA
RICE007_WB_2017-07-01_MQ5,RICE007_WB_2017-07-01_MQ5_3314,RICE007_WB_2017-07-01_MQ5_3314_length,Calipers to nearest mm,Length,NA,mm,NA,19,NA
RICE007_WB_2017-07-01_MQ5,RICE007_WB_2017-07-01_MQ5_3315,RICE007_WB_2017-07-01_MQ5_3315_length,Calipers to nearest mm,Length,NA,mm,NA,16,NA
RICE007_WB_2017-07-01_MQ5,RICE007_WB_2017-07-01_MQ5_3316,RICE007_WB_2017-07-01_MQ5_3316_length,Calipers to nearest mm,Length,NA,mm,NA,20,NA
RICE008_WB_2017-09-17_BQ1,RICE008_WB_2017-09-17_BQ1_3317,RICE008_WB_2017-09-17_BQ1_3317_length,Calipers to nearest mm,Length,NA,mm,NA,18,NA
RICE008_WB_2017-09-17_BQ2,RICE008_WB_2017-09-17_BQ2_3318,RICE008_WB_2017-09-17_BQ2_3318_length,Calipers to nearest mm,Length,NA,mm,NA,20,NA
RICE008_WB_2017-09-17_BQ2,RICE008_WB_2017-09-17_BQ2_3319,RICE008_WB_2017-09-17_BQ2_3319_length,Calipers to nearest mm,Length,NA,mm,NA,19,NA
RICE008_WB_2017-09-17_FQ3,RICE008_WB_2017-09-17_FQ3_3320,RICE008_WB_2017-09-17_FQ3_3320_length,Calipers to nearest mm,Length,NA,mm,NA,20,NA
RICE008_WB_2017-09-17_FQ4,RICE008_WB_2017-09-17_FQ4_3321,RICE008_WB_2017-09-17_FQ4_3321_length,Calipers to nearest mm,Length,NA,mm,NA,8,NA
RICE008_WB_2017-09-17_FQ5,RICE008_WB_2017-09-17_FQ5_3322,RICE008_WB_2017-09-17_FQ5_3322_length,Calipers to nearest mm,Length,NA,mm,NA,4,NA
RICE008_WB_2017-09-17_FQ5,RICE008_WB_2017-09-17_FQ5_3323,RICE008_WB_2017-09-17_FQ5_3323_length,Calipers to nearest mm,Length,NA,mm,NA,5,NA
RICE008_WB_2017-09-17_FQ5,RICE008_WB_2017-09-17_FQ5_3324,RICE008_WB_2017-09-17_FQ5_3324_length,Calipers to nearest mm,Length,NA,mm,NA,12,NA
RICE008_WB_2017-09-17_FQ5,RICE008_WB_2017-09-17_FQ5_3325,RICE008_WB_2017-09-17_FQ5_3325_length,Calipers to nearest mm,Length,NA,mm,NA,7,NA
RICE008_WB_2017-09-17_MQ1,RICE008_WB_2017-09-17_MQ1_3326,RICE008_WB_2017-09-17_MQ1_3326_length,Calipers to nearest mm,Length,NA,mm,NA,10,NA
RICE008_WB_2017-09-17_MQ1,RICE008_WB_2017-09-17_MQ1_3327,RICE008_WB_2017-09-17_MQ1_3327_length,Calipers to nearest mm,Length,NA,mm,NA,12,NA
RICE008_WB_2017-09-17_MQ1,RICE008_WB_2017-09-17_MQ1_3328,RICE008_WB_2017-09-17_MQ1_3328_length,Calipers to nearest mm,Length,NA,mm,NA,20,NA
RICE008_WB_2017-09-17_MQ1,RICE008_WB_2017-09-17_MQ1_3329,RICE008_WB_2017-09-17_MQ1_3329_length,Calipers to nearest mm,Length,NA,mm,NA,15,NA
RICE008_WB_2017-09-17_MQ1,RICE008_WB_2017-09-17_MQ1_3330,RICE008_WB_2017-09-17_MQ1_3330_length,Calipers to nearest mm,Length,NA,mm,NA,14,NA
RICE008_WB_2017-09-17_MQ2,RICE008_WB_2017-09-17_MQ2_3331,RICE008_WB_2017-09-17_MQ2_3331_length,Calipers to nearest mm,Length,NA,mm,NA,16,NA
RICE008_WB_2017-09-17_MQ2,RICE008_WB_2017-09-17_MQ2_3332,RICE008_WB_2017-09-17_MQ2_3332_length,Calipers to nearest mm,Length,NA,mm,NA,13,NA
RICE008_WB_2017-09-17_MQ2,RICE008_WB_2017-09-17_MQ2_3333,RICE008_WB_2017-09-17_MQ2_3333_length,Calipers to nearest mm,Length,NA,mm,NA,17,NA
RICE008_WB_2017-09-17_MQ2,RICE008_WB_2017-09-17_MQ2_3334,RICE008_WB_2017-09-17_MQ2_3334_length,Calipers to nearest mm,Length,NA,mm,NA,15,NA
RICE008_WB_2017-09-17_MQ3,RICE008_WB_2017-09-17_MQ3_3335,RICE008_WB_2017-09-17_MQ3_3335_length,Calipers to nearest mm,Length,NA,mm,NA,10,NA
RICE008_WB_2017-09-17_MQ3,RICE008_WB_2017-09-17_MQ3_3336,RICE008_WB_2017-09-17_MQ3_3336_length,Calipers to nearest mm,Length,NA,mm,NA,13,NA
RICE008_WB_2017-09-17_MQ3,RICE008_WB_2017-09-17_MQ3_3337,RICE008_WB_2017-09-17_MQ3_3337_length,Calipers to nearest mm,Length,NA,mm,NA,14,NA
RICE008_WB_2017-09-17_MQ3,RICE008_WB_2017-09-17_MQ3_3338,RICE008_WB_2017-09-17_MQ3_3338_length,Calipers to nearest mm,Length,NA,mm,NA,11,NA
RICE008_WB_2017-09-17_MQ3,RICE008_WB_2017-09-17_MQ3_3339,RICE008_WB_2017-09-17_MQ3_3339_length,Calipers to nearest mm,Length,NA,mm,NA,18,NA
RICE008_WB_2017-09-17_MQ3,RICE008_WB_2017-09-17_MQ3_3340,RICE008_WB_2017-09-17_MQ3_3340_length,Calipers to nearest mm,Length,NA,mm,NA,15,NA
RICE008_WB_2017-09-17_MQ3,RICE008_WB_2017-09-17_MQ3_3341,RICE008_WB_2017-09-17_MQ3_3341_length,Calipers to nearest mm,Length,NA,mm,NA,16,NA
RICE008_WB_2017-09-17_MQ4,RICE008_WB_2017-09-17_MQ4_3342,RICE008_WB_2017-09-17_MQ4_3342_length,Calipers to nearest mm,Length,NA,mm,NA,10,NA
RICE008_WB_2017-09-17_MQ5,RICE008_WB_2017-09-17_MQ5_3343,RICE008_WB_2017-09-17_MQ5_3343_length,Calipers to nearest mm,Length,NA,mm,NA,18,NA
RICE008_WB_2017-09-17_MQ5,RICE008_WB_2017-09-17_MQ5_3344,RICE008_WB_2017-09-17_MQ5_3344_length,Calipers to nearest mm,Length,NA,mm,NA,15,NA
RICE008_WB_2017-09-17_MQ5,RICE008_WB_2017-09-17_MQ5_3345,RICE008_WB_2017-09-17_MQ5_3345_length,Calipers to nearest mm,Length,NA,mm,NA,16,NA
RICE008_WB_2017-09-17_MQ5,RICE008_WB_2017-09-17_MQ5_3346,RICE008_WB_2017-09-17_MQ5_3346_length,Calipers to nearest mm,Length,NA,mm,NA,17,NA
RICE008_WB_2017-09-17_MQ5,RICE008_WB_2017-09-17_MQ5_3347,RICE008_WB_2017-09-17_MQ5_3347_length,Calipers to nearest mm,Length,NA,mm,NA,19,NA
RICE008_NB_2017-09-18_BQ1,RICE008_NB_2017-09-18_BQ1_3348,RICE008_NB_2017-09-18_BQ1_3348_length,Calipers to nearest mm,Length,NA,mm,NA,7,NA
RICE008_NB_2017-09-18_BQ1,RICE008_NB_2017-09-18_BQ1_3349,RICE008_NB_2017-09-18_BQ1_3349_length,Calipers to nearest mm,Length,NA,mm,NA,5,NA
RICE008_NB_2017-09-18_BQ3,RICE008_NB_2017-09-18_BQ3_3350,RICE008_NB_2017-09-18_BQ3_3350_length,Calipers to nearest mm,Length,NA,mm,NA,4,NA
RICE008_NB_2017-09-18_FQ2,RICE008_NB_2017-09-18_FQ2_3351,RICE008_NB_2017-09-18_FQ2_3351_length,Calipers to nearest mm,Length,NA,mm,NA,10,NA
RICE008_NB_2017-09-18_MQ1,RICE008_NB_2017-09-18_MQ1_3352,RICE008_NB_2017-09-18_MQ1_3352_length,Calipers to nearest mm,Length,NA,mm,NA,16,NA
RICE008_NB_2017-09-18_MQ3,RICE008_NB_2017-09-18_MQ3_3353,RICE008_NB_2017-09-18_MQ3_3353_length,Calipers to nearest mm,Length,NA,mm,NA,15,NA
RICE008_NB_2017-09-18_MQ4,RICE008_NB_2017-09-18_MQ4_3354,RICE008_NB_2017-09-18_MQ4_3354_length,Calipers to nearest mm,Length,NA,mm,NA,15,NA
RICE008_NB_2017-09-18_MQ4,RICE008_NB_2017-09-18_MQ4_3355,RICE008_NB_2017-09-18_MQ4_3355_length,Calipers to nearest mm,Length,NA,mm,NA,20,NA
RICE008_FB_2017-09-19_BQ1,RICE008_FB_2017-09-19_BQ1_3356,RICE008_FB_2017-09-19_BQ1_3356_length,Calipers to nearest mm,Length,NA,mm,NA,16,NA
RICE008_FB_2017-09-19_BQ1,RICE008_FB_2017-09-19_BQ1_3357,RICE008_FB_2017-09-19_BQ1_3357_length,Calipers to nearest mm,Length,NA,mm,NA,20,NA
RICE008_FB_2017-09-19_BQ1,RICE008_FB_2017-09-19_BQ1_3358,RICE008_FB_2017-09-19_BQ1_3358_length,Calipers to nearest mm,Length,NA,mm,NA,15,NA
RICE008_FB_2017-09-19_BQ1,RICE008_FB_2017-09-19_BQ1_3359,RICE008_FB_2017-09-19_BQ1_3359_length,Calipers to nearest mm,Length,NA,mm,NA,19,NA
RICE008_FB_2017-09-19_BQ1,RICE008_FB_2017-09-19_BQ1_3360,RICE008_FB_2017-09-19_BQ1_3360_length,Calipers to nearest mm,Length,NA,mm,NA,14,NA
RICE008_FB_2017-09-19_BQ1,RICE008_FB_2017-09-19_BQ1_3361,RICE008_FB_2017-09-19_BQ1_3361_length,Calipers to nearest mm,Length,NA,mm,NA,22,NA
RICE008_FB_2017-09-19_BQ1,RICE008_FB_2017-09-19_BQ1_3362,RICE008_FB_2017-09-19_BQ1_3362_length,Calipers to nearest mm,Length,NA,mm,NA,21,NA
RICE008_FB_2017-09-19_BQ1,RICE008_FB_2017-09-19_BQ1_3363,RICE008_FB_2017-09-19_BQ1_3363_length,Calipers to nearest mm,Length,NA,mm,NA,17,NA
RICE008_FB_2017-09-19_BQ1,RICE008_FB_2017-09-19_BQ1_3364,RICE008_FB_2017-09-19_BQ1_3364_length,Calipers to nearest mm,Length,NA,mm,NA,23,NA
RICE008_FB_2017-09-19_BQ2,RICE008_FB_2017-09-19_BQ2_3365,RICE008_FB_2017-09-19_BQ2_3365_length,Calipers to nearest mm,Length,NA,mm,NA,19,NA
RICE008_FB_2017-09-19_BQ3,RICE008_FB_2017-09-19_BQ3_3366,RICE008_FB_2017-09-19_BQ3_3366_length,Calipers to nearest mm,Length,NA,mm,NA,17,NA
RICE008_FB_2017-09-19_BQ3,RICE008_FB_2017-09-19_BQ3_3367,RICE008_FB_2017-09-19_BQ3_3367_length,Calipers to nearest mm,Length,NA,mm,NA,14,NA
RICE008_FB_2017-09-19_BQ3,RICE008_FB_2017-09-19_BQ3_3368,RICE008_FB_2017-09-19_BQ3_3368_length,Calipers to nearest mm,Length,NA,mm,NA,12,NA
RICE008_FB_2017-09-19_BQ3,RICE008_FB_2017-09-19_BQ3_3369,RICE008_FB_2017-09-19_BQ3_3369_length,Calipers to nearest mm,Length,NA,mm,NA,13,NA
RICE008_FB_2017-09-19_BQ3,RICE008_FB_2017-09-19_BQ3_3370,RICE008_FB_2017-09-19_BQ3_3370_length,Calipers to nearest mm,Length,NA,mm,NA,15,NA
RICE008_FB_2017-09-19_BQ3,RICE008_FB_2017-09-19_BQ3_3371,RICE008_FB_2017-09-19_BQ3_3371_length,Calipers to nearest mm,Length,NA,mm,NA,16,NA
RICE008_FB_2017-09-19_BQ4,RICE008_FB_2017-09-19_BQ4_3372,RICE008_FB_2017-09-19_BQ4_3372_length,Calipers to nearest mm,Length,NA,mm,NA,8,NA
RICE008_FB_2017-09-19_BQ4,RICE008_FB_2017-09-19_BQ4_3373,RICE008_FB_2017-09-19_BQ4_3373_length,Calipers to nearest mm,Length,NA,mm,NA,11,NA
RICE008_FB_2017-09-19_BQ4,RICE008_FB_2017-09-19_BQ4_3374,RICE008_FB_2017-09-19_BQ4_3374_length,Calipers to nearest mm,Length,NA,mm,NA,14,NA
RICE008_FB_2017-09-19_BQ4,RICE008_FB_2017-09-19_BQ4_3375,RICE008_FB_2017-09-19_BQ4_3375_length,Calipers to nearest mm,Length,NA,mm,NA,13,NA
RICE008_FB_2017-09-19_BQ4,RICE008_FB_2017-09-19_BQ4_3376,RICE008_FB_2017-09-19_BQ4_3376_length,Calipers to nearest mm,Length,NA,mm,NA,7,NA
RICE008_FB_2017-09-19_BQ4,RICE008_FB_2017-09-19_BQ4_3377,RICE008_FB_2017-09-19_BQ4_3377_length,Calipers to nearest mm,Length,NA,mm,NA,10,NA
RICE008_FB_2017-09-19_BQ4,RICE008_FB_2017-09-19_BQ4_3378,RICE008_FB_2017-09-19_BQ4_3378_length,Calipers to nearest mm,Length,NA,mm,NA,8,NA
RICE008_FB_2017-09-19_BQ4,RICE008_FB_2017-09-19_BQ4_3379,RICE008_FB_2017-09-19_BQ4_3379_length,Calipers to nearest mm,Length,NA,mm,NA,9,NA
RICE008_FB_2017-09-19_BQ5,RICE008_FB_2017-09-19_BQ5_3380,RICE008_FB_2017-09-19_BQ5_3380_length,Calipers to nearest mm,Length,NA,mm,NA,9,NA
RICE008_FB_2017-09-19_BQ5,RICE008_FB_2017-09-19_BQ5_3381,RICE008_FB_2017-09-19_BQ5_3381_length,Calipers to nearest mm,Length,NA,mm,NA,10,NA
RICE008_FB_2017-09-19_BQ5,RICE008_FB_2017-09-19_BQ5_3382,RICE008_FB_2017-09-19_BQ5_3382_length,Calipers to nearest mm,Length,NA,mm,NA,14,NA
RICE008_FB_2017-09-19_BQ5,RICE008_FB_2017-09-19_BQ5_3383,RICE008_FB_2017-09-19_BQ5_3383_length,Calipers to nearest mm,Length,NA,mm,NA,6,NA
RICE008_FB_2017-09-19_BQ5,RICE008_FB_2017-09-19_BQ5_3384,RICE008_FB_2017-09-19_BQ5_3384_length,Calipers to nearest mm,Length,NA,mm,NA,7,NA
RICE008_FB_2017-09-19_BQ5,RICE008_FB_2017-09-19_BQ5_3385,RICE008_FB_2017-09-19_BQ5_3385_length,Calipers to nearest mm,Length,NA,mm,NA,8,NA
RICE008_FB_2017-09-19_FQ1,RICE008_FB_2017-09-19_FQ1_3386,RICE008_FB_2017-09-19_FQ1_3386_length,Calipers to nearest mm,Length,NA,mm,NA,19,NA
RICE008_FB_2017-09-19_FQ1,RICE008_FB_2017-09-19_FQ1_3387,RICE008_FB_2017-09-19_FQ1_3387_length,Calipers to nearest mm,Length,NA,mm,NA,20,NA
RICE008_FB_2017-09-19_FQ1,RICE008_FB_2017-09-19_FQ1_3388,RICE008_FB_2017-09-19_FQ1_3388_length,Calipers to nearest mm,Length,NA,mm,NA,10,NA
RICE008_FB_2017-09-19_FQ1,RICE008_FB_2017-09-19_FQ1_3389,RICE008_FB_2017-09-19_FQ1_3389_length,Calipers to nearest mm,Length,NA,mm,NA,12,NA
RICE008_FB_2017-09-19_FQ1,RICE008_FB_2017-09-19_FQ1_3390,RICE008_FB_2017-09-19_FQ1_3390_length,Calipers to nearest mm,Length,NA,mm,NA,23,NA
RICE008_FB_2017-09-19_FQ1,RICE008_FB_2017-09-19_FQ1_3391,RICE008_FB_2017-09-19_FQ1_3391_length,Calipers to nearest mm,Length,NA,mm,NA,16,NA
RICE008_FB_2017-09-19_FQ2,RICE008_FB_2017-09-19_FQ2_3392,RICE008_FB_2017-09-19_FQ2_3392_length,Calipers to nearest mm,Length,NA,mm,NA,22,NA
RICE008_FB_2017-09-19_FQ2,RICE008_FB_2017-09-19_FQ2_3393,RICE008_FB_2017-09-19_FQ2_3393_length,Calipers to nearest mm,Length,NA,mm,NA,20,NA
RICE008_FB_2017-09-19_FQ2,RICE008_FB_2017-09-19_FQ2_3394,RICE008_FB_2017-09-19_FQ2_3394_length,Calipers to nearest mm,Length,NA,mm,NA,23,NA
RICE008_FB_2017-09-19_FQ2,RICE008_FB_2017-09-19_FQ2_3395,RICE008_FB_2017-09-19_FQ2_3395_length,Calipers to nearest mm,Length,NA,mm,NA,21,NA
RICE008_FB_2017-09-19_FQ2,RICE008_FB_2017-09-19_FQ2_3396,RICE008_FB_2017-09-19_FQ2_3396_length,Calipers to nearest mm,Length,NA,mm,NA,17,NA
RICE008_FB_2017-09-19_FQ2,RICE008_FB_2017-09-19_FQ2_3397,RICE008_FB_2017-09-19_FQ2_3397_length,Calipers to nearest mm,Length,NA,mm,NA,10,NA
RICE008_FB_2017-09-19_FQ2,RICE008_FB_2017-09-19_FQ2_3398,RICE008_FB_2017-09-19_FQ2_3398_length,Calipers to nearest mm,Length,NA,mm,NA,18,NA
RICE008_FB_2017-09-19_FQ2,RICE008_FB_2017-09-19_FQ2_3399,RICE008_FB_2017-09-19_FQ2_3399_length,Calipers to nearest mm,Length,NA,mm,NA,12,NA
RICE008_FB_2017-09-19_FQ2,RICE008_FB_2017-09-19_FQ2_3400,RICE008_FB_2017-09-19_FQ2_3400_length,Calipers to nearest mm,Length,NA,mm,NA,9,NA
RICE008_FB_2017-09-19_FQ3,RICE008_FB_2017-09-19_FQ3_3401,RICE008_FB_2017-09-19_FQ3_3401_length,Calipers to nearest mm,Length,NA,mm,NA,23,NA
RICE008_FB_2017-09-19_FQ3,RICE008_FB_2017-09-19_FQ3_3402,RICE008_FB_2017-09-19_FQ3_3402_length,Calipers to nearest mm,Length,NA,mm,NA,15,NA
RICE008_FB_2017-09-19_FQ3,RICE008_FB_2017-09-19_FQ3_3403,RICE008_FB_2017-09-19_FQ3_3403_length,Calipers to nearest mm,Length,NA,mm,NA,10,NA
RICE008_FB_2017-09-19_FQ3,RICE008_FB_2017-09-19_FQ3_3404,RICE008_FB_2017-09-19_FQ3_3404_length,Calipers to nearest mm,Length,NA,mm,NA,7,NA
RICE008_FB_2017-09-19_FQ4,RICE008_FB_2017-09-19_FQ4_3405,RICE008_FB_2017-09-19_FQ4_3405_length,Calipers to nearest mm,Length,NA,mm,NA,17,NA
RICE008_FB_2017-09-19_FQ4,RICE008_FB_2017-09-19_FQ4_3406,RICE008_FB_2017-09-19_FQ4_3406_length,Calipers to nearest mm,Length,NA,mm,NA,7,NA
RICE008_FB_2017-09-19_FQ4,RICE008_FB_2017-09-19_FQ4_3407,RICE008_FB_2017-09-19_FQ4_3407_length,Calipers to nearest mm,Length,NA,mm,NA,21,NA
RICE008_FB_2017-09-19_FQ4,RICE008_FB_2017-09-19_FQ4_3408,RICE008_FB_2017-09-19_FQ4_3408_length,Calipers to nearest mm,Length,NA,mm,NA,24,NA
RICE008_FB_2017-09-19_FQ5,RICE008_FB_2017-09-19_FQ5_3409,RICE008_FB_2017-09-19_FQ5_3409_length,Calipers to nearest mm,Length,NA,mm,NA,20,NA
RICE008_FB_2017-09-19_MQ1,RICE008_FB_2017-09-19_MQ1_3410,RICE008_FB_2017-09-19_MQ1_3410_length,Calipers to nearest mm,Length,NA,mm,NA,12,NA
RICE008_FB_2017-09-19_MQ1,RICE008_FB_2017-09-19_MQ1_3411,RICE008_FB_2017-09-19_MQ1_3411_length,Calipers to nearest mm,Length,NA,mm,NA,13,NA
RICE008_FB_2017-09-19_MQ1,RICE008_FB_2017-09-19_MQ1_3412,RICE008_FB_2017-09-19_MQ1_3412_length,Calipers to nearest mm,Length,NA,mm,NA,18,NA
RICE008_FB_2017-09-19_MQ1,RICE008_FB_2017-09-19_MQ1_3413,RICE008_FB_2017-09-19_MQ1_3413_length,Calipers to nearest mm,Length,NA,mm,NA,7,NA
RICE008_FB_2017-09-19_MQ1,RICE008_FB_2017-09-19_MQ1_3414,RICE008_FB_2017-09-19_MQ1_3414_length,Calipers to nearest mm,Length,NA,mm,NA,6,NA
RICE008_FB_2017-09-19_MQ1,RICE008_FB_2017-09-19_MQ1_3415,RICE008_FB_2017-09-19_MQ1_3415_length,Calipers to nearest mm,Length,NA,mm,NA,5,NA
RICE008_FB_2017-09-19_MQ1,RICE008_FB_2017-09-19_MQ1_3416,RICE008_FB_2017-09-19_MQ1_3416_length,Calipers to nearest mm,Length,NA,mm,NA,11,NA
RICE008_FB_2017-09-19_MQ1,RICE008_FB_2017-09-19_MQ1_3417,RICE008_FB_2017-09-19_MQ1_3417_length,Calipers to nearest mm,Length,NA,mm,NA,10,NA
RICE008_FB_2017-09-19_MQ2,RICE008_FB_2017-09-19_MQ2_3418,RICE008_FB_2017-09-19_MQ2_3418_length,Calipers to nearest mm,Length,NA,mm,NA,13,NA
RICE008_FB_2017-09-19_MQ2,RICE008_FB_2017-09-19_MQ2_3419,RICE008_FB_2017-09-19_MQ2_3419_length,Calipers to nearest mm,Length,NA,mm,NA,18,NA
RICE008_FB_2017-09-19_MQ2,RICE008_FB_2017-09-19_MQ2_3420,RICE008_FB_2017-09-19_MQ2_3420_length,Calipers to nearest mm,Length,NA,mm,NA,15,NA
RICE008_FB_2017-09-19_MQ2,RICE008_FB_2017-09-19_MQ2_3421,RICE008_FB_2017-09-19_MQ2_3421_length,Calipers to nearest mm,Length,NA,mm,NA,17,NA
RICE008_FB_2017-09-19_MQ2,RICE008_FB_2017-09-19_MQ2_3422,RICE008_FB_2017-09-19_MQ2_3422_length,Calipers to nearest mm,Length,NA,mm,NA,20,NA
RICE008_FB_2017-09-19_MQ2,RICE008_FB_2017-09-19_MQ2_3423,RICE008_FB_2017-09-19_MQ2_3423_length,Calipers to nearest mm,Length,NA,mm,NA,21,NA
RICE008_FB_2017-09-19_MQ2,RICE008_FB_2017-09-19_MQ2_3424,RICE008_FB_2017-09-19_MQ2_3424_length,Calipers to nearest mm,Length,NA,mm,NA,16,NA
RICE008_FB_2017-09-19_MQ2,RICE008_FB_2017-09-19_MQ2_3425,RICE008_FB_2017-09-19_MQ2_3425_length,Calipers to nearest mm,Length,NA,mm,NA,12,NA
RICE008_FB_2017-09-19_MQ2,RICE008_FB_2017-09-19_MQ2_3426,RICE008_FB_2017-09-19_MQ2_3426_length,Calipers to nearest mm,Length,NA,mm,NA,11,NA
RICE008_FB_2017-09-19_MQ3,RICE008_FB_2017-09-19_MQ3_3427,RICE008_FB_2017-09-19_MQ3_3427_length,Calipers to nearest mm,Length,NA,mm,NA,16,NA
RICE008_FB_2017-09-19_MQ3,RICE008_FB_2017-09-19_MQ3_3428,RICE008_FB_2017-09-19_MQ3_3428_length,Calipers to nearest mm,Length,NA,mm,NA,14,NA
RICE008_FB_2017-09-19_MQ3,RICE008_FB_2017-09-19_MQ3_3429,RICE008_FB_2017-09-19_MQ3_3429_length,Calipers to nearest mm,Length,NA,mm,NA,11,NA
RICE008_FB_2017-09-19_MQ3,RICE008_FB_2017-09-19_MQ3_3430,RICE008_FB_2017-09-19_MQ3_3430_length,Calipers to nearest mm,Length,NA,mm,NA,15,NA
RICE008_FB_2017-09-19_MQ3,RICE008_FB_2017-09-19_MQ3_3431,RICE008_FB_2017-09-19_MQ3_3431_length,Calipers to nearest mm,Length,NA,mm,NA,17,NA
RICE008_FB_2017-09-19_MQ3,RICE008_FB_2017-09-19_MQ3_3432,RICE008_FB_2017-09-19_MQ3_3432_length,Calipers to nearest mm,Length,NA,mm,NA,18,NA
RICE008_FB_2017-09-19_MQ4,RICE008_FB_2017-09-19_MQ4_3433,RICE008_FB_2017-09-19_MQ4_3433_length,Calipers to nearest mm,Length,NA,mm,NA,14,NA
RICE008_FB_2017-09-19_MQ4,RICE008_FB_2017-09-19_MQ4_3434,RICE008_FB_2017-09-19_MQ4_3434_length,Calipers to nearest mm,Length,NA,mm,NA,18,NA
RICE008_FB_2017-09-19_MQ4,RICE008_FB_2017-09-19_MQ4_3435,RICE008_FB_2017-09-19_MQ4_3435_length,Calipers to nearest mm,Length,NA,mm,NA,20,NA
RICE008_FB_2017-09-19_MQ4,RICE008_FB_2017-09-19_MQ4_3436,RICE008_FB_2017-09-19_MQ4_3436_length,Calipers to nearest mm,Length,NA,mm,NA,15,NA
RICE008_FB_2017-09-19_MQ5,RICE008_FB_2017-09-19_MQ5_3437,RICE008_FB_2017-09-19_MQ5_3437_length,Calipers to nearest mm,Length,NA,mm,NA,14,NA
RICE009_FB_2017-11-16_BQ4,RICE009_FB_2017-11-16_BQ4_3438,RICE009_FB_2017-11-16_BQ4_3438_length,Calipers to nearest mm,Length,NA,mm,NA,9,NA
RICE009_FB_2017-11-16_BQ5,RICE009_FB_2017-11-16_BQ5_3439,RICE009_FB_2017-11-16_BQ5_3439_length,Calipers to nearest mm,Length,NA,mm,NA,13,NA
RICE009_FB_2017-11-16_BQ5,RICE009_FB_2017-11-16_BQ5_3440,RICE009_FB_2017-11-16_BQ5_3440_length,Calipers to nearest mm,Length,NA,mm,NA,12,NA
RICE009_FB_2017-11-16_BQ5,RICE009_FB_2017-11-16_BQ5_3441,RICE009_FB_2017-11-16_BQ5_3441_length,Calipers to nearest mm,Length,NA,mm,NA,11,NA
RICE009_FB_2017-11-16_BQ5,RICE009_FB_2017-11-16_BQ5_3442,RICE009_FB_2017-11-16_BQ5_3442_length,Calipers to nearest mm,Length,NA,mm,NA,16,NA
RICE009_FB_2017-11-16_BQ5,RICE009_FB_2017-11-16_BQ5_3443,RICE009_FB_2017-11-16_BQ5_3443_length,Calipers to nearest mm,Length,NA,mm,NA,14,NA
RICE009_FB_2017-11-16_BQ5,RICE009_FB_2017-11-16_BQ5_3444,RICE009_FB_2017-11-16_BQ5_3444_length,Calipers to nearest mm,Length,NA,mm,NA,9,NA
RICE009_FB_2017-11-16_FQ1,RICE009_FB_2017-11-16_FQ1_3445,RICE009_FB_2017-11-16_FQ1_3445_length,Calipers to nearest mm,Length,NA,mm,NA,25,NA
RICE009_FB_2017-11-16_FQ3,RICE009_FB_2017-11-16_FQ3_3446,RICE009_FB_2017-11-16_FQ3_3446_length,Calipers to nearest mm,Length,NA,mm,NA,18,NA
RICE009_FB_2017-11-16_MQ1,RICE009_FB_2017-11-16_MQ1_3447,RICE009_FB_2017-11-16_MQ1_3447_length,Calipers to nearest mm,Length,NA,mm,NA,18,NA
RICE009_FB_2017-11-16_MQ1,RICE009_FB_2017-11-16_MQ1_3448,RICE009_FB_2017-11-16_MQ1_3448_length,Calipers to nearest mm,Length,NA,mm,NA,10,NA
RICE009_FB_2017-11-16_MQ1,RICE009_FB_2017-11-16_MQ1_3449,RICE009_FB_2017-11-16_MQ1_3449_length,Calipers to nearest mm,Length,NA,mm,NA,9,NA
RICE009_FB_2017-11-16_MQ1,RICE009_FB_2017-11-16_MQ1_3450,RICE009_FB_2017-11-16_MQ1_3450_length,Calipers to nearest mm,Length,NA,mm,NA,8,NA
RICE009_FB_2017-11-16_MQ1,RICE009_FB_2017-11-16_MQ1_3451,RICE009_FB_2017-11-16_MQ1_3451_length,Calipers to nearest mm,Length,NA,mm,NA,7,NA
RICE009_FB_2017-11-16_MQ1,RICE009_FB_2017-11-16_MQ1_3452,RICE009_FB_2017-11-16_MQ1_3452_length,Calipers to nearest mm,Length,NA,mm,NA,6,NA
RICE009_FB_2017-11-16_MQ3,RICE009_FB_2017-11-16_MQ3_3453,RICE009_FB_2017-11-16_MQ3_3453_length,Calipers to nearest mm,Length,NA,mm,NA,13,NA
RICE009_FB_2017-11-16_MQ4,RICE009_FB_2017-11-16_MQ4_3454,RICE009_FB_2017-11-16_MQ4_3454_length,Calipers to nearest mm,Length,NA,mm,NA,4,NA
RICE009_NB_2017-11-17_FQ1,RICE009_NB_2017-11-17_FQ1_3455,RICE009_NB_2017-11-17_FQ1_3455_length,Calipers to nearest mm,Length,NA,mm,NA,7,NA
RICE009_NB_2017-11-17_FQ1,RICE009_NB_2017-11-17_FQ1_3456,RICE009_NB_2017-11-17_FQ1_3456_length,Calipers to nearest mm,Length,NA,mm,NA,9,NA
RICE009_NB_2017-11-17_FQ1,RICE009_NB_2017-11-17_FQ1_3457,RICE009_NB_2017-11-17_FQ1_3457_length,Calipers to nearest mm,Length,NA,mm,NA,6,NA
RICE009_NB_2017-11-17_FQ1,RICE009_NB_2017-11-17_FQ1_3458,RICE009_NB_2017-11-17_FQ1_3458_length,Calipers to nearest mm,Length,NA,mm,NA,21,NA
RICE009_NB_2017-11-17_FQ1,RICE009_NB_2017-11-17_FQ1_3459,RICE009_NB_2017-11-17_FQ1_3459_length,Calipers to nearest mm,Length,NA,mm,NA,20,NA
RICE009_NB_2017-11-17_FQ2,RICE009_NB_2017-11-17_FQ2_3460,RICE009_NB_2017-11-17_FQ2_3460_length,Calipers to nearest mm,Length,NA,mm,NA,10,NA
RICE009_NB_2017-11-17_FQ3,RICE009_NB_2017-11-17_FQ3_3461,RICE009_NB_2017-11-17_FQ3_3461_length,Calipers to nearest mm,Length,NA,mm,NA,7,NA
RICE009_NB_2017-11-17_MQ4,RICE009_NB_2017-11-17_MQ4_3462,RICE009_NB_2017-11-17_MQ4_3462_length,Calipers to nearest mm,Length,NA,mm,NA,7,NA
RICE009_NB_2017-11-17_MQ4,RICE009_NB_2017-11-17_MQ4_3463,RICE009_NB_2017-11-17_MQ4_3463_length,Calipers to nearest mm,Length,NA,mm,NA,15,NA
RICE009_WB_2017-11-18_FQ1,RICE009_WB_2017-11-18_FQ1_3464,RICE009_WB_2017-11-18_FQ1_3464_length,Calipers to nearest mm,Length,NA,mm,NA,21,NA
RICE009_WB_2017-11-18_FQ1,RICE009_WB_2017-11-18_FQ1_3465,RICE009_WB_2017-11-18_FQ1_3465_length,Calipers to nearest mm,Length,NA,mm,NA,9,NA
RICE009_WB_2017-11-18_FQ3,RICE009_WB_2017-11-18_FQ3_3466,RICE009_WB_2017-11-18_FQ3_3466_length,Calipers to nearest mm,Length,NA,mm,NA,40,NA
RICE009_WB_2017-11-18_FQ3,RICE009_WB_2017-11-18_FQ3_3467,RICE009_WB_2017-11-18_FQ3_3467_length,Calipers to nearest mm,Length,NA,mm,NA,15,NA
RICE009_WB_2017-11-18_FQ4,RICE009_WB_2017-11-18_FQ4_3468,RICE009_WB_2017-11-18_FQ4_3468_length,Calipers to nearest mm,Length,NA,mm,NA,17,NA
RICE009_WB_2017-11-18_FQ4,RICE009_WB_2017-11-18_FQ4_3469,RICE009_WB_2017-11-18_FQ4_3469_length,Calipers to nearest mm,Length,NA,mm,NA,11,NA
RICE009_WB_2017-11-18_FQ4,RICE009_WB_2017-11-18_FQ4_3470,RICE009_WB_2017-11-18_FQ4_3470_length,Calipers to nearest mm,Length,NA,mm,NA,23,NA
RICE009_WB_2017-11-18_FQ4,RICE009_WB_2017-11-18_FQ4_3471,RICE009_WB_2017-11-18_FQ4_3471_length,Calipers to nearest mm,Length,NA,mm,NA,31,NA
RICE009_WB_2017-11-18_MQ1,RICE009_WB_2017-11-18_MQ1_3472,RICE009_WB_2017-11-18_MQ1_3472_length,Calipers to nearest mm,Length,NA,mm,NA,40,NA
RICE009_WB_2017-11-18_MQ1,RICE009_WB_2017-11-18_MQ1_3473,RICE009_WB_2017-11-18_MQ1_3473_length,Calipers to nearest mm,Length,NA,mm,NA,30,NA
RICE009_WB_2017-11-18_MQ2,RICE009_WB_2017-11-18_MQ2_3474,RICE009_WB_2017-11-18_MQ2_3474_length,Calipers to nearest mm,Length,NA,mm,NA,12,NA
RICE009_WB_2017-11-18_MQ2,RICE009_WB_2017-11-18_MQ2_3475,RICE009_WB_2017-11-18_MQ2_3475_length,Calipers to nearest mm,Length,NA,mm,NA,20,NA
RICE009_WB_2017-11-18_MQ2,RICE009_WB_2017-11-18_MQ2_3476,RICE009_WB_2017-11-18_MQ2_3476_length,Calipers to nearest mm,Length,NA,mm,NA,9,NA
RICE009_WB_2017-11-18_MQ2,RICE009_WB_2017-11-18_MQ2_3477,RICE009_WB_2017-11-18_MQ2_3477_length,Calipers to nearest mm,Length,NA,mm,NA,8,NA
RICE009_WB_2017-11-18_MQ2,RICE009_WB_2017-11-18_MQ2_3478,RICE009_WB_2017-11-18_MQ2_3478_length,Calipers to nearest mm,Length,NA,mm,NA,10,NA
RICE009_WB_2017-11-18_MQ3,RICE009_WB_2017-11-18_MQ3_3479,RICE009_WB_2017-11-18_MQ3_3479_length,Calipers to nearest mm,Length,NA,mm,NA,25,NA
RICE009_WB_2017-11-18_MQ3,RICE009_WB_2017-11-18_MQ3_3480,RICE009_WB_2017-11-18_MQ3_3480_length,Calipers to nearest mm,Length,NA,mm,NA,17,NA
RICE009_WB_2017-11-18_MQ4,RICE009_WB_2017-11-18_MQ4_3481,RICE009_WB_2017-11-18_MQ4_3481_length,Calipers to nearest mm,Length,NA,mm,NA,19,NA
RICE009_WB_2017-11-18_MQ4,RICE009_WB_2017-11-18_MQ4_3482,RICE009_WB_2017-11-18_MQ4_3482_length,Calipers to nearest mm,Length,NA,mm,NA,16,NA
RICE009_WB_2017-11-18_MQ4,RICE009_WB_2017-11-18_MQ4_3483,RICE009_WB_2017-11-18_MQ4_3483_length,Calipers to nearest mm,Length,NA,mm,NA,14,NA
RICE009_WB_2017-11-18_MQ4,RICE009_WB_2017-11-18_MQ4_3484,RICE009_WB_2017-11-18_MQ4_3484_length,Calipers to nearest mm,Length,NA,mm,NA,13,NA
RICE009_WB_2017-11-18_MQ4,RICE009_WB_2017-11-18_MQ4_3485,RICE009_WB_2017-11-18_MQ4_3485_length,Calipers to nearest mm,Length,NA,mm,NA,11,NA
RICE009_WB_2017-11-18_MQ4,RICE009_WB_2017-11-18_MQ4_3486,RICE009_WB_2017-11-18_MQ4_3486_length,Calipers to nearest mm,Length,NA,mm,NA,12,NA
RICE009_WB_2017-11-18_MQ4,RICE009_WB_2017-11-18_MQ4_3487,RICE009_WB_2017-11-18_MQ4_3487_length,Calipers to nearest mm,Length,NA,mm,NA,9,NA
RICE009_WB_2017-11-18_MQ5,RICE009_WB_2017-11-18_MQ5_3488,RICE009_WB_2017-11-18_MQ5_3488_length,Calipers to nearest mm,Length,NA,mm,NA,12,NA
RICE009_WB_2017-11-18_MQ5,RICE009_WB_2017-11-18_MQ5_3489,RICE009_WB_2017-11-18_MQ5_3489_length,Calipers to nearest mm,Length,NA,mm,NA,15,NA
RICE009_WB_2017-11-18_MQ5,RICE009_WB_2017-11-18_MQ5_3490,RICE009_WB_2017-11-18_MQ5_3490_length,Calipers to nearest mm,Length,NA,mm,NA,17,NA
RICE009_WB_2017-11-18_MQ5,RICE009_WB_2017-11-18_MQ5_3491,RICE009_WB_2017-11-18_MQ5_3491_length,Calipers to nearest mm,Length,NA,mm,NA,13,NA
RICE010_FB_2018-02-14_BQ5,RICE010_FB_2018-02-14_BQ5_3492,RICE010_FB_2018-02-14_BQ5_3492_length,Calipers to nearest mm,Length,NA,mm,NA,40,NA
RICE010_FB_2018-02-14_BQ5,RICE010_FB_2018-02-14_BQ5_3493,RICE010_FB_2018-02-14_BQ5_3493_length,Calipers to nearest mm,Length,NA,mm,NA,20,NA
RICE010_FB_2018-02-14_BQ5,RICE010_FB_2018-02-14_BQ5_3494,RICE010_FB_2018-02-14_BQ5_3494_length,Calipers to nearest mm,Length,NA,mm,NA,17,NA
RICE010_FB_2018-02-14_BQ5,RICE010_FB_2018-02-14_BQ5_3495,RICE010_FB_2018-02-14_BQ5_3495_length,Calipers to nearest mm,Length,NA,mm,NA,9,NA
RICE010_FB_2018-02-14_BQ5,RICE010_FB_2018-02-14_BQ5_3496,RICE010_FB_2018-02-14_BQ5_3496_length,Calipers to nearest mm,Length,NA,mm,NA,23,NA
RICE010_FB_2018-02-14_BQ5,RICE010_FB_2018-02-14_BQ5_3497,RICE010_FB_2018-02-14_BQ5_3497_length,Calipers to nearest mm,Length,NA,mm,NA,13,NA
RICE010_FB_2018-02-14_BQ5,RICE010_FB_2018-02-14_BQ5_3498,RICE010_FB_2018-02-14_BQ5_3498_length,Calipers to nearest mm,Length,NA,mm,NA,16,NA
RICE010_FB_2018-02-14_BQ5,RICE010_FB_2018-02-14_BQ5_3499,RICE010_FB_2018-02-14_BQ5_3499_length,Calipers to nearest mm,Length,NA,mm,NA,19,NA
RICE010_FB_2018-02-14_BQ5,RICE010_FB_2018-02-14_BQ5_3500,RICE010_FB_2018-02-14_BQ5_3500_length,Calipers to nearest mm,Length,NA,mm,NA,22,NA
RICE010_FB_2018-02-14_MQ4,RICE010_FB_2018-02-14_MQ4_3501,RICE010_FB_2018-02-14_MQ4_3501_length,Calipers to nearest mm,Length,NA,mm,NA,20,NA
RICE010_NB_2018-02-15_BQ2,RICE010_NB_2018-02-15_BQ2_3502,RICE010_NB_2018-02-15_BQ2_3502_length,Calipers to nearest mm,Length,NA,mm,NA,7,NA
RICE010_NB_2018-02-15_FQ1,RICE010_NB_2018-02-15_FQ1_3503,RICE010_NB_2018-02-15_FQ1_3503_length,Calipers to nearest mm,Length,NA,mm,NA,23,NA
RICE010_NB_2018-02-15_FQ3,RICE010_NB_2018-02-15_FQ3_3504,RICE010_NB_2018-02-15_FQ3_3504_length,Calipers to nearest mm,Length,NA,mm,NA,10,NA
RICE010_NB_2018-02-15_FQ3,RICE010_NB_2018-02-15_FQ3_3505,RICE010_NB_2018-02-15_FQ3_3505_length,Calipers to nearest mm,Length,NA,mm,NA,7,NA
RICE010_NB_2018-02-15_MQ4,RICE010_NB_2018-02-15_MQ4_3506,RICE010_NB_2018-02-15_MQ4_3506_length,Calipers to nearest mm,Length,NA,mm,NA,14,NA
RICE010_NB_2018-02-15_MQ4,RICE010_NB_2018-02-15_MQ4_3507,RICE010_NB_2018-02-15_MQ4_3507_length,Calipers to nearest mm,Length,NA,mm,NA,15,NA
RICE010_NB_2018-02-15_MQ4,RICE010_NB_2018-02-15_MQ4_3508,RICE010_NB_2018-02-15_MQ4_3508_length,Calipers to nearest mm,Length,NA,mm,NA,20,NA
RICE010_WB_2018-02-16_BQ4,RICE010_WB_2018-02-16_BQ4_3509,RICE010_WB_2018-02-16_BQ4_3509_length,Calipers to nearest mm,Length,NA,mm,NA,20,NA
RICE010_WB_2018-02-16_FQ1,RICE010_WB_2018-02-16_FQ1_3510,RICE010_WB_2018-02-16_FQ1_3510_length,Calipers to nearest mm,Length,NA,mm,NA,7,NA
RICE010_WB_2018-02-16_FQ3,RICE010_WB_2018-02-16_FQ3_3511,RICE010_WB_2018-02-16_FQ3_3511_length,Calipers to nearest mm,Length,NA,mm,NA,8,NA
RICE010_WB_2018-02-16_MQ1,RICE010_WB_2018-02-16_MQ1_3512,RICE010_WB_2018-02-16_MQ1_3512_length,Calipers to nearest mm,Length,NA,mm,NA,10,NA
RICE010_WB_2018-02-16_MQ1,RICE010_WB_2018-02-16_MQ1_3513,RICE010_WB_2018-02-16_MQ1_3513_length,Calipers to nearest mm,Length,NA,mm,NA,15,NA
RICE010_WB_2018-02-16_MQ1,RICE010_WB_2018-02-16_MQ1_3514,RICE010_WB_2018-02-16_MQ1_3514_length,Calipers to nearest mm,Length,NA,mm,NA,17,NA
RICE010_WB_2018-02-16_MQ2,RICE010_WB_2018-02-16_MQ2_3515,RICE010_WB_2018-02-16_MQ2_3515_length,Calipers to nearest mm,Length,NA,mm,NA,18,NA
RICE010_WB_2018-02-16_MQ3,RICE010_WB_2018-02-16_MQ3_3516,RICE010_WB_2018-02-16_MQ3_3516_length,Calipers to nearest mm,Length,NA,mm,NA,12,NA
RICE010_WB_2018-02-16_MQ3,RICE010_WB_2018-02-16_MQ3_3517,RICE010_WB_2018-02-16_MQ3_3517_length,Calipers to nearest mm,Length,NA,mm,NA,18,NA
RICE010_WB_2018-02-16_MQ3,RICE010_WB_2018-02-16_MQ3_3518,RICE010_WB_2018-02-16_MQ3_3518_length,Calipers to nearest mm,Length,NA,mm,NA,16,NA
RICE010_WB_2018-02-16_MQ5,RICE010_WB_2018-02-16_MQ5_3519,RICE010_WB_2018-02-16_MQ5_3519_length,Calipers to nearest mm,Length,NA,mm,NA,12,NA
RICE010_WB_2018-02-16_MQ5,RICE010_WB_2018-02-16_MQ5_3520,RICE010_WB_2018-02-16_MQ5_3520_length,Calipers to nearest mm,Length,NA,mm,NA,15,NA
RICE010_WB_2018-02-16_MQ5,RICE010_WB_2018-02-16_MQ5_3521,RICE010_WB_2018-02-16_MQ5_3521_length,Calipers to nearest mm,Length,NA,mm,NA,13,NA
RICE010_WB_2018-02-16_MQ5,RICE010_WB_2018-02-16_MQ5_3522,RICE010_WB_2018-02-16_MQ5_3522_length,Calipers to nearest mm,Length,NA,mm,NA,14,NA
RICE011_WB_2018-05-19_FQ3,RICE011_WB_2018-05-19_FQ3_3523,RICE011_WB_2018-05-19_FQ3_3523_length,Calipers to nearest mm,Length,NA,mm,NA,14,NA
RICE011_WB_2018-05-19_FQ3,RICE011_WB_2018-05-19_FQ3_3524,RICE011_WB_2018-05-19_FQ3_3524_length,Calipers to nearest mm,Length,NA,mm,NA,19,NA
RICE011_WB_2018-05-19_FQ3,RICE011_WB_2018-05-19_FQ3_3525,RICE011_WB_2018-05-19_FQ3_3525_length,Calipers to nearest mm,Length,NA,mm,NA,14,NA
RICE011_WB_2018-05-19_FQ5,RICE011_WB_2018-05-19_FQ5_3526,RICE011_WB_2018-05-19_FQ5_3526_length,Calipers to nearest mm,Length,NA,mm,NA,10,NA
RICE011_WB_2018-05-19_FQ5,RICE011_WB_2018-05-19_FQ5_3527,RICE011_WB_2018-05-19_FQ5_3527_length,Calipers to nearest mm,Length,NA,mm,NA,6,NA
RICE011_WB_2018-05-19_MQ1,RICE011_WB_2018-05-19_MQ1_3528,RICE011_WB_2018-05-19_MQ1_3528_length,Calipers to nearest mm,Length,NA,mm,NA,16,NA
RICE011_WB_2018-05-19_MQ1,RICE011_WB_2018-05-19_MQ1_3529,RICE011_WB_2018-05-19_MQ1_3529_length,Calipers to nearest mm,Length,NA,mm,NA,22,NA
RICE011_WB_2018-05-19_MQ1,RICE011_WB_2018-05-19_MQ1_3530,RICE011_WB_2018-05-19_MQ1_3530_length,Calipers to nearest mm,Length,NA,mm,NA,20,NA
RICE011_WB_2018-05-19_MQ1,RICE011_WB_2018-05-19_MQ1_3531,RICE011_WB_2018-05-19_MQ1_3531_length,Calipers to nearest mm,Length,NA,mm,NA,19,NA
RICE011_WB_2018-05-19_MQ1,RICE011_WB_2018-05-19_MQ1_3532,RICE011_WB_2018-05-19_MQ1_3532_length,Calipers to nearest mm,Length,NA,mm,NA,17,NA
RICE011_WB_2018-05-19_MQ1,RICE011_WB_2018-05-19_MQ1_3533,RICE011_WB_2018-05-19_MQ1_3533_length,Calipers to nearest mm,Length,NA,mm,NA,21,NA
RICE011_WB_2018-05-19_MQ1,RICE011_WB_2018-05-19_MQ1_3534,RICE011_WB_2018-05-19_MQ1_3534_length,Calipers to nearest mm,Length,NA,mm,NA,23,NA
RICE011_WB_2018-05-19_MQ2,RICE011_WB_2018-05-19_MQ2_3535,RICE011_WB_2018-05-19_MQ2_3535_length,Calipers to nearest mm,Length,NA,mm,NA,19,NA
RICE011_WB_2018-05-19_MQ2,RICE011_WB_2018-05-19_MQ2_3536,RICE011_WB_2018-05-19_MQ2_3536_length,Calipers to nearest mm,Length,NA,mm,NA,17,NA
RICE011_WB_2018-05-19_MQ2,RICE011_WB_2018-05-19_MQ2_3537,RICE011_WB_2018-05-19_MQ2_3537_length,Calipers to nearest mm,Length,NA,mm,NA,18,NA
RICE011_WB_2018-05-19_MQ2,RICE011_WB_2018-05-19_MQ2_3538,RICE011_WB_2018-05-19_MQ2_3538_length,Calipers to nearest mm,Length,NA,mm,NA,16,NA
RICE011_WB_2018-05-19_MQ2,RICE011_WB_2018-05-19_MQ2_3539,RICE011_WB_2018-05-19_MQ2_3539_length,Calipers to nearest mm,Length,NA,mm,NA,15,NA
RICE011_WB_2018-05-19_MQ3,RICE011_WB_2018-05-19_MQ3_3540,RICE011_WB_2018-05-19_MQ3_3540_length,Calipers to nearest mm,Length,NA,mm,NA,14,NA
RICE011_WB_2018-05-19_MQ3,RICE011_WB_2018-05-19_MQ3_3541,RICE011_WB_2018-05-19_MQ3_3541_length,Calipers to nearest mm,Length,NA,mm,NA,13,NA
RICE011_WB_2018-05-19_MQ3,RICE011_WB_2018-05-19_MQ3_3542,RICE011_WB_2018-05-19_MQ3_3542_length,Calipers to nearest mm,Length,NA,mm,NA,15,NA
RICE011_WB_2018-05-19_MQ3,RICE011_WB_2018-05-19_MQ3_3543,RICE011_WB_2018-05-19_MQ3_3543_length,Calipers to nearest mm,Length,NA,mm,NA,16,NA
RICE011_WB_2018-05-19_MQ3,RICE011_WB_2018-05-19_MQ3_3544,RICE011_WB_2018-05-19_MQ3_3544_length,Calipers to nearest mm,Length,NA,mm,NA,17,NA
RICE011_WB_2018-05-19_MQ3,RICE011_WB_2018-05-19_MQ3_3545,RICE011_WB_2018-05-19_MQ3_3545_length,Calipers to nearest mm,Length,NA,mm,NA,18,NA
RICE011_WB_2018-05-19_MQ4,RICE011_WB_2018-05-19_MQ4_3546,RICE011_WB_2018-05-19_MQ4_3546_length,Calipers to nearest mm,Length,NA,mm,NA,18,NA
RICE011_WB_2018-05-19_MQ4,RICE011_WB_2018-05-19_MQ4_3547,RICE011_WB_2018-05-19_MQ4_3547_length,Calipers to nearest mm,Length,NA,mm,NA,15,NA
RICE011_WB_2018-05-19_MQ4,RICE011_WB_2018-05-19_MQ4_3548,RICE011_WB_2018-05-19_MQ4_3548_length,Calipers to nearest mm,Length,NA,mm,NA,20,NA
RICE011_WB_2018-05-19_MQ4,RICE011_WB_2018-05-19_MQ4_3549,RICE011_WB_2018-05-19_MQ4_3549_length,Calipers to nearest mm,Length,NA,mm,NA,19,NA
RICE011_WB_2018-05-19_MQ4,RICE011_WB_2018-05-19_MQ4_3550,RICE011_WB_2018-05-19_MQ4_3550_length,Calipers to nearest mm,Length,NA,mm,NA,12,NA
RICE011_WB_2018-05-19_MQ4,RICE011_WB_2018-05-19_MQ4_3551,RICE011_WB_2018-05-19_MQ4_3551_length,Calipers to nearest mm,Length,NA,mm,NA,17,NA
RICE011_WB_2018-05-19_MQ4,RICE011_WB_2018-05-19_MQ4_3552,RICE011_WB_2018-05-19_MQ4_3552_length,Calipers to nearest mm,Length,NA,mm,NA,13,NA
RICE011_WB_2018-05-19_MQ5,RICE011_WB_2018-05-19_MQ5_3553,RICE011_WB_2018-05-19_MQ5_3553_length,Calipers to nearest mm,Length,NA,mm,NA,4,NA
RICE011_WB_2018-05-19_MQ5,RICE011_WB_2018-05-19_MQ5_3554,RICE011_WB_2018-05-19_MQ5_3554_length,Calipers to nearest mm,Length,NA,mm,NA,16,NA
RICE011_WB_2018-05-19_MQ5,RICE011_WB_2018-05-19_MQ5_3555,RICE011_WB_2018-05-19_MQ5_3555_length,Calipers to nearest mm,Length,NA,mm,NA,20,NA
RICE011_WB_2018-05-19_MQ5,RICE011_WB_2018-05-19_MQ5_3556,RICE011_WB_2018-05-19_MQ5_3556_length,Calipers to nearest mm,Length,NA,mm,NA,10,NA
RICE011_WB_2018-05-19_MQ5,RICE011_WB_2018-05-19_MQ5_3557,RICE011_WB_2018-05-19_MQ5_3557_length,Calipers to nearest mm,Length,NA,mm,NA,18,NA
RICE011_WB_2018-05-19_MQ5,RICE011_WB_2018-05-19_MQ5_3558,RICE011_WB_2018-05-19_MQ5_3558_length,Calipers to nearest mm,Length,NA,mm,NA,17,NA
RICE011_WB_2018-05-19_MQ5,RICE011_WB_2018-05-19_MQ5_3559,RICE011_WB_2018-05-19_MQ5_3559_length,Calipers to nearest mm,Length,NA,mm,NA,15,NA
RICE011_WB_2018-05-19_MQ5,RICE011_WB_2018-05-19_MQ5_3560,RICE011_WB_2018-05-19_MQ5_3560_length,Calipers to nearest mm,Length,NA,mm,NA,18,NA
RICE011_WB_2018-05-19_MQ5,RICE011_WB_2018-05-19_MQ5_3561,RICE011_WB_2018-05-19_MQ5_3561_length,Calipers to nearest mm,Length,NA,mm,NA,12,NA
RICE011_FB_2018-05-20_BQ1,RICE011_FB_2018-05-20_BQ1_3562,RICE011_FB_2018-05-20_BQ1_3562_length,Calipers to nearest mm,Length,NA,mm,NA,20,NA
RICE011_FB_2018-05-20_BQ1,RICE011_FB_2018-05-20_BQ1_3563,RICE011_FB_2018-05-20_BQ1_3563_length,Calipers to nearest mm,Length,NA,mm,NA,18,NA
RICE011_FB_2018-05-20_BQ1,RICE011_FB_2018-05-20_BQ1_3564,RICE011_FB_2018-05-20_BQ1_3564_length,Calipers to nearest mm,Length,NA,mm,NA,18,NA
RICE011_FB_2018-05-20_BQ1,RICE011_FB_2018-05-20_BQ1_3565,RICE011_FB_2018-05-20_BQ1_3565_length,Calipers to nearest mm,Length,NA,mm,NA,19,NA
RICE011_FB_2018-05-20_BQ1,RICE011_FB_2018-05-20_BQ1_3566,RICE011_FB_2018-05-20_BQ1_3566_length,Calipers to nearest mm,Length,NA,mm,NA,22,NA
RICE011_FB_2018-05-20_BQ1,RICE011_FB_2018-05-20_BQ1_3567,RICE011_FB_2018-05-20_BQ1_3567_length,Calipers to nearest mm,Length,NA,mm,NA,19,NA
RICE011_FB_2018-05-20_BQ1,RICE011_FB_2018-05-20_BQ1_3568,RICE011_FB_2018-05-20_BQ1_3568_length,Calipers to nearest mm,Length,NA,mm,NA,15,NA
RICE011_FB_2018-05-20_BQ1,RICE011_FB_2018-05-20_BQ1_3569,RICE011_FB_2018-05-20_BQ1_3569_length,Calipers to nearest mm,Length,NA,mm,NA,20,NA
RICE011_FB_2018-05-20_BQ3,RICE011_FB_2018-05-20_BQ3_3570,RICE011_FB_2018-05-20_BQ3_3570_length,Calipers to nearest mm,Length,NA,mm,NA,20,NA
RICE011_FB_2018-05-20_BQ3,RICE011_FB_2018-05-20_BQ3_3571,RICE011_FB_2018-05-20_BQ3_3571_length,Calipers to nearest mm,Length,NA,mm,NA,23,NA
RICE011_FB_2018-05-20_BQ3,RICE011_FB_2018-05-20_BQ3_3572,RICE011_FB_2018-05-20_BQ3_3572_length,Calipers to nearest mm,Length,NA,mm,NA,18,NA
RICE011_FB_2018-05-20_BQ3,RICE011_FB_2018-05-20_BQ3_3573,RICE011_FB_2018-05-20_BQ3_3573_length,Calipers to nearest mm,Length,NA,mm,NA,14,NA
RICE011_FB_2018-05-20_BQ3,RICE011_FB_2018-05-20_BQ3_3574,RICE011_FB_2018-05-20_BQ3_3574_length,Calipers to nearest mm,Length,NA,mm,NA,16,NA
RICE011_FB_2018-05-20_BQ3,RICE011_FB_2018-05-20_BQ3_3575,RICE011_FB_2018-05-20_BQ3_3575_length,Calipers to nearest mm,Length,NA,mm,NA,18,NA
RICE011_FB_2018-05-20_BQ3,RICE011_FB_2018-05-20_BQ3_3576,RICE011_FB_2018-05-20_BQ3_3576_length,Calipers to nearest mm,Length,NA,mm,NA,17,NA
RICE011_FB_2018-05-20_BQ4,RICE011_FB_2018-05-20_BQ4_3577,RICE011_FB_2018-05-20_BQ4_3577_length,Calipers to nearest mm,Length,NA,mm,NA,13,NA
RICE011_FB_2018-05-20_BQ4,RICE011_FB_2018-05-20_BQ4_3578,RICE011_FB_2018-05-20_BQ4_3578_length,Calipers to nearest mm,Length,NA,mm,NA,12,NA
RICE011_FB_2018-05-20_BQ4,RICE011_FB_2018-05-20_BQ4_3579,RICE011_FB_2018-05-20_BQ4_3579_length,Calipers to nearest mm,Length,NA,mm,NA,14,NA
RICE011_FB_2018-05-20_BQ4,RICE011_FB_2018-05-20_BQ4_3580,RICE011_FB_2018-05-20_BQ4_3580_length,Calipers to nearest mm,Length,NA,mm,NA,10,NA
RICE011_FB_2018-05-20_BQ4,RICE011_FB_2018-05-20_BQ4_3581,RICE011_FB_2018-05-20_BQ4_3581_length,Calipers to nearest mm,Length,NA,mm,NA,11,NA
RICE011_FB_2018-05-20_BQ4,RICE011_FB_2018-05-20_BQ4_3582,RICE011_FB_2018-05-20_BQ4_3582_length,Calipers to nearest mm,Length,NA,mm,NA,12,NA
RICE011_FB_2018-05-20_BQ4,RICE011_FB_2018-05-20_BQ4_3583,RICE011_FB_2018-05-20_BQ4_3583_length,Calipers to nearest mm,Length,NA,mm,NA,12,NA
RICE011_FB_2018-05-20_BQ4,RICE011_FB_2018-05-20_BQ4_3584,RICE011_FB_2018-05-20_BQ4_3584_length,Calipers to nearest mm,Length,NA,mm,NA,14,NA
RICE011_FB_2018-05-20_BQ4,RICE011_FB_2018-05-20_BQ4_3585,RICE011_FB_2018-05-20_BQ4_3585_length,Calipers to nearest mm,Length,NA,mm,NA,9,NA
RICE011_FB_2018-05-20_BQ4,RICE011_FB_2018-05-20_BQ4_3586,RICE011_FB_2018-05-20_BQ4_3586_length,Calipers to nearest mm,Length,NA,mm,NA,13,NA
RICE011_FB_2018-05-20_BQ5,RICE011_FB_2018-05-20_BQ5_3587,RICE011_FB_2018-05-20_BQ5_3587_length,Calipers to nearest mm,Length,NA,mm,NA,16,NA
RICE011_FB_2018-05-20_BQ5,RICE011_FB_2018-05-20_BQ5_3588,RICE011_FB_2018-05-20_BQ5_3588_length,Calipers to nearest mm,Length,NA,mm,NA,15,NA
RICE011_FB_2018-05-20_BQ5,RICE011_FB_2018-05-20_BQ5_3589,RICE011_FB_2018-05-20_BQ5_3589_length,Calipers to nearest mm,Length,NA,mm,NA,16,NA
RICE011_FB_2018-05-20_BQ5,RICE011_FB_2018-05-20_BQ5_3590,RICE011_FB_2018-05-20_BQ5_3590_length,Calipers to nearest mm,Length,NA,mm,NA,19,NA
RICE011_FB_2018-05-20_BQ5,RICE011_FB_2018-05-20_BQ5_3591,RICE011_FB_2018-05-20_BQ5_3591_length,Calipers to nearest mm,Length,NA,mm,NA,16,NA
RICE011_FB_2018-05-20_BQ5,RICE011_FB_2018-05-20_BQ5_3592,RICE011_FB_2018-05-20_BQ5_3592_length,Calipers to nearest mm,Length,NA,mm,NA,17,NA
RICE011_FB_2018-05-20_BQ5,RICE011_FB_2018-05-20_BQ5_3593,RICE011_FB_2018-05-20_BQ5_3593_length,Calipers to nearest mm,Length,NA,mm,NA,16,NA
RICE011_FB_2018-05-20_BQ5,RICE011_FB_2018-05-20_BQ5_3594,RICE011_FB_2018-05-20_BQ5_3594_length,Calipers to nearest mm,Length,NA,mm,NA,13,NA
RICE011_FB_2018-05-20_BQ5,RICE011_FB_2018-05-20_BQ5_3595,RICE011_FB_2018-05-20_BQ5_3595_length,Calipers to nearest mm,Length,NA,mm,NA,19,NA
RICE011_FB_2018-05-20_BQ5,RICE011_FB_2018-05-20_BQ5_3596,RICE011_FB_2018-05-20_BQ5_3596_length,Calipers to nearest mm,Length,NA,mm,NA,20,NA
RICE011_FB_2018-05-20_FQ1,RICE011_FB_2018-05-20_FQ1_3597,RICE011_FB_2018-05-20_FQ1_3597_length,Calipers to nearest mm,Length,NA,mm,NA,12,NA
RICE011_FB_2018-05-20_FQ1,RICE011_FB_2018-05-20_FQ1_3598,RICE011_FB_2018-05-20_FQ1_3598_length,Calipers to nearest mm,Length,NA,mm,NA,18,NA
RICE011_FB_2018-05-20_FQ2,RICE011_FB_2018-05-20_FQ2_3599,RICE011_FB_2018-05-20_FQ2_3599_length,Calipers to nearest mm,Length,NA,mm,NA,6,NA
RICE011_FB_2018-05-20_FQ2,RICE011_FB_2018-05-20_FQ2_3600,RICE011_FB_2018-05-20_FQ2_3600_length,Calipers to nearest mm,Length,NA,mm,NA,19,NA
RICE011_FB_2018-05-20_FQ2,RICE011_FB_2018-05-20_FQ2_3601,RICE011_FB_2018-05-20_FQ2_3601_length,Calipers to nearest mm,Length,NA,mm,NA,20,NA
RICE011_FB_2018-05-20_FQ2,RICE011_FB_2018-05-20_FQ2_3602,RICE011_FB_2018-05-20_FQ2_3602_length,Calipers to nearest mm,Length,NA,mm,NA,16,NA
RICE011_FB_2018-05-20_FQ2,RICE011_FB_2018-05-20_FQ2_3603,RICE011_FB_2018-05-20_FQ2_3603_length,Calipers to nearest mm,Length,NA,mm,NA,20,NA
RICE011_FB_2018-05-20_FQ3,RICE011_FB_2018-05-20_FQ3_3604,RICE011_FB_2018-05-20_FQ3_3604_length,Calipers to nearest mm,Length,NA,mm,NA,24,NA
RICE011_FB_2018-05-20_FQ3,RICE011_FB_2018-05-20_FQ3_3605,RICE011_FB_2018-05-20_FQ3_3605_length,Calipers to nearest mm,Length,NA,mm,NA,15,NA
RICE011_FB_2018-05-20_FQ3,RICE011_FB_2018-05-20_FQ3_3606,RICE011_FB_2018-05-20_FQ3_3606_length,Calipers to nearest mm,Length,NA,mm,NA,22,NA
RICE011_FB_2018-05-20_FQ3,RICE011_FB_2018-05-20_FQ3_3607,RICE011_FB_2018-05-20_FQ3_3607_length,Calipers to nearest mm,Length,NA,mm,NA,18,NA
RICE011_FB_2018-05-20_FQ3,RICE011_FB_2018-05-20_FQ3_3608,RICE011_FB_2018-05-20_FQ3_3608_length,Calipers to nearest mm,Length,NA,mm,NA,19,NA
RICE011_FB_2018-05-20_FQ4,RICE011_FB_2018-05-20_FQ4_3609,RICE011_FB_2018-05-20_FQ4_3609_length,Calipers to nearest mm,Length,NA,mm,NA,10,NA
RICE011_FB_2018-05-20_FQ4,RICE011_FB_2018-05-20_FQ4_3610,RICE011_FB_2018-05-20_FQ4_3610_length,Calipers to nearest mm,Length,NA,mm,NA,19,NA
RICE011_FB_2018-05-20_FQ4,RICE011_FB_2018-05-20_FQ4_3611,RICE011_FB_2018-05-20_FQ4_3611_length,Calipers to nearest mm,Length,NA,mm,NA,20,NA
RICE011_FB_2018-05-20_FQ4,RICE011_FB_2018-05-20_FQ4_3612,RICE011_FB_2018-05-20_FQ4_3612_length,Calipers to nearest mm,Length,NA,mm,NA,21,NA
RICE011_FB_2018-05-20_FQ4,RICE011_FB_2018-05-20_FQ4_3613,RICE011_FB_2018-05-20_FQ4_3613_length,Calipers to nearest mm,Length,NA,mm,NA,22,NA
RICE011_FB_2018-05-20_FQ4,RICE011_FB_2018-05-20_FQ4_3614,RICE011_FB_2018-05-20_FQ4_3614_length,Calipers to nearest mm,Length,NA,mm,NA,17,NA
RICE011_FB_2018-05-20_FQ4,RICE011_FB_2018-05-20_FQ4_3615,RICE011_FB_2018-05-20_FQ4_3615_length,Calipers to nearest mm,Length,NA,mm,NA,16,NA
RICE011_FB_2018-05-20_FQ4,RICE011_FB_2018-05-20_FQ4_3616,RICE011_FB_2018-05-20_FQ4_3616_length,Calipers to nearest mm,Length,NA,mm,NA,11,NA
RICE011_FB_2018-05-20_FQ4,RICE011_FB_2018-05-20_FQ4_3617,RICE011_FB_2018-05-20_FQ4_3617_length,Calipers to nearest mm,Length,NA,mm,NA,15,NA
RICE011_FB_2018-05-20_FQ4,RICE011_FB_2018-05-20_FQ4_3618,RICE011_FB_2018-05-20_FQ4_3618_length,Calipers to nearest mm,Length,NA,mm,NA,17,NA
RICE011_FB_2018-05-20_FQ4,RICE011_FB_2018-05-20_FQ4_3619,RICE011_FB_2018-05-20_FQ4_3619_length,Calipers to nearest mm,Length,NA,mm,NA,18,NA
RICE011_FB_2018-05-20_FQ4,RICE011_FB_2018-05-20_FQ4_3620,RICE011_FB_2018-05-20_FQ4_3620_length,Calipers to nearest mm,Length,NA,mm,NA,19,NA
RICE011_FB_2018-05-20_FQ4,RICE011_FB_2018-05-20_FQ4_3621,RICE011_FB_2018-05-20_FQ4_3621_length,Calipers to nearest mm,Length,NA,mm,NA,20,NA
RICE011_FB_2018-05-20_FQ4,RICE011_FB_2018-05-20_FQ4_3622,RICE011_FB_2018-05-20_FQ4_3622_length,Calipers to nearest mm,Length,NA,mm,NA,21,NA
RICE011_FB_2018-05-20_FQ4,RICE011_FB_2018-05-20_FQ4_3623,RICE011_FB_2018-05-20_FQ4_3623_length,Calipers to nearest mm,Length,NA,mm,NA,22,NA
RICE011_FB_2018-05-20_FQ4,RICE011_FB_2018-05-20_FQ4_3624,RICE011_FB_2018-05-20_FQ4_3624_length,Calipers to nearest mm,Length,NA,mm,NA,23,NA
RICE011_FB_2018-05-20_FQ4,RICE011_FB_2018-05-20_FQ4_3625,RICE011_FB_2018-05-20_FQ4_3625_length,Calipers to nearest mm,Length,NA,mm,NA,24,NA
RICE011_FB_2018-05-20_FQ4,RICE011_FB_2018-05-20_FQ4_3626,RICE011_FB_2018-05-20_FQ4_3626_length,Calipers to nearest mm,Length,NA,mm,NA,29,NA
RICE011_FB_2018-05-20_FQ5,RICE011_FB_2018-05-20_FQ5_3627,RICE011_FB_2018-05-20_FQ5_3627_length,Calipers to nearest mm,Length,NA,mm,NA,17,NA
RICE011_FB_2018-05-20_MQ1,RICE011_FB_2018-05-20_MQ1_3628,RICE011_FB_2018-05-20_MQ1_3628_length,Calipers to nearest mm,Length,NA,mm,NA,13,NA
RICE011_FB_2018-05-20_MQ1,RICE011_FB_2018-05-20_MQ1_3629,RICE011_FB_2018-05-20_MQ1_3629_length,Calipers to nearest mm,Length,NA,mm,NA,12,NA
RICE011_FB_2018-05-20_MQ1,RICE011_FB_2018-05-20_MQ1_3630,RICE011_FB_2018-05-20_MQ1_3630_length,Calipers to nearest mm,Length,NA,mm,NA,12,NA
RICE011_FB_2018-05-20_MQ1,RICE011_FB_2018-05-20_MQ1_3631,RICE011_FB_2018-05-20_MQ1_3631_length,Calipers to nearest mm,Length,NA,mm,NA,18,NA
RICE011_FB_2018-05-20_MQ1,RICE011_FB_2018-05-20_MQ1_3632,RICE011_FB_2018-05-20_MQ1_3632_length,Calipers to nearest mm,Length,NA,mm,NA,15,NA
RICE011_FB_2018-05-20_MQ1,RICE011_FB_2018-05-20_MQ1_3633,RICE011_FB_2018-05-20_MQ1_3633_length,Calipers to nearest mm,Length,NA,mm,NA,14,NA
RICE011_FB_2018-05-20_MQ1,RICE011_FB_2018-05-20_MQ1_3634,RICE011_FB_2018-05-20_MQ1_3634_length,Calipers to nearest mm,Length,NA,mm,NA,15,NA
RICE011_FB_2018-05-20_MQ1,RICE011_FB_2018-05-20_MQ1_3635,RICE011_FB_2018-05-20_MQ1_3635_length,Calipers to nearest mm,Length,NA,mm,NA,14,NA
RICE011_FB_2018-05-20_MQ2,RICE011_FB_2018-05-20_MQ2_3636,RICE011_FB_2018-05-20_MQ2_3636_length,Calipers to nearest mm,Length,NA,mm,NA,12,NA
RICE011_FB_2018-05-20_MQ2,RICE011_FB_2018-05-20_MQ2_3637,RICE011_FB_2018-05-20_MQ2_3637_length,Calipers to nearest mm,Length,NA,mm,NA,12,NA
RICE011_FB_2018-05-20_MQ2,RICE011_FB_2018-05-20_MQ2_3638,RICE011_FB_2018-05-20_MQ2_3638_length,Calipers to nearest mm,Length,NA,mm,NA,12,NA
RICE011_FB_2018-05-20_MQ2,RICE011_FB_2018-05-20_MQ2_3639,RICE011_FB_2018-05-20_MQ2_3639_length,Calipers to nearest mm,Length,NA,mm,NA,22,NA
RICE011_FB_2018-05-20_MQ2,RICE011_FB_2018-05-20_MQ2_3640,RICE011_FB_2018-05-20_MQ2_3640_length,Calipers to nearest mm,Length,NA,mm,NA,14,NA
RICE011_FB_2018-05-20_MQ2,RICE011_FB_2018-05-20_MQ2_3641,RICE011_FB_2018-05-20_MQ2_3641_length,Calipers to nearest mm,Length,NA,mm,NA,12,NA
RICE011_FB_2018-05-20_MQ2,RICE011_FB_2018-05-20_MQ2_3642,RICE011_FB_2018-05-20_MQ2_3642_length,Calipers to nearest mm,Length,NA,mm,NA,15,NA
RICE011_FB_2018-05-20_MQ2,RICE011_FB_2018-05-20_MQ2_3643,RICE011_FB_2018-05-20_MQ2_3643_length,Calipers to nearest mm,Length,NA,mm,NA,9,NA
RICE011_FB_2018-05-20_MQ2,RICE011_FB_2018-05-20_MQ2_3644,RICE011_FB_2018-05-20_MQ2_3644_length,Calipers to nearest mm,Length,NA,mm,NA,17,NA
RICE011_FB_2018-05-20_MQ2,RICE011_FB_2018-05-20_MQ2_3645,RICE011_FB_2018-05-20_MQ2_3645_length,Calipers to nearest mm,Length,NA,mm,NA,15,NA
RICE011_FB_2018-05-20_MQ2,RICE011_FB_2018-05-20_MQ2_3646,RICE011_FB_2018-05-20_MQ2_3646_length,Calipers to nearest mm,Length,NA,mm,NA,10,NA
RICE011_FB_2018-05-20_MQ2,RICE011_FB_2018-05-20_MQ2_3647,RICE011_FB_2018-05-20_MQ2_3647_length,Calipers to nearest mm,Length,NA,mm,NA,15,NA
RICE011_FB_2018-05-20_MQ2,RICE011_FB_2018-05-20_MQ2_3648,RICE011_FB_2018-05-20_MQ2_3648_length,Calipers to nearest mm,Length,NA,mm,NA,10,NA
RICE011_FB_2018-05-20_MQ2,RICE011_FB_2018-05-20_MQ2_3649,RICE011_FB_2018-05-20_MQ2_3649_length,Calipers to nearest mm,Length,NA,mm,NA,20,NA
RICE011_FB_2018-05-20_MQ2,RICE011_FB_2018-05-20_MQ2_3650,RICE011_FB_2018-05-20_MQ2_3650_length,Calipers to nearest mm,Length,NA,mm,NA,10,NA
RICE011_FB_2018-05-20_MQ2,RICE011_FB_2018-05-20_MQ2_3651,RICE011_FB_2018-05-20_MQ2_3651_length,Calipers to nearest mm,Length,NA,mm,NA,5,NA
RICE011_FB_2018-05-20_MQ2,RICE011_FB_2018-05-20_MQ2_3652,RICE011_FB_2018-05-20_MQ2_3652_length,Calipers to nearest mm,Length,NA,mm,NA,10,NA
RICE011_FB_2018-05-20_MQ2,RICE011_FB_2018-05-20_MQ2_3653,RICE011_FB_2018-05-20_MQ2_3653_length,Calipers to nearest mm,Length,NA,mm,NA,15,NA
RICE011_FB_2018-05-20_MQ2,RICE011_FB_2018-05-20_MQ2_3654,RICE011_FB_2018-05-20_MQ2_3654_length,Calipers to nearest mm,Length,NA,mm,NA,13,NA
RICE011_FB_2018-05-20_MQ2,RICE011_FB_2018-05-20_MQ2_3655,RICE011_FB_2018-05-20_MQ2_3655_length,Calipers to nearest mm,Length,NA,mm,NA,13,NA
RICE011_FB_2018-05-20_MQ2,RICE011_FB_2018-05-20_MQ2_3656,RICE011_FB_2018-05-20_MQ2_3656_length,Calipers to nearest mm,Length,NA,mm,NA,15,NA
RICE011_FB_2018-05-20_MQ3,RICE011_FB_2018-05-20_MQ3_3657,RICE011_FB_2018-05-20_MQ3_3657_length,Calipers to nearest mm,Length,NA,mm,NA,19,NA
RICE011_FB_2018-05-20_MQ3,RICE011_FB_2018-05-20_MQ3_3658,RICE011_FB_2018-05-20_MQ3_3658_length,Calipers to nearest mm,Length,NA,mm,NA,26,NA
RICE011_FB_2018-05-20_MQ3,RICE011_FB_2018-05-20_MQ3_3659,RICE011_FB_2018-05-20_MQ3_3659_length,Calipers to nearest mm,Length,NA,mm,NA,24,NA
RICE011_FB_2018-05-20_MQ3,RICE011_FB_2018-05-20_MQ3_3660,RICE011_FB_2018-05-20_MQ3_3660_length,Calipers to nearest mm,Length,NA,mm,NA,14,NA
RICE011_FB_2018-05-20_MQ3,RICE011_FB_2018-05-20_MQ3_3661,RICE011_FB_2018-05-20_MQ3_3661_length,Calipers to nearest mm,Length,NA,mm,NA,14,NA
RICE011_FB_2018-05-20_MQ3,RICE011_FB_2018-05-20_MQ3_3662,RICE011_FB_2018-05-20_MQ3_3662_length,Calipers to nearest mm,Length,NA,mm,NA,21,NA
RICE011_FB_2018-05-20_MQ4,RICE011_FB_2018-05-20_MQ4_3663,RICE011_FB_2018-05-20_MQ4_3663_length,Calipers to nearest mm,Length,NA,mm,NA,11,NA
RICE011_FB_2018-05-20_MQ4,RICE011_FB_2018-05-20_MQ4_3664,RICE011_FB_2018-05-20_MQ4_3664_length,Calipers to nearest mm,Length,NA,mm,NA,18,NA
RICE011_FB_2018-05-20_MQ4,RICE011_FB_2018-05-20_MQ4_3665,RICE011_FB_2018-05-20_MQ4_3665_length,Calipers to nearest mm,Length,NA,mm,NA,8,NA
RICE011_FB_2018-05-20_MQ4,RICE011_FB_2018-05-20_MQ4_3666,RICE011_FB_2018-05-20_MQ4_3666_length,Calipers to nearest mm,Length,NA,mm,NA,8,NA
RICE011_FB_2018-05-20_MQ4,RICE011_FB_2018-05-20_MQ4_3667,RICE011_FB_2018-05-20_MQ4_3667_length,Calipers to nearest mm,Length,NA,mm,NA,10,NA
RICE011_FB_2018-05-20_MQ4,RICE011_FB_2018-05-20_MQ4_3668,RICE011_FB_2018-05-20_MQ4_3668_length,Calipers to nearest mm,Length,NA,mm,NA,10,NA
RICE011_FB_2018-05-20_MQ4,RICE011_FB_2018-05-20_MQ4_3669,RICE011_FB_2018-05-20_MQ4_3669_length,Calipers to nearest mm,Length,NA,mm,NA,15,NA
RICE011_FB_2018-05-20_MQ4,RICE011_FB_2018-05-20_MQ4_3670,RICE011_FB_2018-05-20_MQ4_3670_length,Calipers to nearest mm,Length,NA,mm,NA,10,NA
RICE011_FB_2018-05-20_MQ4,RICE011_FB_2018-05-20_MQ4_3671,RICE011_FB_2018-05-20_MQ4_3671_length,Calipers to nearest mm,Length,NA,mm,NA,9,NA
RICE011_FB_2018-05-20_MQ4,RICE011_FB_2018-05-20_MQ4_3672,RICE011_FB_2018-05-20_MQ4_3672_length,Calipers to nearest mm,Length,NA,mm,NA,10,NA
RICE011_FB_2018-05-20_MQ5,RICE011_FB_2018-05-20_MQ5_3673,RICE011_FB_2018-05-20_MQ5_3673_length,Calipers to nearest mm,Length,NA,mm,NA,10,NA
RICE011_NB_2018-05-21_FQ1,RICE011_NB_2018-05-21_FQ1_3674,RICE011_NB_2018-05-21_FQ1_3674_length,Calipers to nearest mm,Length,NA,mm,NA,10,NA
RICE011_NB_2018-05-21_FQ1,RICE011_NB_2018-05-21_FQ1_3675,RICE011_NB_2018-05-21_FQ1_3675_length,Calipers to nearest mm,Length,NA,mm,NA,16,NA
RICE011_NB_2018-05-21_FQ1,RICE011_NB_2018-05-21_FQ1_3676,RICE011_NB_2018-05-21_FQ1_3676_length,Calipers to nearest mm,Length,NA,mm,NA,20,NA
RICE011_NB_2018-05-21_FQ1,RICE011_NB_2018-05-21_FQ1_3677,RICE011_NB_2018-05-21_FQ1_3677_length,Calipers to nearest mm,Length,NA,mm,NA,19,NA
RICE011_NB_2018-05-21_FQ2,RICE011_NB_2018-05-21_FQ2_3678,RICE011_NB_2018-05-21_FQ2_3678_length,Calipers to nearest mm,Length,NA,mm,NA,17,NA
RICE011_NB_2018-05-21_FQ2,RICE011_NB_2018-05-21_FQ2_3679,RICE011_NB_2018-05-21_FQ2_3679_length,Calipers to nearest mm,Length,NA,mm,NA,16,NA
RICE011_NB_2018-05-21_FQ2,RICE011_NB_2018-05-21_FQ2_3680,RICE011_NB_2018-05-21_FQ2_3680_length,Calipers to nearest mm,Length,NA,mm,NA,14,NA
RICE011_NB_2018-05-21_FQ2,RICE011_NB_2018-05-21_FQ2_3681,RICE011_NB_2018-05-21_FQ2_3681_length,Calipers to nearest mm,Length,NA,mm,NA,12,NA
RICE011_NB_2018-05-21_FQ2,RICE011_NB_2018-05-21_FQ2_3682,RICE011_NB_2018-05-21_FQ2_3682_length,Calipers to nearest mm,Length,NA,mm,NA,10,NA
RICE011_NB_2018-05-21_MQ1,RICE011_NB_2018-05-21_MQ1_3683,RICE011_NB_2018-05-21_MQ1_3683_length,Calipers to nearest mm,Length,NA,mm,NA,17,NA
RICE011_NB_2018-05-21_MQ1,RICE011_NB_2018-05-21_MQ1_3684,RICE011_NB_2018-05-21_MQ1_3684_length,Calipers to nearest mm,Length,NA,mm,NA,16,NA
RICE011_NB_2018-05-21_MQ2,RICE011_NB_2018-05-21_MQ2_3685,RICE011_NB_2018-05-21_MQ2_3685_length,Calipers to nearest mm,Length,NA,mm,NA,16,NA
RICE011_NB_2018-05-21_MQ2,RICE011_NB_2018-05-21_MQ2_3686,RICE011_NB_2018-05-21_MQ2_3686_length,Calipers to nearest mm,Length,NA,mm,NA,14,NA
RICE011_NB_2018-05-21_MQ2,RICE011_NB_2018-05-21_MQ2_3687,RICE011_NB_2018-05-21_MQ2_3687_length,Calipers to nearest mm,Length,NA,mm,NA,12,NA
RICE011_NB_2018-05-21_MQ3,RICE011_NB_2018-05-21_MQ3_3688,RICE011_NB_2018-05-21_MQ3_3688_length,Calipers to nearest mm,Length,NA,mm,NA,11,NA
RICE011_NB_2018-05-21_MQ3,RICE011_NB_2018-05-21_MQ3_3689,RICE011_NB_2018-05-21_MQ3_3689_length,Calipers to nearest mm,Length,NA,mm,NA,19,NA
RICE011_NB_2018-05-21_MQ4,RICE011_NB_2018-05-21_MQ4_3690,RICE011_NB_2018-05-21_MQ4_3690_length,Calipers to nearest mm,Length,NA,mm,NA,14,NA
RICE011_NB_2018-05-21_MQ4,RICE011_NB_2018-05-21_MQ4_3691,RICE011_NB_2018-05-21_MQ4_3691_length,Calipers to nearest mm,Length,NA,mm,NA,16,NA
RICE011_NB_2018-05-21_MQ5,RICE011_NB_2018-05-21_MQ5_3692,RICE011_NB_2018-05-21_MQ5_3692_length,Calipers to nearest mm,Length,NA,mm,NA,12,NA
RICE011_NB_2018-05-21_MQ5,RICE011_NB_2018-05-21_MQ5_3693,RICE011_NB_2018-05-21_MQ5_3693_length,Calipers to nearest mm,Length,NA,mm,NA,20,NA
RICE011_NB_2018-05-21_MQ5,RICE011_NB_2018-05-21_MQ5_3694,RICE011_NB_2018-05-21_MQ5_3694_length,Calipers to nearest mm,Length,NA,mm,NA,13,NA
RICE012_WB_2018-06-14_BQ1,RICE012_WB_2018-06-14_BQ1_3695,RICE012_WB_2018-06-14_BQ1_3695_length,Calipers to nearest mm,Length,NA,mm,NA,18,NA
RICE012_WB_2018-06-14_BQ2,RICE012_WB_2018-06-14_BQ2_3696,RICE012_WB_2018-06-14_BQ2_3696_length,Calipers to nearest mm,Length,NA,mm,NA,19,NA
RICE012_WB_2018-06-14_FQ3,RICE012_WB_2018-06-14_FQ3_3697,RICE012_WB_2018-06-14_FQ3_3697_length,Calipers to nearest mm,Length,NA,mm,NA,13,NA
RICE012_WB_2018-06-14_FQ3,RICE012_WB_2018-06-14_FQ3_3698,RICE012_WB_2018-06-14_FQ3_3698_length,Calipers to nearest mm,Length,NA,mm,NA,11,NA
RICE012_WB_2018-06-14_FQ3,RICE012_WB_2018-06-14_FQ3_3699,RICE012_WB_2018-06-14_FQ3_3699_length,Calipers to nearest mm,Length,NA,mm,NA,12,NA
RICE012_WB_2018-06-14_FQ3,RICE012_WB_2018-06-14_FQ3_3700,RICE012_WB_2018-06-14_FQ3_3700_length,Calipers to nearest mm,Length,NA,mm,NA,14,NA
RICE012_WB_2018-06-14_FQ3,RICE012_WB_2018-06-14_FQ3_3701,RICE012_WB_2018-06-14_FQ3_3701_length,Calipers to nearest mm,Length,NA,mm,NA,12,NA
RICE012_WB_2018-06-14_FQ3,RICE012_WB_2018-06-14_FQ3_3702,RICE012_WB_2018-06-14_FQ3_3702_length,Calipers to nearest mm,Length,NA,mm,NA,20,NA
RICE012_WB_2018-06-14_FQ3,RICE012_WB_2018-06-14_FQ3_3703,RICE012_WB_2018-06-14_FQ3_3703_length,Calipers to nearest mm,Length,NA,mm,NA,22,NA
RICE012_WB_2018-06-14_FQ3,RICE012_WB_2018-06-14_FQ3_3704,RICE012_WB_2018-06-14_FQ3_3704_length,Calipers to nearest mm,Length,NA,mm,NA,10,NA
RICE012_WB_2018-06-14_FQ3,RICE012_WB_2018-06-14_FQ3_3705,RICE012_WB_2018-06-14_FQ3_3705_length,Calipers to nearest mm,Length,NA,mm,NA,9,NA
RICE012_WB_2018-06-14_FQ3,RICE012_WB_2018-06-14_FQ3_3706,RICE012_WB_2018-06-14_FQ3_3706_length,Calipers to nearest mm,Length,NA,mm,NA,15,NA
RICE012_WB_2018-06-14_FQ3,RICE012_WB_2018-06-14_FQ3_3707,RICE012_WB_2018-06-14_FQ3_3707_length,Calipers to nearest mm,Length,NA,mm,NA,13,NA
RICE012_WB_2018-06-14_FQ5,RICE012_WB_2018-06-14_FQ5_3708,RICE012_WB_2018-06-14_FQ5_3708_length,Calipers to nearest mm,Length,NA,mm,NA,9,NA
RICE012_WB_2018-06-14_FQ5,RICE012_WB_2018-06-14_FQ5_3709,RICE012_WB_2018-06-14_FQ5_3709_length,Calipers to nearest mm,Length,NA,mm,NA,18,NA
RICE012_WB_2018-06-14_FQ5,RICE012_WB_2018-06-14_FQ5_3710,RICE012_WB_2018-06-14_FQ5_3710_length,Calipers to nearest mm,Length,NA,mm,NA,11,NA
RICE012_WB_2018-06-14_MQ1,RICE012_WB_2018-06-14_MQ1_3711,RICE012_WB_2018-06-14_MQ1_3711_length,Calipers to nearest mm,Length,NA,mm,NA,20,NA
RICE012_WB_2018-06-14_MQ1,RICE012_WB_2018-06-14_MQ1_3712,RICE012_WB_2018-06-14_MQ1_3712_length,Calipers to nearest mm,Length,NA,mm,NA,27,NA
RICE012_WB_2018-06-14_MQ1,RICE012_WB_2018-06-14_MQ1_3713,RICE012_WB_2018-06-14_MQ1_3713_length,Calipers to nearest mm,Length,NA,mm,NA,18,NA
RICE012_WB_2018-06-14_MQ1,RICE012_WB_2018-06-14_MQ1_3714,RICE012_WB_2018-06-14_MQ1_3714_length,Calipers to nearest mm,Length,NA,mm,NA,21,NA
RICE012_WB_2018-06-14_MQ1,RICE012_WB_2018-06-14_MQ1_3715,RICE012_WB_2018-06-14_MQ1_3715_length,Calipers to nearest mm,Length,NA,mm,NA,20,NA
RICE012_WB_2018-06-14_MQ1,RICE012_WB_2018-06-14_MQ1_3716,RICE012_WB_2018-06-14_MQ1_3716_length,Calipers to nearest mm,Length,NA,mm,NA,16,NA
RICE012_WB_2018-06-14_MQ1,RICE012_WB_2018-06-14_MQ1_3717,RICE012_WB_2018-06-14_MQ1_3717_length,Calipers to nearest mm,Length,NA,mm,NA,15,NA
RICE012_WB_2018-06-14_MQ2,RICE012_WB_2018-06-14_MQ2_3718,RICE012_WB_2018-06-14_MQ2_3718_length,Calipers to nearest mm,Length,NA,mm,NA,15,NA
RICE012_WB_2018-06-14_MQ2,RICE012_WB_2018-06-14_MQ2_3719,RICE012_WB_2018-06-14_MQ2_3719_length,Calipers to nearest mm,Length,NA,mm,NA,14,NA
RICE012_WB_2018-06-14_MQ2,RICE012_WB_2018-06-14_MQ2_3720,RICE012_WB_2018-06-14_MQ2_3720_length,Calipers to nearest mm,Length,NA,mm,NA,16,NA
RICE012_WB_2018-06-14_MQ2,RICE012_WB_2018-06-14_MQ2_3721,RICE012_WB_2018-06-14_MQ2_3721_length,Calipers to nearest mm,Length,NA,mm,NA,17,NA
RICE012_WB_2018-06-14_MQ2,RICE012_WB_2018-06-14_MQ2_3722,RICE012_WB_2018-06-14_MQ2_3722_length,Calipers to nearest mm,Length,NA,mm,NA,18,NA
RICE012_WB_2018-06-14_MQ2,RICE012_WB_2018-06-14_MQ2_3723,RICE012_WB_2018-06-14_MQ2_3723_length,Calipers to nearest mm,Length,NA,mm,NA,22,NA
RICE012_WB_2018-06-14_MQ2,RICE012_WB_2018-06-14_MQ2_3724,RICE012_WB_2018-06-14_MQ2_3724_length,Calipers to nearest mm,Length,NA,mm,NA,15,NA
RICE012_WB_2018-06-14_MQ2,RICE012_WB_2018-06-14_MQ2_3725,RICE012_WB_2018-06-14_MQ2_3725_length,Calipers to nearest mm,Length,NA,mm,NA,18,NA
RICE012_WB_2018-06-14_MQ2,RICE012_WB_2018-06-14_MQ2_3726,RICE012_WB_2018-06-14_MQ2_3726_length,Calipers to nearest mm,Length,NA,mm,NA,12,NA
RICE012_WB_2018-06-14_MQ2,RICE012_WB_2018-06-14_MQ2_3727,RICE012_WB_2018-06-14_MQ2_3727_length,Calipers to nearest mm,Length,NA,mm,NA,16,NA
RICE012_WB_2018-06-14_MQ2,RICE012_WB_2018-06-14_MQ2_3728,RICE012_WB_2018-06-14_MQ2_3728_length,Calipers to nearest mm,Length,NA,mm,NA,20,NA
RICE012_WB_2018-06-14_MQ2,RICE012_WB_2018-06-14_MQ2_3729,RICE012_WB_2018-06-14_MQ2_3729_length,Calipers to nearest mm,Length,NA,mm,NA,13,NA
RICE012_WB_2018-06-14_MQ2,RICE012_WB_2018-06-14_MQ2_3730,RICE012_WB_2018-06-14_MQ2_3730_length,Calipers to nearest mm,Length,NA,mm,NA,17,NA
RICE012_WB_2018-06-14_MQ2,RICE012_WB_2018-06-14_MQ2_3731,RICE012_WB_2018-06-14_MQ2_3731_length,Calipers to nearest mm,Length,NA,mm,NA,21,NA
RICE012_WB_2018-06-14_MQ2,RICE012_WB_2018-06-14_MQ2_3732,RICE012_WB_2018-06-14_MQ2_3732_length,Calipers to nearest mm,Length,NA,mm,NA,14,NA
RICE012_WB_2018-06-14_MQ2,RICE012_WB_2018-06-14_MQ2_3733,RICE012_WB_2018-06-14_MQ2_3733_length,Calipers to nearest mm,Length,NA,mm,NA,11,NA
RICE012_WB_2018-06-14_MQ3,RICE012_WB_2018-06-14_MQ3_3734,RICE012_WB_2018-06-14_MQ3_3734_length,Calipers to nearest mm,Length,NA,mm,NA,14,NA
RICE012_WB_2018-06-14_MQ3,RICE012_WB_2018-06-14_MQ3_3735,RICE012_WB_2018-06-14_MQ3_3735_length,Calipers to nearest mm,Length,NA,mm,NA,17,NA
RICE012_WB_2018-06-14_MQ3,RICE012_WB_2018-06-14_MQ3_3736,RICE012_WB_2018-06-14_MQ3_3736_length,Calipers to nearest mm,Length,NA,mm,NA,15,NA
RICE012_WB_2018-06-14_MQ3,RICE012_WB_2018-06-14_MQ3_3737,RICE012_WB_2018-06-14_MQ3_3737_length,Calipers to nearest mm,Length,NA,mm,NA,11,NA
RICE012_WB_2018-06-14_MQ3,RICE012_WB_2018-06-14_MQ3_3738,RICE012_WB_2018-06-14_MQ3_3738_length,Calipers to nearest mm,Length,NA,mm,NA,16,NA
RICE012_WB_2018-06-14_MQ3,RICE012_WB_2018-06-14_MQ3_3739,RICE012_WB_2018-06-14_MQ3_3739_length,Calipers to nearest mm,Length,NA,mm,NA,13,NA
RICE012_WB_2018-06-14_MQ4,RICE012_WB_2018-06-14_MQ4_3740,RICE012_WB_2018-06-14_MQ4_3740_length,Calipers to nearest mm,Length,NA,mm,NA,15,NA
RICE012_WB_2018-06-14_MQ4,RICE012_WB_2018-06-14_MQ4_3741,RICE012_WB_2018-06-14_MQ4_3741_length,Calipers to nearest mm,Length,NA,mm,NA,14,NA
RICE012_WB_2018-06-14_MQ4,RICE012_WB_2018-06-14_MQ4_3742,RICE012_WB_2018-06-14_MQ4_3742_length,Calipers to nearest mm,Length,NA,mm,NA,18,NA
RICE012_WB_2018-06-14_MQ4,RICE012_WB_2018-06-14_MQ4_3743,RICE012_WB_2018-06-14_MQ4_3743_length,Calipers to nearest mm,Length,NA,mm,NA,16,NA
RICE012_WB_2018-06-14_MQ4,RICE012_WB_2018-06-14_MQ4_3744,RICE012_WB_2018-06-14_MQ4_3744_length,Calipers to nearest mm,Length,NA,mm,NA,17,NA
RICE012_WB_2018-06-14_MQ5,RICE012_WB_2018-06-14_MQ5_3745,RICE012_WB_2018-06-14_MQ5_3745_length,Calipers to nearest mm,Length,NA,mm,NA,16,NA
RICE012_WB_2018-06-14_MQ5,RICE012_WB_2018-06-14_MQ5_3746,RICE012_WB_2018-06-14_MQ5_3746_length,Calipers to nearest mm,Length,NA,mm,NA,13,NA
RICE012_WB_2018-06-14_MQ5,RICE012_WB_2018-06-14_MQ5_3747,RICE012_WB_2018-06-14_MQ5_3747_length,Calipers to nearest mm,Length,NA,mm,NA,11,NA
RICE012_WB_2018-06-14_MQ5,RICE012_WB_2018-06-14_MQ5_3748,RICE012_WB_2018-06-14_MQ5_3748_length,Calipers to nearest mm,Length,NA,mm,NA,14,NA
RICE012_WB_2018-06-14_MQ5,RICE012_WB_2018-06-14_MQ5_3749,RICE012_WB_2018-06-14_MQ5_3749_length,Calipers to nearest mm,Length,NA,mm,NA,13,NA
RICE012_WB_2018-06-14_MQ5,RICE012_WB_2018-06-14_MQ5_3750,RICE012_WB_2018-06-14_MQ5_3750_length,Calipers to nearest mm,Length,NA,mm,NA,17,NA
RICE012_WB_2018-06-14_MQ5,RICE012_WB_2018-06-14_MQ5_3751,RICE012_WB_2018-06-14_MQ5_3751_length,Calipers to nearest mm,Length,NA,mm,NA,14,NA
RICE012_WB_2018-06-14_MQ5,RICE012_WB_2018-06-14_MQ5_3752,RICE012_WB_2018-06-14_MQ5_3752_length,Calipers to nearest mm,Length,NA,mm,NA,16,NA
RICE012_FB_2018-06-15_BQ1,RICE012_FB_2018-06-15_BQ1_3753,RICE012_FB_2018-06-15_BQ1_3753_length,Calipers to nearest mm,Length,NA,mm,NA,14,NA
RICE012_FB_2018-06-15_BQ1,RICE012_FB_2018-06-15_BQ1_3754,RICE012_FB_2018-06-15_BQ1_3754_length,Calipers to nearest mm,Length,NA,mm,NA,16,NA
RICE012_FB_2018-06-15_BQ1,RICE012_FB_2018-06-15_BQ1_3755,RICE012_FB_2018-06-15_BQ1_3755_length,Calipers to nearest mm,Length,NA,mm,NA,15,NA
RICE012_FB_2018-06-15_BQ1,RICE012_FB_2018-06-15_BQ1_3756,RICE012_FB_2018-06-15_BQ1_3756_length,Calipers to nearest mm,Length,NA,mm,NA,18,NA
RICE012_FB_2018-06-15_BQ1,RICE012_FB_2018-06-15_BQ1_3757,RICE012_FB_2018-06-15_BQ1_3757_length,Calipers to nearest mm,Length,NA,mm,NA,19,NA
RICE012_FB_2018-06-15_BQ2,RICE012_FB_2018-06-15_BQ2_3758,RICE012_FB_2018-06-15_BQ2_3758_length,Calipers to nearest mm,Length,NA,mm,NA,16,NA
RICE012_FB_2018-06-15_BQ2,RICE012_FB_2018-06-15_BQ2_3759,RICE012_FB_2018-06-15_BQ2_3759_length,Calipers to nearest mm,Length,NA,mm,NA,17,NA
RICE012_FB_2018-06-15_BQ2,RICE012_FB_2018-06-15_BQ2_3760,RICE012_FB_2018-06-15_BQ2_3760_length,Calipers to nearest mm,Length,NA,mm,NA,14,NA
RICE012_FB_2018-06-15_BQ3,RICE012_FB_2018-06-15_BQ3_3761,RICE012_FB_2018-06-15_BQ3_3761_length,Calipers to nearest mm,Length,NA,mm,NA,17,NA
RICE012_FB_2018-06-15_BQ3,RICE012_FB_2018-06-15_BQ3_3762,RICE012_FB_2018-06-15_BQ3_3762_length,Calipers to nearest mm,Length,NA,mm,NA,15,NA
RICE012_FB_2018-06-15_BQ3,RICE012_FB_2018-06-15_BQ3_3763,RICE012_FB_2018-06-15_BQ3_3763_length,Calipers to nearest mm,Length,NA,mm,NA,13,NA
RICE012_FB_2018-06-15_BQ3,RICE012_FB_2018-06-15_BQ3_3764,RICE012_FB_2018-06-15_BQ3_3764_length,Calipers to nearest mm,Length,NA,mm,NA,14,NA
RICE012_FB_2018-06-15_BQ3,RICE012_FB_2018-06-15_BQ3_3765,RICE012_FB_2018-06-15_BQ3_3765_length,Calipers to nearest mm,Length,NA,mm,NA,12,NA
RICE012_FB_2018-06-15_BQ3,RICE012_FB_2018-06-15_BQ3_3766,RICE012_FB_2018-06-15_BQ3_3766_length,Calipers to nearest mm,Length,NA,mm,NA,16,NA
RICE012_FB_2018-06-15_BQ4,RICE012_FB_2018-06-15_BQ4_3767,RICE012_FB_2018-06-15_BQ4_3767_length,Calipers to nearest mm,Length,NA,mm,NA,9,NA
RICE012_FB_2018-06-15_BQ4,RICE012_FB_2018-06-15_BQ4_3768,RICE012_FB_2018-06-15_BQ4_3768_length,Calipers to nearest mm,Length,NA,mm,NA,11,NA
RICE012_FB_2018-06-15_BQ4,RICE012_FB_2018-06-15_BQ4_3769,RICE012_FB_2018-06-15_BQ4_3769_length,Calipers to nearest mm,Length,NA,mm,NA,17,NA
RICE012_FB_2018-06-15_BQ4,RICE012_FB_2018-06-15_BQ4_3770,RICE012_FB_2018-06-15_BQ4_3770_length,Calipers to nearest mm,Length,NA,mm,NA,8,NA
RICE012_FB_2018-06-15_BQ4,RICE012_FB_2018-06-15_BQ4_3771,RICE012_FB_2018-06-15_BQ4_3771_length,Calipers to nearest mm,Length,NA,mm,NA,7,NA
RICE012_FB_2018-06-15_BQ4,RICE012_FB_2018-06-15_BQ4_3772,RICE012_FB_2018-06-15_BQ4_3772_length,Calipers to nearest mm,Length,NA,mm,NA,15,NA
RICE012_FB_2018-06-15_BQ4,RICE012_FB_2018-06-15_BQ4_3773,RICE012_FB_2018-06-15_BQ4_3773_length,Calipers to nearest mm,Length,NA,mm,NA,12,NA
RICE012_FB_2018-06-15_BQ5,RICE012_FB_2018-06-15_BQ5_3774,RICE012_FB_2018-06-15_BQ5_3774_length,Calipers to nearest mm,Length,NA,mm,NA,18,NA
RICE012_FB_2018-06-15_BQ5,RICE012_FB_2018-06-15_BQ5_3775,RICE012_FB_2018-06-15_BQ5_3775_length,Calipers to nearest mm,Length,NA,mm,NA,15,NA
RICE012_FB_2018-06-15_BQ5,RICE012_FB_2018-06-15_BQ5_3776,RICE012_FB_2018-06-15_BQ5_3776_length,Calipers to nearest mm,Length,NA,mm,NA,17,NA
RICE012_FB_2018-06-15_BQ5,RICE012_FB_2018-06-15_BQ5_3777,RICE012_FB_2018-06-15_BQ5_3777_length,Calipers to nearest mm,Length,NA,mm,NA,14,NA
RICE012_FB_2018-06-15_BQ5,RICE012_FB_2018-06-15_BQ5_3778,RICE012_FB_2018-06-15_BQ5_3778_length,Calipers to nearest mm,Length,NA,mm,NA,16,NA
RICE012_FB_2018-06-15_FQ2,RICE012_FB_2018-06-15_FQ2_3779,RICE012_FB_2018-06-15_FQ2_3779_length,Calipers to nearest mm,Length,NA,mm,NA,21,NA
RICE012_FB_2018-06-15_FQ2,RICE012_FB_2018-06-15_FQ2_3780,RICE012_FB_2018-06-15_FQ2_3780_length,Calipers to nearest mm,Length,NA,mm,NA,18,NA
RICE012_FB_2018-06-15_FQ2,RICE012_FB_2018-06-15_FQ2_3781,RICE012_FB_2018-06-15_FQ2_3781_length,Calipers to nearest mm,Length,NA,mm,NA,22,NA
RICE012_FB_2018-06-15_FQ2,RICE012_FB_2018-06-15_FQ2_3782,RICE012_FB_2018-06-15_FQ2_3782_length,Calipers to nearest mm,Length,NA,mm,NA,15,NA
RICE012_FB_2018-06-15_FQ2,RICE012_FB_2018-06-15_FQ2_3783,RICE012_FB_2018-06-15_FQ2_3783_length,Calipers to nearest mm,Length,NA,mm,NA,24,NA
RICE012_FB_2018-06-15_FQ2,RICE012_FB_2018-06-15_FQ2_3784,RICE012_FB_2018-06-15_FQ2_3784_length,Calipers to nearest mm,Length,NA,mm,NA,26,NA
RICE012_FB_2018-06-15_FQ2,RICE012_FB_2018-06-15_FQ2_3785,RICE012_FB_2018-06-15_FQ2_3785_length,Calipers to nearest mm,Length,NA,mm,NA,21,NA
RICE012_FB_2018-06-15_FQ3,RICE012_FB_2018-06-15_FQ3_3786,RICE012_FB_2018-06-15_FQ3_3786_length,Calipers to nearest mm,Length,NA,mm,NA,16,NA
RICE012_FB_2018-06-15_FQ3,RICE012_FB_2018-06-15_FQ3_3787,RICE012_FB_2018-06-15_FQ3_3787_length,Calipers to nearest mm,Length,NA,mm,NA,17,NA
RICE012_FB_2018-06-15_FQ3,RICE012_FB_2018-06-15_FQ3_3788,RICE012_FB_2018-06-15_FQ3_3788_length,Calipers to nearest mm,Length,NA,mm,NA,21,NA
RICE012_FB_2018-06-15_FQ4,RICE012_FB_2018-06-15_FQ4_3789,RICE012_FB_2018-06-15_FQ4_3789_length,Calipers to nearest mm,Length,NA,mm,NA,18,NA
RICE012_FB_2018-06-15_FQ4,RICE012_FB_2018-06-15_FQ4_3790,RICE012_FB_2018-06-15_FQ4_3790_length,Calipers to nearest mm,Length,NA,mm,NA,24,NA
RICE012_FB_2018-06-15_FQ4,RICE012_FB_2018-06-15_FQ4_3791,RICE012_FB_2018-06-15_FQ4_3791_length,Calipers to nearest mm,Length,NA,mm,NA,21,NA
RICE012_FB_2018-06-15_FQ4,RICE012_FB_2018-06-15_FQ4_3792,RICE012_FB_2018-06-15_FQ4_3792_length,Calipers to nearest mm,Length,NA,mm,NA,22,NA
RICE012_FB_2018-06-15_FQ4,RICE012_FB_2018-06-15_FQ4_3793,RICE012_FB_2018-06-15_FQ4_3793_length,Calipers to nearest mm,Length,NA,mm,NA,20,NA
RICE012_FB_2018-06-15_FQ4,RICE012_FB_2018-06-15_FQ4_3794,RICE012_FB_2018-06-15_FQ4_3794_length,Calipers to nearest mm,Length,NA,mm,NA,23,NA
RICE012_FB_2018-06-15_FQ5,RICE012_FB_2018-06-15_FQ5_3795,RICE012_FB_2018-06-15_FQ5_3795_length,Calipers to nearest mm,Length,NA,mm,NA,14,NA
RICE012_FB_2018-06-15_FQ5,RICE012_FB_2018-06-15_FQ5_3796,RICE012_FB_2018-06-15_FQ5_3796_length,Calipers to nearest mm,Length,NA,mm,NA,24,NA
RICE012_FB_2018-06-15_MQ1,RICE012_FB_2018-06-15_MQ1_3797,RICE012_FB_2018-06-15_MQ1_3797_length,Calipers to nearest mm,Length,NA,mm,NA,14,NA
RICE012_FB_2018-06-15_MQ1,RICE012_FB_2018-06-15_MQ1_3798,RICE012_FB_2018-06-15_MQ1_3798_length,Calipers to nearest mm,Length,NA,mm,NA,6,NA
RICE012_FB_2018-06-15_MQ1,RICE012_FB_2018-06-15_MQ1_3799,RICE012_FB_2018-06-15_MQ1_3799_length,Calipers to nearest mm,Length,NA,mm,NA,10,NA
RICE012_FB_2018-06-15_MQ1,RICE012_FB_2018-06-15_MQ1_3800,RICE012_FB_2018-06-15_MQ1_3800_length,Calipers to nearest mm,Length,NA,mm,NA,21,NA
RICE012_FB_2018-06-15_MQ1,RICE012_FB_2018-06-15_MQ1_3801,RICE012_FB_2018-06-15_MQ1_3801_length,Calipers to nearest mm,Length,NA,mm,NA,15,NA
RICE012_FB_2018-06-15_MQ1,RICE012_FB_2018-06-15_MQ1_3802,RICE012_FB_2018-06-15_MQ1_3802_length,Calipers to nearest mm,Length,NA,mm,NA,13,NA
RICE012_FB_2018-06-15_MQ2,RICE012_FB_2018-06-15_MQ2_3803,RICE012_FB_2018-06-15_MQ2_3803_length,Calipers to nearest mm,Length,NA,mm,NA,11,NA
RICE012_FB_2018-06-15_MQ2,RICE012_FB_2018-06-15_MQ2_3804,RICE012_FB_2018-06-15_MQ2_3804_length,Calipers to nearest mm,Length,NA,mm,NA,12,NA
RICE012_FB_2018-06-15_MQ2,RICE012_FB_2018-06-15_MQ2_3805,RICE012_FB_2018-06-15_MQ2_3805_length,Calipers to nearest mm,Length,NA,mm,NA,10,NA
RICE012_FB_2018-06-15_MQ2,RICE012_FB_2018-06-15_MQ2_3806,RICE012_FB_2018-06-15_MQ2_3806_length,Calipers to nearest mm,Length,NA,mm,NA,14,NA
RICE012_FB_2018-06-15_MQ2,RICE012_FB_2018-06-15_MQ2_3807,RICE012_FB_2018-06-15_MQ2_3807_length,Calipers to nearest mm,Length,NA,mm,NA,9,NA
RICE012_FB_2018-06-15_MQ3,RICE012_FB_2018-06-15_MQ3_3808,RICE012_FB_2018-06-15_MQ3_3808_length,Calipers to nearest mm,Length,NA,mm,NA,16,NA
RICE012_FB_2018-06-15_MQ3,RICE012_FB_2018-06-15_MQ3_3809,RICE012_FB_2018-06-15_MQ3_3809_length,Calipers to nearest mm,Length,NA,mm,NA,10,NA
RICE012_FB_2018-06-15_MQ3,RICE012_FB_2018-06-15_MQ3_3810,RICE012_FB_2018-06-15_MQ3_3810_length,Calipers to nearest mm,Length,NA,mm,NA,13,NA
RICE012_FB_2018-06-15_MQ3,RICE012_FB_2018-06-15_MQ3_3811,RICE012_FB_2018-06-15_MQ3_3811_length,Calipers to nearest mm,Length,NA,mm,NA,9,NA
RICE012_FB_2018-06-15_MQ3,RICE012_FB_2018-06-15_MQ3_3812,RICE012_FB_2018-06-15_MQ3_3812_length,Calipers to nearest mm,Length,NA,mm,NA,14,NA
RICE012_FB_2018-06-15_MQ3,RICE012_FB_2018-06-15_MQ3_3813,RICE012_FB_2018-06-15_MQ3_3813_length,Calipers to nearest mm,Length,NA,mm,NA,12,NA
RICE012_FB_2018-06-15_MQ3,RICE012_FB_2018-06-15_MQ3_3814,RICE012_FB_2018-06-15_MQ3_3814_length,Calipers to nearest mm,Length,NA,mm,NA,9,NA
RICE012_FB_2018-06-15_MQ4,RICE012_FB_2018-06-15_MQ4_3815,RICE012_FB_2018-06-15_MQ4_3815_length,Calipers to nearest mm,Length,NA,mm,NA,14,NA
RICE012_FB_2018-06-15_MQ4,RICE012_FB_2018-06-15_MQ4_3816,RICE012_FB_2018-06-15_MQ4_3816_length,Calipers to nearest mm,Length,NA,mm,NA,10,NA
RICE012_FB_2018-06-15_MQ4,RICE012_FB_2018-06-15_MQ4_3817,RICE012_FB_2018-06-15_MQ4_3817_length,Calipers to nearest mm,Length,NA,mm,NA,11,NA
RICE012_FB_2018-06-15_MQ4,RICE012_FB_2018-06-15_MQ4_3818,RICE012_FB_2018-06-15_MQ4_3818_length,Calipers to nearest mm,Length,NA,mm,NA,12,NA
RICE012_FB_2018-06-15_MQ4,RICE012_FB_2018-06-15_MQ4_3819,RICE012_FB_2018-06-15_MQ4_3819_length,Calipers to nearest mm,Length,NA,mm,NA,9,NA
RICE012_FB_2018-06-15_MQ4,RICE012_FB_2018-06-15_MQ4_3820,RICE012_FB_2018-06-15_MQ4_3820_length,Calipers to nearest mm,Length,NA,mm,NA,13,NA
RICE012_FB_2018-06-15_MQ5,RICE012_FB_2018-06-15_MQ5_3821,RICE012_FB_2018-06-15_MQ5_3821_length,Calipers to nearest mm,Length,NA,mm,NA,22,NA
RICE012_FB_2018-06-15_MQ5,RICE012_FB_2018-06-15_MQ5_3822,RICE012_FB_2018-06-15_MQ5_3822_length,Calipers to nearest mm,Length,NA,mm,NA,14,NA
RICE012_FB_2018-06-15_MQ5,RICE012_FB_2018-06-15_MQ5_3823,RICE012_FB_2018-06-15_MQ5_3823_length,Calipers to nearest mm,Length,NA,mm,NA,15,NA
RICE012_FB_2018-06-15_MQ5,RICE012_FB_2018-06-15_MQ5_3824,RICE012_FB_2018-06-15_MQ5_3824_length,Calipers to nearest mm,Length,NA,mm,NA,13,NA
RICE012_FB_2018-06-15_MQ5,RICE012_FB_2018-06-15_MQ5_3825,RICE012_FB_2018-06-15_MQ5_3825_length,Calipers to nearest mm,Length,NA,mm,NA,10,NA
RICE012_FB_2018-06-15_MQ5,RICE012_FB_2018-06-15_MQ5_3826,RICE012_FB_2018-06-15_MQ5_3826_length,Calipers to nearest mm,Length,NA,mm,NA,8,NA
RICE012_FB_2018-06-15_MQ5,RICE012_FB_2018-06-15_MQ5_3827,RICE012_FB_2018-06-15_MQ5_3827_length,Calipers to nearest mm,Length,NA,mm,NA,12,NA
RICE012_NB_2018-06-16_MQ1,RICE012_NB_2018-06-16_MQ1_3828,RICE012_NB_2018-06-16_MQ1_3828_length,Calipers to nearest mm,Length,NA,mm,NA,18,NA
RICE012_NB_2018-06-16_MQ1,RICE012_NB_2018-06-16_MQ1_3829,RICE012_NB_2018-06-16_MQ1_3829_length,Calipers to nearest mm,Length,NA,mm,NA,19,NA
RICE012_NB_2018-06-16_MQ1,RICE012_NB_2018-06-16_MQ1_3830,RICE012_NB_2018-06-16_MQ1_3830_length,Calipers to nearest mm,Length,NA,mm,NA,22,NA
RICE012_NB_2018-06-16_MQ1,RICE012_NB_2018-06-16_MQ1_3831,RICE012_NB_2018-06-16_MQ1_3831_length,Calipers to nearest mm,Length,NA,mm,NA,15,NA
RICE012_NB_2018-06-16_MQ1,RICE012_NB_2018-06-16_MQ1_3832,RICE012_NB_2018-06-16_MQ1_3832_length,Calipers to nearest mm,Length,NA,mm,NA,21,NA
RICE012_NB_2018-06-16_MQ2,RICE012_NB_2018-06-16_MQ2_3833,RICE012_NB_2018-06-16_MQ2_3833_length,Calipers to nearest mm,Length,NA,mm,NA,18,NA
RICE012_NB_2018-06-16_MQ2,RICE012_NB_2018-06-16_MQ2_3834,RICE012_NB_2018-06-16_MQ2_3834_length,Calipers to nearest mm,Length,NA,mm,NA,19,NA
RICE012_NB_2018-06-16_MQ3,RICE012_NB_2018-06-16_MQ3_3835,RICE012_NB_2018-06-16_MQ3_3835_length,Calipers to nearest mm,Length,NA,mm,NA,10,NA
RICE012_NB_2018-06-16_MQ3,RICE012_NB_2018-06-16_MQ3_3836,RICE012_NB_2018-06-16_MQ3_3836_length,Calipers to nearest mm,Length,NA,mm,NA,11,NA
RICE012_NB_2018-06-16_MQ3,RICE012_NB_2018-06-16_MQ3_3837,RICE012_NB_2018-06-16_MQ3_3837_length,Calipers to nearest mm,Length,NA,mm,NA,12,NA
RICE012_NB_2018-06-16_MQ3,RICE012_NB_2018-06-16_MQ3_3838,RICE012_NB_2018-06-16_MQ3_3838_length,Calipers to nearest mm,Length,NA,mm,NA,16,NA
RICE012_NB_2018-06-16_MQ3,RICE012_NB_2018-06-16_MQ3_3839,RICE012_NB_2018-06-16_MQ3_3839_length,Calipers to nearest mm,Length,NA,mm,NA,17,NA
RICE012_NB_2018-06-16_MQ3,RICE012_NB_2018-06-16_MQ3_3840,RICE012_NB_2018-06-16_MQ3_3840_length,Calipers to nearest mm,Length,NA,mm,NA,15,NA
RICE012_NB_2018-06-16_MQ3,RICE012_NB_2018-06-16_MQ3_3841,RICE012_NB_2018-06-16_MQ3_3841_length,Calipers to nearest mm,Length,NA,mm,NA,18,NA
RICE012_NB_2018-06-16_MQ4,RICE012_NB_2018-06-16_MQ4_3842,RICE012_NB_2018-06-16_MQ4_3842_length,Calipers to nearest mm,Length,NA,mm,NA,12,NA
RICE012_NB_2018-06-16_MQ4,RICE012_NB_2018-06-16_MQ4_3843,RICE012_NB_2018-06-16_MQ4_3843_length,Calipers to nearest mm,Length,NA,mm,NA,15,NA
RICE012_NB_2018-06-16_MQ5,RICE012_NB_2018-06-16_MQ5_3844,RICE012_NB_2018-06-16_MQ5_3844_length,Calipers to nearest mm,Length,NA,mm,NA,19,NA
RICE012_NB_2018-06-16_MQ5,RICE012_NB_2018-06-16_MQ5_3845,RICE012_NB_2018-06-16_MQ5_3845_length,Calipers to nearest mm,Length,NA,mm,NA,16,NA
RICE012_NB_2018-06-16_MQ5,RICE012_NB_2018-06-16_MQ5_3846,RICE012_NB_2018-06-16_MQ5_3846_length,Calipers to nearest mm,Length,NA,mm,NA,15,NA
RICE013_NB_2018-08-11_FQ1,RICE013_NB_2018-08-11_FQ1_3847,RICE013_NB_2018-08-11_FQ1_3847_length,Calipers to nearest mm,Length,NA,mm,NA,15,NA
RICE013_NB_2018-08-11_FQ1,RICE013_NB_2018-08-11_FQ1_3848,RICE013_NB_2018-08-11_FQ1_3848_length,Calipers to nearest mm,Length,NA,mm,NA,21,NA
RICE013_NB_2018-08-11_FQ1,RICE013_NB_2018-08-11_FQ1_3849,RICE013_NB_2018-08-11_FQ1_3849_length,Calipers to nearest mm,Length,NA,mm,NA,14,NA
RICE013_NB_2018-08-11_FQ1,RICE013_NB_2018-08-11_FQ1_3850,RICE013_NB_2018-08-11_FQ1_3850_length,Calipers to nearest mm,Length,NA,mm,NA,13,NA
RICE013_NB_2018-08-11_MQ1,RICE013_NB_2018-08-11_MQ1_3851,RICE013_NB_2018-08-11_MQ1_3851_length,Calipers to nearest mm,Length,NA,mm,NA,18,NA
RICE013_NB_2018-08-11_MQ1,RICE013_NB_2018-08-11_MQ1_3852,RICE013_NB_2018-08-11_MQ1_3852_length,Calipers to nearest mm,Length,NA,mm,NA,15,NA
RICE013_NB_2018-08-11_MQ1,RICE013_NB_2018-08-11_MQ1_3853,RICE013_NB_2018-08-11_MQ1_3853_length,Calipers to nearest mm,Length,NA,mm,NA,17,NA
RICE013_NB_2018-08-11_MQ1,RICE013_NB_2018-08-11_MQ1_3854,RICE013_NB_2018-08-11_MQ1_3854_length,Calipers to nearest mm,Length,NA,mm,NA,20,NA
RICE013_NB_2018-08-11_MQ1,RICE013_NB_2018-08-11_MQ1_3855,RICE013_NB_2018-08-11_MQ1_3855_length,Calipers to nearest mm,Length,NA,mm,NA,19,NA
RICE013_NB_2018-08-11_MQ2,RICE013_NB_2018-08-11_MQ2_3856,RICE013_NB_2018-08-11_MQ2_3856_length,Calipers to nearest mm,Length,NA,mm,NA,20,NA
RICE013_NB_2018-08-11_MQ2,RICE013_NB_2018-08-11_MQ2_3857,RICE013_NB_2018-08-11_MQ2_3857_length,Calipers to nearest mm,Length,NA,mm,NA,15,NA
RICE013_NB_2018-08-11_MQ2,RICE013_NB_2018-08-11_MQ2_3858,RICE013_NB_2018-08-11_MQ2_3858_length,Calipers to nearest mm,Length,NA,mm,NA,17,NA
RICE013_FB_2018-08-12_BQ1,RICE013_FB_2018-08-12_BQ1_3859,RICE013_FB_2018-08-12_BQ1_3859_length,Calipers to nearest mm,Length,NA,mm,NA,19,NA
RICE013_FB_2018-08-12_BQ1,RICE013_FB_2018-08-12_BQ1_3860,RICE013_FB_2018-08-12_BQ1_3860_length,Calipers to nearest mm,Length,NA,mm,NA,17,NA
RICE013_FB_2018-08-12_BQ1,RICE013_FB_2018-08-12_BQ1_3861,RICE013_FB_2018-08-12_BQ1_3861_length,Calipers to nearest mm,Length,NA,mm,NA,9,NA
RICE013_FB_2018-08-12_BQ1,RICE013_FB_2018-08-12_BQ1_3862,RICE013_FB_2018-08-12_BQ1_3862_length,Calipers to nearest mm,Length,NA,mm,NA,15,NA
RICE013_FB_2018-08-12_BQ1,RICE013_FB_2018-08-12_BQ1_3863,RICE013_FB_2018-08-12_BQ1_3863_length,Calipers to nearest mm,Length,NA,mm,NA,21,NA
RICE013_FB_2018-08-12_BQ1,RICE013_FB_2018-08-12_BQ1_3864,RICE013_FB_2018-08-12_BQ1_3864_length,Calipers to nearest mm,Length,NA,mm,NA,14,NA
RICE013_FB_2018-08-12_BQ1,RICE013_FB_2018-08-12_BQ1_3865,RICE013_FB_2018-08-12_BQ1_3865_length,Calipers to nearest mm,Length,NA,mm,NA,18,NA
RICE013_FB_2018-08-12_BQ2,RICE013_FB_2018-08-12_BQ2_3866,RICE013_FB_2018-08-12_BQ2_3866_length,Calipers to nearest mm,Length,NA,mm,NA,16,NA
RICE013_FB_2018-08-12_BQ2,RICE013_FB_2018-08-12_BQ2_3867,RICE013_FB_2018-08-12_BQ2_3867_length,Calipers to nearest mm,Length,NA,mm,NA,18,NA
RICE013_FB_2018-08-12_BQ2,RICE013_FB_2018-08-12_BQ2_3868,RICE013_FB_2018-08-12_BQ2_3868_length,Calipers to nearest mm,Length,NA,mm,NA,15,NA
RICE013_FB_2018-08-12_BQ2,RICE013_FB_2018-08-12_BQ2_3869,RICE013_FB_2018-08-12_BQ2_3869_length,Calipers to nearest mm,Length,NA,mm,NA,14,NA
RICE013_FB_2018-08-12_BQ2,RICE013_FB_2018-08-12_BQ2_3870,RICE013_FB_2018-08-12_BQ2_3870_length,Calipers to nearest mm,Length,NA,mm,NA,24,NA
RICE013_FB_2018-08-12_BQ2,RICE013_FB_2018-08-12_BQ2_3871,RICE013_FB_2018-08-12_BQ2_3871_length,Calipers to nearest mm,Length,NA,mm,NA,17,NA
RICE013_FB_2018-08-12_BQ3,RICE013_FB_2018-08-12_BQ3_3872,RICE013_FB_2018-08-12_BQ3_3872_length,Calipers to nearest mm,Length,NA,mm,NA,17,NA
RICE013_FB_2018-08-12_BQ3,RICE013_FB_2018-08-12_BQ3_3873,RICE013_FB_2018-08-12_BQ3_3873_length,Calipers to nearest mm,Length,NA,mm,NA,14,NA
RICE013_FB_2018-08-12_BQ3,RICE013_FB_2018-08-12_BQ3_3874,RICE013_FB_2018-08-12_BQ3_3874_length,Calipers to nearest mm,Length,NA,mm,NA,17,NA
RICE013_FB_2018-08-12_BQ3,RICE013_FB_2018-08-12_BQ3_3875,RICE013_FB_2018-08-12_BQ3_3875_length,Calipers to nearest mm,Length,NA,mm,NA,16,NA
RICE013_FB_2018-08-12_BQ3,RICE013_FB_2018-08-12_BQ3_3876,RICE013_FB_2018-08-12_BQ3_3876_length,Calipers to nearest mm,Length,NA,mm,NA,12,NA
RICE013_FB_2018-08-12_BQ3,RICE013_FB_2018-08-12_BQ3_3877,RICE013_FB_2018-08-12_BQ3_3877_length,Calipers to nearest mm,Length,NA,mm,NA,13,NA
RICE013_FB_2018-08-12_BQ4,RICE013_FB_2018-08-12_BQ4_3878,RICE013_FB_2018-08-12_BQ4_3878_length,Calipers to nearest mm,Length,NA,mm,NA,10,NA
RICE013_FB_2018-08-12_BQ4,RICE013_FB_2018-08-12_BQ4_3879,RICE013_FB_2018-08-12_BQ4_3879_length,Calipers to nearest mm,Length,NA,mm,NA,11,NA
RICE013_FB_2018-08-12_BQ4,RICE013_FB_2018-08-12_BQ4_3880,RICE013_FB_2018-08-12_BQ4_3880_length,Calipers to nearest mm,Length,NA,mm,NA,12,NA
RICE013_FB_2018-08-12_BQ4,RICE013_FB_2018-08-12_BQ4_3881,RICE013_FB_2018-08-12_BQ4_3881_length,Calipers to nearest mm,Length,NA,mm,NA,17,NA
RICE013_FB_2018-08-12_BQ4,RICE013_FB_2018-08-12_BQ4_3882,RICE013_FB_2018-08-12_BQ4_3882_length,Calipers to nearest mm,Length,NA,mm,NA,13,NA
RICE013_FB_2018-08-12_BQ5,RICE013_FB_2018-08-12_BQ5_3883,RICE013_FB_2018-08-12_BQ5_3883_length,Calipers to nearest mm,Length,NA,mm,NA,50,NA
RICE013_FB_2018-08-12_BQ5,RICE013_FB_2018-08-12_BQ5_3884,RICE013_FB_2018-08-12_BQ5_3884_length,Calipers to nearest mm,Length,NA,mm,NA,14,NA
RICE013_FB_2018-08-12_BQ5,RICE013_FB_2018-08-12_BQ5_3885,RICE013_FB_2018-08-12_BQ5_3885_length,Calipers to nearest mm,Length,NA,mm,NA,8,NA
RICE013_FB_2018-08-12_BQ5,RICE013_FB_2018-08-12_BQ5_3886,RICE013_FB_2018-08-12_BQ5_3886_length,Calipers to nearest mm,Length,NA,mm,NA,9,NA
RICE013_FB_2018-08-12_BQ5,RICE013_FB_2018-08-12_BQ5_3887,RICE013_FB_2018-08-12_BQ5_3887_length,Calipers to nearest mm,Length,NA,mm,NA,12,NA
RICE013_FB_2018-08-12_BQ5,RICE013_FB_2018-08-12_BQ5_3888,RICE013_FB_2018-08-12_BQ5_3888_length,Calipers to nearest mm,Length,NA,mm,NA,10,NA
RICE013_FB_2018-08-12_BQ5,RICE013_FB_2018-08-12_BQ5_3889,RICE013_FB_2018-08-12_BQ5_3889_length,Calipers to nearest mm,Length,NA,mm,NA,15,NA
RICE013_FB_2018-08-12_BQ5,RICE013_FB_2018-08-12_BQ5_3890,RICE013_FB_2018-08-12_BQ5_3890_length,Calipers to nearest mm,Length,NA,mm,NA,11,NA
RICE013_FB_2018-08-12_FQ1,RICE013_FB_2018-08-12_FQ1_3891,RICE013_FB_2018-08-12_FQ1_3891_length,Calipers to nearest mm,Length,NA,mm,NA,24,NA
RICE013_FB_2018-08-12_FQ1,RICE013_FB_2018-08-12_FQ1_3892,RICE013_FB_2018-08-12_FQ1_3892_length,Calipers to nearest mm,Length,NA,mm,NA,12,NA
RICE013_FB_2018-08-12_FQ2,RICE013_FB_2018-08-12_FQ2_3893,RICE013_FB_2018-08-12_FQ2_3893_length,Calipers to nearest mm,Length,NA,mm,NA,13,NA
RICE013_FB_2018-08-12_FQ2,RICE013_FB_2018-08-12_FQ2_3894,RICE013_FB_2018-08-12_FQ2_3894_length,Calipers to nearest mm,Length,NA,mm,NA,18,NA
RICE013_FB_2018-08-12_FQ2,RICE013_FB_2018-08-12_FQ2_3895,RICE013_FB_2018-08-12_FQ2_3895_length,Calipers to nearest mm,Length,NA,mm,NA,24,NA
RICE013_FB_2018-08-12_FQ2,RICE013_FB_2018-08-12_FQ2_3896,RICE013_FB_2018-08-12_FQ2_3896_length,Calipers to nearest mm,Length,NA,mm,NA,21,NA
RICE013_FB_2018-08-12_FQ2,RICE013_FB_2018-08-12_FQ2_3897,RICE013_FB_2018-08-12_FQ2_3897_length,Calipers to nearest mm,Length,NA,mm,NA,20,NA
RICE013_FB_2018-08-12_FQ3,RICE013_FB_2018-08-12_FQ3_3898,RICE013_FB_2018-08-12_FQ3_3898_length,Calipers to nearest mm,Length,NA,mm,NA,8,NA
RICE013_FB_2018-08-12_FQ3,RICE013_FB_2018-08-12_FQ3_3899,RICE013_FB_2018-08-12_FQ3_3899_length,Calipers to nearest mm,Length,NA,mm,NA,23,NA
RICE013_FB_2018-08-12_FQ3,RICE013_FB_2018-08-12_FQ3_3900,RICE013_FB_2018-08-12_FQ3_3900_length,Calipers to nearest mm,Length,NA,mm,NA,22,NA
RICE013_FB_2018-08-12_FQ3,RICE013_FB_2018-08-12_FQ3_3901,RICE013_FB_2018-08-12_FQ3_3901_length,Calipers to nearest mm,Length,NA,mm,NA,21,NA
RICE013_FB_2018-08-12_FQ3,RICE013_FB_2018-08-12_FQ3_3902,RICE013_FB_2018-08-12_FQ3_3902_length,Calipers to nearest mm,Length,NA,mm,NA,24,NA
RICE013_FB_2018-08-12_FQ4,RICE013_FB_2018-08-12_FQ4_3903,RICE013_FB_2018-08-12_FQ4_3903_length,Calipers to nearest mm,Length,NA,mm,NA,20,NA
RICE013_FB_2018-08-12_FQ4,RICE013_FB_2018-08-12_FQ4_3904,RICE013_FB_2018-08-12_FQ4_3904_length,Calipers to nearest mm,Length,NA,mm,NA,23,NA
RICE013_FB_2018-08-12_FQ4,RICE013_FB_2018-08-12_FQ4_3905,RICE013_FB_2018-08-12_FQ4_3905_length,Calipers to nearest mm,Length,NA,mm,NA,21,NA
RICE013_FB_2018-08-12_FQ4,RICE013_FB_2018-08-12_FQ4_3906,RICE013_FB_2018-08-12_FQ4_3906_length,Calipers to nearest mm,Length,NA,mm,NA,25,NA
RICE013_FB_2018-08-12_FQ4,RICE013_FB_2018-08-12_FQ4_3907,RICE013_FB_2018-08-12_FQ4_3907_length,Calipers to nearest mm,Length,NA,mm,NA,22,NA
RICE013_FB_2018-08-12_FQ5,RICE013_FB_2018-08-12_FQ5_3908,RICE013_FB_2018-08-12_FQ5_3908_length,Calipers to nearest mm,Length,NA,mm,NA,10,NA
RICE013_FB_2018-08-12_MQ1,RICE013_FB_2018-08-12_MQ1_3909,RICE013_FB_2018-08-12_MQ1_3909_length,Calipers to nearest mm,Length,NA,mm,NA,11,NA
RICE013_FB_2018-08-12_MQ1,RICE013_FB_2018-08-12_MQ1_3910,RICE013_FB_2018-08-12_MQ1_3910_length,Calipers to nearest mm,Length,NA,mm,NA,12,NA
RICE013_FB_2018-08-12_MQ1,RICE013_FB_2018-08-12_MQ1_3911,RICE013_FB_2018-08-12_MQ1_3911_length,Calipers to nearest mm,Length,NA,mm,NA,16,NA
RICE013_FB_2018-08-12_MQ1,RICE013_FB_2018-08-12_MQ1_3912,RICE013_FB_2018-08-12_MQ1_3912_length,Calipers to nearest mm,Length,NA,mm,NA,15,NA
RICE013_FB_2018-08-12_MQ1,RICE013_FB_2018-08-12_MQ1_3913,RICE013_FB_2018-08-12_MQ1_3913_length,Calipers to nearest mm,Length,NA,mm,NA,13,NA
RICE013_FB_2018-08-12_MQ1,RICE013_FB_2018-08-12_MQ1_3914,RICE013_FB_2018-08-12_MQ1_3914_length,Calipers to nearest mm,Length,NA,mm,NA,14,NA
RICE013_FB_2018-08-12_MQ2,RICE013_FB_2018-08-12_MQ2_3915,RICE013_FB_2018-08-12_MQ2_3915_length,Calipers to nearest mm,Length,NA,mm,NA,12,NA
RICE013_FB_2018-08-12_MQ2,RICE013_FB_2018-08-12_MQ2_3916,RICE013_FB_2018-08-12_MQ2_3916_length,Calipers to nearest mm,Length,NA,mm,NA,17,NA
RICE013_FB_2018-08-12_MQ2,RICE013_FB_2018-08-12_MQ2_3917,RICE013_FB_2018-08-12_MQ2_3917_length,Calipers to nearest mm,Length,NA,mm,NA,14,NA
RICE013_FB_2018-08-12_MQ2,RICE013_FB_2018-08-12_MQ2_3918,RICE013_FB_2018-08-12_MQ2_3918_length,Calipers to nearest mm,Length,NA,mm,NA,14,NA
RICE013_FB_2018-08-12_MQ2,RICE013_FB_2018-08-12_MQ2_3919,RICE013_FB_2018-08-12_MQ2_3919_length,Calipers to nearest mm,Length,NA,mm,NA,13,NA
RICE013_FB_2018-08-12_MQ2,RICE013_FB_2018-08-12_MQ2_3920,RICE013_FB_2018-08-12_MQ2_3920_length,Calipers to nearest mm,Length,NA,mm,NA,15,NA
RICE013_FB_2018-08-12_MQ3,RICE013_FB_2018-08-12_MQ3_3921,RICE013_FB_2018-08-12_MQ3_3921_length,Calipers to nearest mm,Length,NA,mm,NA,13,NA
RICE013_FB_2018-08-12_MQ3,RICE013_FB_2018-08-12_MQ3_3922,RICE013_FB_2018-08-12_MQ3_3922_length,Calipers to nearest mm,Length,NA,mm,NA,14,NA
RICE013_FB_2018-08-12_MQ3,RICE013_FB_2018-08-12_MQ3_3923,RICE013_FB_2018-08-12_MQ3_3923_length,Calipers to nearest mm,Length,NA,mm,NA,12,NA
RICE013_FB_2018-08-12_MQ3,RICE013_FB_2018-08-12_MQ3_3924,RICE013_FB_2018-08-12_MQ3_3924_length,Calipers to nearest mm,Length,NA,mm,NA,11,NA
RICE013_FB_2018-08-12_MQ3,RICE013_FB_2018-08-12_MQ3_3925,RICE013_FB_2018-08-12_MQ3_3925_length,Calipers to nearest mm,Length,NA,mm,NA,13,NA
RICE013_FB_2018-08-12_MQ3,RICE013_FB_2018-08-12_MQ3_3926,RICE013_FB_2018-08-12_MQ3_3926_length,Calipers to nearest mm,Length,NA,mm,NA,17,NA
RICE013_FB_2018-08-12_MQ3,RICE013_FB_2018-08-12_MQ3_3927,RICE013_FB_2018-08-12_MQ3_3927_length,Calipers to nearest mm,Length,NA,mm,NA,14,NA
RICE013_FB_2018-08-12_MQ3,RICE013_FB_2018-08-12_MQ3_3928,RICE013_FB_2018-08-12_MQ3_3928_length,Calipers to nearest mm,Length,NA,mm,NA,16,NA
RICE013_FB_2018-08-12_MQ4,RICE013_FB_2018-08-12_MQ4_3929,RICE013_FB_2018-08-12_MQ4_3929_length,Calipers to nearest mm,Length,NA,mm,NA,12,NA
RICE013_FB_2018-08-12_MQ4,RICE013_FB_2018-08-12_MQ4_3930,RICE013_FB_2018-08-12_MQ4_3930_length,Calipers to nearest mm,Length,NA,mm,NA,14,NA
RICE013_FB_2018-08-12_MQ4,RICE013_FB_2018-08-12_MQ4_3931,RICE013_FB_2018-08-12_MQ4_3931_length,Calipers to nearest mm,Length,NA,mm,NA,10,NA
RICE013_FB_2018-08-12_MQ5,RICE013_FB_2018-08-12_MQ5_3932,RICE013_FB_2018-08-12_MQ5_3932_length,Calipers to nearest mm,Length,NA,mm,NA,15,NA
RICE013_FB_2018-08-12_MQ5,RICE013_FB_2018-08-12_MQ5_3933,RICE013_FB_2018-08-12_MQ5_3933_length,Calipers to nearest mm,Length,NA,mm,NA,12,NA
RICE013_FB_2018-08-12_MQ5,RICE013_FB_2018-08-12_MQ5_3934,RICE013_FB_2018-08-12_MQ5_3934_length,Calipers to nearest mm,Length,NA,mm,NA,14,NA
RICE013_FB_2018-08-12_MQ5,RICE013_FB_2018-08-12_MQ5_3935,RICE013_FB_2018-08-12_MQ5_3935_length,Calipers to nearest mm,Length,NA,mm,NA,14,NA
RICE013_FB_2018-08-12_MQ5,RICE013_FB_2018-08-12_MQ5_3936,RICE013_FB_2018-08-12_MQ5_3936_length,Calipers to nearest mm,Length,NA,mm,NA,12,NA
RICE013_FB_2018-08-12_MQ5,RICE013_FB_2018-08-12_MQ5_3937,RICE013_FB_2018-08-12_MQ5_3937_length,Calipers to nearest mm,Length,NA,mm,NA,15,NA
RICE013_FB_2018-08-12_MQ5,RICE013_FB_2018-08-12_MQ5_3938,RICE013_FB_2018-08-12_MQ5_3938_length,Calipers to nearest mm,Length,NA,mm,NA,9,NA
RICE013_WB_2018-08-13_BQ1,RICE013_WB_2018-08-13_BQ1_3939,RICE013_WB_2018-08-13_BQ1_3939_length,Calipers to nearest mm,Length,NA,mm,NA,22,NA
RICE013_WB_2018-08-13_BQ1,RICE013_WB_2018-08-13_BQ1_3940,RICE013_WB_2018-08-13_BQ1_3940_length,Calipers to nearest mm,Length,NA,mm,NA,18,NA
RICE013_WB_2018-08-13_BQ2,RICE013_WB_2018-08-13_BQ2_3941,RICE013_WB_2018-08-13_BQ2_3941_length,Calipers to nearest mm,Length,NA,mm,NA,19,NA
RICE013_WB_2018-08-13_BQ2,RICE013_WB_2018-08-13_BQ2_3942,RICE013_WB_2018-08-13_BQ2_3942_length,Calipers to nearest mm,Length,NA,mm,NA,21,NA
RICE013_WB_2018-08-13_BQ4,RICE013_WB_2018-08-13_BQ4_3943,RICE013_WB_2018-08-13_BQ4_3943_length,Calipers to nearest mm,Length,NA,mm,NA,22,NA
RICE013_WB_2018-08-13_FQ3,RICE013_WB_2018-08-13_FQ3_3944,RICE013_WB_2018-08-13_FQ3_3944_length,Calipers to nearest mm,Length,NA,mm,NA,13,NA
RICE013_WB_2018-08-13_FQ3,RICE013_WB_2018-08-13_FQ3_3945,RICE013_WB_2018-08-13_FQ3_3945_length,Calipers to nearest mm,Length,NA,mm,NA,31,NA
RICE013_WB_2018-08-13_FQ3,RICE013_WB_2018-08-13_FQ3_3946,RICE013_WB_2018-08-13_FQ3_3946_length,Calipers to nearest mm,Length,NA,mm,NA,12,NA
RICE013_WB_2018-08-13_FQ3,RICE013_WB_2018-08-13_FQ3_3947,RICE013_WB_2018-08-13_FQ3_3947_length,Calipers to nearest mm,Length,NA,mm,NA,8,NA
RICE013_WB_2018-08-13_FQ3,RICE013_WB_2018-08-13_FQ3_3948,RICE013_WB_2018-08-13_FQ3_3948_length,Calipers to nearest mm,Length,NA,mm,NA,14,NA
RICE013_WB_2018-08-13_FQ3,RICE013_WB_2018-08-13_FQ3_3949,RICE013_WB_2018-08-13_FQ3_3949_length,Calipers to nearest mm,Length,NA,mm,NA,20,NA
RICE013_WB_2018-08-13_FQ3,RICE013_WB_2018-08-13_FQ3_3950,RICE013_WB_2018-08-13_FQ3_3950_length,Calipers to nearest mm,Length,NA,mm,NA,16,NA
RICE013_WB_2018-08-13_FQ3,RICE013_WB_2018-08-13_FQ3_3951,RICE013_WB_2018-08-13_FQ3_3951_length,Calipers to nearest mm,Length,NA,mm,NA,18,NA
RICE013_WB_2018-08-13_FQ3,RICE013_WB_2018-08-13_FQ3_3952,RICE013_WB_2018-08-13_FQ3_3952_length,Calipers to nearest mm,Length,NA,mm,NA,19,NA
RICE013_WB_2018-08-13_FQ3,RICE013_WB_2018-08-13_FQ3_3953,RICE013_WB_2018-08-13_FQ3_3953_length,Calipers to nearest mm,Length,NA,mm,NA,14,NA
RICE013_WB_2018-08-13_FQ3,RICE013_WB_2018-08-13_FQ3_3954,RICE013_WB_2018-08-13_FQ3_3954_length,Calipers to nearest mm,Length,NA,mm,NA,15,NA
RICE013_WB_2018-08-13_FQ4,RICE013_WB_2018-08-13_FQ4_3955,RICE013_WB_2018-08-13_FQ4_3955_length,Calipers to nearest mm,Length,NA,mm,NA,12,NA
RICE013_WB_2018-08-13_MQ1,RICE013_WB_2018-08-13_MQ1_3956,RICE013_WB_2018-08-13_MQ1_3956_length,Calipers to nearest mm,Length,NA,mm,NA,20,NA
RICE013_WB_2018-08-13_MQ1,RICE013_WB_2018-08-13_MQ1_3957,RICE013_WB_2018-08-13_MQ1_3957_length,Calipers to nearest mm,Length,NA,mm,NA,19,NA
RICE013_WB_2018-08-13_MQ1,RICE013_WB_2018-08-13_MQ1_3958,RICE013_WB_2018-08-13_MQ1_3958_length,Calipers to nearest mm,Length,NA,mm,NA,18,NA
RICE013_WB_2018-08-13_MQ1,RICE013_WB_2018-08-13_MQ1_3959,RICE013_WB_2018-08-13_MQ1_3959_length,Calipers to nearest mm,Length,NA,mm,NA,17,NA
RICE013_WB_2018-08-13_MQ2,RICE013_WB_2018-08-13_MQ2_3960,RICE013_WB_2018-08-13_MQ2_3960_length,Calipers to nearest mm,Length,NA,mm,NA,18,NA
RICE013_WB_2018-08-13_MQ2,RICE013_WB_2018-08-13_MQ2_3961,RICE013_WB_2018-08-13_MQ2_3961_length,Calipers to nearest mm,Length,NA,mm,NA,17,NA
RICE013_WB_2018-08-13_MQ2,RICE013_WB_2018-08-13_MQ2_3962,RICE013_WB_2018-08-13_MQ2_3962_length,Calipers to nearest mm,Length,NA,mm,NA,13,NA
RICE013_WB_2018-08-13_MQ2,RICE013_WB_2018-08-13_MQ2_3963,RICE013_WB_2018-08-13_MQ2_3963_length,Calipers to nearest mm,Length,NA,mm,NA,20,NA
RICE013_WB_2018-08-13_MQ2,RICE013_WB_2018-08-13_MQ2_3964,RICE013_WB_2018-08-13_MQ2_3964_length,Calipers to nearest mm,Length,NA,mm,NA,16,NA
RICE013_WB_2018-08-13_MQ2,RICE013_WB_2018-08-13_MQ2_3965,RICE013_WB_2018-08-13_MQ2_3965_length,Calipers to nearest mm,Length,NA,mm,NA,9,NA
RICE013_WB_2018-08-13_MQ3,RICE013_WB_2018-08-13_MQ3_3966,RICE013_WB_2018-08-13_MQ3_3966_length,Calipers to nearest mm,Length,NA,mm,NA,12,NA
RICE013_WB_2018-08-13_MQ3,RICE013_WB_2018-08-13_MQ3_3967,RICE013_WB_2018-08-13_MQ3_3967_length,Calipers to nearest mm,Length,NA,mm,NA,13,NA
RICE013_WB_2018-08-13_MQ3,RICE013_WB_2018-08-13_MQ3_3968,RICE013_WB_2018-08-13_MQ3_3968_length,Calipers to nearest mm,Length,NA,mm,NA,15,NA
RICE013_WB_2018-08-13_MQ3,RICE013_WB_2018-08-13_MQ3_3969,RICE013_WB_2018-08-13_MQ3_3969_length,Calipers to nearest mm,Length,NA,mm,NA,18,NA
RICE013_WB_2018-08-13_MQ3,RICE013_WB_2018-08-13_MQ3_3970,RICE013_WB_2018-08-13_MQ3_3970_length,Calipers to nearest mm,Length,NA,mm,NA,16,NA
RICE013_WB_2018-08-13_MQ3,RICE013_WB_2018-08-13_MQ3_3971,RICE013_WB_2018-08-13_MQ3_3971_length,Calipers to nearest mm,Length,NA,mm,NA,10,NA
RICE013_WB_2018-08-13_MQ3,RICE013_WB_2018-08-13_MQ3_3972,RICE013_WB_2018-08-13_MQ3_3972_length,Calipers to nearest mm,Length,NA,mm,NA,15,NA
RICE013_WB_2018-08-13_MQ3,RICE013_WB_2018-08-13_MQ3_3973,RICE013_WB_2018-08-13_MQ3_3973_length,Calipers to nearest mm,Length,NA,mm,NA,13,NA
RICE013_WB_2018-08-13_MQ3,RICE013_WB_2018-08-13_MQ3_3974,RICE013_WB_2018-08-13_MQ3_3974_length,Calipers to nearest mm,Length,NA,mm,NA,11,NA
RICE013_WB_2018-08-13_MQ4,RICE013_WB_2018-08-13_MQ4_3975,RICE013_WB_2018-08-13_MQ4_3975_length,Calipers to nearest mm,Length,NA,mm,NA,14,NA
RICE013_WB_2018-08-13_MQ4,RICE013_WB_2018-08-13_MQ4_3976,RICE013_WB_2018-08-13_MQ4_3976_length,Calipers to nearest mm,Length,NA,mm,NA,16,NA
RICE013_WB_2018-08-13_MQ4,RICE013_WB_2018-08-13_MQ4_3977,RICE013_WB_2018-08-13_MQ4_3977_length,Calipers to nearest mm,Length,NA,mm,NA,18,NA
RICE013_WB_2018-08-13_MQ4,RICE013_WB_2018-08-13_MQ4_3978,RICE013_WB_2018-08-13_MQ4_3978_length,Calipers to nearest mm,Length,NA,mm,NA,15,NA
RICE013_WB_2018-08-13_MQ5,RICE013_WB_2018-08-13_MQ5_3979,RICE013_WB_2018-08-13_MQ5_3979_length,Calipers to nearest mm,Length,NA,mm,NA,19,NA
RICE013_WB_2018-08-13_MQ5,RICE013_WB_2018-08-13_MQ5_3980,RICE013_WB_2018-08-13_MQ5_3980_length,Calipers to nearest mm,Length,NA,mm,NA,10,NA
RICE013_WB_2018-08-13_MQ5,RICE013_WB_2018-08-13_MQ5_3981,RICE013_WB_2018-08-13_MQ5_3981_length,Calipers to nearest mm,Length,NA,mm,NA,14,NA
RICE013_WB_2018-08-13_MQ5,RICE013_WB_2018-08-13_MQ5_3982,RICE013_WB_2018-08-13_MQ5_3982_length,Calipers to nearest mm,Length,NA,mm,NA,11,NA
RICE013_WB_2018-08-13_MQ5,RICE013_WB_2018-08-13_MQ5_3983,RICE013_WB_2018-08-13_MQ5_3983_length,Calipers to nearest mm,Length,NA,mm,NA,13,NA
RICE013_WB_2018-08-13_MQ5,RICE013_WB_2018-08-13_MQ5_3984,RICE013_WB_2018-08-13_MQ5_3984_length,Calipers to nearest mm,Length,NA,mm,NA,12,NA
RICE014_NB_2018-09-11_FQ1,RICE014_NB_2018-09-11_FQ1_3985,RICE014_NB_2018-09-11_FQ1_3985_length,Calipers to nearest mm,Length,NA,mm,NA,15,NA
RICE014_NB_2018-09-11_FQ1,RICE014_NB_2018-09-11_FQ1_3986,RICE014_NB_2018-09-11_FQ1_3986_length,Calipers to nearest mm,Length,NA,mm,NA,20,NA
RICE014_NB_2018-09-11_FQ5,RICE014_NB_2018-09-11_FQ5_3987,RICE014_NB_2018-09-11_FQ5_3987_length,Calipers to nearest mm,Length,NA,mm,NA,18,NA
RICE014_NB_2018-09-11_MQ1,RICE014_NB_2018-09-11_MQ1_3988,RICE014_NB_2018-09-11_MQ1_3988_length,Calipers to nearest mm,Length,NA,mm,NA,15,NA
RICE014_NB_2018-09-11_MQ1,RICE014_NB_2018-09-11_MQ1_3989,RICE014_NB_2018-09-11_MQ1_3989_length,Calipers to nearest mm,Length,NA,mm,NA,21,NA
RICE014_NB_2018-09-11_MQ1,RICE014_NB_2018-09-11_MQ1_3990,RICE014_NB_2018-09-11_MQ1_3990_length,Calipers to nearest mm,Length,NA,mm,NA,15,NA
RICE014_NB_2018-09-11_MQ1,RICE014_NB_2018-09-11_MQ1_3991,RICE014_NB_2018-09-11_MQ1_3991_length,Calipers to nearest mm,Length,NA,mm,NA,16,NA
RICE014_NB_2018-09-11_MQ1,RICE014_NB_2018-09-11_MQ1_3992,RICE014_NB_2018-09-11_MQ1_3992_length,Calipers to nearest mm,Length,NA,mm,NA,21,NA
RICE014_NB_2018-09-11_MQ1,RICE014_NB_2018-09-11_MQ1_3993,RICE014_NB_2018-09-11_MQ1_3993_length,Calipers to nearest mm,Length,NA,mm,NA,19,NA
RICE014_NB_2018-09-11_MQ1,RICE014_NB_2018-09-11_MQ1_3994,RICE014_NB_2018-09-11_MQ1_3994_length,Calipers to nearest mm,Length,NA,mm,NA,22,NA
RICE014_NB_2018-09-11_MQ1,RICE014_NB_2018-09-11_MQ1_3995,RICE014_NB_2018-09-11_MQ1_3995_length,Calipers to nearest mm,Length,NA,mm,NA,17,NA
RICE014_NB_2018-09-11_MQ1,RICE014_NB_2018-09-11_MQ1_3996,RICE014_NB_2018-09-11_MQ1_3996_length,Calipers to nearest mm,Length,NA,mm,NA,18,NA
RICE014_NB_2018-09-11_MQ2,RICE014_NB_2018-09-11_MQ2_3997,RICE014_NB_2018-09-11_MQ2_3997_length,Calipers to nearest mm,Length,NA,mm,NA,15,NA
RICE014_NB_2018-09-11_MQ2,RICE014_NB_2018-09-11_MQ2_3998,RICE014_NB_2018-09-11_MQ2_3998_length,Calipers to nearest mm,Length,NA,mm,NA,15,NA
RICE014_NB_2018-09-11_MQ2,RICE014_NB_2018-09-11_MQ2_3999,RICE014_NB_2018-09-11_MQ2_3999_length,Calipers to nearest mm,Length,NA,mm,NA,19,NA
RICE014_NB_2018-09-11_MQ2,RICE014_NB_2018-09-11_MQ2_4000,RICE014_NB_2018-09-11_MQ2_4000_length,Calipers to nearest mm,Length,NA,mm,NA,20,NA
RICE014_NB_2018-09-11_MQ2,RICE014_NB_2018-09-11_MQ2_4001,RICE014_NB_2018-09-11_MQ2_4001_length,Calipers to nearest mm,Length,NA,mm,NA,18,NA
RICE014_NB_2018-09-11_MQ2,RICE014_NB_2018-09-11_MQ2_4002,RICE014_NB_2018-09-11_MQ2_4002_length,Calipers to nearest mm,Length,NA,mm,NA,17,NA
RICE014_NB_2018-09-11_MQ2,RICE014_NB_2018-09-11_MQ2_4003,RICE014_NB_2018-09-11_MQ2_4003_length,Calipers to nearest mm,Length,NA,mm,NA,21,NA
RICE014_NB_2018-09-11_MQ2,RICE014_NB_2018-09-11_MQ2_4004,RICE014_NB_2018-09-11_MQ2_4004_length,Calipers to nearest mm,Length,NA,mm,NA,15,NA
RICE014_NB_2018-09-11_MQ2,RICE014_NB_2018-09-11_MQ2_4005,RICE014_NB_2018-09-11_MQ2_4005_length,Calipers to nearest mm,Length,NA,mm,NA,14,NA
RICE014_NB_2018-09-11_MQ2,RICE014_NB_2018-09-11_MQ2_4006,RICE014_NB_2018-09-11_MQ2_4006_length,Calipers to nearest mm,Length,NA,mm,NA,16,NA
RICE014_NB_2018-09-11_MQ3,RICE014_NB_2018-09-11_MQ3_4007,RICE014_NB_2018-09-11_MQ3_4007_length,Calipers to nearest mm,Length,NA,mm,NA,18,NA
RICE014_NB_2018-09-11_MQ3,RICE014_NB_2018-09-11_MQ3_4008,RICE014_NB_2018-09-11_MQ3_4008_length,Calipers to nearest mm,Length,NA,mm,NA,15,NA
RICE014_NB_2018-09-11_MQ3,RICE014_NB_2018-09-11_MQ3_4009,RICE014_NB_2018-09-11_MQ3_4009_length,Calipers to nearest mm,Length,NA,mm,NA,18,NA
RICE014_NB_2018-09-11_MQ3,RICE014_NB_2018-09-11_MQ3_4010,RICE014_NB_2018-09-11_MQ3_4010_length,Calipers to nearest mm,Length,NA,mm,NA,19,NA
RICE014_NB_2018-09-11_MQ3,RICE014_NB_2018-09-11_MQ3_4011,RICE014_NB_2018-09-11_MQ3_4011_length,Calipers to nearest mm,Length,NA,mm,NA,17,NA
RICE014_NB_2018-09-11_MQ3,RICE014_NB_2018-09-11_MQ3_4012,RICE014_NB_2018-09-11_MQ3_4012_length,Calipers to nearest mm,Length,NA,mm,NA,20,NA
RICE014_NB_2018-09-11_MQ4,RICE014_NB_2018-09-11_MQ4_4013,RICE014_NB_2018-09-11_MQ4_4013_length,Calipers to nearest mm,Length,NA,mm,NA,16,NA
RICE014_NB_2018-09-11_MQ4,RICE014_NB_2018-09-11_MQ4_4014,RICE014_NB_2018-09-11_MQ4_4014_length,Calipers to nearest mm,Length,NA,mm,NA,15,NA
RICE014_NB_2018-09-11_MQ4,RICE014_NB_2018-09-11_MQ4_4015,RICE014_NB_2018-09-11_MQ4_4015_length,Calipers to nearest mm,Length,NA,mm,NA,18,NA
RICE014_NB_2018-09-11_MQ4,RICE014_NB_2018-09-11_MQ4_4016,RICE014_NB_2018-09-11_MQ4_4016_length,Calipers to nearest mm,Length,NA,mm,NA,19,NA
RICE014_NB_2018-09-11_MQ4,RICE014_NB_2018-09-11_MQ4_4017,RICE014_NB_2018-09-11_MQ4_4017_length,Calipers to nearest mm,Length,NA,mm,NA,12,NA
RICE014_NB_2018-09-11_MQ5,RICE014_NB_2018-09-11_MQ5_4018,RICE014_NB_2018-09-11_MQ5_4018_length,Calipers to nearest mm,Length,NA,mm,NA,23,NA
RICE014_WB_2018-09-13_BQ1,RICE014_WB_2018-09-13_BQ1_4019,RICE014_WB_2018-09-13_BQ1_4019_length,Calipers to nearest mm,Length,NA,mm,NA,20,NA
RICE014_WB_2018-09-13_BQ2,RICE014_WB_2018-09-13_BQ2_4020,RICE014_WB_2018-09-13_BQ2_4020_length,Calipers to nearest mm,Length,NA,mm,NA,16,NA
RICE014_WB_2018-09-13_BQ2,RICE014_WB_2018-09-13_BQ2_4021,RICE014_WB_2018-09-13_BQ2_4021_length,Calipers to nearest mm,Length,NA,mm,NA,17,NA
RICE014_WB_2018-09-13_BQ2,RICE014_WB_2018-09-13_BQ2_4022,RICE014_WB_2018-09-13_BQ2_4022_length,Calipers to nearest mm,Length,NA,mm,NA,18,NA
RICE014_WB_2018-09-13_BQ2,RICE014_WB_2018-09-13_BQ2_4023,RICE014_WB_2018-09-13_BQ2_4023_length,Calipers to nearest mm,Length,NA,mm,NA,19,NA
RICE014_WB_2018-09-13_BQ2,RICE014_WB_2018-09-13_BQ2_4024,RICE014_WB_2018-09-13_BQ2_4024_length,Calipers to nearest mm,Length,NA,mm,NA,20,NA
RICE014_WB_2018-09-13_BQ2,RICE014_WB_2018-09-13_BQ2_4025,RICE014_WB_2018-09-13_BQ2_4025_length,Calipers to nearest mm,Length,NA,mm,NA,21,NA
RICE014_WB_2018-09-13_FQ3,RICE014_WB_2018-09-13_FQ3_4026,RICE014_WB_2018-09-13_FQ3_4026_length,Calipers to nearest mm,Length,NA,mm,NA,14,NA
RICE014_WB_2018-09-13_FQ3,RICE014_WB_2018-09-13_FQ3_4027,RICE014_WB_2018-09-13_FQ3_4027_length,Calipers to nearest mm,Length,NA,mm,NA,13,NA
RICE014_WB_2018-09-13_FQ3,RICE014_WB_2018-09-13_FQ3_4028,RICE014_WB_2018-09-13_FQ3_4028_length,Calipers to nearest mm,Length,NA,mm,NA,11,NA
RICE014_WB_2018-09-13_FQ3,RICE014_WB_2018-09-13_FQ3_4029,RICE014_WB_2018-09-13_FQ3_4029_length,Calipers to nearest mm,Length,NA,mm,NA,8,NA
RICE014_WB_2018-09-13_FQ3,RICE014_WB_2018-09-13_FQ3_4030,RICE014_WB_2018-09-13_FQ3_4030_length,Calipers to nearest mm,Length,NA,mm,NA,6,NA
RICE014_WB_2018-09-13_FQ3,RICE014_WB_2018-09-13_FQ3_4031,RICE014_WB_2018-09-13_FQ3_4031_length,Calipers to nearest mm,Length,NA,mm,NA,7,NA
RICE014_WB_2018-09-13_FQ4,RICE014_WB_2018-09-13_FQ4_4032,RICE014_WB_2018-09-13_FQ4_4032_length,Calipers to nearest mm,Length,NA,mm,NA,5,NA
RICE014_WB_2018-09-13_FQ4,RICE014_WB_2018-09-13_FQ4_4033,RICE014_WB_2018-09-13_FQ4_4033_length,Calipers to nearest mm,Length,NA,mm,NA,7,NA
RICE014_WB_2018-09-13_FQ4,RICE014_WB_2018-09-13_FQ4_4034,RICE014_WB_2018-09-13_FQ4_4034_length,Calipers to nearest mm,Length,NA,mm,NA,8,NA
RICE014_WB_2018-09-13_FQ4,RICE014_WB_2018-09-13_FQ4_4035,RICE014_WB_2018-09-13_FQ4_4035_length,Calipers to nearest mm,Length,NA,mm,NA,11,NA
RICE014_WB_2018-09-13_FQ4,RICE014_WB_2018-09-13_FQ4_4036,RICE014_WB_2018-09-13_FQ4_4036_length,Calipers to nearest mm,Length,NA,mm,NA,4,NA
RICE014_WB_2018-09-13_FQ4,RICE014_WB_2018-09-13_FQ4_4037,RICE014_WB_2018-09-13_FQ4_4037_length,Calipers to nearest mm,Length,NA,mm,NA,6,NA
RICE014_WB_2018-09-13_FQ4,RICE014_WB_2018-09-13_FQ4_4038,RICE014_WB_2018-09-13_FQ4_4038_length,Calipers to nearest mm,Length,NA,mm,NA,13,NA
RICE014_WB_2018-09-13_FQ5,RICE014_WB_2018-09-13_FQ5_4039,RICE014_WB_2018-09-13_FQ5_4039_length,Calipers to nearest mm,Length,NA,mm,NA,18,NA
RICE014_WB_2018-09-13_FQ5,RICE014_WB_2018-09-13_FQ5_4040,RICE014_WB_2018-09-13_FQ5_4040_length,Calipers to nearest mm,Length,NA,mm,NA,17,NA
RICE014_WB_2018-09-13_FQ5,RICE014_WB_2018-09-13_FQ5_4041,RICE014_WB_2018-09-13_FQ5_4041_length,Calipers to nearest mm,Length,NA,mm,NA,19,NA
RICE014_WB_2018-09-13_FQ5,RICE014_WB_2018-09-13_FQ5_4042,RICE014_WB_2018-09-13_FQ5_4042_length,Calipers to nearest mm,Length,NA,mm,NA,16,NA
RICE014_WB_2018-09-13_FQ5,RICE014_WB_2018-09-13_FQ5_4043,RICE014_WB_2018-09-13_FQ5_4043_length,Calipers to nearest mm,Length,NA,mm,NA,14,NA
RICE014_WB_2018-09-13_FQ5,RICE014_WB_2018-09-13_FQ5_4044,RICE014_WB_2018-09-13_FQ5_4044_length,Calipers to nearest mm,Length,NA,mm,NA,9,NA
RICE014_WB_2018-09-13_MQ1,RICE014_WB_2018-09-13_MQ1_4045,RICE014_WB_2018-09-13_MQ1_4045_length,Calipers to nearest mm,Length,NA,mm,NA,18,NA
RICE014_WB_2018-09-13_MQ1,RICE014_WB_2018-09-13_MQ1_4046,RICE014_WB_2018-09-13_MQ1_4046_length,Calipers to nearest mm,Length,NA,mm,NA,17,NA
RICE014_WB_2018-09-13_MQ1,RICE014_WB_2018-09-13_MQ1_4047,RICE014_WB_2018-09-13_MQ1_4047_length,Calipers to nearest mm,Length,NA,mm,NA,16,NA
RICE014_WB_2018-09-13_MQ1,RICE014_WB_2018-09-13_MQ1_4048,RICE014_WB_2018-09-13_MQ1_4048_length,Calipers to nearest mm,Length,NA,mm,NA,14,NA
RICE014_WB_2018-09-13_MQ2,RICE014_WB_2018-09-13_MQ2_4049,RICE014_WB_2018-09-13_MQ2_4049_length,Calipers to nearest mm,Length,NA,mm,NA,17,NA
RICE014_WB_2018-09-13_MQ2,RICE014_WB_2018-09-13_MQ2_4050,RICE014_WB_2018-09-13_MQ2_4050_length,Calipers to nearest mm,Length,NA,mm,NA,16,NA
RICE014_WB_2018-09-13_MQ2,RICE014_WB_2018-09-13_MQ2_4051,RICE014_WB_2018-09-13_MQ2_4051_length,Calipers to nearest mm,Length,NA,mm,NA,18,NA
RICE014_WB_2018-09-13_MQ2,RICE014_WB_2018-09-13_MQ2_4052,RICE014_WB_2018-09-13_MQ2_4052_length,Calipers to nearest mm,Length,NA,mm,NA,20,NA
RICE014_WB_2018-09-13_MQ2,RICE014_WB_2018-09-13_MQ2_4053,RICE014_WB_2018-09-13_MQ2_4053_length,Calipers to nearest mm,Length,NA,mm,NA,10,NA
RICE014_WB_2018-09-13_MQ3,RICE014_WB_2018-09-13_MQ3_4054,RICE014_WB_2018-09-13_MQ3_4054_length,Calipers to nearest mm,Length,NA,mm,NA,16,NA
RICE014_WB_2018-09-13_MQ3,RICE014_WB_2018-09-13_MQ3_4055,RICE014_WB_2018-09-13_MQ3_4055_length,Calipers to nearest mm,Length,NA,mm,NA,12,NA
RICE014_WB_2018-09-13_MQ3,RICE014_WB_2018-09-13_MQ3_4056,RICE014_WB_2018-09-13_MQ3_4056_length,Calipers to nearest mm,Length,NA,mm,NA,13,NA
RICE014_WB_2018-09-13_MQ3,RICE014_WB_2018-09-13_MQ3_4057,RICE014_WB_2018-09-13_MQ3_4057_length,Calipers to nearest mm,Length,NA,mm,NA,17,NA
RICE014_WB_2018-09-13_MQ3,RICE014_WB_2018-09-13_MQ3_4058,RICE014_WB_2018-09-13_MQ3_4058_length,Calipers to nearest mm,Length,NA,mm,NA,18,NA
RICE014_WB_2018-09-13_MQ3,RICE014_WB_2018-09-13_MQ3_4059,RICE014_WB_2018-09-13_MQ3_4059_length,Calipers to nearest mm,Length,NA,mm,NA,7,NA
RICE014_WB_2018-09-13_MQ3,RICE014_WB_2018-09-13_MQ3_4060,RICE014_WB_2018-09-13_MQ3_4060_length,Calipers to nearest mm,Length,NA,mm,NA,10,NA
RICE014_WB_2018-09-13_MQ4,RICE014_WB_2018-09-13_MQ4_4061,RICE014_WB_2018-09-13_MQ4_4061_length,Calipers to nearest mm,Length,NA,mm,NA,16,NA
RICE014_WB_2018-09-13_MQ4,RICE014_WB_2018-09-13_MQ4_4062,RICE014_WB_2018-09-13_MQ4_4062_length,Calipers to nearest mm,Length,NA,mm,NA,17,NA
RICE014_WB_2018-09-13_MQ4,RICE014_WB_2018-09-13_MQ4_4063,RICE014_WB_2018-09-13_MQ4_4063_length,Calipers to nearest mm,Length,NA,mm,NA,14,NA
RICE014_WB_2018-09-13_MQ4,RICE014_WB_2018-09-13_MQ4_4064,RICE014_WB_2018-09-13_MQ4_4064_length,Calipers to nearest mm,Length,NA,mm,NA,15,NA
RICE014_WB_2018-09-13_MQ5,RICE014_WB_2018-09-13_MQ5_4065,RICE014_WB_2018-09-13_MQ5_4065_length,Calipers to nearest mm,Length,NA,mm,NA,17,NA
RICE014_WB_2018-09-13_MQ5,RICE014_WB_2018-09-13_MQ5_4066,RICE014_WB_2018-09-13_MQ5_4066_length,Calipers to nearest mm,Length,NA,mm,NA,13,NA
RICE014_WB_2018-09-13_MQ5,RICE014_WB_2018-09-13_MQ5_4067,RICE014_WB_2018-09-13_MQ5_4067_length,Calipers to nearest mm,Length,NA,mm,NA,10,NA
RICE014_WB_2018-09-13_MQ5,RICE014_WB_2018-09-13_MQ5_4068,RICE014_WB_2018-09-13_MQ5_4068_length,Calipers to nearest mm,Length,NA,mm,NA,12,NA
RICE014_WB_2018-09-13_MQ5,RICE014_WB_2018-09-13_MQ5_4069,RICE014_WB_2018-09-13_MQ5_4069_length,Calipers to nearest mm,Length,NA,mm,NA,11,NA
RICE014_WB_2018-09-13_MQ5,RICE014_WB_2018-09-13_MQ5_4070,RICE014_WB_2018-09-13_MQ5_4070_length,Calipers to nearest mm,Length,NA,mm,NA,15,NA
RICE014_WB_2018-09-13_MQ5,RICE014_WB_2018-09-13_MQ5_4071,RICE014_WB_2018-09-13_MQ5_4071_length,Calipers to nearest mm,Length,NA,mm,NA,14,NA
RICE014_FB_2018-09-14_BQ1,RICE014_FB_2018-09-14_BQ1_4072,RICE014_FB_2018-09-14_BQ1_4072_length,Calipers to nearest mm,Length,NA,mm,NA,16,NA
RICE014_FB_2018-09-14_BQ1,RICE014_FB_2018-09-14_BQ1_4073,RICE014_FB_2018-09-14_BQ1_4073_length,Calipers to nearest mm,Length,NA,mm,NA,17,NA
RICE014_FB_2018-09-14_BQ1,RICE014_FB_2018-09-14_BQ1_4074,RICE014_FB_2018-09-14_BQ1_4074_length,Calipers to nearest mm,Length,NA,mm,NA,18,NA
RICE014_FB_2018-09-14_BQ1,RICE014_FB_2018-09-14_BQ1_4075,RICE014_FB_2018-09-14_BQ1_4075_length,Calipers to nearest mm,Length,NA,mm,NA,19,NA
RICE014_FB_2018-09-14_BQ1,RICE014_FB_2018-09-14_BQ1_4076,RICE014_FB_2018-09-14_BQ1_4076_length,Calipers to nearest mm,Length,NA,mm,NA,21,NA
RICE014_FB_2018-09-14_BQ2,RICE014_FB_2018-09-14_BQ2_4077,RICE014_FB_2018-09-14_BQ2_4077_length,Calipers to nearest mm,Length,NA,mm,NA,13,NA
RICE014_FB_2018-09-14_BQ2,RICE014_FB_2018-09-14_BQ2_4078,RICE014_FB_2018-09-14_BQ2_4078_length,Calipers to nearest mm,Length,NA,mm,NA,14,NA
RICE014_FB_2018-09-14_BQ2,RICE014_FB_2018-09-14_BQ2_4079,RICE014_FB_2018-09-14_BQ2_4079_length,Calipers to nearest mm,Length,NA,mm,NA,15,NA
RICE014_FB_2018-09-14_BQ2,RICE014_FB_2018-09-14_BQ2_4080,RICE014_FB_2018-09-14_BQ2_4080_length,Calipers to nearest mm,Length,NA,mm,NA,16,NA
RICE014_FB_2018-09-14_BQ2,RICE014_FB_2018-09-14_BQ2_4081,RICE014_FB_2018-09-14_BQ2_4081_length,Calipers to nearest mm,Length,NA,mm,NA,17,NA
RICE014_FB_2018-09-14_BQ2,RICE014_FB_2018-09-14_BQ2_4082,RICE014_FB_2018-09-14_BQ2_4082_length,Calipers to nearest mm,Length,NA,mm,NA,19,NA
RICE014_FB_2018-09-14_BQ2,RICE014_FB_2018-09-14_BQ2_4083,RICE014_FB_2018-09-14_BQ2_4083_length,Calipers to nearest mm,Length,NA,mm,NA,21,NA
RICE014_FB_2018-09-14_BQ3,RICE014_FB_2018-09-14_BQ3_4084,RICE014_FB_2018-09-14_BQ3_4084_length,Calipers to nearest mm,Length,NA,mm,NA,13,NA
RICE014_FB_2018-09-14_BQ3,RICE014_FB_2018-09-14_BQ3_4085,RICE014_FB_2018-09-14_BQ3_4085_length,Calipers to nearest mm,Length,NA,mm,NA,14,NA
RICE014_FB_2018-09-14_BQ3,RICE014_FB_2018-09-14_BQ3_4086,RICE014_FB_2018-09-14_BQ3_4086_length,Calipers to nearest mm,Length,NA,mm,NA,15,NA
RICE014_FB_2018-09-14_BQ3,RICE014_FB_2018-09-14_BQ3_4087,RICE014_FB_2018-09-14_BQ3_4087_length,Calipers to nearest mm,Length,NA,mm,NA,16,NA
RICE014_FB_2018-09-14_BQ3,RICE014_FB_2018-09-14_BQ3_4088,RICE014_FB_2018-09-14_BQ3_4088_length,Calipers to nearest mm,Length,NA,mm,NA,17,NA
RICE014_FB_2018-09-14_BQ3,RICE014_FB_2018-09-14_BQ3_4089,RICE014_FB_2018-09-14_BQ3_4089_length,Calipers to nearest mm,Length,NA,mm,NA,18,NA
RICE014_FB_2018-09-14_BQ4,RICE014_FB_2018-09-14_BQ4_4090,RICE014_FB_2018-09-14_BQ4_4090_length,Calipers to nearest mm,Length,NA,mm,NA,7,NA
RICE014_FB_2018-09-14_BQ4,RICE014_FB_2018-09-14_BQ4_4091,RICE014_FB_2018-09-14_BQ4_4091_length,Calipers to nearest mm,Length,NA,mm,NA,10,NA
RICE014_FB_2018-09-14_BQ4,RICE014_FB_2018-09-14_BQ4_4092,RICE014_FB_2018-09-14_BQ4_4092_length,Calipers to nearest mm,Length,NA,mm,NA,11,NA
RICE014_FB_2018-09-14_BQ4,RICE014_FB_2018-09-14_BQ4_4093,RICE014_FB_2018-09-14_BQ4_4093_length,Calipers to nearest mm,Length,NA,mm,NA,12,NA
RICE014_FB_2018-09-14_BQ4,RICE014_FB_2018-09-14_BQ4_4094,RICE014_FB_2018-09-14_BQ4_4094_length,Calipers to nearest mm,Length,NA,mm,NA,13,NA
RICE014_FB_2018-09-14_BQ4,RICE014_FB_2018-09-14_BQ4_4095,RICE014_FB_2018-09-14_BQ4_4095_length,Calipers to nearest mm,Length,NA,mm,NA,15,NA
RICE014_FB_2018-09-14_BQ5,RICE014_FB_2018-09-14_BQ5_4096,RICE014_FB_2018-09-14_BQ5_4096_length,Calipers to nearest mm,Length,NA,mm,NA,13,NA
RICE014_FB_2018-09-14_BQ5,RICE014_FB_2018-09-14_BQ5_4097,RICE014_FB_2018-09-14_BQ5_4097_length,Calipers to nearest mm,Length,NA,mm,NA,14,NA
RICE014_FB_2018-09-14_BQ5,RICE014_FB_2018-09-14_BQ5_4098,RICE014_FB_2018-09-14_BQ5_4098_length,Calipers to nearest mm,Length,NA,mm,NA,15,NA
RICE014_FB_2018-09-14_BQ5,RICE014_FB_2018-09-14_BQ5_4099,RICE014_FB_2018-09-14_BQ5_4099_length,Calipers to nearest mm,Length,NA,mm,NA,16,NA
RICE014_FB_2018-09-14_FQ1,RICE014_FB_2018-09-14_FQ1_4100,RICE014_FB_2018-09-14_FQ1_4100_length,Calipers to nearest mm,Length,NA,mm,NA,20,NA
RICE014_FB_2018-09-14_FQ1,RICE014_FB_2018-09-14_FQ1_4101,RICE014_FB_2018-09-14_FQ1_4101_length,Calipers to nearest mm,Length,NA,mm,NA,17,NA
RICE014_FB_2018-09-14_FQ1,RICE014_FB_2018-09-14_FQ1_4102,RICE014_FB_2018-09-14_FQ1_4102_length,Calipers to nearest mm,Length,NA,mm,NA,19,NA
RICE014_FB_2018-09-14_FQ1,RICE014_FB_2018-09-14_FQ1_4103,RICE014_FB_2018-09-14_FQ1_4103_length,Calipers to nearest mm,Length,NA,mm,NA,20,NA
RICE014_FB_2018-09-14_FQ1,RICE014_FB_2018-09-14_FQ1_4104,RICE014_FB_2018-09-14_FQ1_4104_length,Calipers to nearest mm,Length,NA,mm,NA,21,NA
RICE014_FB_2018-09-14_FQ1,RICE014_FB_2018-09-14_FQ1_4105,RICE014_FB_2018-09-14_FQ1_4105_length,Calipers to nearest mm,Length,NA,mm,NA,22,NA
RICE014_FB_2018-09-14_FQ1,RICE014_FB_2018-09-14_FQ1_4106,RICE014_FB_2018-09-14_FQ1_4106_length,Calipers to nearest mm,Length,NA,mm,NA,23,NA
RICE014_FB_2018-09-14_FQ1,RICE014_FB_2018-09-14_FQ1_4107,RICE014_FB_2018-09-14_FQ1_4107_length,Calipers to nearest mm,Length,NA,mm,NA,24,NA
RICE014_FB_2018-09-14_FQ2,RICE014_FB_2018-09-14_FQ2_4108,RICE014_FB_2018-09-14_FQ2_4108_length,Calipers to nearest mm,Length,NA,mm,NA,22,NA
RICE014_FB_2018-09-14_FQ2,RICE014_FB_2018-09-14_FQ2_4109,RICE014_FB_2018-09-14_FQ2_4109_length,Calipers to nearest mm,Length,NA,mm,NA,18,NA
RICE014_FB_2018-09-14_FQ2,RICE014_FB_2018-09-14_FQ2_4110,RICE014_FB_2018-09-14_FQ2_4110_length,Calipers to nearest mm,Length,NA,mm,NA,19,NA
RICE014_FB_2018-09-14_FQ2,RICE014_FB_2018-09-14_FQ2_4111,RICE014_FB_2018-09-14_FQ2_4111_length,Calipers to nearest mm,Length,NA,mm,NA,21,NA
RICE014_FB_2018-09-14_FQ2,RICE014_FB_2018-09-14_FQ2_4112,RICE014_FB_2018-09-14_FQ2_4112_length,Calipers to nearest mm,Length,NA,mm,NA,22,NA
RICE014_FB_2018-09-14_FQ2,RICE014_FB_2018-09-14_FQ2_4113,RICE014_FB_2018-09-14_FQ2_4113_length,Calipers to nearest mm,Length,NA,mm,NA,24,NA
RICE014_FB_2018-09-14_FQ2,RICE014_FB_2018-09-14_FQ2_4114,RICE014_FB_2018-09-14_FQ2_4114_length,Calipers to nearest mm,Length,NA,mm,NA,25,NA
RICE014_FB_2018-09-14_FQ3,RICE014_FB_2018-09-14_FQ3_4115,RICE014_FB_2018-09-14_FQ3_4115_length,Calipers to nearest mm,Length,NA,mm,NA,8,NA
RICE014_FB_2018-09-14_FQ3,RICE014_FB_2018-09-14_FQ3_4116,RICE014_FB_2018-09-14_FQ3_4116_length,Calipers to nearest mm,Length,NA,mm,NA,20,NA
RICE014_FB_2018-09-14_FQ4,RICE014_FB_2018-09-14_FQ4_4117,RICE014_FB_2018-09-14_FQ4_4117_length,Calipers to nearest mm,Length,NA,mm,NA,20,NA
RICE014_FB_2018-09-14_FQ4,RICE014_FB_2018-09-14_FQ4_4118,RICE014_FB_2018-09-14_FQ4_4118_length,Calipers to nearest mm,Length,NA,mm,NA,22,NA
RICE014_FB_2018-09-14_FQ4,RICE014_FB_2018-09-14_FQ4_4119,RICE014_FB_2018-09-14_FQ4_4119_length,Calipers to nearest mm,Length,NA,mm,NA,23,NA
RICE014_FB_2018-09-14_FQ4,RICE014_FB_2018-09-14_FQ4_4120,RICE014_FB_2018-09-14_FQ4_4120_length,Calipers to nearest mm,Length,NA,mm,NA,24,NA
RICE014_FB_2018-09-14_FQ4,RICE014_FB_2018-09-14_FQ4_4121,RICE014_FB_2018-09-14_FQ4_4121_length,Calipers to nearest mm,Length,NA,mm,NA,25,NA
RICE014_FB_2018-09-14_FQ4,RICE014_FB_2018-09-14_FQ4_4122,RICE014_FB_2018-09-14_FQ4_4122_length,Calipers to nearest mm,Length,NA,mm,NA,26,NA
RICE014_FB_2018-09-14_FQ5,RICE014_FB_2018-09-14_FQ5_4123,RICE014_FB_2018-09-14_FQ5_4123_length,Calipers to nearest mm,Length,NA,mm,NA,27,NA
RICE014_FB_2018-09-14_FQ5,RICE014_FB_2018-09-14_FQ5_4124,RICE014_FB_2018-09-14_FQ5_4124_length,Calipers to nearest mm,Length,NA,mm,NA,28,NA
RICE014_FB_2018-09-14_MQ1,RICE014_FB_2018-09-14_MQ1_4125,RICE014_FB_2018-09-14_MQ1_4125_length,Calipers to nearest mm,Length,NA,mm,NA,13,NA
RICE014_FB_2018-09-14_MQ1,RICE014_FB_2018-09-14_MQ1_4126,RICE014_FB_2018-09-14_MQ1_4126_length,Calipers to nearest mm,Length,NA,mm,NA,11,NA
RICE014_FB_2018-09-14_MQ1,RICE014_FB_2018-09-14_MQ1_4127,RICE014_FB_2018-09-14_MQ1_4127_length,Calipers to nearest mm,Length,NA,mm,NA,12,NA
RICE014_FB_2018-09-14_MQ1,RICE014_FB_2018-09-14_MQ1_4128,RICE014_FB_2018-09-14_MQ1_4128_length,Calipers to nearest mm,Length,NA,mm,NA,13,NA
RICE014_FB_2018-09-14_MQ1,RICE014_FB_2018-09-14_MQ1_4129,RICE014_FB_2018-09-14_MQ1_4129_length,Calipers to nearest mm,Length,NA,mm,NA,14,NA
RICE014_FB_2018-09-14_MQ1,RICE014_FB_2018-09-14_MQ1_4130,RICE014_FB_2018-09-14_MQ1_4130_length,Calipers to nearest mm,Length,NA,mm,NA,15,NA
RICE014_FB_2018-09-14_MQ1,RICE014_FB_2018-09-14_MQ1_4131,RICE014_FB_2018-09-14_MQ1_4131_length,Calipers to nearest mm,Length,NA,mm,NA,8,NA
RICE014_FB_2018-09-14_MQ2,RICE014_FB_2018-09-14_MQ2_4132,RICE014_FB_2018-09-14_MQ2_4132_length,Calipers to nearest mm,Length,NA,mm,NA,12,NA
RICE014_FB_2018-09-14_MQ2,RICE014_FB_2018-09-14_MQ2_4133,RICE014_FB_2018-09-14_MQ2_4133_length,Calipers to nearest mm,Length,NA,mm,NA,13,NA
RICE014_FB_2018-09-14_MQ2,RICE014_FB_2018-09-14_MQ2_4134,RICE014_FB_2018-09-14_MQ2_4134_length,Calipers to nearest mm,Length,NA,mm,NA,14,NA
RICE014_FB_2018-09-14_MQ2,RICE014_FB_2018-09-14_MQ2_4135,RICE014_FB_2018-09-14_MQ2_4135_length,Calipers to nearest mm,Length,NA,mm,NA,15,NA
RICE014_FB_2018-09-14_MQ2,RICE014_FB_2018-09-14_MQ2_4136,RICE014_FB_2018-09-14_MQ2_4136_length,Calipers to nearest mm,Length,NA,mm,NA,9,NA
RICE014_FB_2018-09-14_MQ2,RICE014_FB_2018-09-14_MQ2_4137,RICE014_FB_2018-09-14_MQ2_4137_length,Calipers to nearest mm,Length,NA,mm,NA,10,NA
RICE014_FB_2018-09-14_MQ3,RICE014_FB_2018-09-14_MQ3_4138,RICE014_FB_2018-09-14_MQ3_4138_length,Calipers to nearest mm,Length,NA,mm,NA,10,NA
RICE014_FB_2018-09-14_MQ3,RICE014_FB_2018-09-14_MQ3_4139,RICE014_FB_2018-09-14_MQ3_4139_length,Calipers to nearest mm,Length,NA,mm,NA,12,NA
RICE014_FB_2018-09-14_MQ3,RICE014_FB_2018-09-14_MQ3_4140,RICE014_FB_2018-09-14_MQ3_4140_length,Calipers to nearest mm,Length,NA,mm,NA,12,NA
RICE014_FB_2018-09-14_MQ3,RICE014_FB_2018-09-14_MQ3_4141,RICE014_FB_2018-09-14_MQ3_4141_length,Calipers to nearest mm,Length,NA,mm,NA,13,NA
RICE014_FB_2018-09-14_MQ3,RICE014_FB_2018-09-14_MQ3_4142,RICE014_FB_2018-09-14_MQ3_4142_length,Calipers to nearest mm,Length,NA,mm,NA,14,NA
RICE014_FB_2018-09-14_MQ3,RICE014_FB_2018-09-14_MQ3_4143,RICE014_FB_2018-09-14_MQ3_4143_length,Calipers to nearest mm,Length,NA,mm,NA,15,NA
RICE014_FB_2018-09-14_MQ3,RICE014_FB_2018-09-14_MQ3_4144,RICE014_FB_2018-09-14_MQ3_4144_length,Calipers to nearest mm,Length,NA,mm,NA,10,NA
RICE014_FB_2018-09-14_MQ4,RICE014_FB_2018-09-14_MQ4_4145,RICE014_FB_2018-09-14_MQ4_4145_length,Calipers to nearest mm,Length,NA,mm,NA,13,NA
RICE014_FB_2018-09-14_MQ4,RICE014_FB_2018-09-14_MQ4_4146,RICE014_FB_2018-09-14_MQ4_4146_length,Calipers to nearest mm,Length,NA,mm,NA,7,NA
RICE014_FB_2018-09-14_MQ5,RICE014_FB_2018-09-14_MQ5_4147,RICE014_FB_2018-09-14_MQ5_4147_length,Calipers to nearest mm,Length,NA,mm,NA,7,NA
RICE014_FB_2018-09-14_MQ5,RICE014_FB_2018-09-14_MQ5_4148,RICE014_FB_2018-09-14_MQ5_4148_length,Calipers to nearest mm,Length,NA,mm,NA,10,NA
RICE015_NB_2018-11-22_FQ1,RICE015_NB_2018-11-22_FQ1_4149,RICE015_NB_2018-11-22_FQ1_4149_length,Calipers to nearest mm,Length,NA,mm,NA,4,NA
RICE015_NB_2018-11-22_FQ1,RICE015_NB_2018-11-22_FQ1_4150,RICE015_NB_2018-11-22_FQ1_4150_length,Calipers to nearest mm,Length,NA,mm,NA,20,NA
RICE015_NB_2018-11-22_FQ1,RICE015_NB_2018-11-22_FQ1_4151,RICE015_NB_2018-11-22_FQ1_4151_length,Calipers to nearest mm,Length,NA,mm,NA,18,NA
RICE015_NB_2018-11-22_FQ1,RICE015_NB_2018-11-22_FQ1_4152,RICE015_NB_2018-11-22_FQ1_4152_length,Calipers to nearest mm,Length,NA,mm,NA,24,NA
RICE015_NB_2018-11-22_FQ1,RICE015_NB_2018-11-22_FQ1_4153,RICE015_NB_2018-11-22_FQ1_4153_length,Calipers to nearest mm,Length,NA,mm,NA,8,NA
RICE015_NB_2018-11-22_FQ1,RICE015_NB_2018-11-22_FQ1_4154,RICE015_NB_2018-11-22_FQ1_4154_length,Calipers to nearest mm,Length,NA,mm,NA,10,NA
RICE015_NB_2018-11-22_FQ1,RICE015_NB_2018-11-22_FQ1_4155,RICE015_NB_2018-11-22_FQ1_4155_length,Calipers to nearest mm,Length,NA,mm,NA,14,NA
RICE015_NB_2018-11-22_FQ2,RICE015_NB_2018-11-22_FQ2_4156,RICE015_NB_2018-11-22_FQ2_4156_length,Calipers to nearest mm,Length,NA,mm,NA,18,NA
RICE015_NB_2018-11-22_FQ2,RICE015_NB_2018-11-22_FQ2_4157,RICE015_NB_2018-11-22_FQ2_4157_length,Calipers to nearest mm,Length,NA,mm,NA,20,NA
RICE015_NB_2018-11-22_FQ2,RICE015_NB_2018-11-22_FQ2_4158,RICE015_NB_2018-11-22_FQ2_4158_length,Calipers to nearest mm,Length,NA,mm,NA,14,NA
RICE015_NB_2018-11-22_FQ3,RICE015_NB_2018-11-22_FQ3_4159,RICE015_NB_2018-11-22_FQ3_4159_length,Calipers to nearest mm,Length,NA,mm,NA,24,NA
RICE015_NB_2018-11-22_MQ1,RICE015_NB_2018-11-22_MQ1_4160,RICE015_NB_2018-11-22_MQ1_4160_length,Calipers to nearest mm,Length,NA,mm,NA,19,NA
RICE015_NB_2018-11-22_MQ1,RICE015_NB_2018-11-22_MQ1_4161,RICE015_NB_2018-11-22_MQ1_4161_length,Calipers to nearest mm,Length,NA,mm,NA,16,NA
RICE015_NB_2018-11-22_MQ2,RICE015_NB_2018-11-22_MQ2_4162,RICE015_NB_2018-11-22_MQ2_4162_length,Calipers to nearest mm,Length,NA,mm,NA,17,NA
RICE015_NB_2018-11-22_MQ2,RICE015_NB_2018-11-22_MQ2_4163,RICE015_NB_2018-11-22_MQ2_4163_length,Calipers to nearest mm,Length,NA,mm,NA,14,NA
RICE015_NB_2018-11-22_MQ2,RICE015_NB_2018-11-22_MQ2_4164,RICE015_NB_2018-11-22_MQ2_4164_length,Calipers to nearest mm,Length,NA,mm,NA,18,NA
RICE015_NB_2018-11-22_MQ2,RICE015_NB_2018-11-22_MQ2_4165,RICE015_NB_2018-11-22_MQ2_4165_length,Calipers to nearest mm,Length,NA,mm,NA,19,NA
RICE015_NB_2018-11-22_MQ2,RICE015_NB_2018-11-22_MQ2_4166,RICE015_NB_2018-11-22_MQ2_4166_length,Calipers to nearest mm,Length,NA,mm,NA,17,NA
RICE015_NB_2018-11-22_MQ3,RICE015_NB_2018-11-22_MQ3_4167,RICE015_NB_2018-11-22_MQ3_4167_length,Calipers to nearest mm,Length,NA,mm,NA,10,NA
RICE015_NB_2018-11-22_MQ4,RICE015_NB_2018-11-22_MQ4_4168,RICE015_NB_2018-11-22_MQ4_4168_length,Calipers to nearest mm,Length,NA,mm,NA,18,NA
RICE015_FB_2018-11-23_BQ1,RICE015_FB_2018-11-23_BQ1_4169,RICE015_FB_2018-11-23_BQ1_4169_length,Calipers to nearest mm,Length,NA,mm,NA,17,NA
RICE015_FB_2018-11-23_BQ1,RICE015_FB_2018-11-23_BQ1_4170,RICE015_FB_2018-11-23_BQ1_4170_length,Calipers to nearest mm,Length,NA,mm,NA,18,NA
RICE015_FB_2018-11-23_BQ1,RICE015_FB_2018-11-23_BQ1_4171,RICE015_FB_2018-11-23_BQ1_4171_length,Calipers to nearest mm,Length,NA,mm,NA,11,NA
RICE015_FB_2018-11-23_BQ3,RICE015_FB_2018-11-23_BQ3_4172,RICE015_FB_2018-11-23_BQ3_4172_length,Calipers to nearest mm,Length,NA,mm,NA,18,NA
RICE015_FB_2018-11-23_BQ4,RICE015_FB_2018-11-23_BQ4_4173,RICE015_FB_2018-11-23_BQ4_4173_length,Calipers to nearest mm,Length,NA,mm,NA,12,NA
RICE015_FB_2018-11-23_BQ4,RICE015_FB_2018-11-23_BQ4_4174,RICE015_FB_2018-11-23_BQ4_4174_length,Calipers to nearest mm,Length,NA,mm,NA,14,NA
RICE015_FB_2018-11-23_BQ5,RICE015_FB_2018-11-23_BQ5_4175,RICE015_FB_2018-11-23_BQ5_4175_length,Calipers to nearest mm,Length,NA,mm,NA,14,NA
RICE015_FB_2018-11-23_BQ5,RICE015_FB_2018-11-23_BQ5_4176,RICE015_FB_2018-11-23_BQ5_4176_length,Calipers to nearest mm,Length,NA,mm,NA,13,NA
RICE015_FB_2018-11-23_BQ5,RICE015_FB_2018-11-23_BQ5_4177,RICE015_FB_2018-11-23_BQ5_4177_length,Calipers to nearest mm,Length,NA,mm,NA,10,NA
RICE015_FB_2018-11-23_BQ5,RICE015_FB_2018-11-23_BQ5_4178,RICE015_FB_2018-11-23_BQ5_4178_length,Calipers to nearest mm,Length,NA,mm,NA,16,NA
RICE015_FB_2018-11-23_BQ5,RICE015_FB_2018-11-23_BQ5_4179,RICE015_FB_2018-11-23_BQ5_4179_length,Calipers to nearest mm,Length,NA,mm,NA,15,NA
RICE015_FB_2018-11-23_BQ5,RICE015_FB_2018-11-23_BQ5_4180,RICE015_FB_2018-11-23_BQ5_4180_length,Calipers to nearest mm,Length,NA,mm,NA,14,NA
RICE015_FB_2018-11-23_BQ5,RICE015_FB_2018-11-23_BQ5_4181,RICE015_FB_2018-11-23_BQ5_4181_length,Calipers to nearest mm,Length,NA,mm,NA,15,NA
RICE015_FB_2018-11-23_BQ5,RICE015_FB_2018-11-23_BQ5_4182,RICE015_FB_2018-11-23_BQ5_4182_length,Calipers to nearest mm,Length,NA,mm,NA,20,NA
RICE015_FB_2018-11-23_BQ5,RICE015_FB_2018-11-23_BQ5_4183,RICE015_FB_2018-11-23_BQ5_4183_length,Calipers to nearest mm,Length,NA,mm,NA,20,NA
RICE015_FB_2018-11-23_FQ1,RICE015_FB_2018-11-23_FQ1_4184,RICE015_FB_2018-11-23_FQ1_4184_length,Calipers to nearest mm,Length,NA,mm,NA,11,NA
RICE015_FB_2018-11-23_MQ1,RICE015_FB_2018-11-23_MQ1_4185,RICE015_FB_2018-11-23_MQ1_4185_length,Calipers to nearest mm,Length,NA,mm,NA,8,NA
RICE015_FB_2018-11-23_MQ2,RICE015_FB_2018-11-23_MQ2_4186,RICE015_FB_2018-11-23_MQ2_4186_length,Calipers to nearest mm,Length,NA,mm,NA,14,NA
RICE015_FB_2018-11-23_MQ2,RICE015_FB_2018-11-23_MQ2_4187,RICE015_FB_2018-11-23_MQ2_4187_length,Calipers to nearest mm,Length,NA,mm,NA,13,NA
RICE015_FB_2018-11-23_MQ2,RICE015_FB_2018-11-23_MQ2_4188,RICE015_FB_2018-11-23_MQ2_4188_length,Calipers to nearest mm,Length,NA,mm,NA,15,NA
RICE015_FB_2018-11-23_MQ2,RICE015_FB_2018-11-23_MQ2_4189,RICE015_FB_2018-11-23_MQ2_4189_length,Calipers to nearest mm,Length,NA,mm,NA,16,NA
RICE015_FB_2018-11-23_MQ2,RICE015_FB_2018-11-23_MQ2_4190,RICE015_FB_2018-11-23_MQ2_4190_length,Calipers to nearest mm,Length,NA,mm,NA,17,NA
RICE015_FB_2018-11-23_MQ2,RICE015_FB_2018-11-23_MQ2_4191,RICE015_FB_2018-11-23_MQ2_4191_length,Calipers to nearest mm,Length,NA,mm,NA,8,NA
RICE015_FB_2018-11-23_MQ3,RICE015_FB_2018-11-23_MQ3_4192,RICE015_FB_2018-11-23_MQ3_4192_length,Calipers to nearest mm,Length,NA,mm,NA,12,NA
RICE015_FB_2018-11-23_MQ3,RICE015_FB_2018-11-23_MQ3_4193,RICE015_FB_2018-11-23_MQ3_4193_length,Calipers to nearest mm,Length,NA,mm,NA,17,NA
RICE015_FB_2018-11-23_MQ3,RICE015_FB_2018-11-23_MQ3_4194,RICE015_FB_2018-11-23_MQ3_4194_length,Calipers to nearest mm,Length,NA,mm,NA,15,NA
RICE015_FB_2018-11-23_MQ3,RICE015_FB_2018-11-23_MQ3_4195,RICE015_FB_2018-11-23_MQ3_4195_length,Calipers to nearest mm,Length,NA,mm,NA,14,NA
RICE015_FB_2018-11-23_MQ4,RICE015_FB_2018-11-23_MQ4_4196,RICE015_FB_2018-11-23_MQ4_4196_length,Calipers to nearest mm,Length,NA,mm,NA,17,NA
RICE015_FB_2018-11-23_MQ4,RICE015_FB_2018-11-23_MQ4_4197,RICE015_FB_2018-11-23_MQ4_4197_length,Calipers to nearest mm,Length,NA,mm,NA,14,NA
RICE015_FB_2018-11-23_MQ5,RICE015_FB_2018-11-23_MQ5_4198,RICE015_FB_2018-11-23_MQ5_4198_length,Calipers to nearest mm,Length,NA,mm,NA,12,NA
RICE015_WB_2018-11-24_FQ3,RICE015_WB_2018-11-24_FQ3_4199,RICE015_WB_2018-11-24_FQ3_4199_length,Calipers to nearest mm,Length,NA,mm,NA,13,NA
RICE015_WB_2018-11-24_FQ3,RICE015_WB_2018-11-24_FQ3_4200,RICE015_WB_2018-11-24_FQ3_4200_length,Calipers to nearest mm,Length,NA,mm,NA,19,NA
RICE015_WB_2018-11-24_FQ3,RICE015_WB_2018-11-24_FQ3_4201,RICE015_WB_2018-11-24_FQ3_4201_length,Calipers to nearest mm,Length,NA,mm,NA,20,NA
RICE015_WB_2018-11-24_FQ3,RICE015_WB_2018-11-24_FQ3_4202,RICE015_WB_2018-11-24_FQ3_4202_length,Calipers to nearest mm,Length,NA,mm,NA,21,NA
RICE015_WB_2018-11-24_FQ3,RICE015_WB_2018-11-24_FQ3_4203,RICE015_WB_2018-11-24_FQ3_4203_length,Calipers to nearest mm,Length,NA,mm,NA,22,NA
RICE015_WB_2018-11-24_FQ3,RICE015_WB_2018-11-24_FQ3_4204,RICE015_WB_2018-11-24_FQ3_4204_length,Calipers to nearest mm,Length,NA,mm,NA,23,NA
RICE015_WB_2018-11-24_FQ3,RICE015_WB_2018-11-24_FQ3_4205,RICE015_WB_2018-11-24_FQ3_4205_length,Calipers to nearest mm,Length,NA,mm,NA,22,NA
RICE015_WB_2018-11-24_FQ3,RICE015_WB_2018-11-24_FQ3_4206,RICE015_WB_2018-11-24_FQ3_4206_length,Calipers to nearest mm,Length,NA,mm,NA,21,NA
RICE015_WB_2018-11-24_FQ3,RICE015_WB_2018-11-24_FQ3_4207,RICE015_WB_2018-11-24_FQ3_4207_length,Calipers to nearest mm,Length,NA,mm,NA,20,NA
RICE015_WB_2018-11-24_FQ3,RICE015_WB_2018-11-24_FQ3_4208,RICE015_WB_2018-11-24_FQ3_4208_length,Calipers to nearest mm,Length,NA,mm,NA,10,NA
RICE015_WB_2018-11-24_FQ3,RICE015_WB_2018-11-24_FQ3_4209,RICE015_WB_2018-11-24_FQ3_4209_length,Calipers to nearest mm,Length,NA,mm,NA,9,NA
RICE015_WB_2018-11-24_FQ3,RICE015_WB_2018-11-24_FQ3_4210,RICE015_WB_2018-11-24_FQ3_4210_length,Calipers to nearest mm,Length,NA,mm,NA,13,NA
RICE015_WB_2018-11-24_FQ3,RICE015_WB_2018-11-24_FQ3_4211,RICE015_WB_2018-11-24_FQ3_4211_length,Calipers to nearest mm,Length,NA,mm,NA,19,NA
RICE015_WB_2018-11-24_FQ3,RICE015_WB_2018-11-24_FQ3_4212,RICE015_WB_2018-11-24_FQ3_4212_length,Calipers to nearest mm,Length,NA,mm,NA,18,NA
RICE015_WB_2018-11-24_FQ4,RICE015_WB_2018-11-24_FQ4_4213,RICE015_WB_2018-11-24_FQ4_4213_length,Calipers to nearest mm,Length,NA,mm,NA,21,NA
RICE015_WB_2018-11-24_FQ4,RICE015_WB_2018-11-24_FQ4_4214,RICE015_WB_2018-11-24_FQ4_4214_length,Calipers to nearest mm,Length,NA,mm,NA,9,NA
RICE015_WB_2018-11-24_FQ4,RICE015_WB_2018-11-24_FQ4_4215,RICE015_WB_2018-11-24_FQ4_4215_length,Calipers to nearest mm,Length,NA,mm,NA,10,NA
RICE015_WB_2018-11-24_FQ4,RICE015_WB_2018-11-24_FQ4_4216,RICE015_WB_2018-11-24_FQ4_4216_length,Calipers to nearest mm,Length,NA,mm,NA,13,NA
RICE015_WB_2018-11-24_FQ4,RICE015_WB_2018-11-24_FQ4_4217,RICE015_WB_2018-11-24_FQ4_4217_length,Calipers to nearest mm,Length,NA,mm,NA,15,NA
RICE015_WB_2018-11-24_FQ4,RICE015_WB_2018-11-24_FQ4_4218,RICE015_WB_2018-11-24_FQ4_4218_length,Calipers to nearest mm,Length,NA,mm,NA,15,NA
RICE015_WB_2018-11-24_FQ4,RICE015_WB_2018-11-24_FQ4_4219,RICE015_WB_2018-11-24_FQ4_4219_length,Calipers to nearest mm,Length,NA,mm,NA,20,NA
RICE015_WB_2018-11-24_FQ4,RICE015_WB_2018-11-24_FQ4_4220,RICE015_WB_2018-11-24_FQ4_4220_length,Calipers to nearest mm,Length,NA,mm,NA,9,NA
RICE015_WB_2018-11-24_FQ4,RICE015_WB_2018-11-24_FQ4_4221,RICE015_WB_2018-11-24_FQ4_4221_length,Calipers to nearest mm,Length,NA,mm,NA,12,NA
RICE015_WB_2018-11-24_MQ1,RICE015_WB_2018-11-24_MQ1_4222,RICE015_WB_2018-11-24_MQ1_4222_length,Calipers to nearest mm,Length,NA,mm,NA,16,NA
RICE015_WB_2018-11-24_MQ1,RICE015_WB_2018-11-24_MQ1_4223,RICE015_WB_2018-11-24_MQ1_4223_length,Calipers to nearest mm,Length,NA,mm,NA,17,NA
RICE015_WB_2018-11-24_MQ1,RICE015_WB_2018-11-24_MQ1_4224,RICE015_WB_2018-11-24_MQ1_4224_length,Calipers to nearest mm,Length,NA,mm,NA,19,NA
RICE015_WB_2018-11-24_MQ1,RICE015_WB_2018-11-24_MQ1_4225,RICE015_WB_2018-11-24_MQ1_4225_length,Calipers to nearest mm,Length,NA,mm,NA,21,NA
RICE015_WB_2018-11-24_MQ1,RICE015_WB_2018-11-24_MQ1_4226,RICE015_WB_2018-11-24_MQ1_4226_length,Calipers to nearest mm,Length,NA,mm,NA,18,NA
RICE015_WB_2018-11-24_MQ2,RICE015_WB_2018-11-24_MQ2_4227,RICE015_WB_2018-11-24_MQ2_4227_length,Calipers to nearest mm,Length,NA,mm,NA,15,NA
RICE015_WB_2018-11-24_MQ2,RICE015_WB_2018-11-24_MQ2_4228,RICE015_WB_2018-11-24_MQ2_4228_length,Calipers to nearest mm,Length,NA,mm,NA,17,NA
RICE015_WB_2018-11-24_MQ2,RICE015_WB_2018-11-24_MQ2_4229,RICE015_WB_2018-11-24_MQ2_4229_length,Calipers to nearest mm,Length,NA,mm,NA,20,NA
RICE015_WB_2018-11-24_MQ2,RICE015_WB_2018-11-24_MQ2_4230,RICE015_WB_2018-11-24_MQ2_4230_length,Calipers to nearest mm,Length,NA,mm,NA,18,NA
RICE015_WB_2018-11-24_MQ2,RICE015_WB_2018-11-24_MQ2_4231,RICE015_WB_2018-11-24_MQ2_4231_length,Calipers to nearest mm,Length,NA,mm,NA,19,NA
RICE015_WB_2018-11-24_MQ2,RICE015_WB_2018-11-24_MQ2_4232,RICE015_WB_2018-11-24_MQ2_4232_length,Calipers to nearest mm,Length,NA,mm,NA,14,NA
RICE015_WB_2018-11-24_MQ3,RICE015_WB_2018-11-24_MQ3_4233,RICE015_WB_2018-11-24_MQ3_4233_length,Calipers to nearest mm,Length,NA,mm,NA,19,NA
RICE015_WB_2018-11-24_MQ3,RICE015_WB_2018-11-24_MQ3_4234,RICE015_WB_2018-11-24_MQ3_4234_length,Calipers to nearest mm,Length,NA,mm,NA,17,NA
RICE015_WB_2018-11-24_MQ3,RICE015_WB_2018-11-24_MQ3_4235,RICE015_WB_2018-11-24_MQ3_4235_length,Calipers to nearest mm,Length,NA,mm,NA,15,NA
RICE015_WB_2018-11-24_MQ3,RICE015_WB_2018-11-24_MQ3_4236,RICE015_WB_2018-11-24_MQ3_4236_length,Calipers to nearest mm,Length,NA,mm,NA,18,NA
RICE015_WB_2018-11-24_MQ3,RICE015_WB_2018-11-24_MQ3_4237,RICE015_WB_2018-11-24_MQ3_4237_length,Calipers to nearest mm,Length,NA,mm,NA,16,NA
RICE015_WB_2018-11-24_MQ3,RICE015_WB_2018-11-24_MQ3_4238,RICE015_WB_2018-11-24_MQ3_4238_length,Calipers to nearest mm,Length,NA,mm,NA,14,NA
RICE015_WB_2018-11-24_MQ3,RICE015_WB_2018-11-24_MQ3_4239,RICE015_WB_2018-11-24_MQ3_4239_length,Calipers to nearest mm,Length,NA,mm,NA,13,NA
RICE015_WB_2018-11-24_MQ4,RICE015_WB_2018-11-24_MQ4_4240,RICE015_WB_2018-11-24_MQ4_4240_length,Calipers to nearest mm,Length,NA,mm,NA,16,NA
RICE015_WB_2018-11-24_MQ4,RICE015_WB_2018-11-24_MQ4_4241,RICE015_WB_2018-11-24_MQ4_4241_length,Calipers to nearest mm,Length,NA,mm,NA,15,NA
RICE015_WB_2018-11-24_MQ4,RICE015_WB_2018-11-24_MQ4_4242,RICE015_WB_2018-11-24_MQ4_4242_length,Calipers to nearest mm,Length,NA,mm,NA,13,NA
RICE015_WB_2018-11-24_MQ4,RICE015_WB_2018-11-24_MQ4_4243,RICE015_WB_2018-11-24_MQ4_4243_length,Calipers to nearest mm,Length,NA,mm,NA,17,NA
RICE015_WB_2018-11-24_MQ4,RICE015_WB_2018-11-24_MQ4_4244,RICE015_WB_2018-11-24_MQ4_4244_length,Calipers to nearest mm,Length,NA,mm,NA,19,NA
RICE015_WB_2018-11-24_MQ4,RICE015_WB_2018-11-24_MQ4_4245,RICE015_WB_2018-11-24_MQ4_4245_length,Calipers to nearest mm,Length,NA,mm,NA,18,NA
RICE015_WB_2018-11-24_MQ5,RICE015_WB_2018-11-24_MQ5_4246,RICE015_WB_2018-11-24_MQ5_4246_length,Calipers to nearest mm,Length,NA,mm,NA,17,NA
RICE015_WB_2018-11-24_MQ5,RICE015_WB_2018-11-24_MQ5_4247,RICE015_WB_2018-11-24_MQ5_4247_length,Calipers to nearest mm,Length,NA,mm,NA,16,NA
RICE015_WB_2018-11-24_MQ5,RICE015_WB_2018-11-24_MQ5_4248,RICE015_WB_2018-11-24_MQ5_4248_length,Calipers to nearest mm,Length,NA,mm,NA,14,NA
RICE015_WB_2018-11-24_MQ5,RICE015_WB_2018-11-24_MQ5_4249,RICE015_WB_2018-11-24_MQ5_4249_length,Calipers to nearest mm,Length,NA,mm,NA,18,NA
RICE015_WB_2018-11-24_MQ5,RICE015_WB_2018-11-24_MQ5_4250,RICE015_WB_2018-11-24_MQ5_4250_length,Calipers to nearest mm,Length,NA,mm,NA,15,NA
RICE016_NB_2019-02-18_FQ1,RICE016_NB_2019-02-18_FQ1_4251,RICE016_NB_2019-02-18_FQ1_4251_length,Calipers to nearest mm,Length,NA,mm,NA,7,NA
RICE016_NB_2019-02-18_FQ3,RICE016_NB_2019-02-18_FQ3_4252,RICE016_NB_2019-02-18_FQ3_4252_length,Calipers to nearest mm,Length,NA,mm,NA,12,NA
RICE016_NB_2019-02-18_FQ4,RICE016_NB_2019-02-18_FQ4_4253,RICE016_NB_2019-02-18_FQ4_4253_length,Calipers to nearest mm,Length,NA,mm,NA,6,NA
RICE016_FB_2019-02-19_BQ4,RICE016_FB_2019-02-19_BQ4_4254,RICE016_FB_2019-02-19_BQ4_4254_length,Calipers to nearest mm,Length,NA,mm,NA,9,NA
RICE016_FB_2019-02-19_BQ5,RICE016_FB_2019-02-19_BQ5_4255,RICE016_FB_2019-02-19_BQ5_4255_length,Calipers to nearest mm,Length,NA,mm,NA,8,NA
RICE016_FB_2019-02-19_BQ5,RICE016_FB_2019-02-19_BQ5_4256,RICE016_FB_2019-02-19_BQ5_4256_length,Calipers to nearest mm,Length,NA,mm,NA,9,NA
RICE016_FB_2019-02-19_BQ5,RICE016_FB_2019-02-19_BQ5_4257,RICE016_FB_2019-02-19_BQ5_4257_length,Calipers to nearest mm,Length,NA,mm,NA,10,NA
RICE016_FB_2019-02-19_BQ5,RICE016_FB_2019-02-19_BQ5_4258,RICE016_FB_2019-02-19_BQ5_4258_length,Calipers to nearest mm,Length,NA,mm,NA,12,NA
RICE016_FB_2019-02-19_BQ5,RICE016_FB_2019-02-19_BQ5_4259,RICE016_FB_2019-02-19_BQ5_4259_length,Calipers to nearest mm,Length,NA,mm,NA,13,NA
RICE016_FB_2019-02-19_BQ5,RICE016_FB_2019-02-19_BQ5_4260,RICE016_FB_2019-02-19_BQ5_4260_length,Calipers to nearest mm,Length,NA,mm,NA,14,NA
RICE016_FB_2019-02-19_MQ1,RICE016_FB_2019-02-19_MQ1_4261,RICE016_FB_2019-02-19_MQ1_4261_length,Calipers to nearest mm,Length,NA,mm,NA,13,NA
RICE016_FB_2019-02-19_MQ1,RICE016_FB_2019-02-19_MQ1_4262,RICE016_FB_2019-02-19_MQ1_4262_length,Calipers to nearest mm,Length,NA,mm,NA,9,NA
RICE016_FB_2019-02-19_MQ1,RICE016_FB_2019-02-19_MQ1_4263,RICE016_FB_2019-02-19_MQ1_4263_length,Calipers to nearest mm,Length,NA,mm,NA,10,NA
RICE016_FB_2019-02-19_MQ2,RICE016_FB_2019-02-19_MQ2_4264,RICE016_FB_2019-02-19_MQ2_4264_length,Calipers to nearest mm,Length,NA,mm,NA,8,NA
RICE016_FB_2019-02-19_MQ2,RICE016_FB_2019-02-19_MQ2_4265,RICE016_FB_2019-02-19_MQ2_4265_length,Calipers to nearest mm,Length,NA,mm,NA,9,NA
RICE016_WB_2019-02-20_FQ3,RICE016_WB_2019-02-20_FQ3_4266,RICE016_WB_2019-02-20_FQ3_4266_length,Calipers to nearest mm,Length,NA,mm,NA,21,NA
RICE016_WB_2019-02-20_FQ3,RICE016_WB_2019-02-20_FQ3_4267,RICE016_WB_2019-02-20_FQ3_4267_length,Calipers to nearest mm,Length,NA,mm,NA,18,NA
RICE016_WB_2019-02-20_FQ3,RICE016_WB_2019-02-20_FQ3_4268,RICE016_WB_2019-02-20_FQ3_4268_length,Calipers to nearest mm,Length,NA,mm,NA,20,NA
RICE016_WB_2019-02-20_FQ3,RICE016_WB_2019-02-20_FQ3_4269,RICE016_WB_2019-02-20_FQ3_4269_length,Calipers to nearest mm,Length,NA,mm,NA,17,NA
RICE016_WB_2019-02-20_FQ3,RICE016_WB_2019-02-20_FQ3_4270,RICE016_WB_2019-02-20_FQ3_4270_length,Calipers to nearest mm,Length,NA,mm,NA,16,NA
RICE016_WB_2019-02-20_FQ3,RICE016_WB_2019-02-20_FQ3_4271,RICE016_WB_2019-02-20_FQ3_4271_length,Calipers to nearest mm,Length,NA,mm,NA,13,NA
RICE016_WB_2019-02-20_FQ3,RICE016_WB_2019-02-20_FQ3_4272,RICE016_WB_2019-02-20_FQ3_4272_length,Calipers to nearest mm,Length,NA,mm,NA,20,NA
RICE016_WB_2019-02-20_FQ3,RICE016_WB_2019-02-20_FQ3_4273,RICE016_WB_2019-02-20_FQ3_4273_length,Calipers to nearest mm,Length,NA,mm,NA,18,NA
RICE016_WB_2019-02-20_FQ3,RICE016_WB_2019-02-20_FQ3_4274,RICE016_WB_2019-02-20_FQ3_4274_length,Calipers to nearest mm,Length,NA,mm,NA,15,NA
RICE016_WB_2019-02-20_FQ3,RICE016_WB_2019-02-20_FQ3_4275,RICE016_WB_2019-02-20_FQ3_4275_length,Calipers to nearest mm,Length,NA,mm,NA,21,NA
RICE016_WB_2019-02-20_FQ3,RICE016_WB_2019-02-20_FQ3_4276,RICE016_WB_2019-02-20_FQ3_4276_length,Calipers to nearest mm,Length,NA,mm,NA,19,NA
RICE016_WB_2019-02-20_FQ3,RICE016_WB_2019-02-20_FQ3_4277,RICE016_WB_2019-02-20_FQ3_4277_length,Calipers to nearest mm,Length,NA,mm,NA,17,NA
RICE016_WB_2019-02-20_FQ3,RICE016_WB_2019-02-20_FQ3_4278,RICE016_WB_2019-02-20_FQ3_4278_length,Calipers to nearest mm,Length,NA,mm,NA,16,NA
RICE016_WB_2019-02-20_FQ3,RICE016_WB_2019-02-20_FQ3_4279,RICE016_WB_2019-02-20_FQ3_4279_length,Calipers to nearest mm,Length,NA,mm,NA,17,NA
RICE016_WB_2019-02-20_FQ4,RICE016_WB_2019-02-20_FQ4_4280,RICE016_WB_2019-02-20_FQ4_4280_length,Calipers to nearest mm,Length,NA,mm,NA,12,NA
RICE016_WB_2019-02-20_FQ4,RICE016_WB_2019-02-20_FQ4_4281,RICE016_WB_2019-02-20_FQ4_4281_length,Calipers to nearest mm,Length,NA,mm,NA,15,NA
RICE016_WB_2019-02-20_FQ4,RICE016_WB_2019-02-20_FQ4_4282,RICE016_WB_2019-02-20_FQ4_4282_length,Calipers to nearest mm,Length,NA,mm,NA,17,NA
RICE016_WB_2019-02-20_FQ4,RICE016_WB_2019-02-20_FQ4_4283,RICE016_WB_2019-02-20_FQ4_4283_length,Calipers to nearest mm,Length,NA,mm,NA,20,NA
RICE016_WB_2019-02-20_FQ4,RICE016_WB_2019-02-20_FQ4_4284,RICE016_WB_2019-02-20_FQ4_4284_length,Calipers to nearest mm,Length,NA,mm,NA,16,NA
RICE016_WB_2019-02-20_FQ4,RICE016_WB_2019-02-20_FQ4_4285,RICE016_WB_2019-02-20_FQ4_4285_length,Calipers to nearest mm,Length,NA,mm,NA,19,NA
RICE016_WB_2019-02-20_FQ4,RICE016_WB_2019-02-20_FQ4_4286,RICE016_WB_2019-02-20_FQ4_4286_length,Calipers to nearest mm,Length,NA,mm,NA,18,NA
RICE016_WB_2019-02-20_FQ4,RICE016_WB_2019-02-20_FQ4_4287,RICE016_WB_2019-02-20_FQ4_4287_length,Calipers to nearest mm,Length,NA,mm,NA,11,NA
RICE016_WB_2019-02-20_FQ4,RICE016_WB_2019-02-20_FQ4_4288,RICE016_WB_2019-02-20_FQ4_4288_length,Calipers to nearest mm,Length,NA,mm,NA,20,NA
RICE016_WB_2019-02-20_FQ4,RICE016_WB_2019-02-20_FQ4_4289,RICE016_WB_2019-02-20_FQ4_4289_length,Calipers to nearest mm,Length,NA,mm,NA,14,NA
RICE016_WB_2019-02-20_MQ2,RICE016_WB_2019-02-20_MQ2_4290,RICE016_WB_2019-02-20_MQ2_4290_length,Calipers to nearest mm,Length,NA,mm,NA,18,NA
RICE016_WB_2019-02-20_MQ2,RICE016_WB_2019-02-20_MQ2_4291,RICE016_WB_2019-02-20_MQ2_4291_length,Calipers to nearest mm,Length,NA,mm,NA,19,NA
RICE016_WB_2019-02-20_MQ5,RICE016_WB_2019-02-20_MQ5_4292,RICE016_WB_2019-02-20_MQ5_4292_length,Calipers to nearest mm,Length,NA,mm,NA,15,NA
RICE017_FB_2019-05-21_BQ1,RICE017_FB_2019-05-21_BQ1_4293,RICE017_FB_2019-05-21_BQ1_4293_length,Calipers to nearest mm,Length,NA,mm,NA,17,NA
RICE017_FB_2019-05-21_BQ1,RICE017_FB_2019-05-21_BQ1_4294,RICE017_FB_2019-05-21_BQ1_4294_length,Calipers to nearest mm,Length,NA,mm,NA,18,NA
RICE017_FB_2019-05-21_BQ1,RICE017_FB_2019-05-21_BQ1_4295,RICE017_FB_2019-05-21_BQ1_4295_length,Calipers to nearest mm,Length,NA,mm,NA,19,NA
RICE017_FB_2019-05-21_BQ1,RICE017_FB_2019-05-21_BQ1_4296,RICE017_FB_2019-05-21_BQ1_4296_length,Calipers to nearest mm,Length,NA,mm,NA,20,NA
RICE017_FB_2019-05-21_BQ1,RICE017_FB_2019-05-21_BQ1_4297,RICE017_FB_2019-05-21_BQ1_4297_length,Calipers to nearest mm,Length,NA,mm,NA,21,NA
RICE017_FB_2019-05-21_BQ1,RICE017_FB_2019-05-21_BQ1_4298,RICE017_FB_2019-05-21_BQ1_4298_length,Calipers to nearest mm,Length,NA,mm,NA,17,NA
RICE017_FB_2019-05-21_BQ1,RICE017_FB_2019-05-21_BQ1_4299,RICE017_FB_2019-05-21_BQ1_4299_length,Calipers to nearest mm,Length,NA,mm,NA,18,NA
RICE017_FB_2019-05-21_BQ1,RICE017_FB_2019-05-21_BQ1_4300,RICE017_FB_2019-05-21_BQ1_4300_length,Calipers to nearest mm,Length,NA,mm,NA,21,NA
RICE017_FB_2019-05-21_BQ2,RICE017_FB_2019-05-21_BQ2_4301,RICE017_FB_2019-05-21_BQ2_4301_length,Calipers to nearest mm,Length,NA,mm,NA,14,NA
RICE017_FB_2019-05-21_BQ2,RICE017_FB_2019-05-21_BQ2_4302,RICE017_FB_2019-05-21_BQ2_4302_length,Calipers to nearest mm,Length,NA,mm,NA,16,NA
RICE017_FB_2019-05-21_BQ2,RICE017_FB_2019-05-21_BQ2_4303,RICE017_FB_2019-05-21_BQ2_4303_length,Calipers to nearest mm,Length,NA,mm,NA,17,NA
RICE017_FB_2019-05-21_BQ2,RICE017_FB_2019-05-21_BQ2_4304,RICE017_FB_2019-05-21_BQ2_4304_length,Calipers to nearest mm,Length,NA,mm,NA,19,NA
RICE017_FB_2019-05-21_BQ2,RICE017_FB_2019-05-21_BQ2_4305,RICE017_FB_2019-05-21_BQ2_4305_length,Calipers to nearest mm,Length,NA,mm,NA,18,NA
RICE017_FB_2019-05-21_BQ3,RICE017_FB_2019-05-21_BQ3_4306,RICE017_FB_2019-05-21_BQ3_4306_length,Calipers to nearest mm,Length,NA,mm,NA,13,NA
RICE017_FB_2019-05-21_BQ3,RICE017_FB_2019-05-21_BQ3_4307,RICE017_FB_2019-05-21_BQ3_4307_length,Calipers to nearest mm,Length,NA,mm,NA,14,NA
RICE017_FB_2019-05-21_BQ3,RICE017_FB_2019-05-21_BQ3_4308,RICE017_FB_2019-05-21_BQ3_4308_length,Calipers to nearest mm,Length,NA,mm,NA,15,NA
RICE017_FB_2019-05-21_BQ3,RICE017_FB_2019-05-21_BQ3_4309,RICE017_FB_2019-05-21_BQ3_4309_length,Calipers to nearest mm,Length,NA,mm,NA,16,NA
RICE017_FB_2019-05-21_BQ3,RICE017_FB_2019-05-21_BQ3_4310,RICE017_FB_2019-05-21_BQ3_4310_length,Calipers to nearest mm,Length,NA,mm,NA,17,NA
RICE017_FB_2019-05-21_BQ3,RICE017_FB_2019-05-21_BQ3_4311,RICE017_FB_2019-05-21_BQ3_4311_length,Calipers to nearest mm,Length,NA,mm,NA,17,NA
RICE017_FB_2019-05-21_BQ4,RICE017_FB_2019-05-21_BQ4_4312,RICE017_FB_2019-05-21_BQ4_4312_length,Calipers to nearest mm,Length,NA,mm,NA,9,NA
RICE017_FB_2019-05-21_BQ4,RICE017_FB_2019-05-21_BQ4_4313,RICE017_FB_2019-05-21_BQ4_4313_length,Calipers to nearest mm,Length,NA,mm,NA,10,NA
RICE017_FB_2019-05-21_BQ4,RICE017_FB_2019-05-21_BQ4_4314,RICE017_FB_2019-05-21_BQ4_4314_length,Calipers to nearest mm,Length,NA,mm,NA,11,NA
RICE017_FB_2019-05-21_BQ4,RICE017_FB_2019-05-21_BQ4_4315,RICE017_FB_2019-05-21_BQ4_4315_length,Calipers to nearest mm,Length,NA,mm,NA,13,NA
RICE017_FB_2019-05-21_BQ4,RICE017_FB_2019-05-21_BQ4_4316,RICE017_FB_2019-05-21_BQ4_4316_length,Calipers to nearest mm,Length,NA,mm,NA,15,NA
RICE017_FB_2019-05-21_BQ4,RICE017_FB_2019-05-21_BQ4_4317,RICE017_FB_2019-05-21_BQ4_4317_length,Calipers to nearest mm,Length,NA,mm,NA,16,NA
RICE017_FB_2019-05-21_BQ5,RICE017_FB_2019-05-21_BQ5_4318,RICE017_FB_2019-05-21_BQ5_4318_length,Calipers to nearest mm,Length,NA,mm,NA,16,NA
RICE017_FB_2019-05-21_BQ5,RICE017_FB_2019-05-21_BQ5_4319,RICE017_FB_2019-05-21_BQ5_4319_length,Calipers to nearest mm,Length,NA,mm,NA,23,NA
RICE017_FB_2019-05-21_FQ1,RICE017_FB_2019-05-21_FQ1_4320,RICE017_FB_2019-05-21_FQ1_4320_length,Calipers to nearest mm,Length,NA,mm,NA,19,NA
RICE017_FB_2019-05-21_FQ1,RICE017_FB_2019-05-21_FQ1_4321,RICE017_FB_2019-05-21_FQ1_4321_length,Calipers to nearest mm,Length,NA,mm,NA,20,NA
RICE017_FB_2019-05-21_FQ1,RICE017_FB_2019-05-21_FQ1_4322,RICE017_FB_2019-05-21_FQ1_4322_length,Calipers to nearest mm,Length,NA,mm,NA,13,NA
RICE017_FB_2019-05-21_FQ1,RICE017_FB_2019-05-21_FQ1_4323,RICE017_FB_2019-05-21_FQ1_4323_length,Calipers to nearest mm,Length,NA,mm,NA,18,NA
RICE017_FB_2019-05-21_FQ2,RICE017_FB_2019-05-21_FQ2_4324,RICE017_FB_2019-05-21_FQ2_4324_length,Calipers to nearest mm,Length,NA,mm,NA,12,NA
RICE017_FB_2019-05-21_FQ2,RICE017_FB_2019-05-21_FQ2_4325,RICE017_FB_2019-05-21_FQ2_4325_length,Calipers to nearest mm,Length,NA,mm,NA,24,NA
RICE017_FB_2019-05-21_FQ3,RICE017_FB_2019-05-21_FQ3_4326,RICE017_FB_2019-05-21_FQ3_4326_length,Calipers to nearest mm,Length,NA,mm,NA,20,NA
RICE017_FB_2019-05-21_FQ3,RICE017_FB_2019-05-21_FQ3_4327,RICE017_FB_2019-05-21_FQ3_4327_length,Calipers to nearest mm,Length,NA,mm,NA,17,NA
RICE017_FB_2019-05-21_FQ3,RICE017_FB_2019-05-21_FQ3_4328,RICE017_FB_2019-05-21_FQ3_4328_length,Calipers to nearest mm,Length,NA,mm,NA,20,NA
RICE017_FB_2019-05-21_FQ3,RICE017_FB_2019-05-21_FQ3_4329,RICE017_FB_2019-05-21_FQ3_4329_length,Calipers to nearest mm,Length,NA,mm,NA,22,NA
RICE017_FB_2019-05-21_FQ4,RICE017_FB_2019-05-21_FQ4_4330,RICE017_FB_2019-05-21_FQ4_4330_length,Calipers to nearest mm,Length,NA,mm,NA,25,NA
RICE017_FB_2019-05-21_MQ1,RICE017_FB_2019-05-21_MQ1_4331,RICE017_FB_2019-05-21_MQ1_4331_length,Calipers to nearest mm,Length,NA,mm,NA,13,NA
RICE017_FB_2019-05-21_MQ1,RICE017_FB_2019-05-21_MQ1_4332,RICE017_FB_2019-05-21_MQ1_4332_length,Calipers to nearest mm,Length,NA,mm,NA,14,NA
RICE017_FB_2019-05-21_MQ1,RICE017_FB_2019-05-21_MQ1_4333,RICE017_FB_2019-05-21_MQ1_4333_length,Calipers to nearest mm,Length,NA,mm,NA,15,NA
RICE017_FB_2019-05-21_MQ1,RICE017_FB_2019-05-21_MQ1_4334,RICE017_FB_2019-05-21_MQ1_4334_length,Calipers to nearest mm,Length,NA,mm,NA,9,NA
RICE017_FB_2019-05-21_MQ1,RICE017_FB_2019-05-21_MQ1_4335,RICE017_FB_2019-05-21_MQ1_4335_length,Calipers to nearest mm,Length,NA,mm,NA,10,NA
RICE017_FB_2019-05-21_MQ1,RICE017_FB_2019-05-21_MQ1_4336,RICE017_FB_2019-05-21_MQ1_4336_length,Calipers to nearest mm,Length,NA,mm,NA,11,NA
RICE017_FB_2019-05-21_MQ1,RICE017_FB_2019-05-21_MQ1_4337,RICE017_FB_2019-05-21_MQ1_4337_length,Calipers to nearest mm,Length,NA,mm,NA,12,NA
RICE017_FB_2019-05-21_MQ2,RICE017_FB_2019-05-21_MQ2_4338,RICE017_FB_2019-05-21_MQ2_4338_length,Calipers to nearest mm,Length,NA,mm,NA,13,NA
RICE017_FB_2019-05-21_MQ3,RICE017_FB_2019-05-21_MQ3_4339,RICE017_FB_2019-05-21_MQ3_4339_length,Calipers to nearest mm,Length,NA,mm,NA,16,NA
RICE017_FB_2019-05-21_MQ3,RICE017_FB_2019-05-21_MQ3_4340,RICE017_FB_2019-05-21_MQ3_4340_length,Calipers to nearest mm,Length,NA,mm,NA,7,NA
RICE017_FB_2019-05-21_MQ4,RICE017_FB_2019-05-21_MQ4_4341,RICE017_FB_2019-05-21_MQ4_4341_length,Calipers to nearest mm,Length,NA,mm,NA,9,NA
RICE017_FB_2019-05-21_MQ4,RICE017_FB_2019-05-21_MQ4_4342,RICE017_FB_2019-05-21_MQ4_4342_length,Calipers to nearest mm,Length,NA,mm,NA,12,NA
RICE017_FB_2019-05-21_MQ4,RICE017_FB_2019-05-21_MQ4_4343,RICE017_FB_2019-05-21_MQ4_4343_length,Calipers to nearest mm,Length,NA,mm,NA,13,NA
RICE017_FB_2019-05-21_MQ4,RICE017_FB_2019-05-21_MQ4_4344,RICE017_FB_2019-05-21_MQ4_4344_length,Calipers to nearest mm,Length,NA,mm,NA,15,NA
RICE017_FB_2019-05-21_MQ5,RICE017_FB_2019-05-21_MQ5_4345,RICE017_FB_2019-05-21_MQ5_4345_length,Calipers to nearest mm,Length,NA,mm,NA,9,NA
RICE017_FB_2019-05-21_MQ5,RICE017_FB_2019-05-21_MQ5_4346,RICE017_FB_2019-05-21_MQ5_4346_length,Calipers to nearest mm,Length,NA,mm,NA,13,NA
RICE017_FB_2019-05-21_MQ5,RICE017_FB_2019-05-21_MQ5_4347,RICE017_FB_2019-05-21_MQ5_4347_length,Calipers to nearest mm,Length,NA,mm,NA,15,NA
RICE017_FB_2019-05-21_MQ5,RICE017_FB_2019-05-21_MQ5_4348,RICE017_FB_2019-05-21_MQ5_4348_length,Calipers to nearest mm,Length,NA,mm,NA,16,NA
RICE017_FB_2019-05-21_MQ5,RICE017_FB_2019-05-21_MQ5_4349,RICE017_FB_2019-05-21_MQ5_4349_length,Calipers to nearest mm,Length,NA,mm,NA,8,NA
RICE017_NB_2019-05-22_MQ1,RICE017_NB_2019-05-22_MQ1_4350,RICE017_NB_2019-05-22_MQ1_4350_length,Calipers to nearest mm,Length,NA,mm,NA,21,NA
RICE017_NB_2019-05-22_MQ1,RICE017_NB_2019-05-22_MQ1_4351,RICE017_NB_2019-05-22_MQ1_4351_length,Calipers to nearest mm,Length,NA,mm,NA,19,NA
RICE017_NB_2019-05-22_MQ1,RICE017_NB_2019-05-22_MQ1_4352,RICE017_NB_2019-05-22_MQ1_4352_length,Calipers to nearest mm,Length,NA,mm,NA,17,NA
RICE017_NB_2019-05-22_MQ1,RICE017_NB_2019-05-22_MQ1_4353,RICE017_NB_2019-05-22_MQ1_4353_length,Calipers to nearest mm,Length,NA,mm,NA,19,NA
RICE017_NB_2019-05-22_MQ1,RICE017_NB_2019-05-22_MQ1_4354,RICE017_NB_2019-05-22_MQ1_4354_length,Calipers to nearest mm,Length,NA,mm,NA,18,NA
RICE017_NB_2019-05-22_MQ1,RICE017_NB_2019-05-22_MQ1_4355,RICE017_NB_2019-05-22_MQ1_4355_length,Calipers to nearest mm,Length,NA,mm,NA,21,NA
RICE017_NB_2019-05-22_MQ1,RICE017_NB_2019-05-22_MQ1_4356,RICE017_NB_2019-05-22_MQ1_4356_length,Calipers to nearest mm,Length,NA,mm,NA,18,NA
RICE017_NB_2019-05-22_MQ1,RICE017_NB_2019-05-22_MQ1_4357,RICE017_NB_2019-05-22_MQ1_4357_length,Calipers to nearest mm,Length,NA,mm,NA,14,NA
RICE017_NB_2019-05-22_MQ1,RICE017_NB_2019-05-22_MQ1_4358,RICE017_NB_2019-05-22_MQ1_4358_length,Calipers to nearest mm,Length,NA,mm,NA,17,NA
RICE017_NB_2019-05-22_MQ1,RICE017_NB_2019-05-22_MQ1_4359,RICE017_NB_2019-05-22_MQ1_4359_length,Calipers to nearest mm,Length,NA,mm,NA,18,NA
RICE017_NB_2019-05-22_MQ2,RICE017_NB_2019-05-22_MQ2_4360,RICE017_NB_2019-05-22_MQ2_4360_length,Calipers to nearest mm,Length,NA,mm,NA,17,NA
RICE017_NB_2019-05-22_MQ2,RICE017_NB_2019-05-22_MQ2_4361,RICE017_NB_2019-05-22_MQ2_4361_length,Calipers to nearest mm,Length,NA,mm,NA,18,NA
RICE017_NB_2019-05-22_MQ2,RICE017_NB_2019-05-22_MQ2_4362,RICE017_NB_2019-05-22_MQ2_4362_length,Calipers to nearest mm,Length,NA,mm,NA,18,NA
RICE017_NB_2019-05-22_MQ2,RICE017_NB_2019-05-22_MQ2_4363,RICE017_NB_2019-05-22_MQ2_4363_length,Calipers to nearest mm,Length,NA,mm,NA,12,NA
RICE017_NB_2019-05-22_MQ2,RICE017_NB_2019-05-22_MQ2_4364,RICE017_NB_2019-05-22_MQ2_4364_length,Calipers to nearest mm,Length,NA,mm,NA,23,NA
RICE017_NB_2019-05-22_MQ2,RICE017_NB_2019-05-22_MQ2_4365,RICE017_NB_2019-05-22_MQ2_4365_length,Calipers to nearest mm,Length,NA,mm,NA,20,NA
RICE017_NB_2019-05-22_MQ2,RICE017_NB_2019-05-22_MQ2_4366,RICE017_NB_2019-05-22_MQ2_4366_length,Calipers to nearest mm,Length,NA,mm,NA,16,NA
RICE017_NB_2019-05-22_MQ2,RICE017_NB_2019-05-22_MQ2_4367,RICE017_NB_2019-05-22_MQ2_4367_length,Calipers to nearest mm,Length,NA,mm,NA,15,NA
RICE017_NB_2019-05-22_MQ2,RICE017_NB_2019-05-22_MQ2_4368,RICE017_NB_2019-05-22_MQ2_4368_length,Calipers to nearest mm,Length,NA,mm,NA,14,NA
RICE017_NB_2019-05-22_MQ2,RICE017_NB_2019-05-22_MQ2_4369,RICE017_NB_2019-05-22_MQ2_4369_length,Calipers to nearest mm,Length,NA,mm,NA,18,NA
RICE017_NB_2019-05-22_MQ2,RICE017_NB_2019-05-22_MQ2_4370,RICE017_NB_2019-05-22_MQ2_4370_length,Calipers to nearest mm,Length,NA,mm,NA,15,NA
RICE017_NB_2019-05-22_MQ3,RICE017_NB_2019-05-22_MQ3_4371,RICE017_NB_2019-05-22_MQ3_4371_length,Calipers to nearest mm,Length,NA,mm,NA,22,NA
RICE017_NB_2019-05-22_MQ3,RICE017_NB_2019-05-22_MQ3_4372,RICE017_NB_2019-05-22_MQ3_4372_length,Calipers to nearest mm,Length,NA,mm,NA,21,NA
RICE017_NB_2019-05-22_MQ4,RICE017_NB_2019-05-22_MQ4_4373,RICE017_NB_2019-05-22_MQ4_4373_length,Calipers to nearest mm,Length,NA,mm,NA,17,NA
RICE017_NB_2019-05-22_MQ5,RICE017_NB_2019-05-22_MQ5_4374,RICE017_NB_2019-05-22_MQ5_4374_length,Calipers to nearest mm,Length,NA,mm,NA,16,NA
RICE017_NB_2019-05-22_MQ5,RICE017_NB_2019-05-22_MQ5_4375,RICE017_NB_2019-05-22_MQ5_4375_length,Calipers to nearest mm,Length,NA,mm,NA,16,NA
RICE017_NB_2019-05-22_MQ5,RICE017_NB_2019-05-22_MQ5_4376,RICE017_NB_2019-05-22_MQ5_4376_length,Calipers to nearest mm,Length,NA,mm,NA,19,NA
RICE017_NB_2019-05-22_MQ5,RICE017_NB_2019-05-22_MQ5_4377,RICE017_NB_2019-05-22_MQ5_4377_length,Calipers to nearest mm,Length,NA,mm,NA,18,NA
RICE017_WB_2019-05-23_FQ3,RICE017_WB_2019-05-23_FQ3_4378,RICE017_WB_2019-05-23_FQ3_4378_length,Calipers to nearest mm,Length,NA,mm,NA,11,NA
RICE017_WB_2019-05-23_FQ3,RICE017_WB_2019-05-23_FQ3_4379,RICE017_WB_2019-05-23_FQ3_4379_length,Calipers to nearest mm,Length,NA,mm,NA,22,NA
RICE017_WB_2019-05-23_FQ3,RICE017_WB_2019-05-23_FQ3_4380,RICE017_WB_2019-05-23_FQ3_4380_length,Calipers to nearest mm,Length,NA,mm,NA,10,NA
RICE017_WB_2019-05-23_FQ3,RICE017_WB_2019-05-23_FQ3_4381,RICE017_WB_2019-05-23_FQ3_4381_length,Calipers to nearest mm,Length,NA,mm,NA,13,NA
RICE017_WB_2019-05-23_FQ3,RICE017_WB_2019-05-23_FQ3_4382,RICE017_WB_2019-05-23_FQ3_4382_length,Calipers to nearest mm,Length,NA,mm,NA,9,NA
RICE017_WB_2019-05-23_FQ3,RICE017_WB_2019-05-23_FQ3_4383,RICE017_WB_2019-05-23_FQ3_4383_length,Calipers to nearest mm,Length,NA,mm,NA,8,NA
RICE017_WB_2019-05-23_FQ4,RICE017_WB_2019-05-23_FQ4_4384,RICE017_WB_2019-05-23_FQ4_4384_length,Calipers to nearest mm,Length,NA,mm,NA,6,NA
RICE017_WB_2019-05-23_FQ4,RICE017_WB_2019-05-23_FQ4_4385,RICE017_WB_2019-05-23_FQ4_4385_length,Calipers to nearest mm,Length,NA,mm,NA,14,NA
RICE017_WB_2019-05-23_FQ5,RICE017_WB_2019-05-23_FQ5_4386,RICE017_WB_2019-05-23_FQ5_4386_length,Calipers to nearest mm,Length,NA,mm,NA,12,NA
RICE017_WB_2019-05-23_MQ1,RICE017_WB_2019-05-23_MQ1_4387,RICE017_WB_2019-05-23_MQ1_4387_length,Calipers to nearest mm,Length,NA,mm,NA,18,NA
RICE017_WB_2019-05-23_MQ1,RICE017_WB_2019-05-23_MQ1_4388,RICE017_WB_2019-05-23_MQ1_4388_length,Calipers to nearest mm,Length,NA,mm,NA,18,NA
RICE017_WB_2019-05-23_MQ1,RICE017_WB_2019-05-23_MQ1_4389,RICE017_WB_2019-05-23_MQ1_4389_length,Calipers to nearest mm,Length,NA,mm,NA,16,NA
RICE017_WB_2019-05-23_MQ1,RICE017_WB_2019-05-23_MQ1_4390,RICE017_WB_2019-05-23_MQ1_4390_length,Calipers to nearest mm,Length,NA,mm,NA,16,NA
RICE017_WB_2019-05-23_MQ1,RICE017_WB_2019-05-23_MQ1_4391,RICE017_WB_2019-05-23_MQ1_4391_length,Calipers to nearest mm,Length,NA,mm,NA,13,NA
RICE017_WB_2019-05-23_MQ1,RICE017_WB_2019-05-23_MQ1_4392,RICE017_WB_2019-05-23_MQ1_4392_length,Calipers to nearest mm,Length,NA,mm,NA,17,NA
RICE017_WB_2019-05-23_MQ1,RICE017_WB_2019-05-23_MQ1_4393,RICE017_WB_2019-05-23_MQ1_4393_length,Calipers to nearest mm,Length,NA,mm,NA,20,NA
RICE017_WB_2019-05-23_MQ1,RICE017_WB_2019-05-23_MQ1_4394,RICE017_WB_2019-05-23_MQ1_4394_length,Calipers to nearest mm,Length,NA,mm,NA,15,NA
RICE017_WB_2019-05-23_MQ1,RICE017_WB_2019-05-23_MQ1_4395,RICE017_WB_2019-05-23_MQ1_4395_length,Calipers to nearest mm,Length,NA,mm,NA,11,NA
RICE017_WB_2019-05-23_MQ2,RICE017_WB_2019-05-23_MQ2_4396,RICE017_WB_2019-05-23_MQ2_4396_length,Calipers to nearest mm,Length,NA,mm,NA,19,NA
RICE017_WB_2019-05-23_MQ2,RICE017_WB_2019-05-23_MQ2_4397,RICE017_WB_2019-05-23_MQ2_4397_length,Calipers to nearest mm,Length,NA,mm,NA,17,NA
RICE017_WB_2019-05-23_MQ2,RICE017_WB_2019-05-23_MQ2_4398,RICE017_WB_2019-05-23_MQ2_4398_length,Calipers to nearest mm,Length,NA,mm,NA,15,NA
RICE017_WB_2019-05-23_MQ2,RICE017_WB_2019-05-23_MQ2_4399,RICE017_WB_2019-05-23_MQ2_4399_length,Calipers to nearest mm,Length,NA,mm,NA,17,NA
RICE017_WB_2019-05-23_MQ2,RICE017_WB_2019-05-23_MQ2_4400,RICE017_WB_2019-05-23_MQ2_4400_length,Calipers to nearest mm,Length,NA,mm,NA,22,NA
RICE017_WB_2019-05-23_MQ2,RICE017_WB_2019-05-23_MQ2_4401,RICE017_WB_2019-05-23_MQ2_4401_length,Calipers to nearest mm,Length,NA,mm,NA,17,NA
RICE017_WB_2019-05-23_MQ2,RICE017_WB_2019-05-23_MQ2_4402,RICE017_WB_2019-05-23_MQ2_4402_length,Calipers to nearest mm,Length,NA,mm,NA,19,NA
RICE017_WB_2019-05-23_MQ2,RICE017_WB_2019-05-23_MQ2_4403,RICE017_WB_2019-05-23_MQ2_4403_length,Calipers to nearest mm,Length,NA,mm,NA,18,NA
RICE017_WB_2019-05-23_MQ2,RICE017_WB_2019-05-23_MQ2_4404,RICE017_WB_2019-05-23_MQ2_4404_length,Calipers to nearest mm,Length,NA,mm,NA,17,NA
RICE017_WB_2019-05-23_MQ2,RICE017_WB_2019-05-23_MQ2_4405,RICE017_WB_2019-05-23_MQ2_4405_length,Calipers to nearest mm,Length,NA,mm,NA,14,NA
RICE017_WB_2019-05-23_MQ3,RICE017_WB_2019-05-23_MQ3_4406,RICE017_WB_2019-05-23_MQ3_4406_length,Calipers to nearest mm,Length,NA,mm,NA,12,NA
RICE017_WB_2019-05-23_MQ3,RICE017_WB_2019-05-23_MQ3_4407,RICE017_WB_2019-05-23_MQ3_4407_length,Calipers to nearest mm,Length,NA,mm,NA,16,NA
RICE017_WB_2019-05-23_MQ3,RICE017_WB_2019-05-23_MQ3_4408,RICE017_WB_2019-05-23_MQ3_4408_length,Calipers to nearest mm,Length,NA,mm,NA,16,NA
RICE017_WB_2019-05-23_MQ3,RICE017_WB_2019-05-23_MQ3_4409,RICE017_WB_2019-05-23_MQ3_4409_length,Calipers to nearest mm,Length,NA,mm,NA,17,NA
RICE017_WB_2019-05-23_MQ3,RICE017_WB_2019-05-23_MQ3_4410,RICE017_WB_2019-05-23_MQ3_4410_length,Calipers to nearest mm,Length,NA,mm,NA,15,NA
RICE017_WB_2019-05-23_MQ3,RICE017_WB_2019-05-23_MQ3_4411,RICE017_WB_2019-05-23_MQ3_4411_length,Calipers to nearest mm,Length,NA,mm,NA,16,NA
RICE017_WB_2019-05-23_MQ3,RICE017_WB_2019-05-23_MQ3_4412,RICE017_WB_2019-05-23_MQ3_4412_length,Calipers to nearest mm,Length,NA,mm,NA,12,NA
RICE017_WB_2019-05-23_MQ3,RICE017_WB_2019-05-23_MQ3_4413,RICE017_WB_2019-05-23_MQ3_4413_length,Calipers to nearest mm,Length,NA,mm,NA,11,NA
RICE017_WB_2019-05-23_MQ3,RICE017_WB_2019-05-23_MQ3_4414,RICE017_WB_2019-05-23_MQ3_4414_length,Calipers to nearest mm,Length,NA,mm,NA,11,NA
RICE017_WB_2019-05-23_MQ3,RICE017_WB_2019-05-23_MQ3_4415,RICE017_WB_2019-05-23_MQ3_4415_length,Calipers to nearest mm,Length,NA,mm,NA,12,NA
RICE017_WB_2019-05-23_MQ4,RICE017_WB_2019-05-23_MQ4_4416,RICE017_WB_2019-05-23_MQ4_4416_length,Calipers to nearest mm,Length,NA,mm,NA,18,NA
RICE017_WB_2019-05-23_MQ4,RICE017_WB_2019-05-23_MQ4_4417,RICE017_WB_2019-05-23_MQ4_4417_length,Calipers to nearest mm,Length,NA,mm,NA,18,NA
RICE017_WB_2019-05-23_MQ4,RICE017_WB_2019-05-23_MQ4_4418,RICE017_WB_2019-05-23_MQ4_4418_length,Calipers to nearest mm,Length,NA,mm,NA,16,NA
RICE017_WB_2019-05-23_MQ4,RICE017_WB_2019-05-23_MQ4_4419,RICE017_WB_2019-05-23_MQ4_4419_length,Calipers to nearest mm,Length,NA,mm,NA,18,NA
RICE017_WB_2019-05-23_MQ4,RICE017_WB_2019-05-23_MQ4_4420,RICE017_WB_2019-05-23_MQ4_4420_length,Calipers to nearest mm,Length,NA,mm,NA,16,NA
RICE017_WB_2019-05-23_MQ4,RICE017_WB_2019-05-23_MQ4_4421,RICE017_WB_2019-05-23_MQ4_4421_length,Calipers to nearest mm,Length,NA,mm,NA,16,NA
RICE017_WB_2019-05-23_MQ4,RICE017_WB_2019-05-23_MQ4_4422,RICE017_WB_2019-05-23_MQ4_4422_length,Calipers to nearest mm,Length,NA,mm,NA,17,NA
RICE017_WB_2019-05-23_MQ4,RICE017_WB_2019-05-23_MQ4_4423,RICE017_WB_2019-05-23_MQ4_4423_length,Calipers to nearest mm,Length,NA,mm,NA,17,NA
RICE017_WB_2019-05-23_MQ4,RICE017_WB_2019-05-23_MQ4_4424,RICE017_WB_2019-05-23_MQ4_4424_length,Calipers to nearest mm,Length,NA,mm,NA,19,NA
RICE017_WB_2019-05-23_MQ4,RICE017_WB_2019-05-23_MQ4_4425,RICE017_WB_2019-05-23_MQ4_4425_length,Calipers to nearest mm,Length,NA,mm,NA,16,NA
RICE017_WB_2019-05-23_MQ5,RICE017_WB_2019-05-23_MQ5_4426,RICE017_WB_2019-05-23_MQ5_4426_length,Calipers to nearest mm,Length,NA,mm,NA,16,NA
RICE017_WB_2019-05-23_MQ5,RICE017_WB_2019-05-23_MQ5_4427,RICE017_WB_2019-05-23_MQ5_4427_length,Calipers to nearest mm,Length,NA,mm,NA,17,NA
RICE017_WB_2019-05-23_MQ5,RICE017_WB_2019-05-23_MQ5_4428,RICE017_WB_2019-05-23_MQ5_4428_length,Calipers to nearest mm,Length,NA,mm,NA,18,NA
RICE017_WB_2019-05-23_MQ5,RICE017_WB_2019-05-23_MQ5_4429,RICE017_WB_2019-05-23_MQ5_4429_length,Calipers to nearest mm,Length,NA,mm,NA,18,NA
RICE017_WB_2019-05-23_MQ5,RICE017_WB_2019-05-23_MQ5_4430,RICE017_WB_2019-05-23_MQ5_4430_length,Calipers to nearest mm,Length,NA,mm,NA,18,NA
RICE017_WB_2019-05-23_MQ5,RICE017_WB_2019-05-23_MQ5_4431,RICE017_WB_2019-05-23_MQ5_4431_length,Calipers to nearest mm,Length,NA,mm,NA,16,NA
RICE017_WB_2019-05-23_MQ5,RICE017_WB_2019-05-23_MQ5_4432,RICE017_WB_2019-05-23_MQ5_4432_length,Calipers to nearest mm,Length,NA,mm,NA,12,NA
RICE018_FB_2019-06-15_BQ1,RICE018_FB_2019-06-15_BQ1_4433,RICE018_FB_2019-06-15_BQ1_4433_length,Calipers to nearest mm,Length,NA,mm,NA,15,NA
RICE018_FB_2019-06-15_BQ1,RICE018_FB_2019-06-15_BQ1_4434,RICE018_FB_2019-06-15_BQ1_4434_length,Calipers to nearest mm,Length,NA,mm,NA,16,NA
RICE018_FB_2019-06-15_BQ1,RICE018_FB_2019-06-15_BQ1_4435,RICE018_FB_2019-06-15_BQ1_4435_length,Calipers to nearest mm,Length,NA,mm,NA,15,NA
RICE018_FB_2019-06-15_BQ1,RICE018_FB_2019-06-15_BQ1_4436,RICE018_FB_2019-06-15_BQ1_4436_length,Calipers to nearest mm,Length,NA,mm,NA,16,NA
RICE018_FB_2019-06-15_BQ1,RICE018_FB_2019-06-15_BQ1_4437,RICE018_FB_2019-06-15_BQ1_4437_length,Calipers to nearest mm,Length,NA,mm,NA,11,NA
RICE018_FB_2019-06-15_BQ1,RICE018_FB_2019-06-15_BQ1_4438,RICE018_FB_2019-06-15_BQ1_4438_length,Calipers to nearest mm,Length,NA,mm,NA,14,NA
RICE018_FB_2019-06-15_BQ1,RICE018_FB_2019-06-15_BQ1_4439,RICE018_FB_2019-06-15_BQ1_4439_length,Calipers to nearest mm,Length,NA,mm,NA,19,NA
RICE018_FB_2019-06-15_BQ1,RICE018_FB_2019-06-15_BQ1_4440,RICE018_FB_2019-06-15_BQ1_4440_length,Calipers to nearest mm,Length,NA,mm,NA,20,NA
RICE018_FB_2019-06-15_BQ1,RICE018_FB_2019-06-15_BQ1_4441,RICE018_FB_2019-06-15_BQ1_4441_length,Calipers to nearest mm,Length,NA,mm,NA,17,NA
RICE018_FB_2019-06-15_BQ1,RICE018_FB_2019-06-15_BQ1_4442,RICE018_FB_2019-06-15_BQ1_4442_length,Calipers to nearest mm,Length,NA,mm,NA,11,NA
RICE018_FB_2019-06-15_BQ1,RICE018_FB_2019-06-15_BQ1_4443,RICE018_FB_2019-06-15_BQ1_4443_length,Calipers to nearest mm,Length,NA,mm,NA,17,NA
RICE018_FB_2019-06-15_BQ1,RICE018_FB_2019-06-15_BQ1_4444,RICE018_FB_2019-06-15_BQ1_4444_length,Calipers to nearest mm,Length,NA,mm,NA,16,NA
RICE018_FB_2019-06-15_BQ1,RICE018_FB_2019-06-15_BQ1_4445,RICE018_FB_2019-06-15_BQ1_4445_length,Calipers to nearest mm,Length,NA,mm,NA,16,NA
RICE018_FB_2019-06-15_BQ1,RICE018_FB_2019-06-15_BQ1_4446,RICE018_FB_2019-06-15_BQ1_4446_length,Calipers to nearest mm,Length,NA,mm,NA,2,NA
RICE018_FB_2019-06-15_BQ1,RICE018_FB_2019-06-15_BQ1_4447,RICE018_FB_2019-06-15_BQ1_4447_length,Calipers to nearest mm,Length,NA,mm,NA,14,NA
RICE018_FB_2019-06-15_BQ1,RICE018_FB_2019-06-15_BQ1_4448,RICE018_FB_2019-06-15_BQ1_4448_length,Calipers to nearest mm,Length,NA,mm,NA,17,NA
RICE018_FB_2019-06-15_BQ1,RICE018_FB_2019-06-15_BQ1_4449,RICE018_FB_2019-06-15_BQ1_4449_length,Calipers to nearest mm,Length,NA,mm,NA,16,NA
RICE018_FB_2019-06-15_BQ1,RICE018_FB_2019-06-15_BQ1_4450,RICE018_FB_2019-06-15_BQ1_4450_length,Calipers to nearest mm,Length,NA,mm,NA,19,NA
RICE018_FB_2019-06-15_BQ1,RICE018_FB_2019-06-15_BQ1_4451,RICE018_FB_2019-06-15_BQ1_4451_length,Calipers to nearest mm,Length,NA,mm,NA,10,NA
RICE018_FB_2019-06-15_BQ1,RICE018_FB_2019-06-15_BQ1_4452,RICE018_FB_2019-06-15_BQ1_4452_length,Calipers to nearest mm,Length,NA,mm,NA,14,NA
RICE018_FB_2019-06-15_BQ3,RICE018_FB_2019-06-15_BQ3_4453,RICE018_FB_2019-06-15_BQ3_4453_length,Calipers to nearest mm,Length,NA,mm,NA,14,NA
RICE018_FB_2019-06-15_BQ3,RICE018_FB_2019-06-15_BQ3_4454,RICE018_FB_2019-06-15_BQ3_4454_length,Calipers to nearest mm,Length,NA,mm,NA,17,NA
RICE018_FB_2019-06-15_BQ3,RICE018_FB_2019-06-15_BQ3_4455,RICE018_FB_2019-06-15_BQ3_4455_length,Calipers to nearest mm,Length,NA,mm,NA,15,NA
RICE018_FB_2019-06-15_BQ3,RICE018_FB_2019-06-15_BQ3_4456,RICE018_FB_2019-06-15_BQ3_4456_length,Calipers to nearest mm,Length,NA,mm,NA,16,NA
RICE018_FB_2019-06-15_BQ3,RICE018_FB_2019-06-15_BQ3_4457,RICE018_FB_2019-06-15_BQ3_4457_length,Calipers to nearest mm,Length,NA,mm,NA,14,NA
RICE018_FB_2019-06-15_BQ3,RICE018_FB_2019-06-15_BQ3_4458,RICE018_FB_2019-06-15_BQ3_4458_length,Calipers to nearest mm,Length,NA,mm,NA,12,NA
RICE018_FB_2019-06-15_BQ3,RICE018_FB_2019-06-15_BQ3_4459,RICE018_FB_2019-06-15_BQ3_4459_length,Calipers to nearest mm,Length,NA,mm,NA,15,NA
RICE018_FB_2019-06-15_BQ3,RICE018_FB_2019-06-15_BQ3_4460,RICE018_FB_2019-06-15_BQ3_4460_length,Calipers to nearest mm,Length,NA,mm,NA,12,NA
RICE018_FB_2019-06-15_BQ3,RICE018_FB_2019-06-15_BQ3_4461,RICE018_FB_2019-06-15_BQ3_4461_length,Calipers to nearest mm,Length,NA,mm,NA,13,NA
RICE018_FB_2019-06-15_BQ3,RICE018_FB_2019-06-15_BQ3_4462,RICE018_FB_2019-06-15_BQ3_4462_length,Calipers to nearest mm,Length,NA,mm,NA,16,NA
RICE018_FB_2019-06-15_BQ3,RICE018_FB_2019-06-15_BQ3_4463,RICE018_FB_2019-06-15_BQ3_4463_length,Calipers to nearest mm,Length,NA,mm,NA,15,NA
RICE018_FB_2019-06-15_BQ3,RICE018_FB_2019-06-15_BQ3_4464,RICE018_FB_2019-06-15_BQ3_4464_length,Calipers to nearest mm,Length,NA,mm,NA,16,NA
RICE018_FB_2019-06-15_BQ4,RICE018_FB_2019-06-15_BQ4_4465,RICE018_FB_2019-06-15_BQ4_4465_length,Calipers to nearest mm,Length,NA,mm,NA,14,NA
RICE018_FB_2019-06-15_BQ4,RICE018_FB_2019-06-15_BQ4_4466,RICE018_FB_2019-06-15_BQ4_4466_length,Calipers to nearest mm,Length,NA,mm,NA,15,NA
RICE018_FB_2019-06-15_BQ4,RICE018_FB_2019-06-15_BQ4_4467,RICE018_FB_2019-06-15_BQ4_4467_length,Calipers to nearest mm,Length,NA,mm,NA,15,NA
RICE018_FB_2019-06-15_BQ4,RICE018_FB_2019-06-15_BQ4_4468,RICE018_FB_2019-06-15_BQ4_4468_length,Calipers to nearest mm,Length,NA,mm,NA,12,NA
RICE018_FB_2019-06-15_BQ4,RICE018_FB_2019-06-15_BQ4_4469,RICE018_FB_2019-06-15_BQ4_4469_length,Calipers to nearest mm,Length,NA,mm,NA,13,NA
RICE018_FB_2019-06-15_BQ4,RICE018_FB_2019-06-15_BQ4_4470,RICE018_FB_2019-06-15_BQ4_4470_length,Calipers to nearest mm,Length,NA,mm,NA,15,NA
RICE018_FB_2019-06-15_BQ4,RICE018_FB_2019-06-15_BQ4_4471,RICE018_FB_2019-06-15_BQ4_4471_length,Calipers to nearest mm,Length,NA,mm,NA,5,NA
RICE018_FB_2019-06-15_BQ4,RICE018_FB_2019-06-15_BQ4_4472,RICE018_FB_2019-06-15_BQ4_4472_length,Calipers to nearest mm,Length,NA,mm,NA,12,NA
RICE018_FB_2019-06-15_BQ4,RICE018_FB_2019-06-15_BQ4_4473,RICE018_FB_2019-06-15_BQ4_4473_length,Calipers to nearest mm,Length,NA,mm,NA,15,NA
RICE018_FB_2019-06-15_BQ4,RICE018_FB_2019-06-15_BQ4_4474,RICE018_FB_2019-06-15_BQ4_4474_length,Calipers to nearest mm,Length,NA,mm,NA,11,NA
RICE018_FB_2019-06-15_BQ4,RICE018_FB_2019-06-15_BQ4_4475,RICE018_FB_2019-06-15_BQ4_4475_length,Calipers to nearest mm,Length,NA,mm,NA,9,NA
RICE018_FB_2019-06-15_BQ4,RICE018_FB_2019-06-15_BQ4_4476,RICE018_FB_2019-06-15_BQ4_4476_length,Calipers to nearest mm,Length,NA,mm,NA,15,NA
RICE018_FB_2019-06-15_BQ5,RICE018_FB_2019-06-15_BQ5_4477,RICE018_FB_2019-06-15_BQ5_4477_length,Calipers to nearest mm,Length,NA,mm,NA,5,NA
RICE018_FB_2019-06-15_BQ5,RICE018_FB_2019-06-15_BQ5_4478,RICE018_FB_2019-06-15_BQ5_4478_length,Calipers to nearest mm,Length,NA,mm,NA,15,NA
RICE018_FB_2019-06-15_BQ5,RICE018_FB_2019-06-15_BQ5_4479,RICE018_FB_2019-06-15_BQ5_4479_length,Calipers to nearest mm,Length,NA,mm,NA,15,NA
RICE018_FB_2019-06-15_BQ5,RICE018_FB_2019-06-15_BQ5_4480,RICE018_FB_2019-06-15_BQ5_4480_length,Calipers to nearest mm,Length,NA,mm,NA,15,NA
RICE018_FB_2019-06-15_BQ5,RICE018_FB_2019-06-15_BQ5_4481,RICE018_FB_2019-06-15_BQ5_4481_length,Calipers to nearest mm,Length,NA,mm,NA,15,NA
RICE018_FB_2019-06-15_BQ5,RICE018_FB_2019-06-15_BQ5_4482,RICE018_FB_2019-06-15_BQ5_4482_length,Calipers to nearest mm,Length,NA,mm,NA,15,NA
RICE018_FB_2019-06-15_BQ5,RICE018_FB_2019-06-15_BQ5_4483,RICE018_FB_2019-06-15_BQ5_4483_length,Calipers to nearest mm,Length,NA,mm,NA,6,NA
RICE018_FB_2019-06-15_BQ5,RICE018_FB_2019-06-15_BQ5_4484,RICE018_FB_2019-06-15_BQ5_4484_length,Calipers to nearest mm,Length,NA,mm,NA,7,NA
RICE018_FB_2019-06-15_BQ5,RICE018_FB_2019-06-15_BQ5_4485,RICE018_FB_2019-06-15_BQ5_4485_length,Calipers to nearest mm,Length,NA,mm,NA,10,NA
RICE018_FB_2019-06-15_BQ5,RICE018_FB_2019-06-15_BQ5_4486,RICE018_FB_2019-06-15_BQ5_4486_length,Calipers to nearest mm,Length,NA,mm,NA,7,NA
RICE018_FB_2019-06-15_BQ5,RICE018_FB_2019-06-15_BQ5_4487,RICE018_FB_2019-06-15_BQ5_4487_length,Calipers to nearest mm,Length,NA,mm,NA,19,NA
RICE018_FB_2019-06-15_BQ5,RICE018_FB_2019-06-15_BQ5_4488,RICE018_FB_2019-06-15_BQ5_4488_length,Calipers to nearest mm,Length,NA,mm,NA,33,NA
RICE018_FB_2019-06-15_BQ5,RICE018_FB_2019-06-15_BQ5_4489,RICE018_FB_2019-06-15_BQ5_4489_length,Calipers to nearest mm,Length,NA,mm,NA,23,NA
RICE018_FB_2019-06-15_BQ5,RICE018_FB_2019-06-15_BQ5_4490,RICE018_FB_2019-06-15_BQ5_4490_length,Calipers to nearest mm,Length,NA,mm,NA,22,NA
RICE018_FB_2019-06-15_FQ1,RICE018_FB_2019-06-15_FQ1_4491,RICE018_FB_2019-06-15_FQ1_4491_length,Calipers to nearest mm,Length,NA,mm,NA,26,NA
RICE018_FB_2019-06-15_FQ1,RICE018_FB_2019-06-15_FQ1_4492,RICE018_FB_2019-06-15_FQ1_4492_length,Calipers to nearest mm,Length,NA,mm,NA,21,NA
RICE018_FB_2019-06-15_FQ2,RICE018_FB_2019-06-15_FQ2_4493,RICE018_FB_2019-06-15_FQ2_4493_length,Calipers to nearest mm,Length,NA,mm,NA,24,NA
RICE018_FB_2019-06-15_FQ2,RICE018_FB_2019-06-15_FQ2_4494,RICE018_FB_2019-06-15_FQ2_4494_length,Calipers to nearest mm,Length,NA,mm,NA,24,NA
RICE018_FB_2019-06-15_FQ2,RICE018_FB_2019-06-15_FQ2_4495,RICE018_FB_2019-06-15_FQ2_4495_length,Calipers to nearest mm,Length,NA,mm,NA,23,NA
RICE018_FB_2019-06-15_FQ2,RICE018_FB_2019-06-15_FQ2_4496,RICE018_FB_2019-06-15_FQ2_4496_length,Calipers to nearest mm,Length,NA,mm,NA,20,NA
RICE018_FB_2019-06-15_FQ3,RICE018_FB_2019-06-15_FQ3_4497,RICE018_FB_2019-06-15_FQ3_4497_length,Calipers to nearest mm,Length,NA,mm,NA,23,NA
RICE018_FB_2019-06-15_FQ3,RICE018_FB_2019-06-15_FQ3_4498,RICE018_FB_2019-06-15_FQ3_4498_length,Calipers to nearest mm,Length,NA,mm,NA,27,NA
RICE018_FB_2019-06-15_FQ3,RICE018_FB_2019-06-15_FQ3_4499,RICE018_FB_2019-06-15_FQ3_4499_length,Calipers to nearest mm,Length,NA,mm,NA,23,NA
RICE018_FB_2019-06-15_FQ3,RICE018_FB_2019-06-15_FQ3_4500,RICE018_FB_2019-06-15_FQ3_4500_length,Calipers to nearest mm,Length,NA,mm,NA,21,NA
RICE018_FB_2019-06-15_FQ3,RICE018_FB_2019-06-15_FQ3_4501,RICE018_FB_2019-06-15_FQ3_4501_length,Calipers to nearest mm,Length,NA,mm,NA,15,NA
RICE018_FB_2019-06-15_FQ4,RICE018_FB_2019-06-15_FQ4_4502,RICE018_FB_2019-06-15_FQ4_4502_length,Calipers to nearest mm,Length,NA,mm,NA,24,NA
RICE018_FB_2019-06-15_FQ4,RICE018_FB_2019-06-15_FQ4_4503,RICE018_FB_2019-06-15_FQ4_4503_length,Calipers to nearest mm,Length,NA,mm,NA,21,NA
RICE018_FB_2019-06-15_FQ4,RICE018_FB_2019-06-15_FQ4_4504,RICE018_FB_2019-06-15_FQ4_4504_length,Calipers to nearest mm,Length,NA,mm,NA,23,NA
RICE018_FB_2019-06-15_FQ4,RICE018_FB_2019-06-15_FQ4_4505,RICE018_FB_2019-06-15_FQ4_4505_length,Calipers to nearest mm,Length,NA,mm,NA,25,NA
RICE018_FB_2019-06-15_FQ4,RICE018_FB_2019-06-15_FQ4_4506,RICE018_FB_2019-06-15_FQ4_4506_length,Calipers to nearest mm,Length,NA,mm,NA,26,NA
RICE018_FB_2019-06-15_FQ4,RICE018_FB_2019-06-15_FQ4_4507,RICE018_FB_2019-06-15_FQ4_4507_length,Calipers to nearest mm,Length,NA,mm,NA,28,NA
RICE018_FB_2019-06-15_FQ4,RICE018_FB_2019-06-15_FQ4_4508,RICE018_FB_2019-06-15_FQ4_4508_length,Calipers to nearest mm,Length,NA,mm,NA,25,NA
RICE018_FB_2019-06-15_FQ4,RICE018_FB_2019-06-15_FQ4_4509,RICE018_FB_2019-06-15_FQ4_4509_length,Calipers to nearest mm,Length,NA,mm,NA,24,NA
RICE018_FB_2019-06-15_FQ4,RICE018_FB_2019-06-15_FQ4_4510,RICE018_FB_2019-06-15_FQ4_4510_length,Calipers to nearest mm,Length,NA,mm,NA,24,NA
RICE018_FB_2019-06-15_FQ4,RICE018_FB_2019-06-15_FQ4_4511,RICE018_FB_2019-06-15_FQ4_4511_length,Calipers to nearest mm,Length,NA,mm,NA,20,NA
RICE018_FB_2019-06-15_FQ5,RICE018_FB_2019-06-15_FQ5_4512,RICE018_FB_2019-06-15_FQ5_4512_length,Calipers to nearest mm,Length,NA,mm,NA,27,NA
RICE018_FB_2019-06-15_FQ5,RICE018_FB_2019-06-15_FQ5_4513,RICE018_FB_2019-06-15_FQ5_4513_length,Calipers to nearest mm,Length,NA,mm,NA,25,NA
RICE018_FB_2019-06-15_FQ5,RICE018_FB_2019-06-15_FQ5_4514,RICE018_FB_2019-06-15_FQ5_4514_length,Calipers to nearest mm,Length,NA,mm,NA,26,NA
RICE018_FB_2019-06-15_FQ5,RICE018_FB_2019-06-15_FQ5_4515,RICE018_FB_2019-06-15_FQ5_4515_length,Calipers to nearest mm,Length,NA,mm,NA,28,NA
RICE018_FB_2019-06-15_FQ5,RICE018_FB_2019-06-15_FQ5_4516,RICE018_FB_2019-06-15_FQ5_4516_length,Calipers to nearest mm,Length,NA,mm,NA,26,NA
RICE018_FB_2019-06-15_FQ5,RICE018_FB_2019-06-15_FQ5_4517,RICE018_FB_2019-06-15_FQ5_4517_length,Calipers to nearest mm,Length,NA,mm,NA,22,NA
RICE018_FB_2019-06-15_FQ5,RICE018_FB_2019-06-15_FQ5_4518,RICE018_FB_2019-06-15_FQ5_4518_length,Calipers to nearest mm,Length,NA,mm,NA,22,NA
RICE018_FB_2019-06-15_FQ5,RICE018_FB_2019-06-15_FQ5_4519,RICE018_FB_2019-06-15_FQ5_4519_length,Calipers to nearest mm,Length,NA,mm,NA,25,NA
RICE018_FB_2019-06-15_FQ5,RICE018_FB_2019-06-15_FQ5_4520,RICE018_FB_2019-06-15_FQ5_4520_length,Calipers to nearest mm,Length,NA,mm,NA,24,NA
RICE018_FB_2019-06-15_FQ5,RICE018_FB_2019-06-15_FQ5_4521,RICE018_FB_2019-06-15_FQ5_4521_length,Calipers to nearest mm,Length,NA,mm,NA,22,NA
RICE018_FB_2019-06-15_MQ1,RICE018_FB_2019-06-15_MQ1_4522,RICE018_FB_2019-06-15_MQ1_4522_length,Calipers to nearest mm,Length,NA,mm,NA,17,NA
RICE018_FB_2019-06-15_MQ1,RICE018_FB_2019-06-15_MQ1_4523,RICE018_FB_2019-06-15_MQ1_4523_length,Calipers to nearest mm,Length,NA,mm,NA,20,NA
RICE018_FB_2019-06-15_MQ1,RICE018_FB_2019-06-15_MQ1_4524,RICE018_FB_2019-06-15_MQ1_4524_length,Calipers to nearest mm,Length,NA,mm,NA,15,NA
RICE018_FB_2019-06-15_MQ1,RICE018_FB_2019-06-15_MQ1_4525,RICE018_FB_2019-06-15_MQ1_4525_length,Calipers to nearest mm,Length,NA,mm,NA,17,NA
RICE018_FB_2019-06-15_MQ1,RICE018_FB_2019-06-15_MQ1_4526,RICE018_FB_2019-06-15_MQ1_4526_length,Calipers to nearest mm,Length,NA,mm,NA,15,NA
RICE018_FB_2019-06-15_MQ1,RICE018_FB_2019-06-15_MQ1_4527,RICE018_FB_2019-06-15_MQ1_4527_length,Calipers to nearest mm,Length,NA,mm,NA,15,NA
RICE018_FB_2019-06-15_MQ1,RICE018_FB_2019-06-15_MQ1_4528,RICE018_FB_2019-06-15_MQ1_4528_length,Calipers to nearest mm,Length,NA,mm,NA,10,NA
RICE018_FB_2019-06-15_MQ1,RICE018_FB_2019-06-15_MQ1_4529,RICE018_FB_2019-06-15_MQ1_4529_length,Calipers to nearest mm,Length,NA,mm,NA,14,NA
RICE018_FB_2019-06-15_MQ1,RICE018_FB_2019-06-15_MQ1_4530,RICE018_FB_2019-06-15_MQ1_4530_length,Calipers to nearest mm,Length,NA,mm,NA,15,NA
RICE018_FB_2019-06-15_MQ1,RICE018_FB_2019-06-15_MQ1_4531,RICE018_FB_2019-06-15_MQ1_4531_length,Calipers to nearest mm,Length,NA,mm,NA,7,NA
RICE018_FB_2019-06-15_MQ1,RICE018_FB_2019-06-15_MQ1_4532,RICE018_FB_2019-06-15_MQ1_4532_length,Calipers to nearest mm,Length,NA,mm,NA,8,NA
RICE018_FB_2019-06-15_MQ1,RICE018_FB_2019-06-15_MQ1_4533,RICE018_FB_2019-06-15_MQ1_4533_length,Calipers to nearest mm,Length,NA,mm,NA,8,NA
RICE018_FB_2019-06-15_MQ1,RICE018_FB_2019-06-15_MQ1_4534,RICE018_FB_2019-06-15_MQ1_4534_length,Calipers to nearest mm,Length,NA,mm,NA,9,NA
RICE018_FB_2019-06-15_MQ1,RICE018_FB_2019-06-15_MQ1_4535,RICE018_FB_2019-06-15_MQ1_4535_length,Calipers to nearest mm,Length,NA,mm,NA,10,NA
RICE018_FB_2019-06-15_MQ1,RICE018_FB_2019-06-15_MQ1_4536,RICE018_FB_2019-06-15_MQ1_4536_length,Calipers to nearest mm,Length,NA,mm,NA,10,NA
RICE018_FB_2019-06-15_MQ1,RICE018_FB_2019-06-15_MQ1_4537,RICE018_FB_2019-06-15_MQ1_4537_length,Calipers to nearest mm,Length,NA,mm,NA,10,NA
RICE018_FB_2019-06-15_MQ1,RICE018_FB_2019-06-15_MQ1_4538,RICE018_FB_2019-06-15_MQ1_4538_length,Calipers to nearest mm,Length,NA,mm,NA,10,NA
RICE018_FB_2019-06-15_MQ1,RICE018_FB_2019-06-15_MQ1_4539,RICE018_FB_2019-06-15_MQ1_4539_length,Calipers to nearest mm,Length,NA,mm,NA,11,NA
RICE018_FB_2019-06-15_MQ1,RICE018_FB_2019-06-15_MQ1_4540,RICE018_FB_2019-06-15_MQ1_4540_length,Calipers to nearest mm,Length,NA,mm,NA,11,NA
RICE018_FB_2019-06-15_MQ2,RICE018_FB_2019-06-15_MQ2_4541,RICE018_FB_2019-06-15_MQ2_4541_length,Calipers to nearest mm,Length,NA,mm,NA,14,NA
RICE018_FB_2019-06-15_MQ2,RICE018_FB_2019-06-15_MQ2_4542,RICE018_FB_2019-06-15_MQ2_4542_length,Calipers to nearest mm,Length,NA,mm,NA,16,NA
RICE018_FB_2019-06-15_MQ2,RICE018_FB_2019-06-15_MQ2_4543,RICE018_FB_2019-06-15_MQ2_4543_length,Calipers to nearest mm,Length,NA,mm,NA,15,NA
RICE018_FB_2019-06-15_MQ2,RICE018_FB_2019-06-15_MQ2_4544,RICE018_FB_2019-06-15_MQ2_4544_length,Calipers to nearest mm,Length,NA,mm,NA,16,NA
RICE018_FB_2019-06-15_MQ3,RICE018_FB_2019-06-15_MQ3_4545,RICE018_FB_2019-06-15_MQ3_4545_length,Calipers to nearest mm,Length,NA,mm,NA,9,NA
RICE018_FB_2019-06-15_MQ3,RICE018_FB_2019-06-15_MQ3_4546,RICE018_FB_2019-06-15_MQ3_4546_length,Calipers to nearest mm,Length,NA,mm,NA,12,NA
RICE018_FB_2019-06-15_MQ3,RICE018_FB_2019-06-15_MQ3_4547,RICE018_FB_2019-06-15_MQ3_4547_length,Calipers to nearest mm,Length,NA,mm,NA,13,NA
RICE018_FB_2019-06-15_MQ3,RICE018_FB_2019-06-15_MQ3_4548,RICE018_FB_2019-06-15_MQ3_4548_length,Calipers to nearest mm,Length,NA,mm,NA,14,NA
RICE018_FB_2019-06-15_MQ3,RICE018_FB_2019-06-15_MQ3_4549,RICE018_FB_2019-06-15_MQ3_4549_length,Calipers to nearest mm,Length,NA,mm,NA,6,NA
RICE018_FB_2019-06-15_MQ3,RICE018_FB_2019-06-15_MQ3_4550,RICE018_FB_2019-06-15_MQ3_4550_length,Calipers to nearest mm,Length,NA,mm,NA,14,NA
RICE018_FB_2019-06-15_MQ3,RICE018_FB_2019-06-15_MQ3_4551,RICE018_FB_2019-06-15_MQ3_4551_length,Calipers to nearest mm,Length,NA,mm,NA,16,NA
RICE018_FB_2019-06-15_MQ3,RICE018_FB_2019-06-15_MQ3_4552,RICE018_FB_2019-06-15_MQ3_4552_length,Calipers to nearest mm,Length,NA,mm,NA,6,NA
RICE018_FB_2019-06-15_MQ3,RICE018_FB_2019-06-15_MQ3_4553,RICE018_FB_2019-06-15_MQ3_4553_length,Calipers to nearest mm,Length,NA,mm,NA,9,NA
RICE018_FB_2019-06-15_MQ3,RICE018_FB_2019-06-15_MQ3_4554,RICE018_FB_2019-06-15_MQ3_4554_length,Calipers to nearest mm,Length,NA,mm,NA,5,NA
RICE018_FB_2019-06-15_MQ3,RICE018_FB_2019-06-15_MQ3_4555,RICE018_FB_2019-06-15_MQ3_4555_length,Calipers to nearest mm,Length,NA,mm,NA,6,NA
RICE018_FB_2019-06-15_MQ3,RICE018_FB_2019-06-15_MQ3_4556,RICE018_FB_2019-06-15_MQ3_4556_length,Calipers to nearest mm,Length,NA,mm,NA,4,NA
RICE018_FB_2019-06-15_MQ3,RICE018_FB_2019-06-15_MQ3_4557,RICE018_FB_2019-06-15_MQ3_4557_length,Calipers to nearest mm,Length,NA,mm,NA,7,NA
RICE018_FB_2019-06-15_MQ4,RICE018_FB_2019-06-15_MQ4_4558,RICE018_FB_2019-06-15_MQ4_4558_length,Calipers to nearest mm,Length,NA,mm,NA,13,NA
RICE018_FB_2019-06-15_MQ5,RICE018_FB_2019-06-15_MQ5_4559,RICE018_FB_2019-06-15_MQ5_4559_length,Calipers to nearest mm,Length,NA,mm,NA,14,NA
RICE018_FB_2019-06-15_MQ5,RICE018_FB_2019-06-15_MQ5_4560,RICE018_FB_2019-06-15_MQ5_4560_length,Calipers to nearest mm,Length,NA,mm,NA,16,NA
RICE018_WB_2019-06-16_BQ3,RICE018_WB_2019-06-16_BQ3_4561,RICE018_WB_2019-06-16_BQ3_4561_length,Calipers to nearest mm,Length,NA,mm,NA,5,NA
RICE018_WB_2019-06-16_BQ4,RICE018_WB_2019-06-16_BQ4_4562,RICE018_WB_2019-06-16_BQ4_4562_length,Calipers to nearest mm,Length,NA,mm,NA,10,NA
RICE018_WB_2019-06-16_BQ5,RICE018_WB_2019-06-16_BQ5_4563,RICE018_WB_2019-06-16_BQ5_4563_length,Calipers to nearest mm,Length,NA,mm,NA,9,NA
RICE018_WB_2019-06-16_BQ5,RICE018_WB_2019-06-16_BQ5_4564,RICE018_WB_2019-06-16_BQ5_4564_length,Calipers to nearest mm,Length,NA,mm,NA,4,NA
RICE018_WB_2019-06-16_BQ5,RICE018_WB_2019-06-16_BQ5_4565,RICE018_WB_2019-06-16_BQ5_4565_length,Calipers to nearest mm,Length,NA,mm,NA,9,NA
RICE018_WB_2019-06-16_BQ5,RICE018_WB_2019-06-16_BQ5_4566,RICE018_WB_2019-06-16_BQ5_4566_length,Calipers to nearest mm,Length,NA,mm,NA,9,NA
RICE018_WB_2019-06-16_BQ5,RICE018_WB_2019-06-16_BQ5_4567,RICE018_WB_2019-06-16_BQ5_4567_length,Calipers to nearest mm,Length,NA,mm,NA,10,NA
RICE018_WB_2019-06-16_FQ3,RICE018_WB_2019-06-16_FQ3_4568,RICE018_WB_2019-06-16_FQ3_4568_length,Calipers to nearest mm,Length,NA,mm,NA,17,NA
RICE018_WB_2019-06-16_FQ3,RICE018_WB_2019-06-16_FQ3_4569,RICE018_WB_2019-06-16_FQ3_4569_length,Calipers to nearest mm,Length,NA,mm,NA,17,NA
RICE018_WB_2019-06-16_FQ3,RICE018_WB_2019-06-16_FQ3_4570,RICE018_WB_2019-06-16_FQ3_4570_length,Calipers to nearest mm,Length,NA,mm,NA,10,NA
RICE018_WB_2019-06-16_FQ3,RICE018_WB_2019-06-16_FQ3_4571,RICE018_WB_2019-06-16_FQ3_4571_length,Calipers to nearest mm,Length,NA,mm,NA,18,NA
RICE018_WB_2019-06-16_FQ3,RICE018_WB_2019-06-16_FQ3_4572,RICE018_WB_2019-06-16_FQ3_4572_length,Calipers to nearest mm,Length,NA,mm,NA,16,NA
RICE018_WB_2019-06-16_FQ3,RICE018_WB_2019-06-16_FQ3_4573,RICE018_WB_2019-06-16_FQ3_4573_length,Calipers to nearest mm,Length,NA,mm,NA,12,NA
RICE018_WB_2019-06-16_FQ3,RICE018_WB_2019-06-16_FQ3_4574,RICE018_WB_2019-06-16_FQ3_4574_length,Calipers to nearest mm,Length,NA,mm,NA,15,NA
RICE018_WB_2019-06-16_FQ3,RICE018_WB_2019-06-16_FQ3_4575,RICE018_WB_2019-06-16_FQ3_4575_length,Calipers to nearest mm,Length,NA,mm,NA,11,NA
RICE018_WB_2019-06-16_FQ3,RICE018_WB_2019-06-16_FQ3_4576,RICE018_WB_2019-06-16_FQ3_4576_length,Calipers to nearest mm,Length,NA,mm,NA,19,NA
RICE018_WB_2019-06-16_FQ3,RICE018_WB_2019-06-16_FQ3_4577,RICE018_WB_2019-06-16_FQ3_4577_length,Calipers to nearest mm,Length,NA,mm,NA,12,NA
RICE018_WB_2019-06-16_FQ3,RICE018_WB_2019-06-16_FQ3_4578,RICE018_WB_2019-06-16_FQ3_4578_length,Calipers to nearest mm,Length,NA,mm,NA,16,NA
RICE018_WB_2019-06-16_FQ4,RICE018_WB_2019-06-16_FQ4_4579,RICE018_WB_2019-06-16_FQ4_4579_length,Calipers to nearest mm,Length,NA,mm,NA,19,NA
RICE018_WB_2019-06-16_FQ4,RICE018_WB_2019-06-16_FQ4_4580,RICE018_WB_2019-06-16_FQ4_4580_length,Calipers to nearest mm,Length,NA,mm,NA,70,NA
RICE018_WB_2019-06-16_MQ1,RICE018_WB_2019-06-16_MQ1_4581,RICE018_WB_2019-06-16_MQ1_4581_length,Calipers to nearest mm,Length,NA,mm,NA,17,NA
RICE018_WB_2019-06-16_MQ1,RICE018_WB_2019-06-16_MQ1_4582,RICE018_WB_2019-06-16_MQ1_4582_length,Calipers to nearest mm,Length,NA,mm,NA,16,NA
RICE018_WB_2019-06-16_MQ1,RICE018_WB_2019-06-16_MQ1_4583,RICE018_WB_2019-06-16_MQ1_4583_length,Calipers to nearest mm,Length,NA,mm,NA,15,NA
RICE018_WB_2019-06-16_MQ1,RICE018_WB_2019-06-16_MQ1_4584,RICE018_WB_2019-06-16_MQ1_4584_length,Calipers to nearest mm,Length,NA,mm,NA,18,NA
RICE018_WB_2019-06-16_MQ1,RICE018_WB_2019-06-16_MQ1_4585,RICE018_WB_2019-06-16_MQ1_4585_length,Calipers to nearest mm,Length,NA,mm,NA,17,NA
RICE018_WB_2019-06-16_MQ1,RICE018_WB_2019-06-16_MQ1_4586,RICE018_WB_2019-06-16_MQ1_4586_length,Calipers to nearest mm,Length,NA,mm,NA,17,NA
RICE018_WB_2019-06-16_MQ1,RICE018_WB_2019-06-16_MQ1_4587,RICE018_WB_2019-06-16_MQ1_4587_length,Calipers to nearest mm,Length,NA,mm,NA,15,NA
RICE018_WB_2019-06-16_MQ1,RICE018_WB_2019-06-16_MQ1_4588,RICE018_WB_2019-06-16_MQ1_4588_length,Calipers to nearest mm,Length,NA,mm,NA,18,NA
RICE018_WB_2019-06-16_MQ1,RICE018_WB_2019-06-16_MQ1_4589,RICE018_WB_2019-06-16_MQ1_4589_length,Calipers to nearest mm,Length,NA,mm,NA,17,NA
RICE018_WB_2019-06-16_MQ1,RICE018_WB_2019-06-16_MQ1_4590,RICE018_WB_2019-06-16_MQ1_4590_length,Calipers to nearest mm,Length,NA,mm,NA,16,NA
RICE018_WB_2019-06-16_MQ1,RICE018_WB_2019-06-16_MQ1_4591,RICE018_WB_2019-06-16_MQ1_4591_length,Calipers to nearest mm,Length,NA,mm,NA,10,NA
RICE018_WB_2019-06-16_MQ1,RICE018_WB_2019-06-16_MQ1_4592,RICE018_WB_2019-06-16_MQ1_4592_length,Calipers to nearest mm,Length,NA,mm,NA,11,NA
RICE018_WB_2019-06-16_MQ1,RICE018_WB_2019-06-16_MQ1_4593,RICE018_WB_2019-06-16_MQ1_4593_length,Calipers to nearest mm,Length,NA,mm,NA,11,NA
RICE018_WB_2019-06-16_MQ2,RICE018_WB_2019-06-16_MQ2_4594,RICE018_WB_2019-06-16_MQ2_4594_length,Calipers to nearest mm,Length,NA,mm,NA,9,NA
RICE018_WB_2019-06-16_MQ2,RICE018_WB_2019-06-16_MQ2_4595,RICE018_WB_2019-06-16_MQ2_4595_length,Calipers to nearest mm,Length,NA,mm,NA,22,NA
RICE018_WB_2019-06-16_MQ2,RICE018_WB_2019-06-16_MQ2_4596,RICE018_WB_2019-06-16_MQ2_4596_length,Calipers to nearest mm,Length,NA,mm,NA,16,NA
RICE018_WB_2019-06-16_MQ2,RICE018_WB_2019-06-16_MQ2_4597,RICE018_WB_2019-06-16_MQ2_4597_length,Calipers to nearest mm,Length,NA,mm,NA,19,NA
RICE018_WB_2019-06-16_MQ2,RICE018_WB_2019-06-16_MQ2_4598,RICE018_WB_2019-06-16_MQ2_4598_length,Calipers to nearest mm,Length,NA,mm,NA,11,NA
RICE018_WB_2019-06-16_MQ2,RICE018_WB_2019-06-16_MQ2_4599,RICE018_WB_2019-06-16_MQ2_4599_length,Calipers to nearest mm,Length,NA,mm,NA,18,NA
RICE018_WB_2019-06-16_MQ2,RICE018_WB_2019-06-16_MQ2_4600,RICE018_WB_2019-06-16_MQ2_4600_length,Calipers to nearest mm,Length,NA,mm,NA,16,NA
RICE018_WB_2019-06-16_MQ3,RICE018_WB_2019-06-16_MQ3_4601,RICE018_WB_2019-06-16_MQ3_4601_length,Calipers to nearest mm,Length,NA,mm,NA,11,NA
RICE018_WB_2019-06-16_MQ3,RICE018_WB_2019-06-16_MQ3_4602,RICE018_WB_2019-06-16_MQ3_4602_length,Calipers to nearest mm,Length,NA,mm,NA,15,NA
RICE018_WB_2019-06-16_MQ3,RICE018_WB_2019-06-16_MQ3_4603,RICE018_WB_2019-06-16_MQ3_4603_length,Calipers to nearest mm,Length,NA,mm,NA,12,NA
RICE018_WB_2019-06-16_MQ3,RICE018_WB_2019-06-16_MQ3_4604,RICE018_WB_2019-06-16_MQ3_4604_length,Calipers to nearest mm,Length,NA,mm,NA,15,NA
RICE018_WB_2019-06-16_MQ3,RICE018_WB_2019-06-16_MQ3_4605,RICE018_WB_2019-06-16_MQ3_4605_length,Calipers to nearest mm,Length,NA,mm,NA,12,NA
RICE018_WB_2019-06-16_MQ3,RICE018_WB_2019-06-16_MQ3_4606,RICE018_WB_2019-06-16_MQ3_4606_length,Calipers to nearest mm,Length,NA,mm,NA,12,NA
RICE018_WB_2019-06-16_MQ3,RICE018_WB_2019-06-16_MQ3_4607,RICE018_WB_2019-06-16_MQ3_4607_length,Calipers to nearest mm,Length,NA,mm,NA,19,NA
RICE018_WB_2019-06-16_MQ3,RICE018_WB_2019-06-16_MQ3_4608,RICE018_WB_2019-06-16_MQ3_4608_length,Calipers to nearest mm,Length,NA,mm,NA,16,NA
RICE018_WB_2019-06-16_MQ3,RICE018_WB_2019-06-16_MQ3_4609,RICE018_WB_2019-06-16_MQ3_4609_length,Calipers to nearest mm,Length,NA,mm,NA,16,NA
RICE018_WB_2019-06-16_MQ3,RICE018_WB_2019-06-16_MQ3_4610,RICE018_WB_2019-06-16_MQ3_4610_length,Calipers to nearest mm,Length,NA,mm,NA,16,NA
RICE018_WB_2019-06-16_MQ3,RICE018_WB_2019-06-16_MQ3_4611,RICE018_WB_2019-06-16_MQ3_4611_length,Calipers to nearest mm,Length,NA,mm,NA,14,NA
RICE018_WB_2019-06-16_MQ4,RICE018_WB_2019-06-16_MQ4_4612,RICE018_WB_2019-06-16_MQ4_4612_length,Calipers to nearest mm,Length,NA,mm,NA,16,NA
RICE018_WB_2019-06-16_MQ4,RICE018_WB_2019-06-16_MQ4_4613,RICE018_WB_2019-06-16_MQ4_4613_length,Calipers to nearest mm,Length,NA,mm,NA,15,NA
RICE018_WB_2019-06-16_MQ4,RICE018_WB_2019-06-16_MQ4_4614,RICE018_WB_2019-06-16_MQ4_4614_length,Calipers to nearest mm,Length,NA,mm,NA,16,NA
RICE018_WB_2019-06-16_MQ4,RICE018_WB_2019-06-16_MQ4_4615,RICE018_WB_2019-06-16_MQ4_4615_length,Calipers to nearest mm,Length,NA,mm,NA,18,NA
RICE018_WB_2019-06-16_MQ4,RICE018_WB_2019-06-16_MQ4_4616,RICE018_WB_2019-06-16_MQ4_4616_length,Calipers to nearest mm,Length,NA,mm,NA,18,NA
RICE018_WB_2019-06-16_MQ4,RICE018_WB_2019-06-16_MQ4_4617,RICE018_WB_2019-06-16_MQ4_4617_length,Calipers to nearest mm,Length,NA,mm,NA,18,NA
RICE018_WB_2019-06-16_MQ4,RICE018_WB_2019-06-16_MQ4_4618,RICE018_WB_2019-06-16_MQ4_4618_length,Calipers to nearest mm,Length,NA,mm,NA,16,NA
RICE018_WB_2019-06-16_MQ4,RICE018_WB_2019-06-16_MQ4_4619,RICE018_WB_2019-06-16_MQ4_4619_length,Calipers to nearest mm,Length,NA,mm,NA,15,NA
RICE018_WB_2019-06-16_MQ4,RICE018_WB_2019-06-16_MQ4_4620,RICE018_WB_2019-06-16_MQ4_4620_length,Calipers to nearest mm,Length,NA,mm,NA,15,NA
RICE018_WB_2019-06-16_MQ4,RICE018_WB_2019-06-16_MQ4_4621,RICE018_WB_2019-06-16_MQ4_4621_length,Calipers to nearest mm,Length,NA,mm,NA,16,NA
RICE018_WB_2019-06-16_MQ5,RICE018_WB_2019-06-16_MQ5_4622,RICE018_WB_2019-06-16_MQ5_4622_length,Calipers to nearest mm,Length,NA,mm,NA,19,NA
RICE018_WB_2019-06-16_MQ5,RICE018_WB_2019-06-16_MQ5_4623,RICE018_WB_2019-06-16_MQ5_4623_length,Calipers to nearest mm,Length,NA,mm,NA,18,NA
RICE018_WB_2019-06-16_MQ5,RICE018_WB_2019-06-16_MQ5_4624,RICE018_WB_2019-06-16_MQ5_4624_length,Calipers to nearest mm,Length,NA,mm,NA,17,NA
RICE018_WB_2019-06-16_MQ5,RICE018_WB_2019-06-16_MQ5_4625,RICE018_WB_2019-06-16_MQ5_4625_length,Calipers to nearest mm,Length,NA,mm,NA,16,NA
RICE018_WB_2019-06-16_MQ5,RICE018_WB_2019-06-16_MQ5_4626,RICE018_WB_2019-06-16_MQ5_4626_length,Calipers to nearest mm,Length,NA,mm,NA,18,NA
RICE018_WB_2019-06-16_MQ5,RICE018_WB_2019-06-16_MQ5_4627,RICE018_WB_2019-06-16_MQ5_4627_length,Calipers to nearest mm,Length,NA,mm,NA,15,NA
RICE018_WB_2019-06-16_MQ5,RICE018_WB_2019-06-16_MQ5_4628,RICE018_WB_2019-06-16_MQ5_4628_length,Calipers to nearest mm,Length,NA,mm,NA,15,NA
RICE018_WB_2019-06-16_MQ5,RICE018_WB_2019-06-16_MQ5_4629,RICE018_WB_2019-06-16_MQ5_4629_length,Calipers to nearest mm,Length,NA,mm,NA,13,NA
RICE018_WB_2019-06-16_MQ5,RICE018_WB_2019-06-16_MQ5_4630,RICE018_WB_2019-06-16_MQ5_4630_length,Calipers to nearest mm,Length,NA,mm,NA,15,NA
RICE018_WB_2019-06-16_MQ5,RICE018_WB_2019-06-16_MQ5_4631,RICE018_WB_2019-06-16_MQ5_4631_length,Calipers to nearest mm,Length,NA,mm,NA,14,NA
RICE018_WB_2019-06-16_MQ5,RICE018_WB_2019-06-16_MQ5_4632,RICE018_WB_2019-06-16_MQ5_4632_length,Calipers to nearest mm,Length,NA,mm,NA,13,NA
RICE018_NB_2019-06-17_FQ1,RICE018_NB_2019-06-17_FQ1_4633,RICE018_NB_2019-06-17_FQ1_4633_length,Calipers to nearest mm,Length,NA,mm,NA,25,NA
RICE018_NB_2019-06-17_FQ1,RICE018_NB_2019-06-17_FQ1_4634,RICE018_NB_2019-06-17_FQ1_4634_length,Calipers to nearest mm,Length,NA,mm,NA,26,NA
RICE018_NB_2019-06-17_FQ1,RICE018_NB_2019-06-17_FQ1_4635,RICE018_NB_2019-06-17_FQ1_4635_length,Calipers to nearest mm,Length,NA,mm,NA,21,NA
RICE018_NB_2019-06-17_FQ1,RICE018_NB_2019-06-17_FQ1_4636,RICE018_NB_2019-06-17_FQ1_4636_length,Calipers to nearest mm,Length,NA,mm,NA,15,NA
RICE018_NB_2019-06-17_FQ3,RICE018_NB_2019-06-17_FQ3_4637,RICE018_NB_2019-06-17_FQ3_4637_length,Calipers to nearest mm,Length,NA,mm,NA,50,NA
RICE018_NB_2019-06-17_FQ4,RICE018_NB_2019-06-17_FQ4_4638,RICE018_NB_2019-06-17_FQ4_4638_length,Calipers to nearest mm,Length,NA,mm,NA,65,NA
RICE018_NB_2019-06-18_MQ1,RICE018_NB_2019-06-18_MQ1_4639,RICE018_NB_2019-06-18_MQ1_4639_length,Calipers to nearest mm,Length,NA,mm,NA,18,NA
RICE018_NB_2019-06-18_MQ1,RICE018_NB_2019-06-18_MQ1_4640,RICE018_NB_2019-06-18_MQ1_4640_length,Calipers to nearest mm,Length,NA,mm,NA,20,NA
RICE018_NB_2019-06-18_MQ1,RICE018_NB_2019-06-18_MQ1_4641,RICE018_NB_2019-06-18_MQ1_4641_length,Calipers to nearest mm,Length,NA,mm,NA,16,NA
RICE018_NB_2019-06-18_MQ1,RICE018_NB_2019-06-18_MQ1_4642,RICE018_NB_2019-06-18_MQ1_4642_length,Calipers to nearest mm,Length,NA,mm,NA,17,NA
RICE018_NB_2019-06-18_MQ1,RICE018_NB_2019-06-18_MQ1_4643,RICE018_NB_2019-06-18_MQ1_4643_length,Calipers to nearest mm,Length,NA,mm,NA,11,NA
RICE018_NB_2019-06-18_MQ1,RICE018_NB_2019-06-18_MQ1_4644,RICE018_NB_2019-06-18_MQ1_4644_length,Calipers to nearest mm,Length,NA,mm,NA,19,NA
RICE018_NB_2019-06-18_MQ1,RICE018_NB_2019-06-18_MQ1_4645,RICE018_NB_2019-06-18_MQ1_4645_length,Calipers to nearest mm,Length,NA,mm,NA,18,NA
RICE018_NB_2019-06-18_MQ2,RICE018_NB_2019-06-18_MQ2_4646,RICE018_NB_2019-06-18_MQ2_4646_length,Calipers to nearest mm,Length,NA,mm,NA,15,NA
RICE018_NB_2019-06-18_MQ2,RICE018_NB_2019-06-18_MQ2_4647,RICE018_NB_2019-06-18_MQ2_4647_length,Calipers to nearest mm,Length,NA,mm,NA,16,NA
RICE018_NB_2019-06-18_MQ2,RICE018_NB_2019-06-18_MQ2_4648,RICE018_NB_2019-06-18_MQ2_4648_length,Calipers to nearest mm,Length,NA,mm,NA,21,NA
RICE018_NB_2019-06-18_MQ2,RICE018_NB_2019-06-18_MQ2_4649,RICE018_NB_2019-06-18_MQ2_4649_length,Calipers to nearest mm,Length,NA,mm,NA,19,NA
RICE018_NB_2019-06-18_MQ2,RICE018_NB_2019-06-18_MQ2_4650,RICE018_NB_2019-06-18_MQ2_4650_length,Calipers to nearest mm,Length,NA,mm,NA,19,NA
RICE018_NB_2019-06-18_MQ2,RICE018_NB_2019-06-18_MQ2_4651,RICE018_NB_2019-06-18_MQ2_4651_length,Calipers to nearest mm,Length,NA,mm,NA,14,NA
RICE018_NB_2019-06-18_MQ3,RICE018_NB_2019-06-18_MQ3_4652,RICE018_NB_2019-06-18_MQ3_4652_length,Calipers to nearest mm,Length,NA,mm,NA,10,NA
RICE018_NB_2019-06-18_MQ3,RICE018_NB_2019-06-18_MQ3_4653,RICE018_NB_2019-06-18_MQ3_4653_length,Calipers to nearest mm,Length,NA,mm,NA,12,NA
RICE018_NB_2019-06-18_MQ3,RICE018_NB_2019-06-18_MQ3_4654,RICE018_NB_2019-06-18_MQ3_4654_length,Calipers to nearest mm,Length,NA,mm,NA,14,NA
RICE018_NB_2019-06-18_MQ3,RICE018_NB_2019-06-18_MQ3_4655,RICE018_NB_2019-06-18_MQ3_4655_length,Calipers to nearest mm,Length,NA,mm,NA,16,NA
RICE018_NB_2019-06-18_MQ3,RICE018_NB_2019-06-18_MQ3_4656,RICE018_NB_2019-06-18_MQ3_4656_length,Calipers to nearest mm,Length,NA,mm,NA,18,NA
RICE018_NB_2019-06-18_MQ3,RICE018_NB_2019-06-18_MQ3_4657,RICE018_NB_2019-06-18_MQ3_4657_length,Calipers to nearest mm,Length,NA,mm,NA,18,NA
RICE018_NB_2019-06-18_MQ3,RICE018_NB_2019-06-18_MQ3_4658,RICE018_NB_2019-06-18_MQ3_4658_length,Calipers to nearest mm,Length,NA,mm,NA,21,NA
RICE018_NB_2019-06-18_MQ3,RICE018_NB_2019-06-18_MQ3_4659,RICE018_NB_2019-06-18_MQ3_4659_length,Calipers to nearest mm,Length,NA,mm,NA,14,NA
RICE018_NB_2019-06-18_MQ3,RICE018_NB_2019-06-18_MQ3_4660,RICE018_NB_2019-06-18_MQ3_4660_length,Calipers to nearest mm,Length,NA,mm,NA,15,NA
RICE018_NB_2019-06-18_MQ3,RICE018_NB_2019-06-18_MQ3_4661,RICE018_NB_2019-06-18_MQ3_4661_length,Calipers to nearest mm,Length,NA,mm,NA,17,NA
RICE018_NB_2019-06-18_MQ3,RICE018_NB_2019-06-18_MQ3_4662,RICE018_NB_2019-06-18_MQ3_4662_length,Calipers to nearest mm,Length,NA,mm,NA,21,NA
RICE018_NB_2019-06-18_MQ4,RICE018_NB_2019-06-18_MQ4_4663,RICE018_NB_2019-06-18_MQ4_4663_length,Calipers to nearest mm,Length,NA,mm,NA,20,NA
RICE018_NB_2019-06-18_MQ4,RICE018_NB_2019-06-18_MQ4_4664,RICE018_NB_2019-06-18_MQ4_4664_length,Calipers to nearest mm,Length,NA,mm,NA,12,NA
RICE018_NB_2019-06-18_MQ5,RICE018_NB_2019-06-18_MQ5_4665,RICE018_NB_2019-06-18_MQ5_4665_length,Calipers to nearest mm,Length,NA,mm,NA,19,NA
RICE018_NB_2019-06-18_MQ5,RICE018_NB_2019-06-18_MQ5_4666,RICE018_NB_2019-06-18_MQ5_4666_length,Calipers to nearest mm,Length,NA,mm,NA,16,NA
RICE018_NB_2019-06-18_MQ5,RICE018_NB_2019-06-18_MQ5_4667,RICE018_NB_2019-06-18_MQ5_4667_length,Calipers to nearest mm,Length,NA,mm,NA,16,NA
RICE018_NB_2019-06-18_MQ5,RICE018_NB_2019-06-18_MQ5_4668,RICE018_NB_2019-06-18_MQ5_4668_length,Calipers to nearest mm,Length,NA,mm,NA,20,NA
RICE018_NB_2019-06-18_MQ5,RICE018_NB_2019-06-18_MQ5_4669,RICE018_NB_2019-06-18_MQ5_4669_length,Calipers to nearest mm,Length,NA,mm,NA,20,NA
RICE018_NB_2019-06-18_MQ5,RICE018_NB_2019-06-18_MQ5_4670,RICE018_NB_2019-06-18_MQ5_4670_length,Calipers to nearest mm,Length,NA,mm,NA,17,NA
RICE018_NB_2019-06-18_MQ5,RICE018_NB_2019-06-18_MQ5_4671,RICE018_NB_2019-06-18_MQ5_4671_length,Calipers to nearest mm,Length,NA,mm,NA,18,NA
RICE018_NB_2019-06-18_MQ5,RICE018_NB_2019-06-18_MQ5_4672,RICE018_NB_2019-06-18_MQ5_4672_length,Calipers to nearest mm,Length,NA,mm,NA,17,NA
RICE019_WB_2019-08-28_FQ3,RICE019_WB_2019-08-28_FQ3_4673,RICE019_WB_2019-08-28_FQ3_4673_length,Calipers to nearest mm,Length,NA,mm,NA,14,NA
RICE019_WB_2019-08-28_FQ3,RICE019_WB_2019-08-28_FQ3_4674,RICE019_WB_2019-08-28_FQ3_4674_length,Calipers to nearest mm,Length,NA,mm,NA,17,NA
RICE019_WB_2019-08-28_FQ3,RICE019_WB_2019-08-28_FQ3_4675,RICE019_WB_2019-08-28_FQ3_4675_length,Calipers to nearest mm,Length,NA,mm,NA,20,NA
RICE019_WB_2019-08-28_FQ3,RICE019_WB_2019-08-28_FQ3_4676,RICE019_WB_2019-08-28_FQ3_4676_length,Calipers to nearest mm,Length,NA,mm,NA,10,NA
RICE019_WB_2019-08-28_FQ3,RICE019_WB_2019-08-28_FQ3_4677,RICE019_WB_2019-08-28_FQ3_4677_length,Calipers to nearest mm,Length,NA,mm,NA,15,NA
RICE019_WB_2019-08-28_FQ3,RICE019_WB_2019-08-28_FQ3_4678,RICE019_WB_2019-08-28_FQ3_4678_length,Calipers to nearest mm,Length,NA,mm,NA,19,NA
RICE019_WB_2019-08-28_FQ3,RICE019_WB_2019-08-28_FQ3_4679,RICE019_WB_2019-08-28_FQ3_4679_length,Calipers to nearest mm,Length,NA,mm,NA,16,NA
RICE019_WB_2019-08-28_FQ3,RICE019_WB_2019-08-28_FQ3_4680,RICE019_WB_2019-08-28_FQ3_4680_length,Calipers to nearest mm,Length,NA,mm,NA,14,NA
RICE019_WB_2019-08-28_FQ4,RICE019_WB_2019-08-28_FQ4_4681,RICE019_WB_2019-08-28_FQ4_4681_length,Calipers to nearest mm,Length,NA,mm,NA,17,NA
RICE019_WB_2019-08-28_FQ4,RICE019_WB_2019-08-28_FQ4_4682,RICE019_WB_2019-08-28_FQ4_4682_length,Calipers to nearest mm,Length,NA,mm,NA,20,NA
RICE019_WB_2019-08-28_MQ1,RICE019_WB_2019-08-28_MQ1_4683,RICE019_WB_2019-08-28_MQ1_4683_length,Calipers to nearest mm,Length,NA,mm,NA,19,NA
RICE019_WB_2019-08-28_MQ1,RICE019_WB_2019-08-28_MQ1_4684,RICE019_WB_2019-08-28_MQ1_4684_length,Calipers to nearest mm,Length,NA,mm,NA,18,NA
RICE019_WB_2019-08-28_MQ1,RICE019_WB_2019-08-28_MQ1_4685,RICE019_WB_2019-08-28_MQ1_4685_length,Calipers to nearest mm,Length,NA,mm,NA,17,NA
RICE019_WB_2019-08-28_MQ1,RICE019_WB_2019-08-28_MQ1_4686,RICE019_WB_2019-08-28_MQ1_4686_length,Calipers to nearest mm,Length,NA,mm,NA,15,NA
RICE019_WB_2019-08-28_MQ1,RICE019_WB_2019-08-28_MQ1_4687,RICE019_WB_2019-08-28_MQ1_4687_length,Calipers to nearest mm,Length,NA,mm,NA,16,NA
RICE019_WB_2019-08-28_MQ1,RICE019_WB_2019-08-28_MQ1_4688,RICE019_WB_2019-08-28_MQ1_4688_length,Calipers to nearest mm,Length,NA,mm,NA,12,NA
RICE019_WB_2019-08-28_MQ1,RICE019_WB_2019-08-28_MQ1_4689,RICE019_WB_2019-08-28_MQ1_4689_length,Calipers to nearest mm,Length,NA,mm,NA,11,NA
RICE019_WB_2019-08-28_MQ1,RICE019_WB_2019-08-28_MQ1_4690,RICE019_WB_2019-08-28_MQ1_4690_length,Calipers to nearest mm,Length,NA,mm,NA,14,NA
RICE019_WB_2019-08-28_MQ1,RICE019_WB_2019-08-28_MQ1_4691,RICE019_WB_2019-08-28_MQ1_4691_length,Calipers to nearest mm,Length,NA,mm,NA,9,NA
RICE019_WB_2019-08-28_MQ2,RICE019_WB_2019-08-28_MQ2_4692,RICE019_WB_2019-08-28_MQ2_4692_length,Calipers to nearest mm,Length,NA,mm,NA,16,NA
RICE019_WB_2019-08-28_MQ2,RICE019_WB_2019-08-28_MQ2_4693,RICE019_WB_2019-08-28_MQ2_4693_length,Calipers to nearest mm,Length,NA,mm,NA,17,NA
RICE019_WB_2019-08-28_MQ2,RICE019_WB_2019-08-28_MQ2_4694,RICE019_WB_2019-08-28_MQ2_4694_length,Calipers to nearest mm,Length,NA,mm,NA,18,NA
RICE019_WB_2019-08-28_MQ2,RICE019_WB_2019-08-28_MQ2_4695,RICE019_WB_2019-08-28_MQ2_4695_length,Calipers to nearest mm,Length,NA,mm,NA,14,NA
RICE019_WB_2019-08-28_MQ2,RICE019_WB_2019-08-28_MQ2_4696,RICE019_WB_2019-08-28_MQ2_4696_length,Calipers to nearest mm,Length,NA,mm,NA,19,NA
RICE019_WB_2019-08-28_MQ2,RICE019_WB_2019-08-28_MQ2_4697,RICE019_WB_2019-08-28_MQ2_4697_length,Calipers to nearest mm,Length,NA,mm,NA,12,NA
RICE019_WB_2019-08-28_MQ3,RICE019_WB_2019-08-28_MQ3_4698,RICE019_WB_2019-08-28_MQ3_4698_length,Calipers to nearest mm,Length,NA,mm,NA,13,NA
RICE019_WB_2019-08-28_MQ3,RICE019_WB_2019-08-28_MQ3_4699,RICE019_WB_2019-08-28_MQ3_4699_length,Calipers to nearest mm,Length,NA,mm,NA,14,NA
RICE019_WB_2019-08-28_MQ3,RICE019_WB_2019-08-28_MQ3_4700,RICE019_WB_2019-08-28_MQ3_4700_length,Calipers to nearest mm,Length,NA,mm,NA,15,NA
RICE019_WB_2019-08-28_MQ3,RICE019_WB_2019-08-28_MQ3_4701,RICE019_WB_2019-08-28_MQ3_4701_length,Calipers to nearest mm,Length,NA,mm,NA,16,NA
RICE019_WB_2019-08-28_MQ3,RICE019_WB_2019-08-28_MQ3_4702,RICE019_WB_2019-08-28_MQ3_4702_length,Calipers to nearest mm,Length,NA,mm,NA,18,NA
RICE019_WB_2019-08-28_MQ3,RICE019_WB_2019-08-28_MQ3_4703,RICE019_WB_2019-08-28_MQ3_4703_length,Calipers to nearest mm,Length,NA,mm,NA,12,NA
RICE019_WB_2019-08-28_MQ3,RICE019_WB_2019-08-28_MQ3_4704,RICE019_WB_2019-08-28_MQ3_4704_length,Calipers to nearest mm,Length,NA,mm,NA,11,NA
RICE019_WB_2019-08-28_MQ3,RICE019_WB_2019-08-28_MQ3_4705,RICE019_WB_2019-08-28_MQ3_4705_length,Calipers to nearest mm,Length,NA,mm,NA,14,NA
RICE019_WB_2019-08-28_MQ3,RICE019_WB_2019-08-28_MQ3_4706,RICE019_WB_2019-08-28_MQ3_4706_length,Calipers to nearest mm,Length,NA,mm,NA,13,NA
RICE019_WB_2019-08-28_MQ3,RICE019_WB_2019-08-28_MQ3_4707,RICE019_WB_2019-08-28_MQ3_4707_length,Calipers to nearest mm,Length,NA,mm,NA,9,NA
RICE019_WB_2019-08-28_MQ4,RICE019_WB_2019-08-28_MQ4_4708,RICE019_WB_2019-08-28_MQ4_4708_length,Calipers to nearest mm,Length,NA,mm,NA,12,NA
RICE019_WB_2019-08-28_MQ4,RICE019_WB_2019-08-28_MQ4_4709,RICE019_WB_2019-08-28_MQ4_4709_length,Calipers to nearest mm,Length,NA,mm,NA,14,NA
RICE019_WB_2019-08-28_MQ4,RICE019_WB_2019-08-28_MQ4_4710,RICE019_WB_2019-08-28_MQ4_4710_length,Calipers to nearest mm,Length,NA,mm,NA,16,NA
RICE019_WB_2019-08-28_MQ4,RICE019_WB_2019-08-28_MQ4_4711,RICE019_WB_2019-08-28_MQ4_4711_length,Calipers to nearest mm,Length,NA,mm,NA,15,NA
RICE019_WB_2019-08-28_MQ4,RICE019_WB_2019-08-28_MQ4_4712,RICE019_WB_2019-08-28_MQ4_4712_length,Calipers to nearest mm,Length,NA,mm,NA,17,NA
RICE019_WB_2019-08-28_MQ4,RICE019_WB_2019-08-28_MQ4_4713,RICE019_WB_2019-08-28_MQ4_4713_length,Calipers to nearest mm,Length,NA,mm,NA,10,NA
RICE019_WB_2019-08-28_MQ4,RICE019_WB_2019-08-28_MQ4_4714,RICE019_WB_2019-08-28_MQ4_4714_length,Calipers to nearest mm,Length,NA,mm,NA,11,NA
RICE019_WB_2019-08-28_MQ5,RICE019_WB_2019-08-28_MQ5_4715,RICE019_WB_2019-08-28_MQ5_4715_length,Calipers to nearest mm,Length,NA,mm,NA,14,NA
RICE019_WB_2019-08-28_MQ5,RICE019_WB_2019-08-28_MQ5_4716,RICE019_WB_2019-08-28_MQ5_4716_length,Calipers to nearest mm,Length,NA,mm,NA,15,NA
RICE019_WB_2019-08-28_MQ5,RICE019_WB_2019-08-28_MQ5_4717,RICE019_WB_2019-08-28_MQ5_4717_length,Calipers to nearest mm,Length,NA,mm,NA,16,NA
RICE019_WB_2019-08-28_MQ5,RICE019_WB_2019-08-28_MQ5_4718,RICE019_WB_2019-08-28_MQ5_4718_length,Calipers to nearest mm,Length,NA,mm,NA,17,NA
RICE019_FB_2019-08-29_BQ1,RICE019_FB_2019-08-29_BQ1_4719,RICE019_FB_2019-08-29_BQ1_4719_length,Calipers to nearest mm,Length,NA,mm,NA,18,NA
RICE019_FB_2019-08-29_BQ1,RICE019_FB_2019-08-29_BQ1_4720,RICE019_FB_2019-08-29_BQ1_4720_length,Calipers to nearest mm,Length,NA,mm,NA,11,NA
RICE019_FB_2019-08-29_BQ1,RICE019_FB_2019-08-29_BQ1_4721,RICE019_FB_2019-08-29_BQ1_4721_length,Calipers to nearest mm,Length,NA,mm,NA,16,NA
RICE019_FB_2019-08-29_BQ1,RICE019_FB_2019-08-29_BQ1_4722,RICE019_FB_2019-08-29_BQ1_4722_length,Calipers to nearest mm,Length,NA,mm,NA,15,NA
RICE019_FB_2019-08-29_BQ1,RICE019_FB_2019-08-29_BQ1_4723,RICE019_FB_2019-08-29_BQ1_4723_length,Calipers to nearest mm,Length,NA,mm,NA,17,NA
RICE019_FB_2019-08-29_BQ1,RICE019_FB_2019-08-29_BQ1_4724,RICE019_FB_2019-08-29_BQ1_4724_length,Calipers to nearest mm,Length,NA,mm,NA,14,NA
RICE019_FB_2019-08-29_BQ1,RICE019_FB_2019-08-29_BQ1_4725,RICE019_FB_2019-08-29_BQ1_4725_length,Calipers to nearest mm,Length,NA,mm,NA,10,NA
RICE019_FB_2019-08-29_BQ1,RICE019_FB_2019-08-29_BQ1_4726,RICE019_FB_2019-08-29_BQ1_4726_length,Calipers to nearest mm,Length,NA,mm,NA,19,NA
RICE019_FB_2019-08-29_BQ2,RICE019_FB_2019-08-29_BQ2_4727,RICE019_FB_2019-08-29_BQ2_4727_length,Calipers to nearest mm,Length,NA,mm,NA,15,NA
RICE019_FB_2019-08-29_BQ2,RICE019_FB_2019-08-29_BQ2_4728,RICE019_FB_2019-08-29_BQ2_4728_length,Calipers to nearest mm,Length,NA,mm,NA,16,NA
RICE019_FB_2019-08-29_BQ2,RICE019_FB_2019-08-29_BQ2_4729,RICE019_FB_2019-08-29_BQ2_4729_length,Calipers to nearest mm,Length,NA,mm,NA,19,NA
RICE019_FB_2019-08-29_BQ2,RICE019_FB_2019-08-29_BQ2_4730,RICE019_FB_2019-08-29_BQ2_4730_length,Calipers to nearest mm,Length,NA,mm,NA,17,NA
RICE019_FB_2019-08-29_BQ2,RICE019_FB_2019-08-29_BQ2_4731,RICE019_FB_2019-08-29_BQ2_4731_length,Calipers to nearest mm,Length,NA,mm,NA,18,NA
RICE019_FB_2019-08-29_BQ3,RICE019_FB_2019-08-29_BQ3_4732,RICE019_FB_2019-08-29_BQ3_4732_length,Calipers to nearest mm,Length,NA,mm,NA,16,NA
RICE019_FB_2019-08-29_BQ3,RICE019_FB_2019-08-29_BQ3_4733,RICE019_FB_2019-08-29_BQ3_4733_length,Calipers to nearest mm,Length,NA,mm,NA,15,NA
RICE019_FB_2019-08-29_BQ3,RICE019_FB_2019-08-29_BQ3_4734,RICE019_FB_2019-08-29_BQ3_4734_length,Calipers to nearest mm,Length,NA,mm,NA,14,NA
RICE019_FB_2019-08-29_BQ3,RICE019_FB_2019-08-29_BQ3_4735,RICE019_FB_2019-08-29_BQ3_4735_length,Calipers to nearest mm,Length,NA,mm,NA,19,NA
RICE019_FB_2019-08-29_BQ4,RICE019_FB_2019-08-29_BQ4_4736,RICE019_FB_2019-08-29_BQ4_4736_length,Calipers to nearest mm,Length,NA,mm,NA,15,NA
RICE019_FB_2019-08-29_BQ4,RICE019_FB_2019-08-29_BQ4_4737,RICE019_FB_2019-08-29_BQ4_4737_length,Calipers to nearest mm,Length,NA,mm,NA,12,NA
RICE019_FB_2019-08-29_BQ4,RICE019_FB_2019-08-29_BQ4_4738,RICE019_FB_2019-08-29_BQ4_4738_length,Calipers to nearest mm,Length,NA,mm,NA,10,NA
RICE019_FB_2019-08-29_BQ4,RICE019_FB_2019-08-29_BQ4_4739,RICE019_FB_2019-08-29_BQ4_4739_length,Calipers to nearest mm,Length,NA,mm,NA,13,NA
RICE019_FB_2019-08-29_BQ4,RICE019_FB_2019-08-29_BQ4_4740,RICE019_FB_2019-08-29_BQ4_4740_length,Calipers to nearest mm,Length,NA,mm,NA,9,NA
RICE019_FB_2019-08-29_BQ4,RICE019_FB_2019-08-29_BQ4_4741,RICE019_FB_2019-08-29_BQ4_4741_length,Calipers to nearest mm,Length,NA,mm,NA,11,NA
RICE019_FB_2019-08-29_BQ5,RICE019_FB_2019-08-29_BQ5_4742,RICE019_FB_2019-08-29_BQ5_4742_length,Calipers to nearest mm,Length,NA,mm,NA,11,NA
RICE019_FB_2019-08-29_BQ5,RICE019_FB_2019-08-29_BQ5_4743,RICE019_FB_2019-08-29_BQ5_4743_length,Calipers to nearest mm,Length,NA,mm,NA,13,NA
RICE019_FB_2019-08-29_BQ5,RICE019_FB_2019-08-29_BQ5_4744,RICE019_FB_2019-08-29_BQ5_4744_length,Calipers to nearest mm,Length,NA,mm,NA,10,NA
RICE019_FB_2019-08-29_BQ5,RICE019_FB_2019-08-29_BQ5_4745,RICE019_FB_2019-08-29_BQ5_4745_length,Calipers to nearest mm,Length,NA,mm,NA,7,NA
RICE019_FB_2019-08-29_BQ5,RICE019_FB_2019-08-29_BQ5_4746,RICE019_FB_2019-08-29_BQ5_4746_length,Calipers to nearest mm,Length,NA,mm,NA,40,NA
RICE019_FB_2019-08-29_FQ2,RICE019_FB_2019-08-29_FQ2_4747,RICE019_FB_2019-08-29_FQ2_4747_length,Calipers to nearest mm,Length,NA,mm,NA,21,NA
RICE019_FB_2019-08-29_FQ2,RICE019_FB_2019-08-29_FQ2_4748,RICE019_FB_2019-08-29_FQ2_4748_length,Calipers to nearest mm,Length,NA,mm,NA,19,NA
RICE019_FB_2019-08-29_FQ2,RICE019_FB_2019-08-29_FQ2_4749,RICE019_FB_2019-08-29_FQ2_4749_length,Calipers to nearest mm,Length,NA,mm,NA,22,NA
RICE019_FB_2019-08-29_FQ2,RICE019_FB_2019-08-29_FQ2_4750,RICE019_FB_2019-08-29_FQ2_4750_length,Calipers to nearest mm,Length,NA,mm,NA,15,NA
RICE019_FB_2019-08-29_FQ2,RICE019_FB_2019-08-29_FQ2_4751,RICE019_FB_2019-08-29_FQ2_4751_length,Calipers to nearest mm,Length,NA,mm,NA,17,NA
RICE019_FB_2019-08-29_FQ2,RICE019_FB_2019-08-29_FQ2_4752,RICE019_FB_2019-08-29_FQ2_4752_length,Calipers to nearest mm,Length,NA,mm,NA,13,NA
RICE019_FB_2019-08-29_FQ2,RICE019_FB_2019-08-29_FQ2_4753,RICE019_FB_2019-08-29_FQ2_4753_length,Calipers to nearest mm,Length,NA,mm,NA,25,NA
RICE019_FB_2019-08-29_FQ3,RICE019_FB_2019-08-29_FQ3_4754,RICE019_FB_2019-08-29_FQ3_4754_length,Calipers to nearest mm,Length,NA,mm,NA,6,NA
RICE019_FB_2019-08-29_FQ3,RICE019_FB_2019-08-29_FQ3_4755,RICE019_FB_2019-08-29_FQ3_4755_length,Calipers to nearest mm,Length,NA,mm,NA,21,NA
RICE019_FB_2019-08-29_FQ3,RICE019_FB_2019-08-29_FQ3_4756,RICE019_FB_2019-08-29_FQ3_4756_length,Calipers to nearest mm,Length,NA,mm,NA,25,NA
RICE019_FB_2019-08-29_FQ4,RICE019_FB_2019-08-29_FQ4_4757,RICE019_FB_2019-08-29_FQ4_4757_length,Calipers to nearest mm,Length,NA,mm,NA,17,NA
RICE019_FB_2019-08-29_FQ4,RICE019_FB_2019-08-29_FQ4_4758,RICE019_FB_2019-08-29_FQ4_4758_length,Calipers to nearest mm,Length,NA,mm,NA,22,NA
RICE019_FB_2019-08-29_FQ4,RICE019_FB_2019-08-29_FQ4_4759,RICE019_FB_2019-08-29_FQ4_4759_length,Calipers to nearest mm,Length,NA,mm,NA,21,NA
RICE019_FB_2019-08-29_FQ4,RICE019_FB_2019-08-29_FQ4_4760,RICE019_FB_2019-08-29_FQ4_4760_length,Calipers to nearest mm,Length,NA,mm,NA,20,NA
RICE019_FB_2019-08-29_FQ4,RICE019_FB_2019-08-29_FQ4_4761,RICE019_FB_2019-08-29_FQ4_4761_length,Calipers to nearest mm,Length,NA,mm,NA,24,NA
RICE019_FB_2019-08-29_FQ4,RICE019_FB_2019-08-29_FQ4_4762,RICE019_FB_2019-08-29_FQ4_4762_length,Calipers to nearest mm,Length,NA,mm,NA,16,NA
RICE019_FB_2019-08-29_FQ4,RICE019_FB_2019-08-29_FQ4_4763,RICE019_FB_2019-08-29_FQ4_4763_length,Calipers to nearest mm,Length,NA,mm,NA,19,NA
RICE019_FB_2019-08-29_FQ5,RICE019_FB_2019-08-29_FQ5_4764,RICE019_FB_2019-08-29_FQ5_4764_length,Calipers to nearest mm,Length,NA,mm,NA,20,NA
RICE019_FB_2019-08-29_MQ1,RICE019_FB_2019-08-29_MQ1_4765,RICE019_FB_2019-08-29_MQ1_4765_length,Calipers to nearest mm,Length,NA,mm,NA,12,NA
RICE019_FB_2019-08-29_MQ1,RICE019_FB_2019-08-29_MQ1_4766,RICE019_FB_2019-08-29_MQ1_4766_length,Calipers to nearest mm,Length,NA,mm,NA,18,NA
RICE019_FB_2019-08-29_MQ1,RICE019_FB_2019-08-29_MQ1_4767,RICE019_FB_2019-08-29_MQ1_4767_length,Calipers to nearest mm,Length,NA,mm,NA,15,NA
RICE019_FB_2019-08-29_MQ1,RICE019_FB_2019-08-29_MQ1_4768,RICE019_FB_2019-08-29_MQ1_4768_length,Calipers to nearest mm,Length,NA,mm,NA,17,NA
RICE019_FB_2019-08-29_MQ1,RICE019_FB_2019-08-29_MQ1_4769,RICE019_FB_2019-08-29_MQ1_4769_length,Calipers to nearest mm,Length,NA,mm,NA,32,NA
RICE019_FB_2019-08-29_MQ1,RICE019_FB_2019-08-29_MQ1_4770,RICE019_FB_2019-08-29_MQ1_4770_length,Calipers to nearest mm,Length,NA,mm,NA,15,NA
RICE019_FB_2019-08-29_MQ1,RICE019_FB_2019-08-29_MQ1_4771,RICE019_FB_2019-08-29_MQ1_4771_length,Calipers to nearest mm,Length,NA,mm,NA,12,NA
RICE019_FB_2019-08-29_MQ1,RICE019_FB_2019-08-29_MQ1_4772,RICE019_FB_2019-08-29_MQ1_4772_length,Calipers to nearest mm,Length,NA,mm,NA,11,NA
RICE019_FB_2019-08-29_MQ1,RICE019_FB_2019-08-29_MQ1_4773,RICE019_FB_2019-08-29_MQ1_4773_length,Calipers to nearest mm,Length,NA,mm,NA,14,NA
RICE019_FB_2019-08-29_MQ1,RICE019_FB_2019-08-29_MQ1_4774,RICE019_FB_2019-08-29_MQ1_4774_length,Calipers to nearest mm,Length,NA,mm,NA,10,NA
RICE019_FB_2019-08-29_MQ2,RICE019_FB_2019-08-29_MQ2_4775,RICE019_FB_2019-08-29_MQ2_4775_length,Calipers to nearest mm,Length,NA,mm,NA,15,NA
RICE019_FB_2019-08-29_MQ2,RICE019_FB_2019-08-29_MQ2_4776,RICE019_FB_2019-08-29_MQ2_4776_length,Calipers to nearest mm,Length,NA,mm,NA,18,NA
RICE019_FB_2019-08-29_MQ2,RICE019_FB_2019-08-29_MQ2_4777,RICE019_FB_2019-08-29_MQ2_4777_length,Calipers to nearest mm,Length,NA,mm,NA,17,NA
RICE019_FB_2019-08-29_MQ3,RICE019_FB_2019-08-29_MQ3_4778,RICE019_FB_2019-08-29_MQ3_4778_length,Calipers to nearest mm,Length,NA,mm,NA,16,NA
RICE019_FB_2019-08-29_MQ3,RICE019_FB_2019-08-29_MQ3_4779,RICE019_FB_2019-08-29_MQ3_4779_length,Calipers to nearest mm,Length,NA,mm,NA,14,NA
RICE019_FB_2019-08-29_MQ3,RICE019_FB_2019-08-29_MQ3_4780,RICE019_FB_2019-08-29_MQ3_4780_length,Calipers to nearest mm,Length,NA,mm,NA,17,NA
RICE019_FB_2019-08-29_MQ3,RICE019_FB_2019-08-29_MQ3_4781,RICE019_FB_2019-08-29_MQ3_4781_length,Calipers to nearest mm,Length,NA,mm,NA,13,NA
RICE019_FB_2019-08-29_MQ3,RICE019_FB_2019-08-29_MQ3_4782,RICE019_FB_2019-08-29_MQ3_4782_length,Calipers to nearest mm,Length,NA,mm,NA,8,NA
RICE019_FB_2019-08-29_MQ3,RICE019_FB_2019-08-29_MQ3_4783,RICE019_FB_2019-08-29_MQ3_4783_length,Calipers to nearest mm,Length,NA,mm,NA,10,NA
RICE019_FB_2019-08-29_MQ3,RICE019_FB_2019-08-29_MQ3_4784,RICE019_FB_2019-08-29_MQ3_4784_length,Calipers to nearest mm,Length,NA,mm,NA,11,NA
RICE019_FB_2019-08-29_MQ3,RICE019_FB_2019-08-29_MQ3_4785,RICE019_FB_2019-08-29_MQ3_4785_length,Calipers to nearest mm,Length,NA,mm,NA,9,NA
RICE019_FB_2019-08-29_MQ4,RICE019_FB_2019-08-29_MQ4_4786,RICE019_FB_2019-08-29_MQ4_4786_length,Calipers to nearest mm,Length,NA,mm,NA,15,NA
RICE019_FB_2019-08-29_MQ4,RICE019_FB_2019-08-29_MQ4_4787,RICE019_FB_2019-08-29_MQ4_4787_length,Calipers to nearest mm,Length,NA,mm,NA,16,NA
RICE019_FB_2019-08-29_MQ4,RICE019_FB_2019-08-29_MQ4_4788,RICE019_FB_2019-08-29_MQ4_4788_length,Calipers to nearest mm,Length,NA,mm,NA,13,NA
RICE019_FB_2019-08-29_MQ4,RICE019_FB_2019-08-29_MQ4_4789,RICE019_FB_2019-08-29_MQ4_4789_length,Calipers to nearest mm,Length,NA,mm,NA,8,NA
RICE019_FB_2019-08-29_MQ4,RICE019_FB_2019-08-29_MQ4_4790,RICE019_FB_2019-08-29_MQ4_4790_length,Calipers to nearest mm,Length,NA,mm,NA,9,NA
RICE019_FB_2019-08-29_MQ4,RICE019_FB_2019-08-29_MQ4_4791,RICE019_FB_2019-08-29_MQ4_4791_length,Calipers to nearest mm,Length,NA,mm,NA,11,NA
RICE019_FB_2019-08-29_MQ4,RICE019_FB_2019-08-29_MQ4_4792,RICE019_FB_2019-08-29_MQ4_4792_length,Calipers to nearest mm,Length,NA,mm,NA,10,NA
RICE019_NB_2019-08-30_FQ1,RICE019_NB_2019-08-30_FQ1_4793,RICE019_NB_2019-08-30_FQ1_4793_length,Calipers to nearest mm,Length,NA,mm,NA,7,NA
RICE019_NB_2019-08-30_FQ1,RICE019_NB_2019-08-30_FQ1_4794,RICE019_NB_2019-08-30_FQ1_4794_length,Calipers to nearest mm,Length,NA,mm,NA,16,NA
RICE019_NB_2019-08-30_FQ1,RICE019_NB_2019-08-30_FQ1_4795,RICE019_NB_2019-08-30_FQ1_4795_length,Calipers to nearest mm,Length,NA,mm,NA,15,NA
RICE019_NB_2019-08-30_FQ4,RICE019_NB_2019-08-30_FQ4_4796,RICE019_NB_2019-08-30_FQ4_4796_length,Calipers to nearest mm,Length,NA,mm,NA,54,NA
RICE019_NB_2019-08-30_FQ4,RICE019_NB_2019-08-30_FQ4_4797,RICE019_NB_2019-08-30_FQ4_4797_length,Calipers to nearest mm,Length,NA,mm,NA,35,NA
RICE019_NB_2019-08-30_MQ1,RICE019_NB_2019-08-30_MQ1_4798,RICE019_NB_2019-08-30_MQ1_4798_length,Calipers to nearest mm,Length,NA,mm,NA,16,NA
RICE019_NB_2019-08-30_MQ1,RICE019_NB_2019-08-30_MQ1_4799,RICE019_NB_2019-08-30_MQ1_4799_length,Calipers to nearest mm,Length,NA,mm,NA,22,NA
RICE019_NB_2019-08-30_MQ1,RICE019_NB_2019-08-30_MQ1_4800,RICE019_NB_2019-08-30_MQ1_4800_length,Calipers to nearest mm,Length,NA,mm,NA,20,NA
RICE019_NB_2019-08-30_MQ1,RICE019_NB_2019-08-30_MQ1_4801,RICE019_NB_2019-08-30_MQ1_4801_length,Calipers to nearest mm,Length,NA,mm,NA,17,NA
RICE019_NB_2019-08-30_MQ1,RICE019_NB_2019-08-30_MQ1_4802,RICE019_NB_2019-08-30_MQ1_4802_length,Calipers to nearest mm,Length,NA,mm,NA,18,NA
RICE019_NB_2019-08-30_MQ1,RICE019_NB_2019-08-30_MQ1_4803,RICE019_NB_2019-08-30_MQ1_4803_length,Calipers to nearest mm,Length,NA,mm,NA,21,NA
RICE019_NB_2019-08-30_MQ2,RICE019_NB_2019-08-30_MQ2_4804,RICE019_NB_2019-08-30_MQ2_4804_length,Calipers to nearest mm,Length,NA,mm,NA,23,NA
RICE019_NB_2019-08-30_MQ2,RICE019_NB_2019-08-30_MQ2_4805,RICE019_NB_2019-08-30_MQ2_4805_length,Calipers to nearest mm,Length,NA,mm,NA,22,NA
RICE019_NB_2019-08-30_MQ2,RICE019_NB_2019-08-30_MQ2_4806,RICE019_NB_2019-08-30_MQ2_4806_length,Calipers to nearest mm,Length,NA,mm,NA,18,NA
RICE019_NB_2019-08-30_MQ2,RICE019_NB_2019-08-30_MQ2_4807,RICE019_NB_2019-08-30_MQ2_4807_length,Calipers to nearest mm,Length,NA,mm,NA,19,NA
RICE019_NB_2019-08-30_MQ2,RICE019_NB_2019-08-30_MQ2_4808,RICE019_NB_2019-08-30_MQ2_4808_length,Calipers to nearest mm,Length,NA,mm,NA,12,NA
RICE019_NB_2019-08-30_MQ2,RICE019_NB_2019-08-30_MQ2_4809,RICE019_NB_2019-08-30_MQ2_4809_length,Calipers to nearest mm,Length,NA,mm,NA,11,NA
RICE019_NB_2019-08-30_MQ2,RICE019_NB_2019-08-30_MQ2_4810,RICE019_NB_2019-08-30_MQ2_4810_length,Calipers to nearest mm,Length,NA,mm,NA,24,NA
RICE019_NB_2019-08-30_MQ2,RICE019_NB_2019-08-30_MQ2_4811,RICE019_NB_2019-08-30_MQ2_4811_length,Calipers to nearest mm,Length,NA,mm,NA,25,NA
RICE019_NB_2019-08-30_MQ2,RICE019_NB_2019-08-30_MQ2_4812,RICE019_NB_2019-08-30_MQ2_4812_length,Calipers to nearest mm,Length,NA,mm,NA,19,NA
RICE019_NB_2019-08-30_MQ2,RICE019_NB_2019-08-30_MQ2_4813,RICE019_NB_2019-08-30_MQ2_4813_length,Calipers to nearest mm,Length,NA,mm,NA,15,NA
RICE019_NB_2019-08-30_MQ2,RICE019_NB_2019-08-30_MQ2_4814,RICE019_NB_2019-08-30_MQ2_4814_length,Calipers to nearest mm,Length,NA,mm,NA,16,NA
RICE019_NB_2019-08-30_MQ2,RICE019_NB_2019-08-30_MQ2_4815,RICE019_NB_2019-08-30_MQ2_4815_length,Calipers to nearest mm,Length,NA,mm,NA,13,NA
RICE019_NB_2019-08-30_MQ2,RICE019_NB_2019-08-30_MQ2_4816,RICE019_NB_2019-08-30_MQ2_4816_length,Calipers to nearest mm,Length,NA,mm,NA,18,NA
RICE019_NB_2019-08-30_MQ2,RICE019_NB_2019-08-30_MQ2_4817,RICE019_NB_2019-08-30_MQ2_4817_length,Calipers to nearest mm,Length,NA,mm,NA,14,NA
RICE019_NB_2019-08-30_MQ3,RICE019_NB_2019-08-30_MQ3_4818,RICE019_NB_2019-08-30_MQ3_4818_length,Calipers to nearest mm,Length,NA,mm,NA,19,NA
RICE019_NB_2019-08-30_MQ3,RICE019_NB_2019-08-30_MQ3_4819,RICE019_NB_2019-08-30_MQ3_4819_length,Calipers to nearest mm,Length,NA,mm,NA,21,NA
RICE019_NB_2019-08-30_MQ3,RICE019_NB_2019-08-30_MQ3_4820,RICE019_NB_2019-08-30_MQ3_4820_length,Calipers to nearest mm,Length,NA,mm,NA,15,NA
RICE019_NB_2019-08-30_MQ3,RICE019_NB_2019-08-30_MQ3_4821,RICE019_NB_2019-08-30_MQ3_4821_length,Calipers to nearest mm,Length,NA,mm,NA,18,NA
RICE019_NB_2019-08-30_MQ3,RICE019_NB_2019-08-30_MQ3_4822,RICE019_NB_2019-08-30_MQ3_4822_length,Calipers to nearest mm,Length,NA,mm,NA,20,NA
RICE019_NB_2019-08-30_MQ3,RICE019_NB_2019-08-30_MQ3_4823,RICE019_NB_2019-08-30_MQ3_4823_length,Calipers to nearest mm,Length,NA,mm,NA,17,NA
RICE019_NB_2019-08-30_MQ3,RICE019_NB_2019-08-30_MQ3_4824,RICE019_NB_2019-08-30_MQ3_4824_length,Calipers to nearest mm,Length,NA,mm,NA,16,NA
RICE019_NB_2019-08-30_MQ3,RICE019_NB_2019-08-30_MQ3_4825,RICE019_NB_2019-08-30_MQ3_4825_length,Calipers to nearest mm,Length,NA,mm,NA,14,NA
RICE019_NB_2019-08-30_MQ4,RICE019_NB_2019-08-30_MQ4_4826,RICE019_NB_2019-08-30_MQ4_4826_length,Calipers to nearest mm,Length,NA,mm,NA,18,NA
RICE019_NB_2019-08-30_MQ4,RICE019_NB_2019-08-30_MQ4_4827,RICE019_NB_2019-08-30_MQ4_4827_length,Calipers to nearest mm,Length,NA,mm,NA,16,NA
RICE019_NB_2019-08-30_MQ4,RICE019_NB_2019-08-30_MQ4_4828,RICE019_NB_2019-08-30_MQ4_4828_length,Calipers to nearest mm,Length,NA,mm,NA,17,NA
RICE019_NB_2019-08-30_MQ4,RICE019_NB_2019-08-30_MQ4_4829,RICE019_NB_2019-08-30_MQ4_4829_length,Calipers to nearest mm,Length,NA,mm,NA,14,NA
RICE019_NB_2019-08-30_MQ4,RICE019_NB_2019-08-30_MQ4_4830,RICE019_NB_2019-08-30_MQ4_4830_length,Calipers to nearest mm,Length,NA,mm,NA,15,NA
RICE019_NB_2019-08-30_MQ5,RICE019_NB_2019-08-30_MQ5_4831,RICE019_NB_2019-08-30_MQ5_4831_length,Calipers to nearest mm,Length,NA,mm,NA,16,NA
RICE019_NB_2019-08-30_MQ5,RICE019_NB_2019-08-30_MQ5_4832,RICE019_NB_2019-08-30_MQ5_4832_length,Calipers to nearest mm,Length,NA,mm,NA,19,NA
RICE019_NB_2019-08-30_MQ5,RICE019_NB_2019-08-30_MQ5_4833,RICE019_NB_2019-08-30_MQ5_4833_length,Calipers to nearest mm,Length,NA,mm,NA,18,NA
RICE019_NB_2019-08-30_MQ5,RICE019_NB_2019-08-30_MQ5_4834,RICE019_NB_2019-08-30_MQ5_4834_length,Calipers to nearest mm,Length,NA,mm,NA,16,NA
RICE020_WB_2019-11-23_FQ3,RICE020_WB_2019-11-23_FQ3_4835,RICE020_WB_2019-11-23_FQ3_4835_length,Calipers to nearest mm,Length,NA,mm,NA,20,NA
RICE020_WB_2019-11-23_FQ3,RICE020_WB_2019-11-23_FQ3_4836,RICE020_WB_2019-11-23_FQ3_4836_length,Calipers to nearest mm,Length,NA,mm,NA,23,NA
RICE020_WB_2019-11-23_FQ3,RICE020_WB_2019-11-23_FQ3_4837,RICE020_WB_2019-11-23_FQ3_4837_length,Calipers to nearest mm,Length,NA,mm,NA,17,NA
RICE020_WB_2019-11-23_FQ3,RICE020_WB_2019-11-23_FQ3_4838,RICE020_WB_2019-11-23_FQ3_4838_length,Calipers to nearest mm,Length,NA,mm,NA,18,NA
RICE020_WB_2019-11-23_FQ3,RICE020_WB_2019-11-23_FQ3_4839,RICE020_WB_2019-11-23_FQ3_4839_length,Calipers to nearest mm,Length,NA,mm,NA,14,NA
RICE020_WB_2019-11-23_FQ3,RICE020_WB_2019-11-23_FQ3_4840,RICE020_WB_2019-11-23_FQ3_4840_length,Calipers to nearest mm,Length,NA,mm,NA,14,NA
RICE020_WB_2019-11-23_FQ3,RICE020_WB_2019-11-23_FQ3_4841,RICE020_WB_2019-11-23_FQ3_4841_length,Calipers to nearest mm,Length,NA,mm,NA,10,NA
RICE020_WB_2019-11-23_FQ3,RICE020_WB_2019-11-23_FQ3_4842,RICE020_WB_2019-11-23_FQ3_4842_length,Calipers to nearest mm,Length,NA,mm,NA,22,NA
RICE020_WB_2019-11-23_FQ3,RICE020_WB_2019-11-23_FQ3_4843,RICE020_WB_2019-11-23_FQ3_4843_length,Calipers to nearest mm,Length,NA,mm,NA,13,NA
RICE020_WB_2019-11-23_FQ3,RICE020_WB_2019-11-23_FQ3_4844,RICE020_WB_2019-11-23_FQ3_4844_length,Calipers to nearest mm,Length,NA,mm,NA,16,NA
RICE020_WB_2019-11-23_FQ3,RICE020_WB_2019-11-23_FQ3_4845,RICE020_WB_2019-11-23_FQ3_4845_length,Calipers to nearest mm,Length,NA,mm,NA,14,NA
RICE020_WB_2019-11-23_FQ3,RICE020_WB_2019-11-23_FQ3_4846,RICE020_WB_2019-11-23_FQ3_4846_length,Calipers to nearest mm,Length,NA,mm,NA,17,NA
RICE020_WB_2019-11-23_FQ3,RICE020_WB_2019-11-23_FQ3_4847,RICE020_WB_2019-11-23_FQ3_4847_length,Calipers to nearest mm,Length,NA,mm,NA,18,NA
RICE020_WB_2019-11-23_FQ4,RICE020_WB_2019-11-23_FQ4_4848,RICE020_WB_2019-11-23_FQ4_4848_length,Calipers to nearest mm,Length,NA,mm,NA,21,NA
RICE020_WB_2019-11-23_FQ4,RICE020_WB_2019-11-23_FQ4_4849,RICE020_WB_2019-11-23_FQ4_4849_length,Calipers to nearest mm,Length,NA,mm,NA,20,NA
RICE020_WB_2019-11-23_FQ4,RICE020_WB_2019-11-23_FQ4_4850,RICE020_WB_2019-11-23_FQ4_4850_length,Calipers to nearest mm,Length,NA,mm,NA,22,NA
RICE020_WB_2019-11-23_FQ4,RICE020_WB_2019-11-23_FQ4_4851,RICE020_WB_2019-11-23_FQ4_4851_length,Calipers to nearest mm,Length,NA,mm,NA,26,NA
RICE020_WB_2019-11-23_FQ4,RICE020_WB_2019-11-23_FQ4_4852,RICE020_WB_2019-11-23_FQ4_4852_length,Calipers to nearest mm,Length,NA,mm,NA,17,NA
RICE020_WB_2019-11-23_FQ4,RICE020_WB_2019-11-23_FQ4_4853,RICE020_WB_2019-11-23_FQ4_4853_length,Calipers to nearest mm,Length,NA,mm,NA,19,NA
RICE020_WB_2019-11-23_FQ4,RICE020_WB_2019-11-23_FQ4_4854,RICE020_WB_2019-11-23_FQ4_4854_length,Calipers to nearest mm,Length,NA,mm,NA,18,NA
RICE020_WB_2019-11-23_FQ4,RICE020_WB_2019-11-23_FQ4_4855,RICE020_WB_2019-11-23_FQ4_4855_length,Calipers to nearest mm,Length,NA,mm,NA,11,NA
RICE020_WB_2019-11-23_FQ5,RICE020_WB_2019-11-23_FQ5_4856,RICE020_WB_2019-11-23_FQ5_4856_length,Calipers to nearest mm,Length,NA,mm,NA,20,NA
RICE020_WB_2019-11-23_MQ1,RICE020_WB_2019-11-23_MQ1_4857,RICE020_WB_2019-11-23_MQ1_4857_length,Calipers to nearest mm,Length,NA,mm,NA,16,NA
RICE020_WB_2019-11-23_MQ1,RICE020_WB_2019-11-23_MQ1_4858,RICE020_WB_2019-11-23_MQ1_4858_length,Calipers to nearest mm,Length,NA,mm,NA,20,NA
RICE020_WB_2019-11-23_MQ1,RICE020_WB_2019-11-23_MQ1_4859,RICE020_WB_2019-11-23_MQ1_4859_length,Calipers to nearest mm,Length,NA,mm,NA,15,NA
RICE020_WB_2019-11-23_MQ1,RICE020_WB_2019-11-23_MQ1_4860,RICE020_WB_2019-11-23_MQ1_4860_length,Calipers to nearest mm,Length,NA,mm,NA,10,NA
RICE020_WB_2019-11-23_MQ1,RICE020_WB_2019-11-23_MQ1_4861,RICE020_WB_2019-11-23_MQ1_4861_length,Calipers to nearest mm,Length,NA,mm,NA,13,NA
RICE020_WB_2019-11-23_MQ1,RICE020_WB_2019-11-23_MQ1_4862,RICE020_WB_2019-11-23_MQ1_4862_length,Calipers to nearest mm,Length,NA,mm,NA,16,NA
RICE020_WB_2019-11-23_MQ1,RICE020_WB_2019-11-23_MQ1_4863,RICE020_WB_2019-11-23_MQ1_4863_length,Calipers to nearest mm,Length,NA,mm,NA,14,NA
RICE020_WB_2019-11-23_MQ1,RICE020_WB_2019-11-23_MQ1_4864,RICE020_WB_2019-11-23_MQ1_4864_length,Calipers to nearest mm,Length,NA,mm,NA,9,NA
RICE020_WB_2019-11-23_MQ1,RICE020_WB_2019-11-23_MQ1_4865,RICE020_WB_2019-11-23_MQ1_4865_length,Calipers to nearest mm,Length,NA,mm,NA,11,NA
RICE020_WB_2019-11-23_MQ2,RICE020_WB_2019-11-23_MQ2_4866,RICE020_WB_2019-11-23_MQ2_4866_length,Calipers to nearest mm,Length,NA,mm,NA,20,NA
RICE020_WB_2019-11-23_MQ2,RICE020_WB_2019-11-23_MQ2_4867,RICE020_WB_2019-11-23_MQ2_4867_length,Calipers to nearest mm,Length,NA,mm,NA,16,NA
RICE020_WB_2019-11-23_MQ2,RICE020_WB_2019-11-23_MQ2_4868,RICE020_WB_2019-11-23_MQ2_4868_length,Calipers to nearest mm,Length,NA,mm,NA,18,NA
RICE020_WB_2019-11-23_MQ2,RICE020_WB_2019-11-23_MQ2_4869,RICE020_WB_2019-11-23_MQ2_4869_length,Calipers to nearest mm,Length,NA,mm,NA,21,NA
RICE020_WB_2019-11-23_MQ2,RICE020_WB_2019-11-23_MQ2_4870,RICE020_WB_2019-11-23_MQ2_4870_length,Calipers to nearest mm,Length,NA,mm,NA,22,NA
RICE020_WB_2019-11-23_MQ2,RICE020_WB_2019-11-23_MQ2_4871,RICE020_WB_2019-11-23_MQ2_4871_length,Calipers to nearest mm,Length,NA,mm,NA,17,NA
RICE020_WB_2019-11-23_MQ2,RICE020_WB_2019-11-23_MQ2_4872,RICE020_WB_2019-11-23_MQ2_4872_length,Calipers to nearest mm,Length,NA,mm,NA,12,NA
RICE020_WB_2019-11-23_MQ2,RICE020_WB_2019-11-23_MQ2_4873,RICE020_WB_2019-11-23_MQ2_4873_length,Calipers to nearest mm,Length,NA,mm,NA,15,NA
RICE020_WB_2019-11-23_MQ2,RICE020_WB_2019-11-23_MQ2_4874,RICE020_WB_2019-11-23_MQ2_4874_length,Calipers to nearest mm,Length,NA,mm,NA,11,NA
RICE020_WB_2019-11-23_MQ3,RICE020_WB_2019-11-23_MQ3_4875,RICE020_WB_2019-11-23_MQ3_4875_length,Calipers to nearest mm,Length,NA,mm,NA,11,NA
RICE020_WB_2019-11-23_MQ3,RICE020_WB_2019-11-23_MQ3_4876,RICE020_WB_2019-11-23_MQ3_4876_length,Calipers to nearest mm,Length,NA,mm,NA,15,NA
RICE020_WB_2019-11-23_MQ3,RICE020_WB_2019-11-23_MQ3_4877,RICE020_WB_2019-11-23_MQ3_4877_length,Calipers to nearest mm,Length,NA,mm,NA,16,NA
RICE020_WB_2019-11-23_MQ3,RICE020_WB_2019-11-23_MQ3_4878,RICE020_WB_2019-11-23_MQ3_4878_length,Calipers to nearest mm,Length,NA,mm,NA,14,NA
RICE020_WB_2019-11-23_MQ3,RICE020_WB_2019-11-23_MQ3_4879,RICE020_WB_2019-11-23_MQ3_4879_length,Calipers to nearest mm,Length,NA,mm,NA,18,NA
RICE020_WB_2019-11-23_MQ3,RICE020_WB_2019-11-23_MQ3_4880,RICE020_WB_2019-11-23_MQ3_4880_length,Calipers to nearest mm,Length,NA,mm,NA,10,NA
RICE020_WB_2019-11-23_MQ3,RICE020_WB_2019-11-23_MQ3_4881,RICE020_WB_2019-11-23_MQ3_4881_length,Calipers to nearest mm,Length,NA,mm,NA,12,NA
RICE020_WB_2019-11-23_MQ3,RICE020_WB_2019-11-23_MQ3_4882,RICE020_WB_2019-11-23_MQ3_4882_length,Calipers to nearest mm,Length,NA,mm,NA,10,NA
RICE020_WB_2019-11-23_MQ3,RICE020_WB_2019-11-23_MQ3_4883,RICE020_WB_2019-11-23_MQ3_4883_length,Calipers to nearest mm,Length,NA,mm,NA,13,NA
RICE020_WB_2019-11-23_MQ4,RICE020_WB_2019-11-23_MQ4_4884,RICE020_WB_2019-11-23_MQ4_4884_length,Calipers to nearest mm,Length,NA,mm,NA,16,NA
RICE020_WB_2019-11-23_MQ4,RICE020_WB_2019-11-23_MQ4_4885,RICE020_WB_2019-11-23_MQ4_4885_length,Calipers to nearest mm,Length,NA,mm,NA,17,NA
RICE020_WB_2019-11-23_MQ4,RICE020_WB_2019-11-23_MQ4_4886,RICE020_WB_2019-11-23_MQ4_4886_length,Calipers to nearest mm,Length,NA,mm,NA,15,NA
RICE020_WB_2019-11-23_MQ4,RICE020_WB_2019-11-23_MQ4_4887,RICE020_WB_2019-11-23_MQ4_4887_length,Calipers to nearest mm,Length,NA,mm,NA,18,NA
RICE020_WB_2019-11-23_MQ4,RICE020_WB_2019-11-23_MQ4_4888,RICE020_WB_2019-11-23_MQ4_4888_length,Calipers to nearest mm,Length,NA,mm,NA,19,NA
RICE020_WB_2019-11-23_MQ4,RICE020_WB_2019-11-23_MQ4_4889,RICE020_WB_2019-11-23_MQ4_4889_length,Calipers to nearest mm,Length,NA,mm,NA,15,NA
RICE020_WB_2019-11-23_MQ5,RICE020_WB_2019-11-23_MQ5_4890,RICE020_WB_2019-11-23_MQ5_4890_length,Calipers to nearest mm,Length,NA,mm,NA,16,NA
RICE020_WB_2019-11-23_MQ5,RICE020_WB_2019-11-23_MQ5_4891,RICE020_WB_2019-11-23_MQ5_4891_length,Calipers to nearest mm,Length,NA,mm,NA,13,NA
RICE020_WB_2019-11-23_MQ5,RICE020_WB_2019-11-23_MQ5_4892,RICE020_WB_2019-11-23_MQ5_4892_length,Calipers to nearest mm,Length,NA,mm,NA,17,NA
RICE020_WB_2019-11-23_MQ5,RICE020_WB_2019-11-23_MQ5_4893,RICE020_WB_2019-11-23_MQ5_4893_length,Calipers to nearest mm,Length,NA,mm,NA,18,NA
RICE020_WB_2019-11-23_MQ5,RICE020_WB_2019-11-23_MQ5_4894,RICE020_WB_2019-11-23_MQ5_4894_length,Calipers to nearest mm,Length,NA,mm,NA,12,NA
RICE020_WB_2019-11-23_MQ5,RICE020_WB_2019-11-23_MQ5_4895,RICE020_WB_2019-11-23_MQ5_4895_length,Calipers to nearest mm,Length,NA,mm,NA,13,NA
RICE020_NB_2019-11-24_FQ1,RICE020_NB_2019-11-24_FQ1_4896,RICE020_NB_2019-11-24_FQ1_4896_length,Calipers to nearest mm,Length,NA,mm,NA,13,NA
RICE020_NB_2019-11-24_FQ1,RICE020_NB_2019-11-24_FQ1_4897,RICE020_NB_2019-11-24_FQ1_4897_length,Calipers to nearest mm,Length,NA,mm,NA,18,NA
RICE020_NB_2019-11-24_FQ1,RICE020_NB_2019-11-24_FQ1_4898,RICE020_NB_2019-11-24_FQ1_4898_length,Calipers to nearest mm,Length,NA,mm,NA,16,NA
RICE020_NB_2019-11-24_FQ2,RICE020_NB_2019-11-24_FQ2_4899,RICE020_NB_2019-11-24_FQ2_4899_length,Calipers to nearest mm,Length,NA,mm,NA,16,NA
RICE020_NB_2019-11-24_FQ5,RICE020_NB_2019-11-24_FQ5_4900,RICE020_NB_2019-11-24_FQ5_4900_length,Calipers to nearest mm,Length,NA,mm,NA,5,NA
RICE020_NB_2019-11-24_FQ5,RICE020_NB_2019-11-24_FQ5_4901,RICE020_NB_2019-11-24_FQ5_4901_length,Calipers to nearest mm,Length,NA,mm,NA,20,NA
RICE020_NB_2019-11-26_MQ1,RICE020_NB_2019-11-26_MQ1_4902,RICE020_NB_2019-11-26_MQ1_4902_length,Calipers to nearest mm,Length,NA,mm,NA,15,NA
RICE020_NB_2019-11-26_MQ1,RICE020_NB_2019-11-26_MQ1_4903,RICE020_NB_2019-11-26_MQ1_4903_length,Calipers to nearest mm,Length,NA,mm,NA,16,NA
RICE020_NB_2019-11-26_MQ2,RICE020_NB_2019-11-26_MQ2_4904,RICE020_NB_2019-11-26_MQ2_4904_length,Calipers to nearest mm,Length,NA,mm,NA,18,NA
RICE020_NB_2019-11-26_MQ2,RICE020_NB_2019-11-26_MQ2_4905,RICE020_NB_2019-11-26_MQ2_4905_length,Calipers to nearest mm,Length,NA,mm,NA,16,NA
RICE020_NB_2019-11-26_MQ2,RICE020_NB_2019-11-26_MQ2_4906,RICE020_NB_2019-11-26_MQ2_4906_length,Calipers to nearest mm,Length,NA,mm,NA,22,NA
RICE020_NB_2019-11-26_MQ2,RICE020_NB_2019-11-26_MQ2_4907,RICE020_NB_2019-11-26_MQ2_4907_length,Calipers to nearest mm,Length,NA,mm,NA,23,NA
RICE020_NB_2019-11-26_MQ2,RICE020_NB_2019-11-26_MQ2_4908,RICE020_NB_2019-11-26_MQ2_4908_length,Calipers to nearest mm,Length,NA,mm,NA,20,NA
RICE020_NB_2019-11-26_MQ2,RICE020_NB_2019-11-26_MQ2_4909,RICE020_NB_2019-11-26_MQ2_4909_length,Calipers to nearest mm,Length,NA,mm,NA,14,NA
RICE020_NB_2019-11-26_MQ2,RICE020_NB_2019-11-26_MQ2_4910,RICE020_NB_2019-11-26_MQ2_4910_length,Calipers to nearest mm,Length,NA,mm,NA,17,NA
RICE020_NB_2019-11-26_MQ2,RICE020_NB_2019-11-26_MQ2_4911,RICE020_NB_2019-11-26_MQ2_4911_length,Calipers to nearest mm,Length,NA,mm,NA,18,NA
RICE020_NB_2019-11-26_MQ2,RICE020_NB_2019-11-26_MQ2_4912,RICE020_NB_2019-11-26_MQ2_4912_length,Calipers to nearest mm,Length,NA,mm,NA,15,NA
RICE020_NB_2019-11-26_MQ2,RICE020_NB_2019-11-26_MQ2_4913,RICE020_NB_2019-11-26_MQ2_4913_length,Calipers to nearest mm,Length,NA,mm,NA,16,NA
RICE020_NB_2019-11-26_MQ4,RICE020_NB_2019-11-26_MQ4_4914,RICE020_NB_2019-11-26_MQ4_4914_length,Calipers to nearest mm,Length,NA,mm,NA,20,NA
RICE020_NB_2019-11-26_MQ4,RICE020_NB_2019-11-26_MQ4_4915,RICE020_NB_2019-11-26_MQ4_4915_length,Calipers to nearest mm,Length,NA,mm,NA,15,NA
RICE020_NB_2019-11-26_MQ4,RICE020_NB_2019-11-26_MQ4_4916,RICE020_NB_2019-11-26_MQ4_4916_length,Calipers to nearest mm,Length,NA,mm,NA,14,NA
RICE020_FB_2019-11-27_FQ4,RICE020_FB_2019-11-27_FQ4_4917,RICE020_FB_2019-11-27_FQ4_4917_length,Calipers to nearest mm,Length,NA,mm,NA,24,NA
RICE020_FB_2019-11-27_MQ1,RICE020_FB_2019-11-27_MQ1_4918,RICE020_FB_2019-11-27_MQ1_4918_length,Calipers to nearest mm,Length,NA,mm,NA,10,NA
RICE020_FB_2019-11-27_MQ1,RICE020_FB_2019-11-27_MQ1_4919,RICE020_FB_2019-11-27_MQ1_4919_length,Calipers to nearest mm,Length,NA,mm,NA,12,NA
RICE020_FB_2019-11-27_MQ1,RICE020_FB_2019-11-27_MQ1_4920,RICE020_FB_2019-11-27_MQ1_4920_length,Calipers to nearest mm,Length,NA,mm,NA,11,NA
RICE020_FB_2019-11-27_MQ1,RICE020_FB_2019-11-27_MQ1_4921,RICE020_FB_2019-11-27_MQ1_4921_length,Calipers to nearest mm,Length,NA,mm,NA,10,NA
RICE020_FB_2019-11-27_MQ1,RICE020_FB_2019-11-27_MQ1_4922,RICE020_FB_2019-11-27_MQ1_4922_length,Calipers to nearest mm,Length,NA,mm,NA,13,NA
RICE020_FB_2019-11-27_MQ2,RICE020_FB_2019-11-27_MQ2_4923,RICE020_FB_2019-11-27_MQ2_4923_length,Calipers to nearest mm,Length,NA,mm,NA,11,NA
RICE021_NB_2020-02-09_FQ2,RICE021_NB_2020-02-09_FQ2_4924,RICE021_NB_2020-02-09_FQ2_4924_length,Calipers to nearest mm,Length,NA,mm,NA,2,NA
RICE021_NB_2020-02-09_FQ3,RICE021_NB_2020-02-09_FQ3_4925,RICE021_NB_2020-02-09_FQ3_4925_length,Calipers to nearest mm,Length,NA,mm,NA,4,NA
RICE021_NB_2020-02-09_FQ5,RICE021_NB_2020-02-09_FQ5_4926,RICE021_NB_2020-02-09_FQ5_4926_length,Calipers to nearest mm,Length,NA,mm,NA,32,NA
RICE021_NB_2020-02-09_MQ2,RICE021_NB_2020-02-09_MQ2_4927,RICE021_NB_2020-02-09_MQ2_4927_length,Calipers to nearest mm,Length,NA,mm,NA,15,NA
RICE021_NB_2020-02-09_MQ2,RICE021_NB_2020-02-09_MQ2_4928,RICE021_NB_2020-02-09_MQ2_4928_length,Calipers to nearest mm,Length,NA,mm,NA,20,NA
RICE021_NB_2020-02-09_MQ4,RICE021_NB_2020-02-09_MQ4_4929,RICE021_NB_2020-02-09_MQ4_4929_length,Calipers to nearest mm,Length,NA,mm,NA,10,NA
RICE021_FB_2020-02-10_MQ1,RICE021_FB_2020-02-10_MQ1_4930,RICE021_FB_2020-02-10_MQ1_4930_length,Calipers to nearest mm,Length,NA,mm,NA,6,NA
RICE021_FB_2020-02-10_MQ1,RICE021_FB_2020-02-10_MQ1_4931,RICE021_FB_2020-02-10_MQ1_4931_length,Calipers to nearest mm,Length,NA,mm,NA,10,NA
RICE021_FB_2020-02-10_MQ1,RICE021_FB_2020-02-10_MQ1_4932,RICE021_FB_2020-02-10_MQ1_4932_length,Calipers to nearest mm,Length,NA,mm,NA,11,NA
RICE021_FB_2020-02-10_MQ1,RICE021_FB_2020-02-10_MQ1_4933,RICE021_FB_2020-02-10_MQ1_4933_length,Calipers to nearest mm,Length,NA,mm,NA,7,NA
RICE021_FB_2020-02-10_MQ1,RICE021_FB_2020-02-10_MQ1_4934,RICE021_FB_2020-02-10_MQ1_4934_length,Calipers to nearest mm,Length,NA,mm,NA,9,NA
RICE021_FB_2020-02-10_MQ1,RICE021_FB_2020-02-10_MQ1_4935,RICE021_FB_2020-02-10_MQ1_4935_length,Calipers to nearest mm,Length,NA,mm,NA,8,NA
RICE021_FB_2020-02-10_MQ3,RICE021_FB_2020-02-10_MQ3_4936,RICE021_FB_2020-02-10_MQ3_4936_length,Calipers to nearest mm,Length,NA,mm,NA,16,NA
RICE021_FB_2020-02-10_MQ3,RICE021_FB_2020-02-10_MQ3_4937,RICE021_FB_2020-02-10_MQ3_4937_length,Calipers to nearest mm,Length,NA,mm,NA,9,NA
RICE021_FB_2020-02-10_MQ3,RICE021_FB_2020-02-10_MQ3_4938,RICE021_FB_2020-02-10_MQ3_4938_length,Calipers to nearest mm,Length,NA,mm,NA,7,NA
RICE021_FB_2020-02-10_MQ3,RICE021_FB_2020-02-10_MQ3_4939,RICE021_FB_2020-02-10_MQ3_4939_length,Calipers to nearest mm,Length,NA,mm,NA,8,NA
RICE021_WB_2020-02-11_FQ3,RICE021_WB_2020-02-11_FQ3_4940,RICE021_WB_2020-02-11_FQ3_4940_length,Calipers to nearest mm,Length,NA,mm,NA,21,NA
RICE021_WB_2020-02-11_FQ3,RICE021_WB_2020-02-11_FQ3_4941,RICE021_WB_2020-02-11_FQ3_4941_length,Calipers to nearest mm,Length,NA,mm,NA,15,NA
RICE021_WB_2020-02-11_FQ3,RICE021_WB_2020-02-11_FQ3_4942,RICE021_WB_2020-02-11_FQ3_4942_length,Calipers to nearest mm,Length,NA,mm,NA,17,NA
RICE021_WB_2020-02-11_FQ3,RICE021_WB_2020-02-11_FQ3_4943,RICE021_WB_2020-02-11_FQ3_4943_length,Calipers to nearest mm,Length,NA,mm,NA,19,NA
RICE021_WB_2020-02-11_FQ3,RICE021_WB_2020-02-11_FQ3_4944,RICE021_WB_2020-02-11_FQ3_4944_length,Calipers to nearest mm,Length,NA,mm,NA,18,NA
RICE021_WB_2020-02-11_FQ3,RICE021_WB_2020-02-11_FQ3_4945,RICE021_WB_2020-02-11_FQ3_4945_length,Calipers to nearest mm,Length,NA,mm,NA,14,NA
RICE021_WB_2020-02-11_FQ3,RICE021_WB_2020-02-11_FQ3_4946,RICE021_WB_2020-02-11_FQ3_4946_length,Calipers to nearest mm,Length,NA,mm,NA,16,NA
RICE021_WB_2020-02-11_FQ3,RICE021_WB_2020-02-11_FQ3_4947,RICE021_WB_2020-02-11_FQ3_4947_length,Calipers to nearest mm,Length,NA,mm,NA,20,NA
RICE021_WB_2020-02-11_FQ3,RICE021_WB_2020-02-11_FQ3_4948,RICE021_WB_2020-02-11_FQ3_4948_length,Calipers to nearest mm,Length,NA,mm,NA,19,NA
RICE021_WB_2020-02-11_FQ3,RICE021_WB_2020-02-11_FQ3_4949,RICE021_WB_2020-02-11_FQ3_4949_length,Calipers to nearest mm,Length,NA,mm,NA,17,NA
RICE021_WB_2020-02-11_FQ3,RICE021_WB_2020-02-11_FQ3_4950,RICE021_WB_2020-02-11_FQ3_4950_length,Calipers to nearest mm,Length,NA,mm,NA,15,NA
RICE021_WB_2020-02-11_FQ4,RICE021_WB_2020-02-11_FQ4_4951,RICE021_WB_2020-02-11_FQ4_4951_length,Calipers to nearest mm,Length,NA,mm,NA,17,NA
RICE021_WB_2020-02-11_FQ4,RICE021_WB_2020-02-11_FQ4_4952,RICE021_WB_2020-02-11_FQ4_4952_length,Calipers to nearest mm,Length,NA,mm,NA,19,NA
RICE021_WB_2020-02-11_FQ4,RICE021_WB_2020-02-11_FQ4_4953,RICE021_WB_2020-02-11_FQ4_4953_length,Calipers to nearest mm,Length,NA,mm,NA,18,NA
RICE021_WB_2020-02-11_FQ4,RICE021_WB_2020-02-11_FQ4_4954,RICE021_WB_2020-02-11_FQ4_4954_length,Calipers to nearest mm,Length,NA,mm,NA,21,NA
RICE021_WB_2020-02-11_FQ4,RICE021_WB_2020-02-11_FQ4_4955,RICE021_WB_2020-02-11_FQ4_4955_length,Calipers to nearest mm,Length,NA,mm,NA,20,NA
RICE021_WB_2020-02-11_MQ1,RICE021_WB_2020-02-11_MQ1_4956,RICE021_WB_2020-02-11_MQ1_4956_length,Calipers to nearest mm,Length,NA,mm,NA,18,NA
RICE021_WB_2020-02-11_MQ2,RICE021_WB_2020-02-11_MQ2_4957,RICE021_WB_2020-02-11_MQ2_4957_length,Calipers to nearest mm,Length,NA,mm,NA,20,NA
RICE021_WB_2020-02-11_MQ2,RICE021_WB_2020-02-11_MQ2_4958,RICE021_WB_2020-02-11_MQ2_4958_length,Calipers to nearest mm,Length,NA,mm,NA,17,NA
RICE021_WB_2020-02-11_MQ2,RICE021_WB_2020-02-11_MQ2_4959,RICE021_WB_2020-02-11_MQ2_4959_length,Calipers to nearest mm,Length,NA,mm,NA,15,NA
RICE021_WB_2020-02-11_MQ2,RICE021_WB_2020-02-11_MQ2_4960,RICE021_WB_2020-02-11_MQ2_4960_length,Calipers to nearest mm,Length,NA,mm,NA,14,NA
RICE021_WB_2020-02-11_MQ2,RICE021_WB_2020-02-11_MQ2_4961,RICE021_WB_2020-02-11_MQ2_4961_length,Calipers to nearest mm,Length,NA,mm,NA,12,NA
RICE021_WB_2020-02-11_MQ3,RICE021_WB_2020-02-11_MQ3_4962,RICE021_WB_2020-02-11_MQ3_4962_length,Calipers to nearest mm,Length,NA,mm,NA,15,NA
RICE021_WB_2020-02-11_MQ3,RICE021_WB_2020-02-11_MQ3_4963,RICE021_WB_2020-02-11_MQ3_4963_length,Calipers to nearest mm,Length,NA,mm,NA,10,NA
RICE021_WB_2020-02-11_MQ3,RICE021_WB_2020-02-11_MQ3_4964,RICE021_WB_2020-02-11_MQ3_4964_length,Calipers to nearest mm,Length,NA,mm,NA,14,NA
RICE021_WB_2020-02-11_MQ4,RICE021_WB_2020-02-11_MQ4_4965,RICE021_WB_2020-02-11_MQ4_4965_length,Calipers to nearest mm,Length,NA,mm,NA,15,NA
RICE021_WB_2020-02-11_MQ5,RICE021_WB_2020-02-11_MQ5_4966,RICE021_WB_2020-02-11_MQ5_4966_length,Calipers to nearest mm,Length,NA,mm,NA,17,NA
RICE022_NB_2020-06-03_MQ1,RICE022_NB_2020-06-03_MQ1_4967,RICE022_NB_2020-06-03_MQ1_4967_length,Calipers to nearest mm,Length,NA,mm,NA,21,NA
RICE022_NB_2020-06-03_MQ1,RICE022_NB_2020-06-03_MQ1_4968,RICE022_NB_2020-06-03_MQ1_4968_length,Calipers to nearest mm,Length,NA,mm,NA,13,NA
RICE022_NB_2020-06-03_MQ2,RICE022_NB_2020-06-03_MQ2_4969,RICE022_NB_2020-06-03_MQ2_4969_length,Calipers to nearest mm,Length,NA,mm,NA,15,NA
RICE022_NB_2020-06-03_MQ2,RICE022_NB_2020-06-03_MQ2_4970,RICE022_NB_2020-06-03_MQ2_4970_length,Calipers to nearest mm,Length,NA,mm,NA,14,NA
RICE022_NB_2020-06-03_MQ2,RICE022_NB_2020-06-03_MQ2_4971,RICE022_NB_2020-06-03_MQ2_4971_length,Calipers to nearest mm,Length,NA,mm,NA,20,NA
RICE022_NB_2020-06-03_MQ2,RICE022_NB_2020-06-03_MQ2_4972,RICE022_NB_2020-06-03_MQ2_4972_length,Calipers to nearest mm,Length,NA,mm,NA,10,NA
RICE022_NB_2020-06-03_MQ4,RICE022_NB_2020-06-03_MQ4_4973,RICE022_NB_2020-06-03_MQ4_4973_length,Calipers to nearest mm,Length,NA,mm,NA,17,NA
RICE022_NB_2020-06-03_MQ4,RICE022_NB_2020-06-03_MQ4_4974,RICE022_NB_2020-06-03_MQ4_4974_length,Calipers to nearest mm,Length,NA,mm,NA,18,NA
RICE022_NB_2020-06-03_MQ4,RICE022_NB_2020-06-03_MQ4_4975,RICE022_NB_2020-06-03_MQ4_4975_length,Calipers to nearest mm,Length,NA,mm,NA,13,NA
RICE022_NB_2020-06-03_MQ4,RICE022_NB_2020-06-03_MQ4_4976,RICE022_NB_2020-06-03_MQ4_4976_length,Calipers to nearest mm,Length,NA,mm,NA,15,NA
RICE022_NB_2020-06-03_MQ4,RICE022_NB_2020-06-03_MQ4_4977,RICE022_NB_2020-06-03_MQ4_4977_length,Calipers to nearest mm,Length,NA,mm,NA,16,NA
RICE022_NB_2020-06-03_MQ4,RICE022_NB_2020-06-03_MQ4_4978,RICE022_NB_2020-06-03_MQ4_4978_length,Calipers to nearest mm,Length,NA,mm,NA,14,NA
RICE022_NB_2020-06-03_MQ4,RICE022_NB_2020-06-03_MQ4_4979,RICE022_NB_2020-06-03_MQ4_4979_length,Calipers to nearest mm,Length,NA,mm,NA,10,NA
RICE022_NB_2020-06-03_MQ5,RICE022_NB_2020-06-03_MQ5_4980,RICE022_NB_2020-06-03_MQ5_4980_length,Calipers to nearest mm,Length,NA,mm,NA,21,NA
RICE022_NB_2020-06-04_FQ1,RICE022_NB_2020-06-04_FQ1_4981,RICE022_NB_2020-06-04_FQ1_4981_length,Calipers to nearest mm,Length,NA,mm,NA,17,NA
RICE022_NB_2020-06-04_FQ1,RICE022_NB_2020-06-04_FQ1_4982,RICE022_NB_2020-06-04_FQ1_4982_length,Calipers to nearest mm,Length,NA,mm,NA,19,NA
RICE022_NB_2020-06-04_FQ1,RICE022_NB_2020-06-04_FQ1_4983,RICE022_NB_2020-06-04_FQ1_4983_length,Calipers to nearest mm,Length,NA,mm,NA,15,NA
RICE022_NB_2020-06-04_FQ1,RICE022_NB_2020-06-04_FQ1_4984,RICE022_NB_2020-06-04_FQ1_4984_length,Calipers to nearest mm,Length,NA,mm,NA,13,NA
RICE022_NB_2020-06-04_FQ1,RICE022_NB_2020-06-04_FQ1_4985,RICE022_NB_2020-06-04_FQ1_4985_length,Calipers to nearest mm,Length,NA,mm,NA,13,NA
RICE022_NB_2020-06-04_FQ2,RICE022_NB_2020-06-04_FQ2_4986,RICE022_NB_2020-06-04_FQ2_4986_length,Calipers to nearest mm,Length,NA,mm,NA,20,NA
RICE022_NB_2020-06-04_FQ3,RICE022_NB_2020-06-04_FQ3_4987,RICE022_NB_2020-06-04_FQ3_4987_length,Calipers to nearest mm,Length,NA,mm,NA,10,NA
RICE022_NB_2020-06-04_FQ4,RICE022_NB_2020-06-04_FQ4_4988,RICE022_NB_2020-06-04_FQ4_4988_length,Calipers to nearest mm,Length,NA,mm,NA,63,NA
RICE022_NB_2020-06-04_FQ5,RICE022_NB_2020-06-04_FQ5_4989,RICE022_NB_2020-06-04_FQ5_4989_length,Calipers to nearest mm,Length,NA,mm,NA,46,NA
RICE022_NB_2020-06-04_FQ5,RICE022_NB_2020-06-04_FQ5_4990,RICE022_NB_2020-06-04_FQ5_4990_length,Calipers to nearest mm,Length,NA,mm,NA,42,NA
RICE022_NB_2020-06-04_FQ5,RICE022_NB_2020-06-04_FQ5_4991,RICE022_NB_2020-06-04_FQ5_4991_length,Calipers to nearest mm,Length,NA,mm,NA,15,NA
RICE022_NB_2020-06-04_FQ5,RICE022_NB_2020-06-04_FQ5_4992,RICE022_NB_2020-06-04_FQ5_4992_length,Calipers to nearest mm,Length,NA,mm,NA,25,NA
RICE022_NB_2020-06-04_FQ5,RICE022_NB_2020-06-04_FQ5_4993,RICE022_NB_2020-06-04_FQ5_4993_length,Calipers to nearest mm,Length,NA,mm,NA,25,NA
RICE022_NB_2020-06-04_FQ5,RICE022_NB_2020-06-04_FQ5_4994,RICE022_NB_2020-06-04_FQ5_4994_length,Calipers to nearest mm,Length,NA,mm,NA,40,NA
RICE022_WB_2020-06-05_FQ1,RICE022_WB_2020-06-05_FQ1_4995,RICE022_WB_2020-06-05_FQ1_4995_length,Calipers to nearest mm,Length,NA,mm,NA,11,NA
RICE022_WB_2020-06-05_FQ1,RICE022_WB_2020-06-05_FQ1_4996,RICE022_WB_2020-06-05_FQ1_4996_length,Calipers to nearest mm,Length,NA,mm,NA,3,NA
RICE022_WB_2020-06-05_FQ2,RICE022_WB_2020-06-05_FQ2_4997,RICE022_WB_2020-06-05_FQ2_4997_length,Calipers to nearest mm,Length,NA,mm,NA,19,NA
RICE022_WB_2020-06-05_FQ2,RICE022_WB_2020-06-05_FQ2_4998,RICE022_WB_2020-06-05_FQ2_4998_length,Calipers to nearest mm,Length,NA,mm,NA,8,NA
RICE022_WB_2020-06-05_FQ2,RICE022_WB_2020-06-05_FQ2_4999,RICE022_WB_2020-06-05_FQ2_4999_length,Calipers to nearest mm,Length,NA,mm,NA,9,NA
RICE022_WB_2020-06-05_FQ2,RICE022_WB_2020-06-05_FQ2_5000,RICE022_WB_2020-06-05_FQ2_5000_length,Calipers to nearest mm,Length,NA,mm,NA,17,NA
RICE022_WB_2020-06-05_FQ3,RICE022_WB_2020-06-05_FQ3_5001,RICE022_WB_2020-06-05_FQ3_5001_length,Calipers to nearest mm,Length,NA,mm,NA,18,NA
RICE022_WB_2020-06-05_FQ3,RICE022_WB_2020-06-05_FQ3_5002,RICE022_WB_2020-06-05_FQ3_5002_length,Calipers to nearest mm,Length,NA,mm,NA,17,NA
RICE022_WB_2020-06-05_FQ3,RICE022_WB_2020-06-05_FQ3_5003,RICE022_WB_2020-06-05_FQ3_5003_length,Calipers to nearest mm,Length,NA,mm,NA,17,NA
RICE022_WB_2020-06-05_FQ3,RICE022_WB_2020-06-05_FQ3_5004,RICE022_WB_2020-06-05_FQ3_5004_length,Calipers to nearest mm,Length,NA,mm,NA,18,NA
RICE022_WB_2020-06-05_BQ1,RICE022_WB_2020-06-05_BQ1_5005,RICE022_WB_2020-06-05_BQ1_5005_length,Calipers to nearest mm,Length,NA,mm,NA,2,NA
RICE022_WB_2020-06-05_BQ1,RICE022_WB_2020-06-05_BQ1_5006,RICE022_WB_2020-06-05_BQ1_5006_length,Calipers to nearest mm,Length,NA,mm,NA,3,NA
RICE022_WB_2020-06-05_BQ4,RICE022_WB_2020-06-05_BQ4_5007,RICE022_WB_2020-06-05_BQ4_5007_length,Calipers to nearest mm,Length,NA,mm,NA,9,NA
RICE022_WB_2020-06-05_BQ5,RICE022_WB_2020-06-05_BQ5_5008,RICE022_WB_2020-06-05_BQ5_5008_length,Calipers to nearest mm,Length,NA,mm,NA,12,NA
RICE022_WB_2020-06-05_MQ1,RICE022_WB_2020-06-05_MQ1_5009,RICE022_WB_2020-06-05_MQ1_5009_length,Calipers to nearest mm,Length,NA,mm,NA,16,NA
RICE022_WB_2020-06-05_MQ1,RICE022_WB_2020-06-05_MQ1_5010,RICE022_WB_2020-06-05_MQ1_5010_length,Calipers to nearest mm,Length,NA,mm,NA,18,NA
RICE022_WB_2020-06-05_MQ1,RICE022_WB_2020-06-05_MQ1_5011,RICE022_WB_2020-06-05_MQ1_5011_length,Calipers to nearest mm,Length,NA,mm,NA,21,NA
RICE022_WB_2020-06-05_MQ1,RICE022_WB_2020-06-05_MQ1_5012,RICE022_WB_2020-06-05_MQ1_5012_length,Calipers to nearest mm,Length,NA,mm,NA,15,NA
RICE022_WB_2020-06-05_MQ1,RICE022_WB_2020-06-05_MQ1_5013,RICE022_WB_2020-06-05_MQ1_5013_length,Calipers to nearest mm,Length,NA,mm,NA,10,NA
RICE022_WB_2020-06-05_MQ2,RICE022_WB_2020-06-05_MQ2_5014,RICE022_WB_2020-06-05_MQ2_5014_length,Calipers to nearest mm,Length,NA,mm,NA,17,NA
RICE022_WB_2020-06-05_MQ2,RICE022_WB_2020-06-05_MQ2_5015,RICE022_WB_2020-06-05_MQ2_5015_length,Calipers to nearest mm,Length,NA,mm,NA,16,NA
RICE022_WB_2020-06-05_MQ2,RICE022_WB_2020-06-05_MQ2_5016,RICE022_WB_2020-06-05_MQ2_5016_length,Calipers to nearest mm,Length,NA,mm,NA,19,NA
RICE022_WB_2020-06-05_MQ3,RICE022_WB_2020-06-05_MQ3_5017,RICE022_WB_2020-06-05_MQ3_5017_length,Calipers to nearest mm,Length,NA,mm,NA,15,NA
RICE022_WB_2020-06-05_MQ3,RICE022_WB_2020-06-05_MQ3_5018,RICE022_WB_2020-06-05_MQ3_5018_length,Calipers to nearest mm,Length,NA,mm,NA,16,NA
RICE022_WB_2020-06-05_MQ3,RICE022_WB_2020-06-05_MQ3_5019,RICE022_WB_2020-06-05_MQ3_5019_length,Calipers to nearest mm,Length,NA,mm,NA,13,NA
RICE022_WB_2020-06-05_MQ3,RICE022_WB_2020-06-05_MQ3_5020,RICE022_WB_2020-06-05_MQ3_5020_length,Calipers to nearest mm,Length,NA,mm,NA,14,NA
RICE022_WB_2020-06-05_MQ3,RICE022_WB_2020-06-05_MQ3_5021,RICE022_WB_2020-06-05_MQ3_5021_length,Calipers to nearest mm,Length,NA,mm,NA,15,NA
RICE022_WB_2020-06-05_MQ3,RICE022_WB_2020-06-05_MQ3_5022,RICE022_WB_2020-06-05_MQ3_5022_length,Calipers to nearest mm,Length,NA,mm,NA,7,NA
RICE022_WB_2020-06-05_MQ3,RICE022_WB_2020-06-05_MQ3_5023,RICE022_WB_2020-06-05_MQ3_5023_length,Calipers to nearest mm,Length,NA,mm,NA,4,NA
RICE022_WB_2020-06-05_MQ4,RICE022_WB_2020-06-05_MQ4_5024,RICE022_WB_2020-06-05_MQ4_5024_length,Calipers to nearest mm,Length,NA,mm,NA,20,NA
RICE022_WB_2020-06-05_MQ4,RICE022_WB_2020-06-05_MQ4_5025,RICE022_WB_2020-06-05_MQ4_5025_length,Calipers to nearest mm,Length,NA,mm,NA,15,NA
RICE022_WB_2020-06-05_MQ4,RICE022_WB_2020-06-05_MQ4_5026,RICE022_WB_2020-06-05_MQ4_5026_length,Calipers to nearest mm,Length,NA,mm,NA,14,NA
RICE022_WB_2020-06-05_MQ4,RICE022_WB_2020-06-05_MQ4_5027,RICE022_WB_2020-06-05_MQ4_5027_length,Calipers to nearest mm,Length,NA,mm,NA,18,NA
RICE022_WB_2020-06-05_MQ4,RICE022_WB_2020-06-05_MQ4_5028,RICE022_WB_2020-06-05_MQ4_5028_length,Calipers to nearest mm,Length,NA,mm,NA,10,NA
RICE022_WB_2020-06-05_MQ5,RICE022_WB_2020-06-05_MQ5_5029,RICE022_WB_2020-06-05_MQ5_5029_length,Calipers to nearest mm,Length,NA,mm,NA,16,NA
RICE022_WB_2020-06-05_MQ5,RICE022_WB_2020-06-05_MQ5_5030,RICE022_WB_2020-06-05_MQ5_5030_length,Calipers to nearest mm,Length,NA,mm,NA,18,NA
RICE022_FB_2020-06-06_FQ1,RICE022_FB_2020-06-06_FQ1_5031,RICE022_FB_2020-06-06_FQ1_5031_length,Calipers to nearest mm,Length,NA,mm,NA,23,NA
RICE022_FB_2020-06-06_FQ1,RICE022_FB_2020-06-06_FQ1_5032,RICE022_FB_2020-06-06_FQ1_5032_length,Calipers to nearest mm,Length,NA,mm,NA,21,NA
RICE022_FB_2020-06-06_FQ1,RICE022_FB_2020-06-06_FQ1_5033,RICE022_FB_2020-06-06_FQ1_5033_length,Calipers to nearest mm,Length,NA,mm,NA,18,NA
RICE022_FB_2020-06-06_FQ1,RICE022_FB_2020-06-06_FQ1_5034,RICE022_FB_2020-06-06_FQ1_5034_length,Calipers to nearest mm,Length,NA,mm,NA,20,NA
RICE022_FB_2020-06-06_FQ2,RICE022_FB_2020-06-06_FQ2_5035,RICE022_FB_2020-06-06_FQ2_5035_length,Calipers to nearest mm,Length,NA,mm,NA,20,NA
RICE022_FB_2020-06-06_FQ3,RICE022_FB_2020-06-06_FQ3_5036,RICE022_FB_2020-06-06_FQ3_5036_length,Calipers to nearest mm,Length,NA,mm,NA,22,NA
RICE022_FB_2020-06-06_FQ3,RICE022_FB_2020-06-06_FQ3_5037,RICE022_FB_2020-06-06_FQ3_5037_length,Calipers to nearest mm,Length,NA,mm,NA,20,NA
RICE022_FB_2020-06-06_FQ3,RICE022_FB_2020-06-06_FQ3_5038,RICE022_FB_2020-06-06_FQ3_5038_length,Calipers to nearest mm,Length,NA,mm,NA,16,NA
RICE022_FB_2020-06-06_FQ3,RICE022_FB_2020-06-06_FQ3_5039,RICE022_FB_2020-06-06_FQ3_5039_length,Calipers to nearest mm,Length,NA,mm,NA,18,NA
RICE022_FB_2020-06-06_FQ3,RICE022_FB_2020-06-06_FQ3_5040,RICE022_FB_2020-06-06_FQ3_5040_length,Calipers to nearest mm,Length,NA,mm,NA,21,NA
RICE022_FB_2020-06-06_FQ4,RICE022_FB_2020-06-06_FQ4_5041,RICE022_FB_2020-06-06_FQ4_5041_length,Calipers to nearest mm,Length,NA,mm,NA,23,NA
RICE022_FB_2020-06-06_FQ4,RICE022_FB_2020-06-06_FQ4_5042,RICE022_FB_2020-06-06_FQ4_5042_length,Calipers to nearest mm,Length,NA,mm,NA,20,NA
RICE022_FB_2020-06-06_FQ5,RICE022_FB_2020-06-06_FQ5_5043,RICE022_FB_2020-06-06_FQ5_5043_length,Calipers to nearest mm,Length,NA,mm,NA,20,NA
RICE022_FB_2020-06-06_FQ5,RICE022_FB_2020-06-06_FQ5_5044,RICE022_FB_2020-06-06_FQ5_5044_length,Calipers to nearest mm,Length,NA,mm,NA,23,NA
RICE022_FB_2020-06-06_FQ5,RICE022_FB_2020-06-06_FQ5_5045,RICE022_FB_2020-06-06_FQ5_5045_length,Calipers to nearest mm,Length,NA,mm,NA,15,NA
RICE022_FB_2020-06-06_MQ1,RICE022_FB_2020-06-06_MQ1_5046,RICE022_FB_2020-06-06_MQ1_5046_length,Calipers to nearest mm,Length,NA,mm,NA,16,NA
RICE022_FB_2020-06-06_MQ1,RICE022_FB_2020-06-06_MQ1_5047,RICE022_FB_2020-06-06_MQ1_5047_length,Calipers to nearest mm,Length,NA,mm,NA,11,NA
RICE022_FB_2020-06-06_MQ1,RICE022_FB_2020-06-06_MQ1_5048,RICE022_FB_2020-06-06_MQ1_5048_length,Calipers to nearest mm,Length,NA,mm,NA,8,NA
RICE022_FB_2020-06-06_MQ1,RICE022_FB_2020-06-06_MQ1_5049,RICE022_FB_2020-06-06_MQ1_5049_length,Calipers to nearest mm,Length,NA,mm,NA,12,NA
RICE022_FB_2020-06-06_MQ1,RICE022_FB_2020-06-06_MQ1_5050,RICE022_FB_2020-06-06_MQ1_5050_length,Calipers to nearest mm,Length,NA,mm,NA,7,NA
RICE022_FB_2020-06-06_MQ2,RICE022_FB_2020-06-06_MQ2_5051,RICE022_FB_2020-06-06_MQ2_5051_length,Calipers to nearest mm,Length,NA,mm,NA,9,NA
RICE022_FB_2020-06-06_MQ1,RICE022_FB_2020-06-06_MQ1_5052,RICE022_FB_2020-06-06_MQ1_5052_length,Calipers to nearest mm,Length,NA,mm,NA,6,NA
RICE022_FB_2020-06-06_MQ4,RICE022_FB_2020-06-06_MQ4_5053,RICE022_FB_2020-06-06_MQ4_5053_length,Calipers to nearest mm,Length,NA,mm,NA,17,NA
RICE022_FB_2020-06-06_MQ5,RICE022_FB_2020-06-06_MQ5_5054,RICE022_FB_2020-06-06_MQ5_5054_length,Calipers to nearest mm,Length,NA,mm,NA,9,NA
RICE022_FB_2020-06-06_BQ3,RICE022_FB_2020-06-06_BQ3_5055,RICE022_FB_2020-06-06_BQ3_5055_length,Calipers to nearest mm,Length,NA,mm,NA,16,NA
RICE022_FB_2020-06-06_BQ5,RICE022_FB_2020-06-06_BQ5_5056,RICE022_FB_2020-06-06_BQ5_5056_length,Calipers to nearest mm,Length,NA,mm,NA,18,NA
RICE022_FB_2020-06-06_BQ5,RICE022_FB_2020-06-06_BQ5_5057,RICE022_FB_2020-06-06_BQ5_5057_length,Calipers to nearest mm,Length,NA,mm,NA,16,NA
RICE022_FB_2020-06-06_BQ5,RICE022_FB_2020-06-06_BQ5_5058,RICE022_FB_2020-06-06_BQ5_5058_length,Calipers to nearest mm,Length,NA,mm,NA,17,NA
RICE022_FB_2020-06-06_BQ5,RICE022_FB_2020-06-06_BQ5_5059,RICE022_FB_2020-06-06_BQ5_5059_length,Calipers to nearest mm,Length,NA,mm,NA,16,NA
RICE022_FB_2020-06-06_BQ5,RICE022_FB_2020-06-06_BQ5_5060,RICE022_FB_2020-06-06_BQ5_5060_length,Calipers to nearest mm,Length,NA,mm,NA,15,NA
RICE022_FB_2020-06-06_BQ4,RICE022_FB_2020-06-06_BQ4_5061,RICE022_FB_2020-06-06_BQ4_5061_length,Calipers to nearest mm,Length,NA,mm,NA,15,NA
RICE022_FB_2020-06-06_BQ4,RICE022_FB_2020-06-06_BQ4_5062,RICE022_FB_2020-06-06_BQ4_5062_length,Calipers to nearest mm,Length,NA,mm,NA,16,NA
RICE022_FB_2020-06-06_BQ4,RICE022_FB_2020-06-06_BQ4_5063,RICE022_FB_2020-06-06_BQ4_5063_length,Calipers to nearest mm,Length,NA,mm,NA,12,NA
RICE022_FB_2020-06-06_BQ4,RICE022_FB_2020-06-06_BQ4_5064,RICE022_FB_2020-06-06_BQ4_5064_length,Calipers to nearest mm,Length,NA,mm,NA,10,NA
RICE022_FB_2020-06-06_BQ4,RICE022_FB_2020-06-06_BQ4_5065,RICE022_FB_2020-06-06_BQ4_5065_length,Calipers to nearest mm,Length,NA,mm,NA,19,NA
RICE023_WB_2020-08-18_FQ3,RICE023_WB_2020-08-18_FQ3_5066,RICE023_WB_2020-08-18_FQ3_5066_length,Calipers to nearest mm,Length,NA,mm,NA,21,NA
RICE023_WB_2020-08-18_FQ3,RICE023_WB_2020-08-18_FQ3_5067,RICE023_WB_2020-08-18_FQ3_5067_length,Calipers to nearest mm,Length,NA,mm,NA,18,NA
RICE023_WB_2020-08-18_FQ3,RICE023_WB_2020-08-18_FQ3_5068,RICE023_WB_2020-08-18_FQ3_5068_length,Calipers to nearest mm,Length,NA,mm,NA,16,NA
RICE023_WB_2020-08-18_FQ3,RICE023_WB_2020-08-18_FQ3_5069,RICE023_WB_2020-08-18_FQ3_5069_length,Calipers to nearest mm,Length,NA,mm,NA,15,NA
RICE023_WB_2020-08-18_FQ3,RICE023_WB_2020-08-18_FQ3_5070,RICE023_WB_2020-08-18_FQ3_5070_length,Calipers to nearest mm,Length,NA,mm,NA,17,NA
RICE023_WB_2020-08-18_FQ3,RICE023_WB_2020-08-18_FQ3_5071,RICE023_WB_2020-08-18_FQ3_5071_length,Calipers to nearest mm,Length,NA,mm,NA,9,NA
RICE023_WB_2020-08-18_FQ3,RICE023_WB_2020-08-18_FQ3_5072,RICE023_WB_2020-08-18_FQ3_5072_length,Calipers to nearest mm,Length,NA,mm,NA,17,NA
RICE023_WB_2020-08-18_FQ3,RICE023_WB_2020-08-18_FQ3_5073,RICE023_WB_2020-08-18_FQ3_5073_length,Calipers to nearest mm,Length,NA,mm,NA,14,NA
RICE023_WB_2020-08-18_FQ3,RICE023_WB_2020-08-18_FQ3_5074,RICE023_WB_2020-08-18_FQ3_5074_length,Calipers to nearest mm,Length,NA,mm,NA,19,NA
RICE023_WB_2020-08-18_FQ3,RICE023_WB_2020-08-18_FQ3_5075,RICE023_WB_2020-08-18_FQ3_5075_length,Calipers to nearest mm,Length,NA,mm,NA,16,NA
RICE023_WB_2020-08-18_FQ4,RICE023_WB_2020-08-18_FQ4_5076,RICE023_WB_2020-08-18_FQ4_5076_length,Calipers to nearest mm,Length,NA,mm,NA,18,NA
RICE023_WB_2020-08-18_FQ4,RICE023_WB_2020-08-18_FQ4_5077,RICE023_WB_2020-08-18_FQ4_5077_length,Calipers to nearest mm,Length,NA,mm,NA,11,NA
RICE023_WB_2020-08-18_FQ4,RICE023_WB_2020-08-18_FQ4_5078,RICE023_WB_2020-08-18_FQ4_5078_length,Calipers to nearest mm,Length,NA,mm,NA,13,NA
RICE023_WB_2020-08-18_FQ4,RICE023_WB_2020-08-18_FQ4_5079,RICE023_WB_2020-08-18_FQ4_5079_length,Calipers to nearest mm,Length,NA,mm,NA,22,NA
RICE023_WB_2020-08-18_FQ4,RICE023_WB_2020-08-18_FQ4_5080,RICE023_WB_2020-08-18_FQ4_5080_length,Calipers to nearest mm,Length,NA,mm,NA,16,NA
RICE023_WB_2020-08-18_FQ4,RICE023_WB_2020-08-18_FQ4_5081,RICE023_WB_2020-08-18_FQ4_5081_length,Calipers to nearest mm,Length,NA,mm,NA,15,NA
RICE023_WB_2020-08-18_FQ4,RICE023_WB_2020-08-18_FQ4_5082,RICE023_WB_2020-08-18_FQ4_5082_length,Calipers to nearest mm,Length,NA,mm,NA,17,NA
RICE023_WB_2020-08-18_FQ4,RICE023_WB_2020-08-18_FQ4_5083,RICE023_WB_2020-08-18_FQ4_5083_length,Calipers to nearest mm,Length,NA,mm,NA,14,NA
RICE023_WB_2020-08-18_FQ4,RICE023_WB_2020-08-18_FQ4_5084,RICE023_WB_2020-08-18_FQ4_5084_length,Calipers to nearest mm,Length,NA,mm,NA,16,NA
RICE023_WB_2020-08-18_FQ5,RICE023_WB_2020-08-18_FQ5_5085,RICE023_WB_2020-08-18_FQ5_5085_length,Calipers to nearest mm,Length,NA,mm,NA,20,NA
RICE023_WB_2020-08-18_FQ5,RICE023_WB_2020-08-18_FQ5_5086,RICE023_WB_2020-08-18_FQ5_5086_length,Calipers to nearest mm,Length,NA,mm,NA,19,NA
RICE023_WB_2020-08-18_FQ5,RICE023_WB_2020-08-18_FQ5_5087,RICE023_WB_2020-08-18_FQ5_5087_length,Calipers to nearest mm,Length,NA,mm,NA,16,NA
RICE023_WB_2020-08-18_FQ5,RICE023_WB_2020-08-18_FQ5_5088,RICE023_WB_2020-08-18_FQ5_5088_length,Calipers to nearest mm,Length,NA,mm,NA,17,NA
RICE023_WB_2020-08-18_FQ5,RICE023_WB_2020-08-18_FQ5_5089,RICE023_WB_2020-08-18_FQ5_5089_length,Calipers to nearest mm,Length,NA,mm,NA,13,NA
RICE023_WB_2020-08-18_MQ1,RICE023_WB_2020-08-18_MQ1_5090,RICE023_WB_2020-08-18_MQ1_5090_length,Calipers to nearest mm,Length,NA,mm,NA,19,NA
RICE023_WB_2020-08-18_MQ1,RICE023_WB_2020-08-18_MQ1_5091,RICE023_WB_2020-08-18_MQ1_5091_length,Calipers to nearest mm,Length,NA,mm,NA,20,NA
RICE023_WB_2020-08-18_MQ1,RICE023_WB_2020-08-18_MQ1_5092,RICE023_WB_2020-08-18_MQ1_5092_length,Calipers to nearest mm,Length,NA,mm,NA,21,NA
RICE023_WB_2020-08-18_MQ1,RICE023_WB_2020-08-18_MQ1_5093,RICE023_WB_2020-08-18_MQ1_5093_length,Calipers to nearest mm,Length,NA,mm,NA,17,NA
RICE023_WB_2020-08-18_MQ1,RICE023_WB_2020-08-18_MQ1_5094,RICE023_WB_2020-08-18_MQ1_5094_length,Calipers to nearest mm,Length,NA,mm,NA,18,NA
RICE023_WB_2020-08-18_MQ1,RICE023_WB_2020-08-18_MQ1_5095,RICE023_WB_2020-08-18_MQ1_5095_length,Calipers to nearest mm,Length,NA,mm,NA,15,NA
RICE023_WB_2020-08-18_MQ1,RICE023_WB_2020-08-18_MQ1_5096,RICE023_WB_2020-08-18_MQ1_5096_length,Calipers to nearest mm,Length,NA,mm,NA,11,NA
RICE023_WB_2020-08-18_MQ1,RICE023_WB_2020-08-18_MQ1_5097,RICE023_WB_2020-08-18_MQ1_5097_length,Calipers to nearest mm,Length,NA,mm,NA,12,NA
RICE023_WB_2020-08-18_MQ1,RICE023_WB_2020-08-18_MQ1_5098,RICE023_WB_2020-08-18_MQ1_5098_length,Calipers to nearest mm,Length,NA,mm,NA,15,NA
RICE023_WB_2020-08-18_MQ1,RICE023_WB_2020-08-18_MQ1_5099,RICE023_WB_2020-08-18_MQ1_5099_length,Calipers to nearest mm,Length,NA,mm,NA,13,NA
RICE023_WB_2020-08-18_MQ1,RICE023_WB_2020-08-18_MQ1_5100,RICE023_WB_2020-08-18_MQ1_5100_length,Calipers to nearest mm,Length,NA,mm,NA,7,NA
RICE023_WB_2020-08-18_MQ2,RICE023_WB_2020-08-18_MQ2_5101,RICE023_WB_2020-08-18_MQ2_5101_length,Calipers to nearest mm,Length,NA,mm,NA,19,NA
RICE023_WB_2020-08-18_MQ2,RICE023_WB_2020-08-18_MQ2_5102,RICE023_WB_2020-08-18_MQ2_5102_length,Calipers to nearest mm,Length,NA,mm,NA,16,NA
RICE023_WB_2020-08-18_MQ2,RICE023_WB_2020-08-18_MQ2_5103,RICE023_WB_2020-08-18_MQ2_5103_length,Calipers to nearest mm,Length,NA,mm,NA,17,NA
RICE023_WB_2020-08-18_MQ2,RICE023_WB_2020-08-18_MQ2_5104,RICE023_WB_2020-08-18_MQ2_5104_length,Calipers to nearest mm,Length,NA,mm,NA,18,NA
RICE023_WB_2020-08-18_MQ2,RICE023_WB_2020-08-18_MQ2_5105,RICE023_WB_2020-08-18_MQ2_5105_length,Calipers to nearest mm,Length,NA,mm,NA,9,NA
RICE023_WB_2020-08-18_MQ3,RICE023_WB_2020-08-18_MQ3_5106,RICE023_WB_2020-08-18_MQ3_5106_length,Calipers to nearest mm,Length,NA,mm,NA,15,NA
RICE023_WB_2020-08-18_MQ3,RICE023_WB_2020-08-18_MQ3_5107,RICE023_WB_2020-08-18_MQ3_5107_length,Calipers to nearest mm,Length,NA,mm,NA,16,NA
RICE023_WB_2020-08-18_MQ3,RICE023_WB_2020-08-18_MQ3_5108,RICE023_WB_2020-08-18_MQ3_5108_length,Calipers to nearest mm,Length,NA,mm,NA,19,NA
RICE023_WB_2020-08-18_MQ3,RICE023_WB_2020-08-18_MQ3_5109,RICE023_WB_2020-08-18_MQ3_5109_length,Calipers to nearest mm,Length,NA,mm,NA,18,NA
RICE023_WB_2020-08-18_MQ3,RICE023_WB_2020-08-18_MQ3_5110,RICE023_WB_2020-08-18_MQ3_5110_length,Calipers to nearest mm,Length,NA,mm,NA,17,NA
RICE023_WB_2020-08-18_MQ3,RICE023_WB_2020-08-18_MQ3_5111,RICE023_WB_2020-08-18_MQ3_5111_length,Calipers to nearest mm,Length,NA,mm,NA,20,NA
RICE023_WB_2020-08-18_MQ3,RICE023_WB_2020-08-18_MQ3_5112,RICE023_WB_2020-08-18_MQ3_5112_length,Calipers to nearest mm,Length,NA,mm,NA,13,NA
RICE023_WB_2020-08-18_MQ3,RICE023_WB_2020-08-18_MQ3_5113,RICE023_WB_2020-08-18_MQ3_5113_length,Calipers to nearest mm,Length,NA,mm,NA,12,NA
RICE023_WB_2020-08-18_MQ3,RICE023_WB_2020-08-18_MQ3_5114,RICE023_WB_2020-08-18_MQ3_5114_length,Calipers to nearest mm,Length,NA,mm,NA,9,NA
RICE023_WB_2020-08-18_MQ3,RICE023_WB_2020-08-18_MQ3_5115,RICE023_WB_2020-08-18_MQ3_5115_length,Calipers to nearest mm,Length,NA,mm,NA,11,NA
RICE023_WB_2020-08-18_MQ3,RICE023_WB_2020-08-18_MQ3_5116,RICE023_WB_2020-08-18_MQ3_5116_length,Calipers to nearest mm,Length,NA,mm,NA,10,NA
RICE023_WB_2020-08-18_MQ3,RICE023_WB_2020-08-18_MQ3_5117,RICE023_WB_2020-08-18_MQ3_5117_length,Calipers to nearest mm,Length,NA,mm,NA,8,NA
RICE023_WB_2020-08-18_MQ3,RICE023_WB_2020-08-18_MQ3_5118,RICE023_WB_2020-08-18_MQ3_5118_length,Calipers to nearest mm,Length,NA,mm,NA,14,NA
RICE023_WB_2020-08-18_MQ4,RICE023_WB_2020-08-18_MQ4_5119,RICE023_WB_2020-08-18_MQ4_5119_length,Calipers to nearest mm,Length,NA,mm,NA,16,NA
RICE023_WB_2020-08-18_MQ4,RICE023_WB_2020-08-18_MQ4_5120,RICE023_WB_2020-08-18_MQ4_5120_length,Calipers to nearest mm,Length,NA,mm,NA,17,NA
RICE023_WB_2020-08-18_MQ4,RICE023_WB_2020-08-18_MQ4_5121,RICE023_WB_2020-08-18_MQ4_5121_length,Calipers to nearest mm,Length,NA,mm,NA,19,NA
RICE023_WB_2020-08-18_MQ4,RICE023_WB_2020-08-18_MQ4_5122,RICE023_WB_2020-08-18_MQ4_5122_length,Calipers to nearest mm,Length,NA,mm,NA,18,NA
RICE023_WB_2020-08-18_MQ4,RICE023_WB_2020-08-18_MQ4_5123,RICE023_WB_2020-08-18_MQ4_5123_length,Calipers to nearest mm,Length,NA,mm,NA,16,NA
RICE023_WB_2020-08-18_MQ4,RICE023_WB_2020-08-18_MQ4_5124,RICE023_WB_2020-08-18_MQ4_5124_length,Calipers to nearest mm,Length,NA,mm,NA,14,NA
RICE023_WB_2020-08-18_MQ4,RICE023_WB_2020-08-18_MQ4_5125,RICE023_WB_2020-08-18_MQ4_5125_length,Calipers to nearest mm,Length,NA,mm,NA,10,NA
RICE023_WB_2020-08-18_MQ5,RICE023_WB_2020-08-18_MQ5_5126,RICE023_WB_2020-08-18_MQ5_5126_length,Calipers to nearest mm,Length,NA,mm,NA,20,NA
RICE023_WB_2020-08-18_MQ5,RICE023_WB_2020-08-18_MQ5_5127,RICE023_WB_2020-08-18_MQ5_5127_length,Calipers to nearest mm,Length,NA,mm,NA,14,NA
RICE023_WB_2020-08-18_MQ5,RICE023_WB_2020-08-18_MQ5_5128,RICE023_WB_2020-08-18_MQ5_5128_length,Calipers to nearest mm,Length,NA,mm,NA,16,NA
RICE023_WB_2020-08-18_MQ5,RICE023_WB_2020-08-18_MQ5_5129,RICE023_WB_2020-08-18_MQ5_5129_length,Calipers to nearest mm,Length,NA,mm,NA,15,NA
RICE023_WB_2020-08-18_MQ5,RICE023_WB_2020-08-18_MQ5_5130,RICE023_WB_2020-08-18_MQ5_5130_length,Calipers to nearest mm,Length,NA,mm,NA,18,NA
RICE023_WB_2020-08-18_MQ5,RICE023_WB_2020-08-18_MQ5_5131,RICE023_WB_2020-08-18_MQ5_5131_length,Calipers to nearest mm,Length,NA,mm,NA,19,NA
RICE023_WB_2020-08-18_MQ5,RICE023_WB_2020-08-18_MQ5_5132,RICE023_WB_2020-08-18_MQ5_5132_length,Calipers to nearest mm,Length,NA,mm,NA,14,NA
RICE023_WB_2020-08-18_MQ5,RICE023_WB_2020-08-18_MQ5_5133,RICE023_WB_2020-08-18_MQ5_5133_length,Calipers to nearest mm,Length,NA,mm,NA,14,NA
RICE023_NB_2020-08-19_FQ1,RICE023_NB_2020-08-19_FQ1_5134,RICE023_NB_2020-08-19_FQ1_5134_length,Calipers to nearest mm,Length,NA,mm,NA,14,NA
RICE023_NB_2020-08-19_FQ1,RICE023_NB_2020-08-19_FQ1_5135,RICE023_NB_2020-08-19_FQ1_5135_length,Calipers to nearest mm,Length,NA,mm,NA,17,NA
RICE023_NB_2020-08-19_FQ1,RICE023_NB_2020-08-19_FQ1_5136,RICE023_NB_2020-08-19_FQ1_5136_length,Calipers to nearest mm,Length,NA,mm,NA,14,NA
RICE023_NB_2020-08-19_FQ1,RICE023_NB_2020-08-19_FQ1_5137,RICE023_NB_2020-08-19_FQ1_5137_length,Calipers to nearest mm,Length,NA,mm,NA,19,NA
RICE023_NB_2020-08-19_FQ1,RICE023_NB_2020-08-19_FQ1_5138,RICE023_NB_2020-08-19_FQ1_5138_length,Calipers to nearest mm,Length,NA,mm,NA,13,NA
RICE023_NB_2020-08-19_FQ1,RICE023_NB_2020-08-19_FQ1_5139,RICE023_NB_2020-08-19_FQ1_5139_length,Calipers to nearest mm,Length,NA,mm,NA,15,NA
RICE023_NB_2020-08-19_FQ1,RICE023_NB_2020-08-19_FQ1_5140,RICE023_NB_2020-08-19_FQ1_5140_length,Calipers to nearest mm,Length,NA,mm,NA,16,NA
RICE023_NB_2020-08-19_FQ3,RICE023_NB_2020-08-19_FQ3_5141,RICE023_NB_2020-08-19_FQ3_5141_length,Calipers to nearest mm,Length,NA,mm,NA,24,NA
RICE023_NB_2020-08-19_FQ3,RICE023_NB_2020-08-19_FQ3_5142,RICE023_NB_2020-08-19_FQ3_5142_length,Calipers to nearest mm,Length,NA,mm,NA,22,NA
RICE023_NB_2020-08-19_FQ3,RICE023_NB_2020-08-19_FQ3_5143,RICE023_NB_2020-08-19_FQ3_5143_length,Calipers to nearest mm,Length,NA,mm,NA,19,NA
RICE023_NB_2020-08-19_FQ4,RICE023_NB_2020-08-19_FQ4_5144,RICE023_NB_2020-08-19_FQ4_5144_length,Calipers to nearest mm,Length,NA,mm,NA,65,NA
RICE023_NB_2020-08-19_MQ1,RICE023_NB_2020-08-19_MQ1_5145,RICE023_NB_2020-08-19_MQ1_5145_length,Calipers to nearest mm,Length,NA,mm,NA,10,NA
RICE023_NB_2020-08-19_MQ2,RICE023_NB_2020-08-19_MQ2_5146,RICE023_NB_2020-08-19_MQ2_5146_length,Calipers to nearest mm,Length,NA,mm,NA,17,NA
RICE023_NB_2020-08-19_MQ2,RICE023_NB_2020-08-19_MQ2_5147,RICE023_NB_2020-08-19_MQ2_5147_length,Calipers to nearest mm,Length,NA,mm,NA,19,NA
RICE023_NB_2020-08-19_MQ2,RICE023_NB_2020-08-19_MQ2_5148,RICE023_NB_2020-08-19_MQ2_5148_length,Calipers to nearest mm,Length,NA,mm,NA,18,NA
RICE023_NB_2020-08-19_MQ2,RICE023_NB_2020-08-19_MQ2_5149,RICE023_NB_2020-08-19_MQ2_5149_length,Calipers to nearest mm,Length,NA,mm,NA,14,NA
RICE023_NB_2020-08-19_MQ2,RICE023_NB_2020-08-19_MQ2_5150,RICE023_NB_2020-08-19_MQ2_5150_length,Calipers to nearest mm,Length,NA,mm,NA,33,NA
RICE023_NB_2020-08-19_MQ2,RICE023_NB_2020-08-19_MQ2_5151,RICE023_NB_2020-08-19_MQ2_5151_length,Calipers to nearest mm,Length,NA,mm,NA,18,NA
RICE023_NB_2020-08-19_MQ2,RICE023_NB_2020-08-19_MQ2_5152,RICE023_NB_2020-08-19_MQ2_5152_length,Calipers to nearest mm,Length,NA,mm,NA,17,NA
RICE023_NB_2020-08-19_MQ2,RICE023_NB_2020-08-19_MQ2_5153,RICE023_NB_2020-08-19_MQ2_5153_length,Calipers to nearest mm,Length,NA,mm,NA,14,NA
RICE023_NB_2020-08-19_MQ4,RICE023_NB_2020-08-19_MQ4_5154,RICE023_NB_2020-08-19_MQ4_5154_length,Calipers to nearest mm,Length,NA,mm,NA,15,NA
RICE023_NB_2020-08-19_MQ4,RICE023_NB_2020-08-19_MQ4_5155,RICE023_NB_2020-08-19_MQ4_5155_length,Calipers to nearest mm,Length,NA,mm,NA,21,NA
RICE023_NB_2020-08-19_MQ4,RICE023_NB_2020-08-19_MQ4_5156,RICE023_NB_2020-08-19_MQ4_5156_length,Calipers to nearest mm,Length,NA,mm,NA,17,NA
RICE023_NB_2020-08-19_MQ4,RICE023_NB_2020-08-19_MQ4_5157,RICE023_NB_2020-08-19_MQ4_5157_length,Calipers to nearest mm,Length,NA,mm,NA,19,NA
RICE023_NB_2020-08-19_MQ4,RICE023_NB_2020-08-19_MQ4_5158,RICE023_NB_2020-08-19_MQ4_5158_length,Calipers to nearest mm,Length,NA,mm,NA,14,NA
RICE023_NB_2020-08-19_MQ4,RICE023_NB_2020-08-19_MQ4_5159,RICE023_NB_2020-08-19_MQ4_5159_length,Calipers to nearest mm,Length,NA,mm,NA,18,NA
RICE023_NB_2020-08-19_MQ4,RICE023_NB_2020-08-19_MQ4_5160,RICE023_NB_2020-08-19_MQ4_5160_length,Calipers to nearest mm,Length,NA,mm,NA,16,NA
RICE023_FB_2020-08-20_BQ1,RICE023_FB_2020-08-20_BQ1_5161,RICE023_FB_2020-08-20_BQ1_5161_length,Calipers to nearest mm,Length,NA,mm,NA,17,NA
RICE023_FB_2020-08-20_BQ1,RICE023_FB_2020-08-20_BQ1_5162,RICE023_FB_2020-08-20_BQ1_5162_length,Calipers to nearest mm,Length,NA,mm,NA,16,NA
RICE023_FB_2020-08-20_BQ1,RICE023_FB_2020-08-20_BQ1_5163,RICE023_FB_2020-08-20_BQ1_5163_length,Calipers to nearest mm,Length,NA,mm,NA,19,NA
RICE023_FB_2020-08-20_BQ4,RICE023_FB_2020-08-20_BQ4_5164,RICE023_FB_2020-08-20_BQ4_5164_length,Calipers to nearest mm,Length,NA,mm,NA,16,NA
RICE023_FB_2020-08-20_BQ4,RICE023_FB_2020-08-20_BQ4_5165,RICE023_FB_2020-08-20_BQ4_5165_length,Calipers to nearest mm,Length,NA,mm,NA,20,NA
RICE023_FB_2020-08-20_BQ4,RICE023_FB_2020-08-20_BQ4_5166,RICE023_FB_2020-08-20_BQ4_5166_length,Calipers to nearest mm,Length,NA,mm,NA,19,NA
RICE023_FB_2020-08-20_FQ1,RICE023_FB_2020-08-20_FQ1_5167,RICE023_FB_2020-08-20_FQ1_5167_length,Calipers to nearest mm,Length,NA,mm,NA,22,NA
RICE023_FB_2020-08-20_FQ1,RICE023_FB_2020-08-20_FQ1_5168,RICE023_FB_2020-08-20_FQ1_5168_length,Calipers to nearest mm,Length,NA,mm,NA,23,NA
RICE023_FB_2020-08-20_FQ1,RICE023_FB_2020-08-20_FQ1_5169,RICE023_FB_2020-08-20_FQ1_5169_length,Calipers to nearest mm,Length,NA,mm,NA,20,NA
RICE023_FB_2020-08-20_FQ1,RICE023_FB_2020-08-20_FQ1_5170,RICE023_FB_2020-08-20_FQ1_5170_length,Calipers to nearest mm,Length,NA,mm,NA,21,NA
RICE023_FB_2020-08-20_FQ1,RICE023_FB_2020-08-20_FQ1_5171,RICE023_FB_2020-08-20_FQ1_5171_length,Calipers to nearest mm,Length,NA,mm,NA,17,NA
RICE023_FB_2020-08-20_FQ1,RICE023_FB_2020-08-20_FQ1_5172,RICE023_FB_2020-08-20_FQ1_5172_length,Calipers to nearest mm,Length,NA,mm,NA,21,NA
RICE023_FB_2020-08-20_FQ1,RICE023_FB_2020-08-20_FQ1_5173,RICE023_FB_2020-08-20_FQ1_5173_length,Calipers to nearest mm,Length,NA,mm,NA,16,NA
RICE023_FB_2020-08-20_FQ1,RICE023_FB_2020-08-20_FQ1_5174,RICE023_FB_2020-08-20_FQ1_5174_length,Calipers to nearest mm,Length,NA,mm,NA,13,NA
RICE023_FB_2020-08-20_FQ1,RICE023_FB_2020-08-20_FQ1_5175,RICE023_FB_2020-08-20_FQ1_5175_length,Calipers to nearest mm,Length,NA,mm,NA,15,NA
RICE023_FB_2020-08-20_FQ1,RICE023_FB_2020-08-20_FQ1_5176,RICE023_FB_2020-08-20_FQ1_5176_length,Calipers to nearest mm,Length,NA,mm,NA,26,NA
RICE023_FB_2020-08-20_FQ1,RICE023_FB_2020-08-20_FQ1_5177,RICE023_FB_2020-08-20_FQ1_5177_length,Calipers to nearest mm,Length,NA,mm,NA,18,NA
RICE023_FB_2020-08-20_FQ2,RICE023_FB_2020-08-20_FQ2_5178,RICE023_FB_2020-08-20_FQ2_5178_length,Calipers to nearest mm,Length,NA,mm,NA,23,NA
RICE023_FB_2020-08-20_FQ2,RICE023_FB_2020-08-20_FQ2_5179,RICE023_FB_2020-08-20_FQ2_5179_length,Calipers to nearest mm,Length,NA,mm,NA,17,NA
RICE023_FB_2020-08-20_FQ2,RICE023_FB_2020-08-20_FQ2_5180,RICE023_FB_2020-08-20_FQ2_5180_length,Calipers to nearest mm,Length,NA,mm,NA,20,NA
RICE023_FB_2020-08-20_FQ2,RICE023_FB_2020-08-20_FQ2_5181,RICE023_FB_2020-08-20_FQ2_5181_length,Calipers to nearest mm,Length,NA,mm,NA,14,NA
RICE023_FB_2020-08-20_FQ2,RICE023_FB_2020-08-20_FQ2_5182,RICE023_FB_2020-08-20_FQ2_5182_length,Calipers to nearest mm,Length,NA,mm,NA,13,NA
RICE023_FB_2020-08-20_FQ2,RICE023_FB_2020-08-20_FQ2_5183,RICE023_FB_2020-08-20_FQ2_5183_length,Calipers to nearest mm,Length,NA,mm,NA,16,NA
RICE023_FB_2020-08-20_FQ3,RICE023_FB_2020-08-20_FQ3_5184,RICE023_FB_2020-08-20_FQ3_5184_length,Calipers to nearest mm,Length,NA,mm,NA,21,NA
RICE023_FB_2020-08-20_FQ3,RICE023_FB_2020-08-20_FQ3_5185,RICE023_FB_2020-08-20_FQ3_5185_length,Calipers to nearest mm,Length,NA,mm,NA,23,NA
RICE023_FB_2020-08-20_FQ3,RICE023_FB_2020-08-20_FQ3_5186,RICE023_FB_2020-08-20_FQ3_5186_length,Calipers to nearest mm,Length,NA,mm,NA,14,NA
RICE023_FB_2020-08-20_FQ3,RICE023_FB_2020-08-20_FQ3_5187,RICE023_FB_2020-08-20_FQ3_5187_length,Calipers to nearest mm,Length,NA,mm,NA,15,NA
RICE023_FB_2020-08-20_FQ3,RICE023_FB_2020-08-20_FQ3_5188,RICE023_FB_2020-08-20_FQ3_5188_length,Calipers to nearest mm,Length,NA,mm,NA,17,NA
RICE023_FB_2020-08-20_FQ3,RICE023_FB_2020-08-20_FQ3_5189,RICE023_FB_2020-08-20_FQ3_5189_length,Calipers to nearest mm,Length,NA,mm,NA,13,NA
RICE023_FB_2020-08-20_FQ4,RICE023_FB_2020-08-20_FQ4_5190,RICE023_FB_2020-08-20_FQ4_5190_length,Calipers to nearest mm,Length,NA,mm,NA,20,NA
RICE023_FB_2020-08-20_FQ4,RICE023_FB_2020-08-20_FQ4_5191,RICE023_FB_2020-08-20_FQ4_5191_length,Calipers to nearest mm,Length,NA,mm,NA,13,NA
RICE023_FB_2020-08-20_FQ4,RICE023_FB_2020-08-20_FQ4_5192,RICE023_FB_2020-08-20_FQ4_5192_length,Calipers to nearest mm,Length,NA,mm,NA,16,NA
RICE023_FB_2020-08-20_FQ4,RICE023_FB_2020-08-20_FQ4_5193,RICE023_FB_2020-08-20_FQ4_5193_length,Calipers to nearest mm,Length,NA,mm,NA,17,NA
RICE023_FB_2020-08-20_FQ4,RICE023_FB_2020-08-20_FQ4_5194,RICE023_FB_2020-08-20_FQ4_5194_length,Calipers to nearest mm,Length,NA,mm,NA,19,NA
RICE023_FB_2020-08-20_FQ4,RICE023_FB_2020-08-20_FQ4_5195,RICE023_FB_2020-08-20_FQ4_5195_length,Calipers to nearest mm,Length,NA,mm,NA,15,NA
RICE023_FB_2020-08-20_FQ5,RICE023_FB_2020-08-20_FQ5_5196,RICE023_FB_2020-08-20_FQ5_5196_length,Calipers to nearest mm,Length,NA,mm,NA,9,NA
RICE023_FB_2020-08-20_MQ1,RICE023_FB_2020-08-20_MQ1_5197,RICE023_FB_2020-08-20_MQ1_5197_length,Calipers to nearest mm,Length,NA,mm,NA,17,NA
RICE023_FB_2020-08-20_MQ1,RICE023_FB_2020-08-20_MQ1_5198,RICE023_FB_2020-08-20_MQ1_5198_length,Calipers to nearest mm,Length,NA,mm,NA,22,NA
RICE023_FB_2020-08-20_MQ1,RICE023_FB_2020-08-20_MQ1_5199,RICE023_FB_2020-08-20_MQ1_5199_length,Calipers to nearest mm,Length,NA,mm,NA,16,NA
RICE023_FB_2020-08-20_MQ1,RICE023_FB_2020-08-20_MQ1_5200,RICE023_FB_2020-08-20_MQ1_5200_length,Calipers to nearest mm,Length,NA,mm,NA,19,NA
RICE023_FB_2020-08-20_MQ1,RICE023_FB_2020-08-20_MQ1_5201,RICE023_FB_2020-08-20_MQ1_5201_length,Calipers to nearest mm,Length,NA,mm,NA,21,NA
RICE023_FB_2020-08-20_MQ1,RICE023_FB_2020-08-20_MQ1_5202,RICE023_FB_2020-08-20_MQ1_5202_length,Calipers to nearest mm,Length,NA,mm,NA,10,NA
RICE023_FB_2020-08-20_MQ1,RICE023_FB_2020-08-20_MQ1_5203,RICE023_FB_2020-08-20_MQ1_5203_length,Calipers to nearest mm,Length,NA,mm,NA,9,NA
RICE023_FB_2020-08-20_MQ1,RICE023_FB_2020-08-20_MQ1_5204,RICE023_FB_2020-08-20_MQ1_5204_length,Calipers to nearest mm,Length,NA,mm,NA,11,NA
RICE023_FB_2020-08-20_MQ1,RICE023_FB_2020-08-20_MQ1_5205,RICE023_FB_2020-08-20_MQ1_5205_length,Calipers to nearest mm,Length,NA,mm,NA,13,NA
RICE023_FB_2020-08-20_MQ2,RICE023_FB_2020-08-20_MQ2_5206,RICE023_FB_2020-08-20_MQ2_5206_length,Calipers to nearest mm,Length,NA,mm,NA,17,NA
RICE023_FB_2020-08-20_MQ3,RICE023_FB_2020-08-20_MQ3_5207,RICE023_FB_2020-08-20_MQ3_5207_length,Calipers to nearest mm,Length,NA,mm,NA,17,NA
RICE023_FB_2020-08-20_MQ4,RICE023_FB_2020-08-20_MQ4_5208,RICE023_FB_2020-08-20_MQ4_5208_length,Calipers to nearest mm,Length,NA,mm,NA,17,NA
RICE023_FB_2020-08-20_MQ4,RICE023_FB_2020-08-20_MQ4_5209,RICE023_FB_2020-08-20_MQ4_5209_length,Calipers to nearest mm,Length,NA,mm,NA,18,NA
RICE023_FB_2020-08-20_MQ4,RICE023_FB_2020-08-20_MQ4_5210,RICE023_FB_2020-08-20_MQ4_5210_length,Calipers to nearest mm,Length,NA,mm,NA,16,NA
RICE023_FB_2020-08-20_MQ4,RICE023_FB_2020-08-20_MQ4_5211,RICE023_FB_2020-08-20_MQ4_5211_length,Calipers to nearest mm,Length,NA,mm,NA,12,NA
RICE023_FB_2020-08-20_MQ4,RICE023_FB_2020-08-20_MQ4_5212,RICE023_FB_2020-08-20_MQ4_5212_length,Calipers to nearest mm,Length,NA,mm,NA,10,NA
RICE023_FB_2020-08-20_MQ5,RICE023_FB_2020-08-20_MQ5_5213,RICE023_FB_2020-08-20_MQ5_5213_length,Calipers to nearest mm,Length,NA,mm,NA,18,NA
RICE023_FB_2020-08-20_MQ5,RICE023_FB_2020-08-20_MQ5_5214,RICE023_FB_2020-08-20_MQ5_5214_length,Calipers to nearest mm,Length,NA,mm,NA,16,NA
RICE023_FB_2020-08-20_MQ5,RICE023_FB_2020-08-20_MQ5_5215,RICE023_FB_2020-08-20_MQ5_5215_length,Calipers to nearest mm,Length,NA,mm,NA,17,NA
RICE023_FB_2020-08-20_MQ5,RICE023_FB_2020-08-20_MQ5_5216,RICE023_FB_2020-08-20_MQ5_5216_length,Calipers to nearest mm,Length,NA,mm,NA,15,NA
RICE023_FB_2020-08-20_MQ5,RICE023_FB_2020-08-20_MQ5_5217,RICE023_FB_2020-08-20_MQ5_5217_length,Calipers to nearest mm,Length,NA,mm,NA,10,NA
RICE023_FB_2020-08-20_MQ5,RICE023_FB_2020-08-20_MQ5_5218,RICE023_FB_2020-08-20_MQ5_5218_length,Calipers to nearest mm,Length,NA,mm,NA,11,NA
RICE024_WB_2020-11-13_MQ1,RICE024_WB_2020-11-13_MQ1_5219,RICE024_WB_2020-11-13_MQ1_5219_length,Calipers to nearest mm,Length,NA,mm,NA,20,NA
RICE024_WB_2020-11-13_MQ1,RICE024_WB_2020-11-13_MQ1_5220,RICE024_WB_2020-11-13_MQ1_5220_length,Calipers to nearest mm,Length,NA,mm,NA,19,NA
RICE024_WB_2020-11-13_MQ1,RICE024_WB_2020-11-13_MQ1_5221,RICE024_WB_2020-11-13_MQ1_5221_length,Calipers to nearest mm,Length,NA,mm,NA,5,NA
RICE024_WB_2020-11-13_MQ1,RICE024_WB_2020-11-13_MQ1_5222,RICE024_WB_2020-11-13_MQ1_5222_length,Calipers to nearest mm,Length,NA,mm,NA,4,NA
RICE024_WB_2020-11-13_MQ1,RICE024_WB_2020-11-13_MQ1_5223,RICE024_WB_2020-11-13_MQ1_5223_length,Calipers to nearest mm,Length,NA,mm,NA,3,NA
RICE024_WB_2020-11-13_MQ1,RICE024_WB_2020-11-13_MQ1_5224,RICE024_WB_2020-11-13_MQ1_5224_length,Calipers to nearest mm,Length,NA,mm,NA,6,NA
RICE024_WB_2020-11-13_MQ1,RICE024_WB_2020-11-13_MQ1_5225,RICE024_WB_2020-11-13_MQ1_5225_length,Calipers to nearest mm,Length,NA,mm,NA,18,NA
RICE024_WB_2020-11-13_MQ1,RICE024_WB_2020-11-13_MQ1_5226,RICE024_WB_2020-11-13_MQ1_5226_length,Calipers to nearest mm,Length,NA,mm,NA,17,NA
RICE024_WB_2020-11-13_MQ2,RICE024_WB_2020-11-13_MQ2_5227,RICE024_WB_2020-11-13_MQ2_5227_length,Calipers to nearest mm,Length,NA,mm,NA,20,NA
RICE024_WB_2020-11-13_MQ2,RICE024_WB_2020-11-13_MQ2_5228,RICE024_WB_2020-11-13_MQ2_5228_length,Calipers to nearest mm,Length,NA,mm,NA,18,NA
RICE024_WB_2020-11-13_MQ2,RICE024_WB_2020-11-13_MQ2_5229,RICE024_WB_2020-11-13_MQ2_5229_length,Calipers to nearest mm,Length,NA,mm,NA,17,NA
RICE024_WB_2020-11-13_MQ2,RICE024_WB_2020-11-13_MQ2_5230,RICE024_WB_2020-11-13_MQ2_5230_length,Calipers to nearest mm,Length,NA,mm,NA,13,NA
RICE024_WB_2020-11-13_MQ2,RICE024_WB_2020-11-13_MQ2_5231,RICE024_WB_2020-11-13_MQ2_5231_length,Calipers to nearest mm,Length,NA,mm,NA,15,NA
RICE024_WB_2020-11-13_MQ2,RICE024_WB_2020-11-13_MQ2_5232,RICE024_WB_2020-11-13_MQ2_5232_length,Calipers to nearest mm,Length,NA,mm,NA,12,NA
RICE024_WB_2020-11-13_MQ3,RICE024_WB_2020-11-13_MQ3_5233,RICE024_WB_2020-11-13_MQ3_5233_length,Calipers to nearest mm,Length,NA,mm,NA,19,NA
RICE024_WB_2020-11-13_MQ3,RICE024_WB_2020-11-13_MQ3_5234,RICE024_WB_2020-11-13_MQ3_5234_length,Calipers to nearest mm,Length,NA,mm,NA,17,NA
RICE024_WB_2020-11-13_MQ3,RICE024_WB_2020-11-13_MQ3_5235,RICE024_WB_2020-11-13_MQ3_5235_length,Calipers to nearest mm,Length,NA,mm,NA,12,NA
RICE024_WB_2020-11-13_MQ3,RICE024_WB_2020-11-13_MQ3_5236,RICE024_WB_2020-11-13_MQ3_5236_length,Calipers to nearest mm,Length,NA,mm,NA,14,NA
RICE024_WB_2020-11-13_MQ3,RICE024_WB_2020-11-13_MQ3_5237,RICE024_WB_2020-11-13_MQ3_5237_length,Calipers to nearest mm,Length,NA,mm,NA,15,NA
RICE024_WB_2020-11-13_MQ3,RICE024_WB_2020-11-13_MQ3_5238,RICE024_WB_2020-11-13_MQ3_5238_length,Calipers to nearest mm,Length,NA,mm,NA,18,NA
RICE024_WB_2020-11-13_MQ3,RICE024_WB_2020-11-13_MQ3_5239,RICE024_WB_2020-11-13_MQ3_5239_length,Calipers to nearest mm,Length,NA,mm,NA,5,NA
RICE024_WB_2020-11-13_MQ3,RICE024_WB_2020-11-13_MQ3_5240,RICE024_WB_2020-11-13_MQ3_5240_length,Calipers to nearest mm,Length,NA,mm,NA,14,NA
RICE024_WB_2020-11-13_MQ3,RICE024_WB_2020-11-13_MQ3_5241,RICE024_WB_2020-11-13_MQ3_5241_length,Calipers to nearest mm,Length,NA,mm,NA,13,NA
RICE024_WB_2020-11-13_MQ3,RICE024_WB_2020-11-13_MQ3_5242,RICE024_WB_2020-11-13_MQ3_5242_length,Calipers to nearest mm,Length,NA,mm,NA,16,NA
RICE024_WB_2020-11-13_MQ3,RICE024_WB_2020-11-13_MQ3_5243,RICE024_WB_2020-11-13_MQ3_5243_length,Calipers to nearest mm,Length,NA,mm,NA,12,NA
RICE024_WB_2020-11-13_MQ3,RICE024_WB_2020-11-13_MQ3_5244,RICE024_WB_2020-11-13_MQ3_5244_length,Calipers to nearest mm,Length,NA,mm,NA,18,NA
RICE024_WB_2020-11-13_MQ3,RICE024_WB_2020-11-13_MQ3_5245,RICE024_WB_2020-11-13_MQ3_5245_length,Calipers to nearest mm,Length,NA,mm,NA,10,NA
RICE024_WB_2020-11-13_MQ3,RICE024_WB_2020-11-13_MQ3_5246,RICE024_WB_2020-11-13_MQ3_5246_length,Calipers to nearest mm,Length,NA,mm,NA,9,NA
RICE024_WB_2020-11-13_MQ4,RICE024_WB_2020-11-13_MQ4_5247,RICE024_WB_2020-11-13_MQ4_5247_length,Calipers to nearest mm,Length,NA,mm,NA,18,NA
RICE024_WB_2020-11-13_MQ4,RICE024_WB_2020-11-13_MQ4_5248,RICE024_WB_2020-11-13_MQ4_5248_length,Calipers to nearest mm,Length,NA,mm,NA,17,NA
RICE024_WB_2020-11-13_MQ4,RICE024_WB_2020-11-13_MQ4_5249,RICE024_WB_2020-11-13_MQ4_5249_length,Calipers to nearest mm,Length,NA,mm,NA,4,NA
RICE024_WB_2020-11-13_MQ4,RICE024_WB_2020-11-13_MQ4_5250,RICE024_WB_2020-11-13_MQ4_5250_length,Calipers to nearest mm,Length,NA,mm,NA,15,NA
RICE024_WB_2020-11-13_MQ4,RICE024_WB_2020-11-13_MQ4_5251,RICE024_WB_2020-11-13_MQ4_5251_length,Calipers to nearest mm,Length,NA,mm,NA,10,NA
RICE024_WB_2020-11-13_MQ4,RICE024_WB_2020-11-13_MQ4_5252,RICE024_WB_2020-11-13_MQ4_5252_length,Calipers to nearest mm,Length,NA,mm,NA,13,NA
RICE024_WB_2020-11-13_MQ5,RICE024_WB_2020-11-13_MQ5_5253,RICE024_WB_2020-11-13_MQ5_5253_length,Calipers to nearest mm,Length,NA,mm,NA,10,NA
RICE024_WB_2020-11-13_MQ5,RICE024_WB_2020-11-13_MQ5_5254,RICE024_WB_2020-11-13_MQ5_5254_length,Calipers to nearest mm,Length,NA,mm,NA,19,NA
RICE024_WB_2020-11-13_MQ5,RICE024_WB_2020-11-13_MQ5_5255,RICE024_WB_2020-11-13_MQ5_5255_length,Calipers to nearest mm,Length,NA,mm,NA,2,NA
RICE024_WB_2020-11-13_FQ3,RICE024_WB_2020-11-13_FQ3_5256,RICE024_WB_2020-11-13_FQ3_5256_length,Calipers to nearest mm,Length,NA,mm,NA,20,NA
RICE024_WB_2020-11-13_FQ3,RICE024_WB_2020-11-13_FQ3_5257,RICE024_WB_2020-11-13_FQ3_5257_length,Calipers to nearest mm,Length,NA,mm,NA,22,NA
RICE024_WB_2020-11-13_FQ3,RICE024_WB_2020-11-13_FQ3_5258,RICE024_WB_2020-11-13_FQ3_5258_length,Calipers to nearest mm,Length,NA,mm,NA,21,NA
RICE024_WB_2020-11-13_FQ3,RICE024_WB_2020-11-13_FQ3_5259,RICE024_WB_2020-11-13_FQ3_5259_length,Calipers to nearest mm,Length,NA,mm,NA,15,NA
RICE024_WB_2020-11-13_FQ3,RICE024_WB_2020-11-13_FQ3_5260,RICE024_WB_2020-11-13_FQ3_5260_length,Calipers to nearest mm,Length,NA,mm,NA,18,NA
RICE024_WB_2020-11-13_FQ3,RICE024_WB_2020-11-13_FQ3_5261,RICE024_WB_2020-11-13_FQ3_5261_length,Calipers to nearest mm,Length,NA,mm,NA,17,NA
RICE024_WB_2020-11-13_FQ3,RICE024_WB_2020-11-13_FQ3_5262,RICE024_WB_2020-11-13_FQ3_5262_length,Calipers to nearest mm,Length,NA,mm,NA,8,NA
RICE024_WB_2020-11-13_FQ3,RICE024_WB_2020-11-13_FQ3_5263,RICE024_WB_2020-11-13_FQ3_5263_length,Calipers to nearest mm,Length,NA,mm,NA,18,NA
RICE024_WB_2020-11-13_FQ3,RICE024_WB_2020-11-13_FQ3_5264,RICE024_WB_2020-11-13_FQ3_5264_length,Calipers to nearest mm,Length,NA,mm,NA,15,NA
RICE024_WB_2020-11-13_FQ4,RICE024_WB_2020-11-13_FQ4_5265,RICE024_WB_2020-11-13_FQ4_5265_length,Calipers to nearest mm,Length,NA,mm,NA,21,NA
RICE024_WB_2020-11-13_FQ4,RICE024_WB_2020-11-13_FQ4_5266,RICE024_WB_2020-11-13_FQ4_5266_length,Calipers to nearest mm,Length,NA,mm,NA,18,NA
RICE024_WB_2020-11-13_FQ4,RICE024_WB_2020-11-13_FQ4_5267,RICE024_WB_2020-11-13_FQ4_5267_length,Calipers to nearest mm,Length,NA,mm,NA,20,NA
RICE024_WB_2020-11-13_FQ4,RICE024_WB_2020-11-13_FQ4_5268,RICE024_WB_2020-11-13_FQ4_5268_length,Calipers to nearest mm,Length,NA,mm,NA,16,NA
RICE024_WB_2020-11-13_FQ4,RICE024_WB_2020-11-13_FQ4_5269,RICE024_WB_2020-11-13_FQ4_5269_length,Calipers to nearest mm,Length,NA,mm,NA,13,NA
RICE024_WB_2020-11-13_FQ5,RICE024_WB_2020-11-13_FQ5_5270,RICE024_WB_2020-11-13_FQ5_5270_length,Calipers to nearest mm,Length,NA,mm,NA,16,NA
RICE024_WB_2020-11-13_FQ5,RICE024_WB_2020-11-13_FQ5_5271,RICE024_WB_2020-11-13_FQ5_5271_length,Calipers to nearest mm,Length,NA,mm,NA,11,NA
RICE024_NB_2020-11-15_FQ1,RICE024_NB_2020-11-15_FQ1_5272,RICE024_NB_2020-11-15_FQ1_5272_length,Calipers to nearest mm,Length,NA,mm,NA,18,NA
RICE024_NB_2020-11-15_FQ1,RICE024_NB_2020-11-15_FQ1_5273,RICE024_NB_2020-11-15_FQ1_5273_length,Calipers to nearest mm,Length,NA,mm,NA,15,NA
RICE024_NB_2020-11-15_FQ1,RICE024_NB_2020-11-15_FQ1_5274,RICE024_NB_2020-11-15_FQ1_5274_length,Calipers to nearest mm,Length,NA,mm,NA,20,NA
RICE024_NB_2020-11-15_FQ1,RICE024_NB_2020-11-15_FQ1_5275,RICE024_NB_2020-11-15_FQ1_5275_length,Calipers to nearest mm,Length,NA,mm,NA,17,NA
RICE024_NB_2020-11-15_FQ5,RICE024_NB_2020-11-15_FQ5_5276,RICE024_NB_2020-11-15_FQ5_5276_length,Calipers to nearest mm,Length,NA,mm,NA,14,NA
RICE024_NB_2020-11-15_FQ5,RICE024_NB_2020-11-15_FQ5_5277,RICE024_NB_2020-11-15_FQ5_5277_length,Calipers to nearest mm,Length,NA,mm,NA,16,NA
RICE024_NB_2020-11-15_FQ5,RICE024_NB_2020-11-15_FQ5_5278,RICE024_NB_2020-11-15_FQ5_5278_length,Calipers to nearest mm,Length,NA,mm,NA,78,NA
RICE024_FB_2020-11-16_MQ1,RICE024_FB_2020-11-16_MQ1_5279,RICE024_FB_2020-11-16_MQ1_5279_length,Calipers to nearest mm,Length,NA,mm,NA,11,NA
RICE024_FB_2020-11-16_MQ1,RICE024_FB_2020-11-16_MQ1_5280,RICE024_FB_2020-11-16_MQ1_5280_length,Calipers to nearest mm,Length,NA,mm,NA,11,NA
RICE024_FB_2020-11-16_MQ1,RICE024_FB_2020-11-16_MQ1_5281,RICE024_FB_2020-11-16_MQ1_5281_length,Calipers to nearest mm,Length,NA,mm,NA,12,NA
RICE024_FB_2020-11-16_MQ1,RICE024_FB_2020-11-16_MQ1_5282,RICE024_FB_2020-11-16_MQ1_5282_length,Calipers to nearest mm,Length,NA,mm,NA,10,NA
RICE024_FB_2020-11-16_MQ2,RICE024_FB_2020-11-16_MQ2_5283,RICE024_FB_2020-11-16_MQ2_5283_length,Calipers to nearest mm,Length,NA,mm,NA,11,NA
RICE024_FB_2020-11-16_MQ2,RICE024_FB_2020-11-16_MQ2_5284,RICE024_FB_2020-11-16_MQ2_5284_length,Calipers to nearest mm,Length,NA,mm,NA,10,NA
RICE024_FB_2020-11-16_MQ4,RICE024_FB_2020-11-16_MQ4_5285,RICE024_FB_2020-11-16_MQ4_5285_length,Calipers to nearest mm,Length,NA,mm,NA,12,NA
RICE024_FB_2020-11-16_BQ4,RICE024_FB_2020-11-16_BQ4_5286,RICE024_FB_2020-11-16_BQ4_5286_length,Calipers to nearest mm,Length,NA,mm,NA,14,NA
RICE025_WB_2021-02-07_FQ3,RICE025_WB_2021-02-07_FQ3_5287,RICE025_WB_2021-02-07_FQ3_5287_length,Calipers to nearest mm,Length,NA,mm,NA,11,NA
RICE025_WB_2021-02-07_FQ3,RICE025_WB_2021-02-07_FQ3_5288,RICE025_WB_2021-02-07_FQ3_5288_length,Calipers to nearest mm,Length,NA,mm,NA,12,NA
RICE025_WB_2021-02-07_FQ3,RICE025_WB_2021-02-07_FQ3_5289,RICE025_WB_2021-02-07_FQ3_5289_length,Calipers to nearest mm,Length,NA,mm,NA,13,NA
RICE025_WB_2021-02-07_FQ3,RICE025_WB_2021-02-07_FQ3_5290,RICE025_WB_2021-02-07_FQ3_5290_length,Calipers to nearest mm,Length,NA,mm,NA,14,NA
RICE025_WB_2021-02-07_FQ3,RICE025_WB_2021-02-07_FQ3_5291,RICE025_WB_2021-02-07_FQ3_5291_length,Calipers to nearest mm,Length,NA,mm,NA,18,NA
RICE025_WB_2021-02-07_FQ4,RICE025_WB_2021-02-07_FQ4_5292,RICE025_WB_2021-02-07_FQ4_5292_length,Calipers to nearest mm,Length,NA,mm,NA,8,NA
RICE025_WB_2021-02-07_FQ4,RICE025_WB_2021-02-07_FQ4_5293,RICE025_WB_2021-02-07_FQ4_5293_length,Calipers to nearest mm,Length,NA,mm,NA,7,NA
RICE025_WB_2021-02-07_FQ4,RICE025_WB_2021-02-07_FQ4_5294,RICE025_WB_2021-02-07_FQ4_5294_length,Calipers to nearest mm,Length,NA,mm,NA,20,NA
RICE025_WB_2021-02-07_FQ4,RICE025_WB_2021-02-07_FQ4_5295,RICE025_WB_2021-02-07_FQ4_5295_length,Calipers to nearest mm,Length,NA,mm,NA,18,NA
RICE025_WB_2021-02-07_FQ4,RICE025_WB_2021-02-07_FQ4_5296,RICE025_WB_2021-02-07_FQ4_5296_length,Calipers to nearest mm,Length,NA,mm,NA,19,NA
RICE025_WB_2021-02-07_FQ4,RICE025_WB_2021-02-07_FQ4_5297,RICE025_WB_2021-02-07_FQ4_5297_length,Calipers to nearest mm,Length,NA,mm,NA,15,NA
RICE025_WB_2021-02-07_FQ4,RICE025_WB_2021-02-07_FQ4_5298,RICE025_WB_2021-02-07_FQ4_5298_length,Calipers to nearest mm,Length,NA,mm,NA,12,NA
RICE025_WB_2021-02-07_FQ5,RICE025_WB_2021-02-07_FQ5_5299,RICE025_WB_2021-02-07_FQ5_5299_length,Calipers to nearest mm,Length,NA,mm,NA,23,NA
RICE025_WB_2021-02-07_MQ1,RICE025_WB_2021-02-07_MQ1_5300,RICE025_WB_2021-02-07_MQ1_5300_length,Calipers to nearest mm,Length,NA,mm,NA,10,NA
RICE025_WB_2021-02-07_MQ1,RICE025_WB_2021-02-07_MQ1_5301,RICE025_WB_2021-02-07_MQ1_5301_length,Calipers to nearest mm,Length,NA,mm,NA,14,NA
RICE025_WB_2021-02-07_MQ1,RICE025_WB_2021-02-07_MQ1_5302,RICE025_WB_2021-02-07_MQ1_5302_length,Calipers to nearest mm,Length,NA,mm,NA,11,NA
RICE025_WB_2021-02-07_MQ1,RICE025_WB_2021-02-07_MQ1_5303,RICE025_WB_2021-02-07_MQ1_5303_length,Calipers to nearest mm,Length,NA,mm,NA,18,NA
RICE025_WB_2021-02-07_MQ1,RICE025_WB_2021-02-07_MQ1_5304,RICE025_WB_2021-02-07_MQ1_5304_length,Calipers to nearest mm,Length,NA,mm,NA,16,NA
RICE025_WB_2021-02-07_MQ1,RICE025_WB_2021-02-07_MQ1_5305,RICE025_WB_2021-02-07_MQ1_5305_length,Calipers to nearest mm,Length,NA,mm,NA,14,NA
RICE025_WB_2021-02-07_MQ2,RICE025_WB_2021-02-07_MQ2_5306,RICE025_WB_2021-02-07_MQ2_5306_length,Calipers to nearest mm,Length,NA,mm,NA,18,NA
RICE025_WB_2021-02-07_MQ2,RICE025_WB_2021-02-07_MQ2_5307,RICE025_WB_2021-02-07_MQ2_5307_length,Calipers to nearest mm,Length,NA,mm,NA,21,NA
RICE025_WB_2021-02-07_MQ2,RICE025_WB_2021-02-07_MQ2_5308,RICE025_WB_2021-02-07_MQ2_5308_length,Calipers to nearest mm,Length,NA,mm,NA,19,NA
RICE025_WB_2021-02-07_MQ2,RICE025_WB_2021-02-07_MQ2_5309,RICE025_WB_2021-02-07_MQ2_5309_length,Calipers to nearest mm,Length,NA,mm,NA,17,NA
RICE025_WB_2021-02-07_MQ2,RICE025_WB_2021-02-07_MQ2_5310,RICE025_WB_2021-02-07_MQ2_5310_length,Calipers to nearest mm,Length,NA,mm,NA,15,NA
RICE025_WB_2021-02-07_MQ2,RICE025_WB_2021-02-07_MQ2_5311,RICE025_WB_2021-02-07_MQ2_5311_length,Calipers to nearest mm,Length,NA,mm,NA,13,NA
RICE025_WB_2021-02-07_MQ4,RICE025_WB_2021-02-07_MQ4_5312,RICE025_WB_2021-02-07_MQ4_5312_length,Calipers to nearest mm,Length,NA,mm,NA,16,NA
RICE025_WB_2021-02-07_MQ4,RICE025_WB_2021-02-07_MQ4_5313,RICE025_WB_2021-02-07_MQ4_5313_length,Calipers to nearest mm,Length,NA,mm,NA,14,NA
RICE025_WB_2021-02-07_MQ3,RICE025_WB_2021-02-07_MQ3_5314,RICE025_WB_2021-02-07_MQ3_5314_length,Calipers to nearest mm,Length,NA,mm,NA,17,NA
RICE025_WB_2021-02-07_MQ3,RICE025_WB_2021-02-07_MQ3_5315,RICE025_WB_2021-02-07_MQ3_5315_length,Calipers to nearest mm,Length,NA,mm,NA,20,NA
RICE025_WB_2021-02-07_MQ3,RICE025_WB_2021-02-07_MQ3_5316,RICE025_WB_2021-02-07_MQ3_5316_length,Calipers to nearest mm,Length,NA,mm,NA,18,NA
RICE025_WB_2021-02-07_MQ3,RICE025_WB_2021-02-07_MQ3_5317,RICE025_WB_2021-02-07_MQ3_5317_length,Calipers to nearest mm,Length,NA,mm,NA,16,NA
RICE025_WB_2021-02-07_MQ3,RICE025_WB_2021-02-07_MQ3_5318,RICE025_WB_2021-02-07_MQ3_5318_length,Calipers to nearest mm,Length,NA,mm,NA,15,NA
RICE025_WB_2021-02-07_MQ3,RICE025_WB_2021-02-07_MQ3_5319,RICE025_WB_2021-02-07_MQ3_5319_length,Calipers to nearest mm,Length,NA,mm,NA,21,NA
RICE025_WB_2021-02-07_MQ3,RICE025_WB_2021-02-07_MQ3_5320,RICE025_WB_2021-02-07_MQ3_5320_length,Calipers to nearest mm,Length,NA,mm,NA,12,NA
RICE025_WB_2021-02-07_MQ3,RICE025_WB_2021-02-07_MQ3_5321,RICE025_WB_2021-02-07_MQ3_5321_length,Calipers to nearest mm,Length,NA,mm,NA,12,NA
RICE025_WB_2021-02-07_MQ5,RICE025_WB_2021-02-07_MQ5_5322,RICE025_WB_2021-02-07_MQ5_5322_length,Calipers to nearest mm,Length,NA,mm,NA,18,NA
RICE025_WB_2021-02-07_MQ5,RICE025_WB_2021-02-07_MQ5_5323,RICE025_WB_2021-02-07_MQ5_5323_length,Calipers to nearest mm,Length,NA,mm,NA,20,NA
RICE025_WB_2021-02-07_MQ5,RICE025_WB_2021-02-07_MQ5_5324,RICE025_WB_2021-02-07_MQ5_5324_length,Calipers to nearest mm,Length,NA,mm,NA,17,NA
RICE025_NB_2021-02-08_MQ2,RICE025_NB_2021-02-08_MQ2_5325,RICE025_NB_2021-02-08_MQ2_5325_length,Calipers to nearest mm,Length,NA,mm,NA,18,NA
RICE025_NB_2021-02-08_MQ2,RICE025_NB_2021-02-08_MQ2_5326,RICE025_NB_2021-02-08_MQ2_5326_length,Calipers to nearest mm,Length,NA,mm,NA,12,NA
RICE025_NB_2021-02-08_MQ4,RICE025_NB_2021-02-08_MQ4_5327,RICE025_NB_2021-02-08_MQ4_5327_length,Calipers to nearest mm,Length,NA,mm,NA,18,NA
RICE025_NB_2021-02-08_MQ4,RICE025_NB_2021-02-08_MQ4_5328,RICE025_NB_2021-02-08_MQ4_5328_length,Calipers to nearest mm,Length,NA,mm,NA,16,NA
RICE025_NB_2021-02-08_MQ4,RICE025_NB_2021-02-08_MQ4_5329,RICE025_NB_2021-02-08_MQ4_5329_length,Calipers to nearest mm,Length,NA,mm,NA,20,NA
RICE025_NB_2021-02-09_FQ1,RICE025_NB_2021-02-09_FQ1_5330,RICE025_NB_2021-02-09_FQ1_5330_length,Calipers to nearest mm,Length,NA,mm,NA,7,NA
RICE025_NB_2021-02-09_FQ2,RICE025_NB_2021-02-09_FQ2_5331,RICE025_NB_2021-02-09_FQ2_5331_length,Calipers to nearest mm,Length,NA,mm,NA,22,NA
RICE025_NB_2021-02-09_FQ2,RICE025_NB_2021-02-09_FQ2_5332,RICE025_NB_2021-02-09_FQ2_5332_length,Calipers to nearest mm,Length,NA,mm,NA,10,NA
RICE025_FB_2021-02-10_MQ1,RICE025_FB_2021-02-10_MQ1_5333,RICE025_FB_2021-02-10_MQ1_5333_length,Calipers to nearest mm,Length,NA,mm,NA,13,NA
RICE025_FB_2021-02-10_MQ1,RICE025_FB_2021-02-10_MQ1_5334,RICE025_FB_2021-02-10_MQ1_5334_length,Calipers to nearest mm,Length,NA,mm,NA,10,NA
RICE026_NB_2021-05-27_FQ1,RICE026_NB_2021-05-27_FQ1_5335,RICE026_NB_2021-05-27_FQ1_5335_length,Calipers to nearest mm,Length,NA,mm,NA,44,NA
RICE026_NB_2021-05-27_FQ1,RICE026_NB_2021-05-27_FQ1_5336,RICE026_NB_2021-05-27_FQ1_5336_length,Calipers to nearest mm,Length,NA,mm,NA,28,NA
RICE026_NB_2021-05-27_FQ1,RICE026_NB_2021-05-27_FQ1_5337,RICE026_NB_2021-05-27_FQ1_5337_length,Calipers to nearest mm,Length,NA,mm,NA,28,NA
RICE026_NB_2021-05-27_FQ2,RICE026_NB_2021-05-27_FQ2_5338,RICE026_NB_2021-05-27_FQ2_5338_length,Calipers to nearest mm,Length,NA,mm,NA,16,NA
RICE026_NB_2021-05-27_FQ2,RICE026_NB_2021-05-27_FQ2_5339,RICE026_NB_2021-05-27_FQ2_5339_length,Calipers to nearest mm,Length,NA,mm,NA,17,NA
RICE026_NB_2021-05-27_FQ2,RICE026_NB_2021-05-27_FQ2_5340,RICE026_NB_2021-05-27_FQ2_5340_length,Calipers to nearest mm,Length,NA,mm,NA,18,NA
RICE026_NB_2021-05-27_FQ2,RICE026_NB_2021-05-27_FQ2_5341,RICE026_NB_2021-05-27_FQ2_5341_length,Calipers to nearest mm,Length,NA,mm,NA,19,NA
RICE026_NB_2021-05-27_FQ2,RICE026_NB_2021-05-27_FQ2_5342,RICE026_NB_2021-05-27_FQ2_5342_length,Calipers to nearest mm,Length,NA,mm,NA,20,NA
RICE026_NB_2021-05-27_FQ3,RICE026_NB_2021-05-27_FQ3_5343,RICE026_NB_2021-05-27_FQ3_5343_length,Calipers to nearest mm,Length,NA,mm,NA,19,NA
RICE026_NB_2021-05-27_FQ3,RICE026_NB_2021-05-27_FQ3_5344,RICE026_NB_2021-05-27_FQ3_5344_length,Calipers to nearest mm,Length,NA,mm,NA,34,NA
RICE026_NB_2021-05-27_FQ3,RICE026_NB_2021-05-27_FQ3_5345,RICE026_NB_2021-05-27_FQ3_5345_length,Calipers to nearest mm,Length,NA,mm,NA,19,NA
RICE026_NB_2021-05-27_FQ5,RICE026_NB_2021-05-27_FQ5_5346,RICE026_NB_2021-05-27_FQ5_5346_length,Calipers to nearest mm,Length,NA,mm,NA,72,NA
RICE026_NB_2021-05-27_FQ5,RICE026_NB_2021-05-27_FQ5_5347,RICE026_NB_2021-05-27_FQ5_5347_length,Calipers to nearest mm,Length,NA,mm,NA,92,NA
RICE026_NB_2021-05-27_FQ5,RICE026_NB_2021-05-27_FQ5_5348,RICE026_NB_2021-05-27_FQ5_5348_length,Calipers to nearest mm,Length,NA,mm,NA,53,NA
RICE026_NB_2021-05-28_MQ1,RICE026_NB_2021-05-28_MQ1_5349,RICE026_NB_2021-05-28_MQ1_5349_length,Calipers to nearest mm,Length,NA,mm,NA,17,NA
RICE026_NB_2021-05-28_MQ2,RICE026_NB_2021-05-28_MQ2_5350,RICE026_NB_2021-05-28_MQ2_5350_length,Calipers to nearest mm,Length,NA,mm,NA,12,NA
RICE026_NB_2021-05-28_MQ4,RICE026_NB_2021-05-28_MQ4_5351,RICE026_NB_2021-05-28_MQ4_5351_length,Calipers to nearest mm,Length,NA,mm,NA,15,NA
RICE026_NB_2021-05-28_MQ4,RICE026_NB_2021-05-28_MQ4_5352,RICE026_NB_2021-05-28_MQ4_5352_length,Calipers to nearest mm,Length,NA,mm,NA,12,NA
RICE026_NB_2021-05-28_MQ4,RICE026_NB_2021-05-28_MQ4_5353,RICE026_NB_2021-05-28_MQ4_5353_length,Calipers to nearest mm,Length,NA,mm,NA,16,NA
RICE026_NB_2021-05-28_MQ4,RICE026_NB_2021-05-28_MQ4_5354,RICE026_NB_2021-05-28_MQ4_5354_length,Calipers to nearest mm,Length,NA,mm,NA,18,NA
RICE026_NB_2021-05-28_MQ5,RICE026_NB_2021-05-28_MQ5_5355,RICE026_NB_2021-05-28_MQ5_5355_length,Calipers to nearest mm,Length,NA,mm,NA,22,NA
RICE026_FB_2021-05-29_BQ1,RICE026_FB_2021-05-29_BQ1_5356,RICE026_FB_2021-05-29_BQ1_5356_length,Calipers to nearest mm,Length,NA,mm,NA,15,NA
RICE026_FB_2021-05-29_BQ1,RICE026_FB_2021-05-29_BQ1_5357,RICE026_FB_2021-05-29_BQ1_5357_length,Calipers to nearest mm,Length,NA,mm,NA,16,NA
RICE026_FB_2021-05-29_BQ1,RICE026_FB_2021-05-29_BQ1_5358,RICE026_FB_2021-05-29_BQ1_5358_length,Calipers to nearest mm,Length,NA,mm,NA,17,NA
RICE026_FB_2021-05-29_BQ1,RICE026_FB_2021-05-29_BQ1_5359,RICE026_FB_2021-05-29_BQ1_5359_length,Calipers to nearest mm,Length,NA,mm,NA,18,NA
RICE026_FB_2021-05-29_BQ1,RICE026_FB_2021-05-29_BQ1_5360,RICE026_FB_2021-05-29_BQ1_5360_length,Calipers to nearest mm,Length,NA,mm,NA,19,NA
RICE026_FB_2021-05-29_BQ1,RICE026_FB_2021-05-29_BQ1_5361,RICE026_FB_2021-05-29_BQ1_5361_length,Calipers to nearest mm,Length,NA,mm,NA,20,NA
RICE026_FB_2021-05-29_BQ4,RICE026_FB_2021-05-29_BQ4_5362,RICE026_FB_2021-05-29_BQ4_5362_length,Calipers to nearest mm,Length,NA,mm,NA,15,NA
RICE026_FB_2021-05-29_BQ4,RICE026_FB_2021-05-29_BQ4_5363,RICE026_FB_2021-05-29_BQ4_5363_length,Calipers to nearest mm,Length,NA,mm,NA,16,NA
RICE026_FB_2021-05-29_BQ4,RICE026_FB_2021-05-29_BQ4_5364,RICE026_FB_2021-05-29_BQ4_5364_length,Calipers to nearest mm,Length,NA,mm,NA,17,NA
RICE026_FB_2021-05-29_BQ4,RICE026_FB_2021-05-29_BQ4_5365,RICE026_FB_2021-05-29_BQ4_5365_length,Calipers to nearest mm,Length,NA,mm,NA,18,NA
RICE026_FB_2021-05-29_BQ4,RICE026_FB_2021-05-29_BQ4_5366,RICE026_FB_2021-05-29_BQ4_5366_length,Calipers to nearest mm,Length,NA,mm,NA,20,NA
RICE026_FB_2021-05-29_BQ5,RICE026_FB_2021-05-29_BQ5_5367,RICE026_FB_2021-05-29_BQ5_5367_length,Calipers to nearest mm,Length,NA,mm,NA,16,NA
RICE026_FB_2021-05-29_BQ5,RICE026_FB_2021-05-29_BQ5_5368,RICE026_FB_2021-05-29_BQ5_5368_length,Calipers to nearest mm,Length,NA,mm,NA,17,NA
RICE026_FB_2021-05-29_BQ5,RICE026_FB_2021-05-29_BQ5_5369,RICE026_FB_2021-05-29_BQ5_5369_length,Calipers to nearest mm,Length,NA,mm,NA,18,NA
RICE026_FB_2021-05-29_BQ5,RICE026_FB_2021-05-29_BQ5_5370,RICE026_FB_2021-05-29_BQ5_5370_length,Calipers to nearest mm,Length,NA,mm,NA,16,NA
RICE026_FB_2021-05-29_FQ1,RICE026_FB_2021-05-29_FQ1_5371,RICE026_FB_2021-05-29_FQ1_5371_length,Calipers to nearest mm,Length,NA,mm,NA,14,NA
RICE026_FB_2021-05-29_FQ1,RICE026_FB_2021-05-29_FQ1_5372,RICE026_FB_2021-05-29_FQ1_5372_length,Calipers to nearest mm,Length,NA,mm,NA,15,NA
RICE026_FB_2021-05-29_FQ1,RICE026_FB_2021-05-29_FQ1_5373,RICE026_FB_2021-05-29_FQ1_5373_length,Calipers to nearest mm,Length,NA,mm,NA,16,NA
RICE026_FB_2021-05-29_FQ1,RICE026_FB_2021-05-29_FQ1_5374,RICE026_FB_2021-05-29_FQ1_5374_length,Calipers to nearest mm,Length,NA,mm,NA,17,NA
RICE026_FB_2021-05-29_FQ1,RICE026_FB_2021-05-29_FQ1_5375,RICE026_FB_2021-05-29_FQ1_5375_length,Calipers to nearest mm,Length,NA,mm,NA,20,NA
RICE026_FB_2021-05-29_FQ2,RICE026_FB_2021-05-29_FQ2_5376,RICE026_FB_2021-05-29_FQ2_5376_length,Calipers to nearest mm,Length,NA,mm,NA,25,NA
RICE026_FB_2021-05-29_FQ3,RICE026_FB_2021-05-29_FQ3_5377,RICE026_FB_2021-05-29_FQ3_5377_length,Calipers to nearest mm,Length,NA,mm,NA,17,NA
RICE026_FB_2021-05-29_FQ4,RICE026_FB_2021-05-29_FQ4_5378,RICE026_FB_2021-05-29_FQ4_5378_length,Calipers to nearest mm,Length,NA,mm,NA,21,NA
RICE026_FB_2021-05-29_FQ4,RICE026_FB_2021-05-29_FQ4_5379,RICE026_FB_2021-05-29_FQ4_5379_length,Calipers to nearest mm,Length,NA,mm,NA,15,NA
RICE026_FB_2021-05-29_FQ4,RICE026_FB_2021-05-29_FQ4_5380,RICE026_FB_2021-05-29_FQ4_5380_length,Calipers to nearest mm,Length,NA,mm,NA,17,NA
RICE026_FB_2021-05-29_FQ4,RICE026_FB_2021-05-29_FQ4_5381,RICE026_FB_2021-05-29_FQ4_5381_length,Calipers to nearest mm,Length,NA,mm,NA,21,NA
RICE026_FB_2021-05-29_FQ4,RICE026_FB_2021-05-29_FQ4_5382,RICE026_FB_2021-05-29_FQ4_5382_length,Calipers to nearest mm,Length,NA,mm,NA,22,NA
RICE026_FB_2021-05-29_FQ4,RICE026_FB_2021-05-29_FQ4_5383,RICE026_FB_2021-05-29_FQ4_5383_length,Calipers to nearest mm,Length,NA,mm,NA,23,NA
RICE026_FB_2021-05-29_FQ4,RICE026_FB_2021-05-29_FQ4_5384,RICE026_FB_2021-05-29_FQ4_5384_length,Calipers to nearest mm,Length,NA,mm,NA,27,NA
RICE026_FB_2021-05-29_MQ1,RICE026_FB_2021-05-29_MQ1_5385,RICE026_FB_2021-05-29_MQ1_5385_length,Calipers to nearest mm,Length,NA,mm,NA,14,NA
RICE026_FB_2021-05-29_MQ1,RICE026_FB_2021-05-29_MQ1_5386,RICE026_FB_2021-05-29_MQ1_5386_length,Calipers to nearest mm,Length,NA,mm,NA,15,NA
RICE026_FB_2021-05-29_MQ1,RICE026_FB_2021-05-29_MQ1_5387,RICE026_FB_2021-05-29_MQ1_5387_length,Calipers to nearest mm,Length,NA,mm,NA,16,NA
RICE026_FB_2021-05-29_MQ1,RICE026_FB_2021-05-29_MQ1_5388,RICE026_FB_2021-05-29_MQ1_5388_length,Calipers to nearest mm,Length,NA,mm,NA,18,NA
RICE026_FB_2021-05-29_MQ1,RICE026_FB_2021-05-29_MQ1_5389,RICE026_FB_2021-05-29_MQ1_5389_length,Calipers to nearest mm,Length,NA,mm,NA,33,NA
RICE026_FB_2021-05-29_MQ2,RICE026_FB_2021-05-29_MQ2_5390,RICE026_FB_2021-05-29_MQ2_5390_length,Calipers to nearest mm,Length,NA,mm,NA,16,NA
RICE026_FB_2021-05-29_MQ2,RICE026_FB_2021-05-29_MQ2_5391,RICE026_FB_2021-05-29_MQ2_5391_length,Calipers to nearest mm,Length,NA,mm,NA,18,NA
RICE026_FB_2021-05-29_MQ2,RICE026_FB_2021-05-29_MQ2_5392,RICE026_FB_2021-05-29_MQ2_5392_length,Calipers to nearest mm,Length,NA,mm,NA,20,NA
RICE026_FB_2021-05-29_MQ3,RICE026_FB_2021-05-29_MQ3_5393,RICE026_FB_2021-05-29_MQ3_5393_length,Calipers to nearest mm,Length,NA,mm,NA,16,NA
RICE026_FB_2021-05-29_MQ3,RICE026_FB_2021-05-29_MQ3_5394,RICE026_FB_2021-05-29_MQ3_5394_length,Calipers to nearest mm,Length,NA,mm,NA,18,NA
RICE026_FB_2021-05-29_MQ3,RICE026_FB_2021-05-29_MQ3_5395,RICE026_FB_2021-05-29_MQ3_5395_length,Calipers to nearest mm,Length,NA,mm,NA,19,NA
RICE026_FB_2021-05-29_MQ3,RICE026_FB_2021-05-29_MQ3_5396,RICE026_FB_2021-05-29_MQ3_5396_length,Calipers to nearest mm,Length,NA,mm,NA,20,NA
RICE026_FB_2021-05-29_MQ4,RICE026_FB_2021-05-29_MQ4_5397,RICE026_FB_2021-05-29_MQ4_5397_length,Calipers to nearest mm,Length,NA,mm,NA,14,NA
RICE026_FB_2021-05-29_MQ4,RICE026_FB_2021-05-29_MQ4_5398,RICE026_FB_2021-05-29_MQ4_5398_length,Calipers to nearest mm,Length,NA,mm,NA,18,NA
RICE026_WB_2021-05-30_BQ4,RICE026_WB_2021-05-30_BQ4_5399,RICE026_WB_2021-05-30_BQ4_5399_length,Calipers to nearest mm,Length,NA,mm,NA,5,NA
RICE026_WB_2021-05-30_BQ4,RICE026_WB_2021-05-30_BQ4_5400,RICE026_WB_2021-05-30_BQ4_5400_length,Calipers to nearest mm,Length,NA,mm,NA,8,NA
RICE026_WB_2021-05-30_MQ1,RICE026_WB_2021-05-30_MQ1_5401,RICE026_WB_2021-05-30_MQ1_5401_length,Calipers to nearest mm,Length,NA,mm,NA,93,NA
RICE026_WB_2021-05-30_MQ1,RICE026_WB_2021-05-30_MQ1_5402,RICE026_WB_2021-05-30_MQ1_5402_length,Calipers to nearest mm,Length,NA,mm,NA,13,NA
RICE026_WB_2021-05-30_MQ1,RICE026_WB_2021-05-30_MQ1_5403,RICE026_WB_2021-05-30_MQ1_5403_length,Calipers to nearest mm,Length,NA,mm,NA,16,NA
RICE026_WB_2021-05-30_MQ1,RICE026_WB_2021-05-30_MQ1_5404,RICE026_WB_2021-05-30_MQ1_5404_length,Calipers to nearest mm,Length,NA,mm,NA,17,NA
RICE026_WB_2021-05-30_MQ1,RICE026_WB_2021-05-30_MQ1_5405,RICE026_WB_2021-05-30_MQ1_5405_length,Calipers to nearest mm,Length,NA,mm,NA,19,NA
RICE026_WB_2021-05-30_MQ1,RICE026_WB_2021-05-30_MQ1_5406,RICE026_WB_2021-05-30_MQ1_5406_length,Calipers to nearest mm,Length,NA,mm,NA,21,NA
RICE026_WB_2021-05-30_MQ1,RICE026_WB_2021-05-30_MQ1_5407,RICE026_WB_2021-05-30_MQ1_5407_length,Calipers to nearest mm,Length,NA,mm,NA,22,NA
RICE026_WB_2021-05-30_MQ1,RICE026_WB_2021-05-30_MQ1_5408,RICE026_WB_2021-05-30_MQ1_5408_length,Calipers to nearest mm,Length,NA,mm,NA,13,NA
RICE026_WB_2021-05-30_MQ1,RICE026_WB_2021-05-30_MQ1_5409,RICE026_WB_2021-05-30_MQ1_5409_length,Calipers to nearest mm,Length,NA,mm,NA,17,NA
RICE026_WB_2021-05-30_MQ1,RICE026_WB_2021-05-30_MQ1_5410,RICE026_WB_2021-05-30_MQ1_5410_length,Calipers to nearest mm,Length,NA,mm,NA,14,NA
RICE026_WB_2021-05-30_MQ2,RICE026_WB_2021-05-30_MQ2_5411,RICE026_WB_2021-05-30_MQ2_5411_length,Calipers to nearest mm,Length,NA,mm,NA,15,NA
RICE026_WB_2021-05-30_MQ2,RICE026_WB_2021-05-30_MQ2_5412,RICE026_WB_2021-05-30_MQ2_5412_length,Calipers to nearest mm,Length,NA,mm,NA,17,NA
RICE026_WB_2021-05-30_MQ2,RICE026_WB_2021-05-30_MQ2_5413,RICE026_WB_2021-05-30_MQ2_5413_length,Calipers to nearest mm,Length,NA,mm,NA,18,NA
RICE026_WB_2021-05-30_MQ2,RICE026_WB_2021-05-30_MQ2_5414,RICE026_WB_2021-05-30_MQ2_5414_length,Calipers to nearest mm,Length,NA,mm,NA,19,NA
RICE026_WB_2021-05-30_MQ2,RICE026_WB_2021-05-30_MQ2_5415,RICE026_WB_2021-05-30_MQ2_5415_length,Calipers to nearest mm,Length,NA,mm,NA,21,NA
RICE026_WB_2021-05-30_MQ2,RICE026_WB_2021-05-30_MQ2_5416,RICE026_WB_2021-05-30_MQ2_5416_length,Calipers to nearest mm,Length,NA,mm,NA,12,NA
RICE026_WB_2021-05-30_MQ2,RICE026_WB_2021-05-30_MQ2_5417,RICE026_WB_2021-05-30_MQ2_5417_length,Calipers to nearest mm,Length,NA,mm,NA,13,NA
RICE026_WB_2021-05-30_MQ2,RICE026_WB_2021-05-30_MQ2_5418,RICE026_WB_2021-05-30_MQ2_5418_length,Calipers to nearest mm,Length,NA,mm,NA,15,NA
RICE026_WB_2021-05-30_MQ2,RICE026_WB_2021-05-30_MQ2_5419,RICE026_WB_2021-05-30_MQ2_5419_length,Calipers to nearest mm,Length,NA,mm,NA,11,NA
RICE026_WB_2021-05-30_MQ2,RICE026_WB_2021-05-30_MQ2_5420,RICE026_WB_2021-05-30_MQ2_5420_length,Calipers to nearest mm,Length,NA,mm,NA,12,NA
RICE026_WB_2021-05-30_MQ2,RICE026_WB_2021-05-30_MQ2_5421,RICE026_WB_2021-05-30_MQ2_5421_length,Calipers to nearest mm,Length,NA,mm,NA,14,NA
RICE026_WB_2021-05-30_MQ3,RICE026_WB_2021-05-30_MQ3_5422,RICE026_WB_2021-05-30_MQ3_5422_length,Calipers to nearest mm,Length,NA,mm,NA,15,NA
RICE026_WB_2021-05-30_MQ3,RICE026_WB_2021-05-30_MQ3_5423,RICE026_WB_2021-05-30_MQ3_5423_length,Calipers to nearest mm,Length,NA,mm,NA,16,NA
RICE026_WB_2021-05-30_MQ3,RICE026_WB_2021-05-30_MQ3_5424,RICE026_WB_2021-05-30_MQ3_5424_length,Calipers to nearest mm,Length,NA,mm,NA,17,NA
RICE026_WB_2021-05-30_MQ3,RICE026_WB_2021-05-30_MQ3_5425,RICE026_WB_2021-05-30_MQ3_5425_length,Calipers to nearest mm,Length,NA,mm,NA,18,NA
RICE026_WB_2021-05-30_MQ3,RICE026_WB_2021-05-30_MQ3_5426,RICE026_WB_2021-05-30_MQ3_5426_length,Calipers to nearest mm,Length,NA,mm,NA,20,NA
RICE026_WB_2021-05-30_MQ3,RICE026_WB_2021-05-30_MQ3_5427,RICE026_WB_2021-05-30_MQ3_5427_length,Calipers to nearest mm,Length,NA,mm,NA,9,NA
RICE026_WB_2021-05-30_MQ3,RICE026_WB_2021-05-30_MQ3_5428,RICE026_WB_2021-05-30_MQ3_5428_length,Calipers to nearest mm,Length,NA,mm,NA,10,NA
RICE026_WB_2021-05-30_MQ3,RICE026_WB_2021-05-30_MQ3_5429,RICE026_WB_2021-05-30_MQ3_5429_length,Calipers to nearest mm,Length,NA,mm,NA,11,NA
RICE026_WB_2021-05-30_MQ3,RICE026_WB_2021-05-30_MQ3_5430,RICE026_WB_2021-05-30_MQ3_5430_length,Calipers to nearest mm,Length,NA,mm,NA,13,NA
RICE026_WB_2021-05-30_MQ3,RICE026_WB_2021-05-30_MQ3_5431,RICE026_WB_2021-05-30_MQ3_5431_length,Calipers to nearest mm,Length,NA,mm,NA,14,NA
RICE026_WB_2021-05-30_MQ3,RICE026_WB_2021-05-30_MQ3_5432,RICE026_WB_2021-05-30_MQ3_5432_length,Calipers to nearest mm,Length,NA,mm,NA,15,NA
RICE026_WB_2021-05-30_MQ3,RICE026_WB_2021-05-30_MQ3_5433,RICE026_WB_2021-05-30_MQ3_5433_length,Calipers to nearest mm,Length,NA,mm,NA,36,NA
RICE026_WB_2021-05-30_MQ3,RICE026_WB_2021-05-30_MQ3_5434,RICE026_WB_2021-05-30_MQ3_5434_length,Calipers to nearest mm,Length,NA,mm,NA,7,NA
RICE026_WB_2021-05-30_MQ3,RICE026_WB_2021-05-30_MQ3_5435,RICE026_WB_2021-05-30_MQ3_5435_length,Calipers to nearest mm,Length,NA,mm,NA,8,NA
RICE026_WB_2021-05-30_MQ3,RICE026_WB_2021-05-30_MQ3_5436,RICE026_WB_2021-05-30_MQ3_5436_length,Calipers to nearest mm,Length,NA,mm,NA,9,NA
RICE026_WB_2021-05-30_MQ3,RICE026_WB_2021-05-30_MQ3_5437,RICE026_WB_2021-05-30_MQ3_5437_length,Calipers to nearest mm,Length,NA,mm,NA,10,NA
RICE026_WB_2021-05-30_MQ3,RICE026_WB_2021-05-30_MQ3_5438,RICE026_WB_2021-05-30_MQ3_5438_length,Calipers to nearest mm,Length,NA,mm,NA,12,NA
RICE026_WB_2021-05-30_MQ3,RICE026_WB_2021-05-30_MQ3_5439,RICE026_WB_2021-05-30_MQ3_5439_length,Calipers to nearest mm,Length,NA,mm,NA,13,NA
RICE026_WB_2021-05-30_MQ3,RICE026_WB_2021-05-30_MQ3_5440,RICE026_WB_2021-05-30_MQ3_5440_length,Calipers to nearest mm,Length,NA,mm,NA,16,NA
RICE026_WB_2021-05-30_MQ4,RICE026_WB_2021-05-30_MQ4_5441,RICE026_WB_2021-05-30_MQ4_5441_length,Calipers to nearest mm,Length,NA,mm,NA,14,NA
RICE026_WB_2021-05-30_MQ4,RICE026_WB_2021-05-30_MQ4_5442,RICE026_WB_2021-05-30_MQ4_5442_length,Calipers to nearest mm,Length,NA,mm,NA,15,NA
RICE026_WB_2021-05-30_MQ4,RICE026_WB_2021-05-30_MQ4_5443,RICE026_WB_2021-05-30_MQ4_5443_length,Calipers to nearest mm,Length,NA,mm,NA,16,NA
RICE026_WB_2021-05-30_MQ4,RICE026_WB_2021-05-30_MQ4_5444,RICE026_WB_2021-05-30_MQ4_5444_length,Calipers to nearest mm,Length,NA,mm,NA,17,NA
RICE026_WB_2021-05-30_MQ4,RICE026_WB_2021-05-30_MQ4_5445,RICE026_WB_2021-05-30_MQ4_5445_length,Calipers to nearest mm,Length,NA,mm,NA,18,NA
RICE026_WB_2021-05-30_MQ4,RICE026_WB_2021-05-30_MQ4_5446,RICE026_WB_2021-05-30_MQ4_5446_length,Calipers to nearest mm,Length,NA,mm,NA,20,NA
RICE026_WB_2021-05-30_MQ4,RICE026_WB_2021-05-30_MQ4_5447,RICE026_WB_2021-05-30_MQ4_5447_length,Calipers to nearest mm,Length,NA,mm,NA,14,NA
RICE026_WB_2021-05-30_MQ5,RICE026_WB_2021-05-30_MQ5_5448,RICE026_WB_2021-05-30_MQ5_5448_length,Calipers to nearest mm,Length,NA,mm,NA,14,NA
RICE026_WB_2021-05-30_MQ5,RICE026_WB_2021-05-30_MQ5_5449,RICE026_WB_2021-05-30_MQ5_5449_length,Calipers to nearest mm,Length,NA,mm,NA,16,NA
RICE026_WB_2021-05-30_MQ5,RICE026_WB_2021-05-30_MQ5_5450,RICE026_WB_2021-05-30_MQ5_5450_length,Calipers to nearest mm,Length,NA,mm,NA,17,NA
RICE026_WB_2021-05-30_MQ5,RICE026_WB_2021-05-30_MQ5_5451,RICE026_WB_2021-05-30_MQ5_5451_length,Calipers to nearest mm,Length,NA,mm,NA,18,NA
RICE026_WB_2021-05-30_MQ5,RICE026_WB_2021-05-30_MQ5_5452,RICE026_WB_2021-05-30_MQ5_5452_length,Calipers to nearest mm,Length,NA,mm,NA,11,NA
RICE026_WB_2021-05-30_MQ5,RICE026_WB_2021-05-30_MQ5_5453,RICE026_WB_2021-05-30_MQ5_5453_length,Calipers to nearest mm,Length,NA,mm,NA,15,NA
RICE026_WB_2021-05-30_FQ1,RICE026_WB_2021-05-30_FQ1_5454,RICE026_WB_2021-05-30_FQ1_5454_length,Calipers to nearest mm,Length,NA,mm,NA,5,NA
RICE026_WB_2021-05-30_FQ3,RICE026_WB_2021-05-30_FQ3_5455,RICE026_WB_2021-05-30_FQ3_5455_length,Calipers to nearest mm,Length,NA,mm,NA,13,NA
RICE026_WB_2021-05-30_FQ3,RICE026_WB_2021-05-30_FQ3_5456,RICE026_WB_2021-05-30_FQ3_5456_length,Calipers to nearest mm,Length,NA,mm,NA,14,NA
RICE026_WB_2021-05-30_FQ3,RICE026_WB_2021-05-30_FQ3_5457,RICE026_WB_2021-05-30_FQ3_5457_length,Calipers to nearest mm,Length,NA,mm,NA,15,NA
RICE026_WB_2021-05-30_FQ3,RICE026_WB_2021-05-30_FQ3_5458,RICE026_WB_2021-05-30_FQ3_5458_length,Calipers to nearest mm,Length,NA,mm,NA,17,NA
RICE026_WB_2021-05-30_FQ3,RICE026_WB_2021-05-30_FQ3_5459,RICE026_WB_2021-05-30_FQ3_5459_length,Calipers to nearest mm,Length,NA,mm,NA,15,NA
RICE026_WB_2021-05-30_FQ3,RICE026_WB_2021-05-30_FQ3_5460,RICE026_WB_2021-05-30_FQ3_5460_length,Calipers to nearest mm,Length,NA,mm,NA,17,NA
RICE026_WB_2021-05-30_FQ4,RICE026_WB_2021-05-30_FQ4_5461,RICE026_WB_2021-05-30_FQ4_5461_length,Calipers to nearest mm,Length,NA,mm,NA,10,NA
RICE026_WB_2021-05-30_FQ4,RICE026_WB_2021-05-30_FQ4_5462,RICE026_WB_2021-05-30_FQ4_5462_length,Calipers to nearest mm,Length,NA,mm,NA,13,NA
RICE026_WB_2021-05-30_FQ4,RICE026_WB_2021-05-30_FQ4_5463,RICE026_WB_2021-05-30_FQ4_5463_length,Calipers to nearest mm,Length,NA,mm,NA,14,NA
RICE026_WB_2021-05-30_FQ4,RICE026_WB_2021-05-30_FQ4_5464,RICE026_WB_2021-05-30_FQ4_5464_length,Calipers to nearest mm,Length,NA,mm,NA,21,NA
RICE026_WB_2021-05-30_FQ4,RICE026_WB_2021-05-30_FQ4_5465,RICE026_WB_2021-05-30_FQ4_5465_length,Calipers to nearest mm,Length,NA,mm,NA,60,NA
RICE026_WB_2021-05-30_FQ4,RICE026_WB_2021-05-30_FQ4_5466,RICE026_WB_2021-05-30_FQ4_5466_length,Calipers to nearest mm,Length,NA,mm,NA,20,NA
RICE026_WB_2021-05-30_FQ4,RICE026_WB_2021-05-30_FQ4_5467,RICE026_WB_2021-05-30_FQ4_5467_length,Calipers to nearest mm,Length,NA,mm,NA,14,NA
RICE026_WB_2021-05-30_FQ5,RICE026_WB_2021-05-30_FQ5_5468,RICE026_WB_2021-05-30_FQ5_5468_length,Calipers to nearest mm,Length,NA,mm,NA,13,NA
RICE026_WB_2021-05-30_FQ5,RICE026_WB_2021-05-30_FQ5_5469,RICE026_WB_2021-05-30_FQ5_5469_length,Calipers to nearest mm,Length,NA,mm,NA,14,NA
RICE026_WB_2021-05-30_FQ5,RICE026_WB_2021-05-30_FQ5_5470,RICE026_WB_2021-05-30_FQ5_5470_length,Calipers to nearest mm,Length,NA,mm,NA,15,NA
RICE026_WB_2021-05-30_FQ5,RICE026_WB_2021-05-30_FQ5_5471,RICE026_WB_2021-05-30_FQ5_5471_length,Calipers to nearest mm,Length,NA,mm,NA,17,NA
RICE026_WB_2021-05-30_FQ5,RICE026_WB_2021-05-30_FQ5_5472,RICE026_WB_2021-05-30_FQ5_5472_length,Calipers to nearest mm,Length,NA,mm,NA,18,NA
RICE026_WB_2021-05-30_FQ5,RICE026_WB_2021-05-30_FQ5_5473,RICE026_WB_2021-05-30_FQ5_5473_length,Calipers to nearest mm,Length,NA,mm,NA,20,NA
RICE026_WB_2021-05-30_FQ5,RICE026_WB_2021-05-30_FQ5_5474,RICE026_WB_2021-05-30_FQ5_5474_length,Calipers to nearest mm,Length,NA,mm,NA,22,NA
RICE027_WB_2021-06-24_MQ1,RICE027_WB_2021-06-24_MQ1_5475,RICE027_WB_2021-06-24_MQ1_5475_length,Calipers to nearest mm,Length,NA,mm,NA,18,NA
RICE027_WB_2021-06-24_MQ1,RICE027_WB_2021-06-24_MQ1_5476,RICE027_WB_2021-06-24_MQ1_5476_length,Calipers to nearest mm,Length,NA,mm,NA,11,NA
RICE027_WB_2021-06-24_MQ1,RICE027_WB_2021-06-24_MQ1_5477,RICE027_WB_2021-06-24_MQ1_5477_length,Calipers to nearest mm,Length,NA,mm,NA,16,NA
RICE027_WB_2021-06-24_MQ1,RICE027_WB_2021-06-24_MQ1_5478,RICE027_WB_2021-06-24_MQ1_5478_length,Calipers to nearest mm,Length,NA,mm,NA,19,NA
RICE027_WB_2021-06-24_MQ1,RICE027_WB_2021-06-24_MQ1_5479,RICE027_WB_2021-06-24_MQ1_5479_length,Calipers to nearest mm,Length,NA,mm,NA,20,NA
RICE027_WB_2021-06-24_MQ1,RICE027_WB_2021-06-24_MQ1_5480,RICE027_WB_2021-06-24_MQ1_5480_length,Calipers to nearest mm,Length,NA,mm,NA,13,NA
RICE027_WB_2021-06-24_MQ1,RICE027_WB_2021-06-24_MQ1_5481,RICE027_WB_2021-06-24_MQ1_5481_length,Calipers to nearest mm,Length,NA,mm,NA,17,NA
RICE027_WB_2021-06-24_MQ1,RICE027_WB_2021-06-24_MQ1_5482,RICE027_WB_2021-06-24_MQ1_5482_length,Calipers to nearest mm,Length,NA,mm,NA,22,NA
RICE027_WB_2021-06-24_MQ2,RICE027_WB_2021-06-24_MQ2_5483,RICE027_WB_2021-06-24_MQ2_5483_length,Calipers to nearest mm,Length,NA,mm,NA,18,NA
RICE027_WB_2021-06-24_MQ2,RICE027_WB_2021-06-24_MQ2_5484,RICE027_WB_2021-06-24_MQ2_5484_length,Calipers to nearest mm,Length,NA,mm,NA,17,NA
RICE027_WB_2021-06-24_MQ2,RICE027_WB_2021-06-24_MQ2_5485,RICE027_WB_2021-06-24_MQ2_5485_length,Calipers to nearest mm,Length,NA,mm,NA,16,NA
RICE027_WB_2021-06-24_MQ2,RICE027_WB_2021-06-24_MQ2_5486,RICE027_WB_2021-06-24_MQ2_5486_length,Calipers to nearest mm,Length,NA,mm,NA,15,NA
RICE027_WB_2021-06-24_MQ2,RICE027_WB_2021-06-24_MQ2_5487,RICE027_WB_2021-06-24_MQ2_5487_length,Calipers to nearest mm,Length,NA,mm,NA,14,NA
RICE027_WB_2021-06-24_MQ2,RICE027_WB_2021-06-24_MQ2_5488,RICE027_WB_2021-06-24_MQ2_5488_length,Calipers to nearest mm,Length,NA,mm,NA,21,NA
RICE027_WB_2021-06-24_MQ3,RICE027_WB_2021-06-24_MQ3_5489,RICE027_WB_2021-06-24_MQ3_5489_length,Calipers to nearest mm,Length,NA,mm,NA,11,NA
RICE027_WB_2021-06-24_MQ3,RICE027_WB_2021-06-24_MQ3_5490,RICE027_WB_2021-06-24_MQ3_5490_length,Calipers to nearest mm,Length,NA,mm,NA,15,NA
RICE027_WB_2021-06-24_MQ3,RICE027_WB_2021-06-24_MQ3_5491,RICE027_WB_2021-06-24_MQ3_5491_length,Calipers to nearest mm,Length,NA,mm,NA,13,NA
RICE027_WB_2021-06-24_MQ3,RICE027_WB_2021-06-24_MQ3_5492,RICE027_WB_2021-06-24_MQ3_5492_length,Calipers to nearest mm,Length,NA,mm,NA,19,NA
RICE027_WB_2021-06-24_MQ3,RICE027_WB_2021-06-24_MQ3_5493,RICE027_WB_2021-06-24_MQ3_5493_length,Calipers to nearest mm,Length,NA,mm,NA,12,NA
RICE027_WB_2021-06-24_MQ3,RICE027_WB_2021-06-24_MQ3_5494,RICE027_WB_2021-06-24_MQ3_5494_length,Calipers to nearest mm,Length,NA,mm,NA,20,NA
RICE027_WB_2021-06-24_MQ3,RICE027_WB_2021-06-24_MQ3_5495,RICE027_WB_2021-06-24_MQ3_5495_length,Calipers to nearest mm,Length,NA,mm,NA,10,NA
RICE027_WB_2021-06-24_MQ3,RICE027_WB_2021-06-24_MQ3_5496,RICE027_WB_2021-06-24_MQ3_5496_length,Calipers to nearest mm,Length,NA,mm,NA,17,NA
RICE027_WB_2021-06-24_MQ3,RICE027_WB_2021-06-24_MQ3_5497,RICE027_WB_2021-06-24_MQ3_5497_length,Calipers to nearest mm,Length,NA,mm,NA,40,NA
RICE027_WB_2021-06-24_MQ3,RICE027_WB_2021-06-24_MQ3_5498,RICE027_WB_2021-06-24_MQ3_5498_length,Calipers to nearest mm,Length,NA,mm,NA,15,NA
RICE027_WB_2021-06-24_MQ3,RICE027_WB_2021-06-24_MQ3_5499,RICE027_WB_2021-06-24_MQ3_5499_length,Calipers to nearest mm,Length,NA,mm,NA,14,NA
RICE027_WB_2021-06-24_MQ3,RICE027_WB_2021-06-24_MQ3_5500,RICE027_WB_2021-06-24_MQ3_5500_length,Calipers to nearest mm,Length,NA,mm,NA,19,NA
RICE027_WB_2021-06-24_MQ4,RICE027_WB_2021-06-24_MQ4_5501,RICE027_WB_2021-06-24_MQ4_5501_length,Calipers to nearest mm,Length,NA,mm,NA,20,NA
RICE027_WB_2021-06-24_MQ4,RICE027_WB_2021-06-24_MQ4_5502,RICE027_WB_2021-06-24_MQ4_5502_length,Calipers to nearest mm,Length,NA,mm,NA,15,NA
RICE027_WB_2021-06-24_MQ4,RICE027_WB_2021-06-24_MQ4_5503,RICE027_WB_2021-06-24_MQ4_5503_length,Calipers to nearest mm,Length,NA,mm,NA,13,NA
RICE027_WB_2021-06-24_MQ4,RICE027_WB_2021-06-24_MQ4_5504,RICE027_WB_2021-06-24_MQ4_5504_length,Calipers to nearest mm,Length,NA,mm,NA,19,NA
RICE027_WB_2021-06-24_MQ4,RICE027_WB_2021-06-24_MQ4_5505,RICE027_WB_2021-06-24_MQ4_5505_length,Calipers to nearest mm,Length,NA,mm,NA,17,NA
RICE027_WB_2021-06-24_MQ4,RICE027_WB_2021-06-24_MQ4_5506,RICE027_WB_2021-06-24_MQ4_5506_length,Calipers to nearest mm,Length,NA,mm,NA,16,NA
RICE027_WB_2021-06-24_MQ4,RICE027_WB_2021-06-24_MQ4_5507,RICE027_WB_2021-06-24_MQ4_5507_length,Calipers to nearest mm,Length,NA,mm,NA,12,NA
RICE027_WB_2021-06-24_MQ4,RICE027_WB_2021-06-24_MQ4_5508,RICE027_WB_2021-06-24_MQ4_5508_length,Calipers to nearest mm,Length,NA,mm,NA,12,NA
RICE027_WB_2021-06-24_MQ5,RICE027_WB_2021-06-24_MQ5_5509,RICE027_WB_2021-06-24_MQ5_5509_length,Calipers to nearest mm,Length,NA,mm,NA,16,NA
RICE027_WB_2021-06-24_MQ5,RICE027_WB_2021-06-24_MQ5_5510,RICE027_WB_2021-06-24_MQ5_5510_length,Calipers to nearest mm,Length,NA,mm,NA,15,NA
RICE027_WB_2021-06-24_MQ5,RICE027_WB_2021-06-24_MQ5_5511,RICE027_WB_2021-06-24_MQ5_5511_length,Calipers to nearest mm,Length,NA,mm,NA,20,NA
RICE027_WB_2021-06-24_MQ5,RICE027_WB_2021-06-24_MQ5_5512,RICE027_WB_2021-06-24_MQ5_5512_length,Calipers to nearest mm,Length,NA,mm,NA,12,NA
RICE027_WB_2021-06-24_MQ5,RICE027_WB_2021-06-24_MQ5_5513,RICE027_WB_2021-06-24_MQ5_5513_length,Calipers to nearest mm,Length,NA,mm,NA,17,NA
RICE027_WB_2021-06-24_MQ5,RICE027_WB_2021-06-24_MQ5_5514,RICE027_WB_2021-06-24_MQ5_5514_length,Calipers to nearest mm,Length,NA,mm,NA,11,NA
RICE027_WB_2021-06-24_MQ5,RICE027_WB_2021-06-24_MQ5_5515,RICE027_WB_2021-06-24_MQ5_5515_length,Calipers to nearest mm,Length,NA,mm,NA,14,NA
RICE027_WB_2021-06-24_FQ3,RICE027_WB_2021-06-24_FQ3_5516,RICE027_WB_2021-06-24_FQ3_5516_length,Calipers to nearest mm,Length,NA,mm,NA,14,NA
RICE027_WB_2021-06-24_FQ3,RICE027_WB_2021-06-24_FQ3_5517,RICE027_WB_2021-06-24_FQ3_5517_length,Calipers to nearest mm,Length,NA,mm,NA,11,NA
RICE027_WB_2021-06-24_FQ3,RICE027_WB_2021-06-24_FQ3_5518,RICE027_WB_2021-06-24_FQ3_5518_length,Calipers to nearest mm,Length,NA,mm,NA,17,NA
RICE027_WB_2021-06-24_FQ3,RICE027_WB_2021-06-24_FQ3_5519,RICE027_WB_2021-06-24_FQ3_5519_length,Calipers to nearest mm,Length,NA,mm,NA,25,NA
RICE027_WB_2021-06-24_FQ3,RICE027_WB_2021-06-24_FQ3_5520,RICE027_WB_2021-06-24_FQ3_5520_length,Calipers to nearest mm,Length,NA,mm,NA,14,NA
RICE027_WB_2021-06-24_FQ3,RICE027_WB_2021-06-24_FQ3_5521,RICE027_WB_2021-06-24_FQ3_5521_length,Calipers to nearest mm,Length,NA,mm,NA,17,NA
RICE027_WB_2021-06-24_FQ5,RICE027_WB_2021-06-24_FQ5_5522,RICE027_WB_2021-06-24_FQ5_5522_length,Calipers to nearest mm,Length,NA,mm,NA,17,NA
RICE027_WB_2021-06-24_FQ5,RICE027_WB_2021-06-24_FQ5_5523,RICE027_WB_2021-06-24_FQ5_5523_length,Calipers to nearest mm,Length,NA,mm,NA,18,NA
RICE027_WB_2021-06-24_FQ5,RICE027_WB_2021-06-24_FQ5_5524,RICE027_WB_2021-06-24_FQ5_5524_length,Calipers to nearest mm,Length,NA,mm,NA,19,NA
RICE027_WB_2021-06-24_FQ5,RICE027_WB_2021-06-24_FQ5_5525,RICE027_WB_2021-06-24_FQ5_5525_length,Calipers to nearest mm,Length,NA,mm,NA,21,NA
RICE027_WB_2021-06-24_FQ5,RICE027_WB_2021-06-24_FQ5_5526,RICE027_WB_2021-06-24_FQ5_5526_length,Calipers to nearest mm,Length,NA,mm,NA,23,NA
RICE027_WB_2021-06-24_FQ5,RICE027_WB_2021-06-24_FQ5_5527,RICE027_WB_2021-06-24_FQ5_5527_length,Calipers to nearest mm,Length,NA,mm,NA,18,NA
RICE027_NB_2021-06-27_FQ1,RICE027_NB_2021-06-27_FQ1_5528,RICE027_NB_2021-06-27_FQ1_5528_length,Calipers to nearest mm,Length,NA,mm,NA,32,NA
RICE027_NB_2021-06-27_FQ1,RICE027_NB_2021-06-27_FQ1_5529,RICE027_NB_2021-06-27_FQ1_5529_length,Calipers to nearest mm,Length,NA,mm,NA,16,NA
RICE027_NB_2021-06-27_FQ1,RICE027_NB_2021-06-27_FQ1_5530,RICE027_NB_2021-06-27_FQ1_5530_length,Calipers to nearest mm,Length,NA,mm,NA,17,NA
RICE027_NB_2021-06-27_FQ1,RICE027_NB_2021-06-27_FQ1_5531,RICE027_NB_2021-06-27_FQ1_5531_length,Calipers to nearest mm,Length,NA,mm,NA,15,NA
RICE027_NB_2021-06-27_FQ1,RICE027_NB_2021-06-27_FQ1_5532,RICE027_NB_2021-06-27_FQ1_5532_length,Calipers to nearest mm,Length,NA,mm,NA,23,NA
RICE027_NB_2021-06-27_FQ1,RICE027_NB_2021-06-27_FQ1_5533,RICE027_NB_2021-06-27_FQ1_5533_length,Calipers to nearest mm,Length,NA,mm,NA,26,NA
RICE027_NB_2021-06-27_FQ1,RICE027_NB_2021-06-27_FQ1_5534,RICE027_NB_2021-06-27_FQ1_5534_length,Calipers to nearest mm,Length,NA,mm,NA,19,NA
RICE027_NB_2021-06-27_FQ4,RICE027_NB_2021-06-27_FQ4_5535,RICE027_NB_2021-06-27_FQ4_5535_length,Calipers to nearest mm,Length,NA,mm,NA,90,NA
RICE027_NB_2021-06-28_MQ1,RICE027_NB_2021-06-28_MQ1_5536,RICE027_NB_2021-06-28_MQ1_5536_length,Calipers to nearest mm,Length,NA,mm,NA,19,NA
RICE027_NB_2021-06-28_MQ2,RICE027_NB_2021-06-28_MQ2_5537,RICE027_NB_2021-06-28_MQ2_5537_length,Calipers to nearest mm,Length,NA,mm,NA,20,NA
RICE027_NB_2021-06-28_MQ5,RICE027_NB_2021-06-28_MQ5_5538,RICE027_NB_2021-06-28_MQ5_5538_length,Calipers to nearest mm,Length,NA,mm,NA,18,NA
RICE027_NB_2021-06-28_MQ5,RICE027_NB_2021-06-28_MQ5_5539,RICE027_NB_2021-06-28_MQ5_5539_length,Calipers to nearest mm,Length,NA,mm,NA,21,NA
RICE027_NB_2021-06-28_MQ5,RICE027_NB_2021-06-28_MQ5_5540,RICE027_NB_2021-06-28_MQ5_5540_length,Calipers to nearest mm,Length,NA,mm,NA,18,NA
RICE027_FB_2021-06-29_MQ1,RICE027_FB_2021-06-29_MQ1_5541,RICE027_FB_2021-06-29_MQ1_5541_length,Calipers to nearest mm,Length,NA,mm,NA,13,NA
RICE027_FB_2021-06-29_MQ1,RICE027_FB_2021-06-29_MQ1_5542,RICE027_FB_2021-06-29_MQ1_5542_length,Calipers to nearest mm,Length,NA,mm,NA,17,NA
RICE027_FB_2021-06-29_MQ1,RICE027_FB_2021-06-29_MQ1_5543,RICE027_FB_2021-06-29_MQ1_5543_length,Calipers to nearest mm,Length,NA,mm,NA,22,NA
RICE027_FB_2021-06-29_MQ1,RICE027_FB_2021-06-29_MQ1_5544,RICE027_FB_2021-06-29_MQ1_5544_length,Calipers to nearest mm,Length,NA,mm,NA,18,NA
RICE027_FB_2021-06-29_MQ1,RICE027_FB_2021-06-29_MQ1_5545,RICE027_FB_2021-06-29_MQ1_5545_length,Calipers to nearest mm,Length,NA,mm,NA,13,NA
RICE027_FB_2021-06-29_MQ4,RICE027_FB_2021-06-29_MQ4_5546,RICE027_FB_2021-06-29_MQ4_5546_length,Calipers to nearest mm,Length,NA,mm,NA,15,NA
RICE027_FB_2021-06-29_MQ4,RICE027_FB_2021-06-29_MQ4_5547,RICE027_FB_2021-06-29_MQ4_5547_length,Calipers to nearest mm,Length,NA,mm,NA,16,NA
RICE027_FB_2021-06-29_FQ4,RICE027_FB_2021-06-29_FQ4_5548,RICE027_FB_2021-06-29_FQ4_5548_length,Calipers to nearest mm,Length,NA,mm,NA,10,NA
RICE027_FB_2021-06-29_FQ4,RICE027_FB_2021-06-29_FQ4_5549,RICE027_FB_2021-06-29_FQ4_5549_length,Calipers to nearest mm,Length,NA,mm,NA,20,NA
RICE027_FB_2021-06-29_FQ4,RICE027_FB_2021-06-29_FQ4_5550,RICE027_FB_2021-06-29_FQ4_5550_length,Calipers to nearest mm,Length,NA,mm,NA,30,NA
RICE027_FB_2021-06-29_FQ2,RICE027_FB_2021-06-29_FQ2_5551,RICE027_FB_2021-06-29_FQ2_5551_length,Calipers to nearest mm,Length,NA,mm,NA,20,NA
RICE027_FB_2021-06-29_FQ1,RICE027_FB_2021-06-29_FQ1_5552,RICE027_FB_2021-06-29_FQ1_5552_length,Calipers to nearest mm,Length,NA,mm,NA,20,NA
RICE027_FB_2021-06-29_FQ1,RICE027_FB_2021-06-29_FQ1_5553,RICE027_FB_2021-06-29_FQ1_5553_length,Calipers to nearest mm,Length,NA,mm,NA,23,NA
RICE027_FB_2021-06-29_FQ1,RICE027_FB_2021-06-29_FQ1_5554,RICE027_FB_2021-06-29_FQ1_5554_length,Calipers to nearest mm,Length,NA,mm,NA,24,NA
RICE027_FB_2021-06-29_FQ1,RICE027_FB_2021-06-29_FQ1_5555,RICE027_FB_2021-06-29_FQ1_5555_length,Calipers to nearest mm,Length,NA,mm,NA,14,NA
RICE028_WB_2021-08-19_MQ1,RICE028_WB_2021-08-19_MQ1_5556,RICE028_WB_2021-08-19_MQ1_5556_length,Calipers to nearest mm,Length,NA,mm,NA,12,NA
RICE028_WB_2021-08-19_MQ1,RICE028_WB_2021-08-19_MQ1_5557,RICE028_WB_2021-08-19_MQ1_5557_length,Calipers to nearest mm,Length,NA,mm,NA,14,NA
RICE028_WB_2021-08-19_MQ1,RICE028_WB_2021-08-19_MQ1_5558,RICE028_WB_2021-08-19_MQ1_5558_length,Calipers to nearest mm,Length,NA,mm,NA,15,NA
RICE028_WB_2021-08-19_MQ1,RICE028_WB_2021-08-19_MQ1_5559,RICE028_WB_2021-08-19_MQ1_5559_length,Calipers to nearest mm,Length,NA,mm,NA,17,NA
RICE028_WB_2021-08-19_MQ1,RICE028_WB_2021-08-19_MQ1_5560,RICE028_WB_2021-08-19_MQ1_5560_length,Calipers to nearest mm,Length,NA,mm,NA,18,NA
RICE028_WB_2021-08-19_MQ1,RICE028_WB_2021-08-19_MQ1_5561,RICE028_WB_2021-08-19_MQ1_5561_length,Calipers to nearest mm,Length,NA,mm,NA,10,NA
RICE028_WB_2021-08-19_MQ1,RICE028_WB_2021-08-19_MQ1_5562,RICE028_WB_2021-08-19_MQ1_5562_length,Calipers to nearest mm,Length,NA,mm,NA,12,NA
RICE028_WB_2021-08-19_MQ2,RICE028_WB_2021-08-19_MQ2_5563,RICE028_WB_2021-08-19_MQ2_5563_length,Calipers to nearest mm,Length,NA,mm,NA,16,NA
RICE028_WB_2021-08-19_MQ2,RICE028_WB_2021-08-19_MQ2_5564,RICE028_WB_2021-08-19_MQ2_5564_length,Calipers to nearest mm,Length,NA,mm,NA,15,NA
RICE028_WB_2021-08-19_MQ2,RICE028_WB_2021-08-19_MQ2_5565,RICE028_WB_2021-08-19_MQ2_5565_length,Calipers to nearest mm,Length,NA,mm,NA,13,NA
RICE028_WB_2021-08-19_MQ2,RICE028_WB_2021-08-19_MQ2_5566,RICE028_WB_2021-08-19_MQ2_5566_length,Calipers to nearest mm,Length,NA,mm,NA,10,NA
RICE028_WB_2021-08-19_MQ2,RICE028_WB_2021-08-19_MQ2_5567,RICE028_WB_2021-08-19_MQ2_5567_length,Calipers to nearest mm,Length,NA,mm,NA,17,NA
RICE028_WB_2021-08-19_MQ2,RICE028_WB_2021-08-19_MQ2_5568,RICE028_WB_2021-08-19_MQ2_5568_length,Calipers to nearest mm,Length,NA,mm,NA,18,NA
RICE028_WB_2021-08-19_MQ2,RICE028_WB_2021-08-19_MQ2_5569,RICE028_WB_2021-08-19_MQ2_5569_length,Calipers to nearest mm,Length,NA,mm,NA,14,NA
RICE028_WB_2021-08-19_MQ2,RICE028_WB_2021-08-19_MQ2_5570,RICE028_WB_2021-08-19_MQ2_5570_length,Calipers to nearest mm,Length,NA,mm,NA,14,NA
RICE028_WB_2021-08-19_MQ2,RICE028_WB_2021-08-19_MQ2_5571,RICE028_WB_2021-08-19_MQ2_5571_length,Calipers to nearest mm,Length,NA,mm,NA,11,NA
RICE028_WB_2021-08-19_MQ2,RICE028_WB_2021-08-19_MQ2_5572,RICE028_WB_2021-08-19_MQ2_5572_length,Calipers to nearest mm,Length,NA,mm,NA,5,NA
RICE028_WB_2021-08-19_MQ3,RICE028_WB_2021-08-19_MQ3_5573,RICE028_WB_2021-08-19_MQ3_5573_length,Calipers to nearest mm,Length,NA,mm,NA,16,NA
RICE028_WB_2021-08-19_MQ3,RICE028_WB_2021-08-19_MQ3_5574,RICE028_WB_2021-08-19_MQ3_5574_length,Calipers to nearest mm,Length,NA,mm,NA,14,NA
RICE028_WB_2021-08-19_MQ3,RICE028_WB_2021-08-19_MQ3_5575,RICE028_WB_2021-08-19_MQ3_5575_length,Calipers to nearest mm,Length,NA,mm,NA,15,NA
RICE028_WB_2021-08-19_MQ3,RICE028_WB_2021-08-19_MQ3_5576,RICE028_WB_2021-08-19_MQ3_5576_length,Calipers to nearest mm,Length,NA,mm,NA,13,NA
RICE028_WB_2021-08-19_MQ3,RICE028_WB_2021-08-19_MQ3_5577,RICE028_WB_2021-08-19_MQ3_5577_length,Calipers to nearest mm,Length,NA,mm,NA,12,NA
RICE028_WB_2021-08-19_MQ4,RICE028_WB_2021-08-19_MQ4_5578,RICE028_WB_2021-08-19_MQ4_5578_length,Calipers to nearest mm,Length,NA,mm,NA,14,NA
RICE028_WB_2021-08-19_MQ4,RICE028_WB_2021-08-19_MQ4_5579,RICE028_WB_2021-08-19_MQ4_5579_length,Calipers to nearest mm,Length,NA,mm,NA,15,NA
RICE028_WB_2021-08-19_MQ4,RICE028_WB_2021-08-19_MQ4_5580,RICE028_WB_2021-08-19_MQ4_5580_length,Calipers to nearest mm,Length,NA,mm,NA,13,NA
RICE028_WB_2021-08-19_MQ4,RICE028_WB_2021-08-19_MQ4_5581,RICE028_WB_2021-08-19_MQ4_5581_length,Calipers to nearest mm,Length,NA,mm,NA,16,NA
RICE028_WB_2021-08-19_MQ4,RICE028_WB_2021-08-19_MQ4_5582,RICE028_WB_2021-08-19_MQ4_5582_length,Calipers to nearest mm,Length,NA,mm,NA,12,NA
RICE028_WB_2021-08-19_MQ4,RICE028_WB_2021-08-19_MQ4_5583,RICE028_WB_2021-08-19_MQ4_5583_length,Calipers to nearest mm,Length,NA,mm,NA,18,NA
RICE028_WB_2021-08-19_MQ5,RICE028_WB_2021-08-19_MQ5_5584,RICE028_WB_2021-08-19_MQ5_5584_length,Calipers to nearest mm,Length,NA,mm,NA,15,NA
RICE028_WB_2021-08-19_MQ5,RICE028_WB_2021-08-19_MQ5_5585,RICE028_WB_2021-08-19_MQ5_5585_length,Calipers to nearest mm,Length,NA,mm,NA,14,NA
RICE028_WB_2021-08-19_MQ5,RICE028_WB_2021-08-19_MQ5_5586,RICE028_WB_2021-08-19_MQ5_5586_length,Calipers to nearest mm,Length,NA,mm,NA,13,NA
RICE028_WB_2021-08-19_MQ5,RICE028_WB_2021-08-19_MQ5_5587,RICE028_WB_2021-08-19_MQ5_5587_length,Calipers to nearest mm,Length,NA,mm,NA,16,NA
RICE028_WB_2021-08-19_MQ5,RICE028_WB_2021-08-19_MQ5_5588,RICE028_WB_2021-08-19_MQ5_5588_length,Calipers to nearest mm,Length,NA,mm,NA,17,NA
RICE028_WB_2021-08-19_FQ3,RICE028_WB_2021-08-19_FQ3_5589,RICE028_WB_2021-08-19_FQ3_5589_length,Calipers to nearest mm,Length,NA,mm,NA,12,NA
RICE028_WB_2021-08-19_FQ3,RICE028_WB_2021-08-19_FQ3_5590,RICE028_WB_2021-08-19_FQ3_5590_length,Calipers to nearest mm,Length,NA,mm,NA,15,NA
RICE028_WB_2021-08-19_FQ4,RICE028_WB_2021-08-19_FQ4_5591,RICE028_WB_2021-08-19_FQ4_5591_length,Calipers to nearest mm,Length,NA,mm,NA,21,NA
RICE028_WB_2021-08-19_FQ4,RICE028_WB_2021-08-19_FQ4_5592,RICE028_WB_2021-08-19_FQ4_5592_length,Calipers to nearest mm,Length,NA,mm,NA,13,NA
RICE028_WB_2021-08-19_FQ4,RICE028_WB_2021-08-19_FQ4_5593,RICE028_WB_2021-08-19_FQ4_5593_length,Calipers to nearest mm,Length,NA,mm,NA,15,NA
RICE028_WB_2021-08-19_FQ4,RICE028_WB_2021-08-19_FQ4_5594,RICE028_WB_2021-08-19_FQ4_5594_length,Calipers to nearest mm,Length,NA,mm,NA,12,NA
RICE028_WB_2021-08-19_FQ4,RICE028_WB_2021-08-19_FQ4_5595,RICE028_WB_2021-08-19_FQ4_5595_length,Calipers to nearest mm,Length,NA,mm,NA,17,NA
RICE028_WB_2021-08-19_FQ4,RICE028_WB_2021-08-19_FQ4_5596,RICE028_WB_2021-08-19_FQ4_5596_length,Calipers to nearest mm,Length,NA,mm,NA,16,NA
RICE028_WB_2021-08-19_FQ5,RICE028_WB_2021-08-19_FQ5_5597,RICE028_WB_2021-08-19_FQ5_5597_length,Calipers to nearest mm,Length,NA,mm,NA,15,NA
RICE028_WB_2021-08-19_FQ5,RICE028_WB_2021-08-19_FQ5_5598,RICE028_WB_2021-08-19_FQ5_5598_length,Calipers to nearest mm,Length,NA,mm,NA,20,NA
RICE028_WB_2021-08-19_FQ5,RICE028_WB_2021-08-19_FQ5_5599,RICE028_WB_2021-08-19_FQ5_5599_length,Calipers to nearest mm,Length,NA,mm,NA,10,NA
RICE028_WB_2021-08-19_FQ5,RICE028_WB_2021-08-19_FQ5_5600,RICE028_WB_2021-08-19_FQ5_5600_length,Calipers to nearest mm,Length,NA,mm,NA,18,NA
RICE028_WB_2021-08-19_FQ5,RICE028_WB_2021-08-19_FQ5_5601,RICE028_WB_2021-08-19_FQ5_5601_length,Calipers to nearest mm,Length,NA,mm,NA,17,NA
RICE028_FB_2021-08-22_BQ1,RICE028_FB_2021-08-22_BQ1_5602,RICE028_FB_2021-08-22_BQ1_5602_length,Calipers to nearest mm,Length,NA,mm,NA,15,NA
RICE028_FB_2021-08-22_BQ1,RICE028_FB_2021-08-22_BQ1_5603,RICE028_FB_2021-08-22_BQ1_5603_length,Calipers to nearest mm,Length,NA,mm,NA,18,NA
RICE028_FB_2021-08-22_BQ1,RICE028_FB_2021-08-22_BQ1_5604,RICE028_FB_2021-08-22_BQ1_5604_length,Calipers to nearest mm,Length,NA,mm,NA,9,NA
RICE028_FB_2021-08-22_BQ1,RICE028_FB_2021-08-22_BQ1_5605,RICE028_FB_2021-08-22_BQ1_5605_length,Calipers to nearest mm,Length,NA,mm,NA,11,NA
RICE028_FB_2021-08-22_BQ1,RICE028_FB_2021-08-22_BQ1_5606,RICE028_FB_2021-08-22_BQ1_5606_length,Calipers to nearest mm,Length,NA,mm,NA,19,NA
RICE028_FB_2021-08-22_BQ1,RICE028_FB_2021-08-22_BQ1_5607,RICE028_FB_2021-08-22_BQ1_5607_length,Calipers to nearest mm,Length,NA,mm,NA,16,NA
RICE028_FB_2021-08-22_BQ3,RICE028_FB_2021-08-22_BQ3_5608,RICE028_FB_2021-08-22_BQ3_5608_length,Calipers to nearest mm,Length,NA,mm,NA,15,NA
RICE028_FB_2021-08-22_BQ4,RICE028_FB_2021-08-22_BQ4_5609,RICE028_FB_2021-08-22_BQ4_5609_length,Calipers to nearest mm,Length,NA,mm,NA,13,NA
RICE028_FB_2021-08-22_BQ4,RICE028_FB_2021-08-22_BQ4_5610,RICE028_FB_2021-08-22_BQ4_5610_length,Calipers to nearest mm,Length,NA,mm,NA,11,NA
RICE028_FB_2021-08-22_BQ4,RICE028_FB_2021-08-22_BQ4_5611,RICE028_FB_2021-08-22_BQ4_5611_length,Calipers to nearest mm,Length,NA,mm,NA,12,NA
RICE028_FB_2021-08-22_BQ4,RICE028_FB_2021-08-22_BQ4_5612,RICE028_FB_2021-08-22_BQ4_5612_length,Calipers to nearest mm,Length,NA,mm,NA,16,NA
RICE028_FB_2021-08-22_BQ4,RICE028_FB_2021-08-22_BQ4_5613,RICE028_FB_2021-08-22_BQ4_5613_length,Calipers to nearest mm,Length,NA,mm,NA,15,NA
RICE028_FB_2021-08-22_BQ4,RICE028_FB_2021-08-22_BQ4_5614,RICE028_FB_2021-08-22_BQ4_5614_length,Calipers to nearest mm,Length,NA,mm,NA,17,NA
RICE028_FB_2021-08-22_BQ4,RICE028_FB_2021-08-22_BQ4_5615,RICE028_FB_2021-08-22_BQ4_5615_length,Calipers to nearest mm,Length,NA,mm,NA,14,NA
RICE028_FB_2021-08-22_BQ5,RICE028_FB_2021-08-22_BQ5_5616,RICE028_FB_2021-08-22_BQ5_5616_length,Calipers to nearest mm,Length,NA,mm,NA,15,NA
RICE028_FB_2021-08-22_BQ5,RICE028_FB_2021-08-22_BQ5_5617,RICE028_FB_2021-08-22_BQ5_5617_length,Calipers to nearest mm,Length,NA,mm,NA,7,NA
RICE028_FB_2021-08-22_FQ1,RICE028_FB_2021-08-22_FQ1_5618,RICE028_FB_2021-08-22_FQ1_5618_length,Calipers to nearest mm,Length,NA,mm,NA,22,NA
RICE028_FB_2021-08-22_FQ1,RICE028_FB_2021-08-22_FQ1_5619,RICE028_FB_2021-08-22_FQ1_5619_length,Calipers to nearest mm,Length,NA,mm,NA,12,NA
RICE028_FB_2021-08-22_FQ1,RICE028_FB_2021-08-22_FQ1_5620,RICE028_FB_2021-08-22_FQ1_5620_length,Calipers to nearest mm,Length,NA,mm,NA,15,NA
RICE028_FB_2021-08-22_FQ1,RICE028_FB_2021-08-22_FQ1_5621,RICE028_FB_2021-08-22_FQ1_5621_length,Calipers to nearest mm,Length,NA,mm,NA,16,NA
RICE028_FB_2021-08-22_FQ1,RICE028_FB_2021-08-22_FQ1_5622,RICE028_FB_2021-08-22_FQ1_5622_length,Calipers to nearest mm,Length,NA,mm,NA,21,NA
RICE028_FB_2021-08-22_FQ1,RICE028_FB_2021-08-22_FQ1_5623,RICE028_FB_2021-08-22_FQ1_5623_length,Calipers to nearest mm,Length,NA,mm,NA,24,NA
RICE028_FB_2021-08-22_FQ1,RICE028_FB_2021-08-22_FQ1_5624,RICE028_FB_2021-08-22_FQ1_5624_length,Calipers to nearest mm,Length,NA,mm,NA,17,NA
RICE028_FB_2021-08-22_FQ1,RICE028_FB_2021-08-22_FQ1_5625,RICE028_FB_2021-08-22_FQ1_5625_length,Calipers to nearest mm,Length,NA,mm,NA,23,NA
RICE028_FB_2021-08-22_FQ1,RICE028_FB_2021-08-22_FQ1_5626,RICE028_FB_2021-08-22_FQ1_5626_length,Calipers to nearest mm,Length,NA,mm,NA,19,NA
RICE028_FB_2021-08-22_FQ1,RICE028_FB_2021-08-22_FQ1_5627,RICE028_FB_2021-08-22_FQ1_5627_length,Calipers to nearest mm,Length,NA,mm,NA,25,NA
RICE028_FB_2021-08-22_FQ2,RICE028_FB_2021-08-22_FQ2_5628,RICE028_FB_2021-08-22_FQ2_5628_length,Calipers to nearest mm,Length,NA,mm,NA,17,NA
RICE028_FB_2021-08-22_FQ2,RICE028_FB_2021-08-22_FQ2_5629,RICE028_FB_2021-08-22_FQ2_5629_length,Calipers to nearest mm,Length,NA,mm,NA,23,NA
RICE028_FB_2021-08-22_FQ3,RICE028_FB_2021-08-22_FQ3_5630,RICE028_FB_2021-08-22_FQ3_5630_length,Calipers to nearest mm,Length,NA,mm,NA,20,NA
RICE028_FB_2021-08-22_FQ3,RICE028_FB_2021-08-22_FQ3_5631,RICE028_FB_2021-08-22_FQ3_5631_length,Calipers to nearest mm,Length,NA,mm,NA,21,NA
RICE028_FB_2021-08-22_FQ3,RICE028_FB_2021-08-22_FQ3_5632,RICE028_FB_2021-08-22_FQ3_5632_length,Calipers to nearest mm,Length,NA,mm,NA,70,NA
RICE028_FB_2021-08-22_FQ3,RICE028_FB_2021-08-22_FQ3_5633,RICE028_FB_2021-08-22_FQ3_5633_length,Calipers to nearest mm,Length,NA,mm,NA,22,NA
RICE028_FB_2021-08-22_FQ4,RICE028_FB_2021-08-22_FQ4_5634,RICE028_FB_2021-08-22_FQ4_5634_length,Calipers to nearest mm,Length,NA,mm,NA,19,NA
RICE028_FB_2021-08-22_FQ4,RICE028_FB_2021-08-22_FQ4_5635,RICE028_FB_2021-08-22_FQ4_5635_length,Calipers to nearest mm,Length,NA,mm,NA,15,NA
RICE028_FB_2021-08-22_FQ4,RICE028_FB_2021-08-22_FQ4_5636,RICE028_FB_2021-08-22_FQ4_5636_length,Calipers to nearest mm,Length,NA,mm,NA,17,NA
RICE028_FB_2021-08-22_FQ4,RICE028_FB_2021-08-22_FQ4_5637,RICE028_FB_2021-08-22_FQ4_5637_length,Calipers to nearest mm,Length,NA,mm,NA,18,NA
RICE028_FB_2021-08-22_MQ1,RICE028_FB_2021-08-22_MQ1_5638,RICE028_FB_2021-08-22_MQ1_5638_length,Calipers to nearest mm,Length,NA,mm,NA,17,NA
RICE028_FB_2021-08-22_MQ1,RICE028_FB_2021-08-22_MQ1_5639,RICE028_FB_2021-08-22_MQ1_5639_length,Calipers to nearest mm,Length,NA,mm,NA,21,NA
RICE028_FB_2021-08-22_MQ1,RICE028_FB_2021-08-22_MQ1_5640,RICE028_FB_2021-08-22_MQ1_5640_length,Calipers to nearest mm,Length,NA,mm,NA,19,NA
RICE028_FB_2021-08-22_MQ1,RICE028_FB_2021-08-22_MQ1_5641,RICE028_FB_2021-08-22_MQ1_5641_length,Calipers to nearest mm,Length,NA,mm,NA,15,NA
RICE028_FB_2021-08-22_MQ1,RICE028_FB_2021-08-22_MQ1_5642,RICE028_FB_2021-08-22_MQ1_5642_length,Calipers to nearest mm,Length,NA,mm,NA,9,NA
RICE028_FB_2021-08-22_MQ1,RICE028_FB_2021-08-22_MQ1_5643,RICE028_FB_2021-08-22_MQ1_5643_length,Calipers to nearest mm,Length,NA,mm,NA,6,NA
RICE028_FB_2021-08-22_MQ1,RICE028_FB_2021-08-22_MQ1_5644,RICE028_FB_2021-08-22_MQ1_5644_length,Calipers to nearest mm,Length,NA,mm,NA,10,NA
RICE028_FB_2021-08-22_MQ1,RICE028_FB_2021-08-22_MQ1_5645,RICE028_FB_2021-08-22_MQ1_5645_length,Calipers to nearest mm,Length,NA,mm,NA,8,NA
RICE028_FB_2021-08-22_MQ2,RICE028_FB_2021-08-22_MQ2_5646,RICE028_FB_2021-08-22_MQ2_5646_length,Calipers to nearest mm,Length,NA,mm,NA,14,NA
RICE028_FB_2021-08-22_MQ2,RICE028_FB_2021-08-22_MQ2_5647,RICE028_FB_2021-08-22_MQ2_5647_length,Calipers to nearest mm,Length,NA,mm,NA,15,NA
RICE028_FB_2021-08-22_MQ2,RICE028_FB_2021-08-22_MQ2_5648,RICE028_FB_2021-08-22_MQ2_5648_length,Calipers to nearest mm,Length,NA,mm,NA,16,NA
RICE028_FB_2021-08-22_MQ2,RICE028_FB_2021-08-22_MQ2_5649,RICE028_FB_2021-08-22_MQ2_5649_length,Calipers to nearest mm,Length,NA,mm,NA,17,NA
RICE028_FB_2021-08-22_MQ2,RICE028_FB_2021-08-22_MQ2_5650,RICE028_FB_2021-08-22_MQ2_5650_length,Calipers to nearest mm,Length,NA,mm,NA,18,NA
RICE028_FB_2021-08-22_MQ3,RICE028_FB_2021-08-22_MQ3_5651,RICE028_FB_2021-08-22_MQ3_5651_length,Calipers to nearest mm,Length,NA,mm,NA,15,NA
RICE028_FB_2021-08-22_MQ3,RICE028_FB_2021-08-22_MQ3_5652,RICE028_FB_2021-08-22_MQ3_5652_length,Calipers to nearest mm,Length,NA,mm,NA,20,NA
RICE028_FB_2021-08-22_MQ3,RICE028_FB_2021-08-22_MQ3_5653,RICE028_FB_2021-08-22_MQ3_5653_length,Calipers to nearest mm,Length,NA,mm,NA,18,NA
RICE028_FB_2021-08-22_MQ3,RICE028_FB_2021-08-22_MQ3_5654,RICE028_FB_2021-08-22_MQ3_5654_length,Calipers to nearest mm,Length,NA,mm,NA,17,NA
RICE028_FB_2021-08-22_MQ3,RICE028_FB_2021-08-22_MQ3_5655,RICE028_FB_2021-08-22_MQ3_5655_length,Calipers to nearest mm,Length,NA,mm,NA,14,NA
RICE028_FB_2021-08-22_MQ3,RICE028_FB_2021-08-22_MQ3_5656,RICE028_FB_2021-08-22_MQ3_5656_length,Calipers to nearest mm,Length,NA,mm,NA,16,NA
RICE028_FB_2021-08-22_MQ3,RICE028_FB_2021-08-22_MQ3_5657,RICE028_FB_2021-08-22_MQ3_5657_length,Calipers to nearest mm,Length,NA,mm,NA,19,NA
RICE028_FB_2021-08-22_MQ4,RICE028_FB_2021-08-22_MQ4_5658,RICE028_FB_2021-08-22_MQ4_5658_length,Calipers to nearest mm,Length,NA,mm,NA,20,NA
RICE028_FB_2021-08-22_MQ4,RICE028_FB_2021-08-22_MQ4_5659,RICE028_FB_2021-08-22_MQ4_5659_length,Calipers to nearest mm,Length,NA,mm,NA,14,NA
RICE028_FB_2021-08-22_MQ4,RICE028_FB_2021-08-22_MQ4_5660,RICE028_FB_2021-08-22_MQ4_5660_length,Calipers to nearest mm,Length,NA,mm,NA,17,NA
RICE028_FB_2021-08-22_MQ4,RICE028_FB_2021-08-22_MQ4_5661,RICE028_FB_2021-08-22_MQ4_5661_length,Calipers to nearest mm,Length,NA,mm,NA,18,NA
RICE028_FB_2021-08-22_MQ4,RICE028_FB_2021-08-22_MQ4_5662,RICE028_FB_2021-08-22_MQ4_5662_length,Calipers to nearest mm,Length,NA,mm,NA,15,NA
RICE028_FB_2021-08-22_MQ5,RICE028_FB_2021-08-22_MQ5_5663,RICE028_FB_2021-08-22_MQ5_5663_length,Calipers to nearest mm,Length,NA,mm,NA,16,NA
RICE028_FB_2021-08-22_MQ5,RICE028_FB_2021-08-22_MQ5_5664,RICE028_FB_2021-08-22_MQ5_5664_length,Calipers to nearest mm,Length,NA,mm,NA,17,NA
RICE028_FB_2021-08-22_MQ5,RICE028_FB_2021-08-22_MQ5_5665,RICE028_FB_2021-08-22_MQ5_5665_length,Calipers to nearest mm,Length,NA,mm,NA,15,NA
RICE028_FB_2021-08-22_MQ5,RICE028_FB_2021-08-22_MQ5_5666,RICE028_FB_2021-08-22_MQ5_5666_length,Calipers to nearest mm,Length,NA,mm,NA,13,NA
RICE028_FB_2021-08-22_MQ5,RICE028_FB_2021-08-22_MQ5_5667,RICE028_FB_2021-08-22_MQ5_5667_length,Calipers to nearest mm,Length,NA,mm,NA,18,NA
RICE028_NB_2021-08-23_FQ1,RICE028_NB_2021-08-23_FQ1_5668,RICE028_NB_2021-08-23_FQ1_5668_length,Calipers to nearest mm,Length,NA,mm,NA,37,NA
RICE028_NB_2021-08-23_FQ1,RICE028_NB_2021-08-23_FQ1_5669,RICE028_NB_2021-08-23_FQ1_5669_length,Calipers to nearest mm,Length,NA,mm,NA,14,NA
RICE028_NB_2021-08-23_FQ1,RICE028_NB_2021-08-23_FQ1_5670,RICE028_NB_2021-08-23_FQ1_5670_length,Calipers to nearest mm,Length,NA,mm,NA,16,NA
RICE028_NB_2021-08-23_FQ1,RICE028_NB_2021-08-23_FQ1_5671,RICE028_NB_2021-08-23_FQ1_5671_length,Calipers to nearest mm,Length,NA,mm,NA,15,NA
RICE028_NB_2021-08-23_FQ1,RICE028_NB_2021-08-23_FQ1_5672,RICE028_NB_2021-08-23_FQ1_5672_length,Calipers to nearest mm,Length,NA,mm,NA,17,NA
RICE028_NB_2021-08-24_MQ1,RICE028_NB_2021-08-24_MQ1_5673,RICE028_NB_2021-08-24_MQ1_5673_length,Calipers to nearest mm,Length,NA,mm,NA,14,NA
RICE028_NB_2021-08-24_MQ1,RICE028_NB_2021-08-24_MQ1_5674,RICE028_NB_2021-08-24_MQ1_5674_length,Calipers to nearest mm,Length,NA,mm,NA,19,NA
RICE028_NB_2021-08-24_MQ2,RICE028_NB_2021-08-24_MQ2_5675,RICE028_NB_2021-08-24_MQ2_5675_length,Calipers to nearest mm,Length,NA,mm,NA,18,NA
RICE028_NB_2021-08-24_MQ2,RICE028_NB_2021-08-24_MQ2_5676,RICE028_NB_2021-08-24_MQ2_5676_length,Calipers to nearest mm,Length,NA,mm,NA,15,NA
RICE028_NB_2021-08-24_MQ2,RICE028_NB_2021-08-24_MQ2_5677,RICE028_NB_2021-08-24_MQ2_5677_length,Calipers to nearest mm,Length,NA,mm,NA,14,NA
RICE028_NB_2021-08-24_MQ2,RICE028_NB_2021-08-24_MQ2_5678,RICE028_NB_2021-08-24_MQ2_5678_length,Calipers to nearest mm,Length,NA,mm,NA,18,NA
RICE028_NB_2021-08-24_MQ2,RICE028_NB_2021-08-24_MQ2_5679,RICE028_NB_2021-08-24_MQ2_5679_length,Calipers to nearest mm,Length,NA,mm,NA,12,NA
RICE028_NB_2021-08-24_MQ4,RICE028_NB_2021-08-24_MQ4_5680,RICE028_NB_2021-08-24_MQ4_5680_length,Calipers to nearest mm,Length,NA,mm,NA,12,NA
RICE028_NB_2021-08-24_MQ4,RICE028_NB_2021-08-24_MQ4_5681,RICE028_NB_2021-08-24_MQ4_5681_length,Calipers to nearest mm,Length,NA,mm,NA,20,NA
RICE028_NB_2021-08-24_MQ4,RICE028_NB_2021-08-24_MQ4_5682,RICE028_NB_2021-08-24_MQ4_5682_length,Calipers to nearest mm,Length,NA,mm,NA,21,NA
RICE028_NB_2021-08-24_MQ4,RICE028_NB_2021-08-24_MQ4_5683,RICE028_NB_2021-08-24_MQ4_5683_length,Calipers to nearest mm,Length,NA,mm,NA,2,NA
RICE028_NB_2021-08-24_MQ4,RICE028_NB_2021-08-24_MQ4_5684,RICE028_NB_2021-08-24_MQ4_5684_length,Calipers to nearest mm,Length,NA,mm,NA,6,NA
RICE028_NB_2021-08-24_MQ4,RICE028_NB_2021-08-24_MQ4_5685,RICE028_NB_2021-08-24_MQ4_5685_length,Calipers to nearest mm,Length,NA,mm,NA,4,NA
RICE028_NB_2021-08-24_MQ4,RICE028_NB_2021-08-24_MQ4_5686,RICE028_NB_2021-08-24_MQ4_5686_length,Calipers to nearest mm,Length,NA,mm,NA,18,NA
RICE028_NB_2021-08-24_MQ4,RICE028_NB_2021-08-24_MQ4_5687,RICE028_NB_2021-08-24_MQ4_5687_length,Calipers to nearest mm,Length,NA,mm,NA,17,NA
RICE029_NB_2021-11-04_MQ1,RICE029_NB_2021-11-04_MQ1_5688,RICE029_NB_2021-11-04_MQ1_5688_length,Calipers to nearest mm,Length,NA,mm,NA,7,NA
RICE029_NB_2021-11-04_MQ1,RICE029_NB_2021-11-04_MQ1_5689,RICE029_NB_2021-11-04_MQ1_5689_length,Calipers to nearest mm,Length,NA,mm,NA,21,NA
RICE029_NB_2021-11-04_MQ2,RICE029_NB_2021-11-04_MQ2_5690,RICE029_NB_2021-11-04_MQ2_5690_length,Calipers to nearest mm,Length,NA,mm,NA,20,NA
RICE029_NB_2021-11-04_MQ2,RICE029_NB_2021-11-04_MQ2_5691,RICE029_NB_2021-11-04_MQ2_5691_length,Calipers to nearest mm,Length,NA,mm,NA,12,NA
RICE029_NB_2021-11-04_MQ2,RICE029_NB_2021-11-04_MQ2_5692,RICE029_NB_2021-11-04_MQ2_5692_length,Calipers to nearest mm,Length,NA,mm,NA,18,NA
RICE029_NB_2021-11-04_MQ2,RICE029_NB_2021-11-04_MQ2_5693,RICE029_NB_2021-11-04_MQ2_5693_length,Calipers to nearest mm,Length,NA,mm,NA,17,NA
RICE029_NB_2021-11-04_MQ2,RICE029_NB_2021-11-04_MQ2_5694,RICE029_NB_2021-11-04_MQ2_5694_length,Calipers to nearest mm,Length,NA,mm,NA,18,NA
RICE029_NB_2021-11-04_MQ2,RICE029_NB_2021-11-04_MQ2_5695,RICE029_NB_2021-11-04_MQ2_5695_length,Calipers to nearest mm,Length,NA,mm,NA,21,NA
RICE029_NB_2021-11-04_MQ4,RICE029_NB_2021-11-04_MQ4_5696,RICE029_NB_2021-11-04_MQ4_5696_length,Calipers to nearest mm,Length,NA,mm,NA,21,NA
RICE029_NB_2021-11-04_MQ5,RICE029_NB_2021-11-04_MQ5_5697,RICE029_NB_2021-11-04_MQ5_5697_length,Calipers to nearest mm,Length,NA,mm,NA,13,NA
RICE029_NB_2021-11-05_FQ1,RICE029_NB_2021-11-05_FQ1_5698,RICE029_NB_2021-11-05_FQ1_5698_length,Calipers to nearest mm,Length,NA,mm,NA,20,NA
RICE029_NB_2021-11-05_FQ1,RICE029_NB_2021-11-05_FQ1_5699,RICE029_NB_2021-11-05_FQ1_5699_length,Calipers to nearest mm,Length,NA,mm,NA,17,NA
RICE029_NB_2021-11-05_FQ1,RICE029_NB_2021-11-05_FQ1_5700,RICE029_NB_2021-11-05_FQ1_5700_length,Calipers to nearest mm,Length,NA,mm,NA,18,NA
RICE029_NB_2021-11-05_FQ1,RICE029_NB_2021-11-05_FQ1_5701,RICE029_NB_2021-11-05_FQ1_5701_length,Calipers to nearest mm,Length,NA,mm,NA,19,NA
RICE029_NB_2021-11-05_FQ1,RICE029_NB_2021-11-05_FQ1_5702,RICE029_NB_2021-11-05_FQ1_5702_length,Calipers to nearest mm,Length,NA,mm,NA,13,NA
RICE029_NB_2021-11-05_FQ4,RICE029_NB_2021-11-05_FQ4_5703,RICE029_NB_2021-11-05_FQ4_5703_length,Calipers to nearest mm,Length,NA,mm,NA,9,NA
RICE029_NB_2021-11-05_FQ5,RICE029_NB_2021-11-05_FQ5_5704,RICE029_NB_2021-11-05_FQ5_5704_length,Calipers to nearest mm,Length,NA,mm,NA,94,NA
RICE029_NB_2021-11-05_FQ5,RICE029_NB_2021-11-05_FQ5_5705,RICE029_NB_2021-11-05_FQ5_5705_length,Calipers to nearest mm,Length,NA,mm,NA,82,NA
RICE029_FB_2021-11-06_MQ1,RICE029_FB_2021-11-06_MQ1_5706,RICE029_FB_2021-11-06_MQ1_5706_length,Calipers to nearest mm,Length,NA,mm,NA,13,NA
RICE029_FB_2021-11-06_MQ1,RICE029_FB_2021-11-06_MQ1_5707,RICE029_FB_2021-11-06_MQ1_5707_length,Calipers to nearest mm,Length,NA,mm,NA,15,NA
RICE029_FB_2021-11-06_MQ1,RICE029_FB_2021-11-06_MQ1_5708,RICE029_FB_2021-11-06_MQ1_5708_length,Calipers to nearest mm,Length,NA,mm,NA,19,NA
RICE029_FB_2021-11-06_MQ1,RICE029_FB_2021-11-06_MQ1_5709,RICE029_FB_2021-11-06_MQ1_5709_length,Calipers to nearest mm,Length,NA,mm,NA,7,NA
RICE029_FB_2021-11-06_MQ1,RICE029_FB_2021-11-06_MQ1_5710,RICE029_FB_2021-11-06_MQ1_5710_length,Calipers to nearest mm,Length,NA,mm,NA,5,NA
RICE029_FB_2021-11-06_MQ1,RICE029_FB_2021-11-06_MQ1_5711,RICE029_FB_2021-11-06_MQ1_5711_length,Calipers to nearest mm,Length,NA,mm,NA,6,NA
RICE029_FB_2021-11-06_MQ1,RICE029_FB_2021-11-06_MQ1_5712,RICE029_FB_2021-11-06_MQ1_5712_length,Calipers to nearest mm,Length,NA,mm,NA,12,NA
RICE029_FB_2021-11-06_MQ1,RICE029_FB_2021-11-06_MQ1_5713,RICE029_FB_2021-11-06_MQ1_5713_length,Calipers to nearest mm,Length,NA,mm,NA,11,NA
RICE029_FB_2021-11-06_MQ1,RICE029_FB_2021-11-06_MQ1_5714,RICE029_FB_2021-11-06_MQ1_5714_length,Calipers to nearest mm,Length,NA,mm,NA,10,NA
RICE029_FB_2021-11-06_MQ1,RICE029_FB_2021-11-06_MQ1_5715,RICE029_FB_2021-11-06_MQ1_5715_length,Calipers to nearest mm,Length,NA,mm,NA,8,NA
RICE029_FB_2021-11-06_MQ3,RICE029_FB_2021-11-06_MQ3_5716,RICE029_FB_2021-11-06_MQ3_5716_length,Calipers to nearest mm,Length,NA,mm,NA,18,NA
RICE029_FB_2021-11-06_MQ3,RICE029_FB_2021-11-06_MQ3_5717,RICE029_FB_2021-11-06_MQ3_5717_length,Calipers to nearest mm,Length,NA,mm,NA,20,NA
RICE029_FB_2021-11-06_MQ3,RICE029_FB_2021-11-06_MQ3_5718,RICE029_FB_2021-11-06_MQ3_5718_length,Calipers to nearest mm,Length,NA,mm,NA,7,NA
RICE029_FB_2021-11-06_MQ3,RICE029_FB_2021-11-06_MQ3_5719,RICE029_FB_2021-11-06_MQ3_5719_length,Calipers to nearest mm,Length,NA,mm,NA,9,NA
RICE029_FB_2021-11-06_MQ4,RICE029_FB_2021-11-06_MQ4_5720,RICE029_FB_2021-11-06_MQ4_5720_length,Calipers to nearest mm,Length,NA,mm,NA,14,NA
RICE029_FB_2021-11-06_MQ4,RICE029_FB_2021-11-06_MQ4_5721,RICE029_FB_2021-11-06_MQ4_5721_length,Calipers to nearest mm,Length,NA,mm,NA,17,NA
RICE029_FB_2021-11-06_MQ4,RICE029_FB_2021-11-06_MQ4_5722,RICE029_FB_2021-11-06_MQ4_5722_length,Calipers to nearest mm,Length,NA,mm,NA,12,NA
RICE029_FB_2021-11-06_MQ4,RICE029_FB_2021-11-06_MQ4_5723,RICE029_FB_2021-11-06_MQ4_5723_length,Calipers to nearest mm,Length,NA,mm,NA,16,NA
RICE029_FB_2021-11-06_MQ4,RICE029_FB_2021-11-06_MQ4_5724,RICE029_FB_2021-11-06_MQ4_5724_length,Calipers to nearest mm,Length,NA,mm,NA,11,NA
RICE029_FB_2021-11-06_MQ4,RICE029_FB_2021-11-06_MQ4_5725,RICE029_FB_2021-11-06_MQ4_5725_length,Calipers to nearest mm,Length,NA,mm,NA,7,NA
RICE029_FB_2021-11-06_MQ5,RICE029_FB_2021-11-06_MQ5_5726,RICE029_FB_2021-11-06_MQ5_5726_length,Calipers to nearest mm,Length,NA,mm,NA,17,NA
RICE029_FB_2021-11-06_FQ1,RICE029_FB_2021-11-06_FQ1_5727,RICE029_FB_2021-11-06_FQ1_5727_length,Calipers to nearest mm,Length,NA,mm,NA,12,NA
RICE029_FB_2021-11-06_FQ1,RICE029_FB_2021-11-06_FQ1_5728,RICE029_FB_2021-11-06_FQ1_5728_length,Calipers to nearest mm,Length,NA,mm,NA,15,NA
RICE029_FB_2021-11-06_FQ1,RICE029_FB_2021-11-06_FQ1_5729,RICE029_FB_2021-11-06_FQ1_5729_length,Calipers to nearest mm,Length,NA,mm,NA,16,NA
RICE029_FB_2021-11-06_FQ1,RICE029_FB_2021-11-06_FQ1_5730,RICE029_FB_2021-11-06_FQ1_5730_length,Calipers to nearest mm,Length,NA,mm,NA,11,NA
RICE029_WB_2021-11-07_FQ2,RICE029_WB_2021-11-07_FQ2_5731,RICE029_WB_2021-11-07_FQ2_5731_length,Calipers to nearest mm,Length,NA,mm,NA,12,NA
RICE029_WB_2021-11-07_FQ2,RICE029_WB_2021-11-07_FQ2_5732,RICE029_WB_2021-11-07_FQ2_5732_length,Calipers to nearest mm,Length,NA,mm,NA,20,NA
RICE029_WB_2021-11-07_FQ2,RICE029_WB_2021-11-07_FQ2_5733,RICE029_WB_2021-11-07_FQ2_5733_length,Calipers to nearest mm,Length,NA,mm,NA,14,NA
RICE029_WB_2021-11-07_FQ2,RICE029_WB_2021-11-07_FQ2_5734,RICE029_WB_2021-11-07_FQ2_5734_length,Calipers to nearest mm,Length,NA,mm,NA,18,NA
RICE029_WB_2021-11-07_FQ2,RICE029_WB_2021-11-07_FQ2_5735,RICE029_WB_2021-11-07_FQ2_5735_length,Calipers to nearest mm,Length,NA,mm,NA,11,NA
RICE029_WB_2021-11-07_FQ2,RICE029_WB_2021-11-07_FQ2_5736,RICE029_WB_2021-11-07_FQ2_5736_length,Calipers to nearest mm,Length,NA,mm,NA,22,NA
RICE029_WB_2021-11-07_FQ2,RICE029_WB_2021-11-07_FQ2_5737,RICE029_WB_2021-11-07_FQ2_5737_length,Calipers to nearest mm,Length,NA,mm,NA,19,NA
RICE029_WB_2021-11-07_FQ2,RICE029_WB_2021-11-07_FQ2_5738,RICE029_WB_2021-11-07_FQ2_5738_length,Calipers to nearest mm,Length,NA,mm,NA,5,NA
RICE029_WB_2021-11-07_FQ2,RICE029_WB_2021-11-07_FQ2_5739,RICE029_WB_2021-11-07_FQ2_5739_length,Calipers to nearest mm,Length,NA,mm,NA,10,NA
RICE029_WB_2021-11-07_FQ2,RICE029_WB_2021-11-07_FQ2_5740,RICE029_WB_2021-11-07_FQ2_5740_length,Calipers to nearest mm,Length,NA,mm,NA,13,NA
RICE029_WB_2021-11-07_FQ2,RICE029_WB_2021-11-07_FQ2_5741,RICE029_WB_2021-11-07_FQ2_5741_length,Calipers to nearest mm,Length,NA,mm,NA,11,NA
RICE029_WB_2021-11-07_FQ1,RICE029_WB_2021-11-07_FQ1_5742,RICE029_WB_2021-11-07_FQ1_5742_length,Calipers to nearest mm,Length,NA,mm,NA,14,NA
RICE029_WB_2021-11-07_FQ3,RICE029_WB_2021-11-07_FQ3_5743,RICE029_WB_2021-11-07_FQ3_5743_length,Calipers to nearest mm,Length,NA,mm,NA,19,NA
RICE029_WB_2021-11-07_FQ3,RICE029_WB_2021-11-07_FQ3_5744,RICE029_WB_2021-11-07_FQ3_5744_length,Calipers to nearest mm,Length,NA,mm,NA,12,NA
RICE029_WB_2021-11-07_FQ3,RICE029_WB_2021-11-07_FQ3_5745,RICE029_WB_2021-11-07_FQ3_5745_length,Calipers to nearest mm,Length,NA,mm,NA,13,NA
RICE029_WB_2021-11-07_FQ3,RICE029_WB_2021-11-07_FQ3_5746,RICE029_WB_2021-11-07_FQ3_5746_length,Calipers to nearest mm,Length,NA,mm,NA,18,NA
RICE029_WB_2021-11-07_FQ3,RICE029_WB_2021-11-07_FQ3_5747,RICE029_WB_2021-11-07_FQ3_5747_length,Calipers to nearest mm,Length,NA,mm,NA,15,NA
RICE029_WB_2021-11-07_FQ3,RICE029_WB_2021-11-07_FQ3_5748,RICE029_WB_2021-11-07_FQ3_5748_length,Calipers to nearest mm,Length,NA,mm,NA,9,NA
RICE029_WB_2021-11-07_FQ3,RICE029_WB_2021-11-07_FQ3_5749,RICE029_WB_2021-11-07_FQ3_5749_length,Calipers to nearest mm,Length,NA,mm,NA,19,NA
RICE029_WB_2021-11-07_FQ3,RICE029_WB_2021-11-07_FQ3_5750,RICE029_WB_2021-11-07_FQ3_5750_length,Calipers to nearest mm,Length,NA,mm,NA,10,NA
RICE029_WB_2021-11-07_FQ3,RICE029_WB_2021-11-07_FQ3_5751,RICE029_WB_2021-11-07_FQ3_5751_length,Calipers to nearest mm,Length,NA,mm,NA,12,NA
RICE029_WB_2021-11-07_FQ3,RICE029_WB_2021-11-07_FQ3_5752,RICE029_WB_2021-11-07_FQ3_5752_length,Calipers to nearest mm,Length,NA,mm,NA,17,NA
RICE029_WB_2021-11-07_FQ3,RICE029_WB_2021-11-07_FQ3_5753,RICE029_WB_2021-11-07_FQ3_5753_length,Calipers to nearest mm,Length,NA,mm,NA,11,NA
RICE029_WB_2021-11-07_FQ4,RICE029_WB_2021-11-07_FQ4_5754,RICE029_WB_2021-11-07_FQ4_5754_length,Calipers to nearest mm,Length,NA,mm,NA,22,NA
RICE029_WB_2021-11-07_FQ4,RICE029_WB_2021-11-07_FQ4_5755,RICE029_WB_2021-11-07_FQ4_5755_length,Calipers to nearest mm,Length,NA,mm,NA,15,NA
RICE029_WB_2021-11-07_FQ4,RICE029_WB_2021-11-07_FQ4_5756,RICE029_WB_2021-11-07_FQ4_5756_length,Calipers to nearest mm,Length,NA,mm,NA,12,NA
RICE029_WB_2021-11-07_FQ4,RICE029_WB_2021-11-07_FQ4_5757,RICE029_WB_2021-11-07_FQ4_5757_length,Calipers to nearest mm,Length,NA,mm,NA,11,NA
RICE029_WB_2021-11-07_FQ4,RICE029_WB_2021-11-07_FQ4_5758,RICE029_WB_2021-11-07_FQ4_5758_length,Calipers to nearest mm,Length,NA,mm,NA,12,NA
RICE029_WB_2021-11-07_FQ4,RICE029_WB_2021-11-07_FQ4_5759,RICE029_WB_2021-11-07_FQ4_5759_length,Calipers to nearest mm,Length,NA,mm,NA,13,NA
RICE029_WB_2021-11-07_FQ4,RICE029_WB_2021-11-07_FQ4_5760,RICE029_WB_2021-11-07_FQ4_5760_length,Calipers to nearest mm,Length,NA,mm,NA,16,NA
RICE029_WB_2021-11-07_FQ4,RICE029_WB_2021-11-07_FQ4_5761,RICE029_WB_2021-11-07_FQ4_5761_length,Calipers to nearest mm,Length,NA,mm,NA,20,NA
RICE029_WB_2021-11-07_FQ4,RICE029_WB_2021-11-07_FQ4_5762,RICE029_WB_2021-11-07_FQ4_5762_length,Calipers to nearest mm,Length,NA,mm,NA,10,NA
RICE029_WB_2021-11-07_FQ4,RICE029_WB_2021-11-07_FQ4_5763,RICE029_WB_2021-11-07_FQ4_5763_length,Calipers to nearest mm,Length,NA,mm,NA,5,NA
RICE029_WB_2021-11-07_FQ4,RICE029_WB_2021-11-07_FQ4_5764,RICE029_WB_2021-11-07_FQ4_5764_length,Calipers to nearest mm,Length,NA,mm,NA,8,NA
RICE029_WB_2021-11-07_FQ4,RICE029_WB_2021-11-07_FQ4_5765,RICE029_WB_2021-11-07_FQ4_5765_length,Calipers to nearest mm,Length,NA,mm,NA,38,NA
RICE029_WB_2021-11-07_FQ4,RICE029_WB_2021-11-07_FQ4_5766,RICE029_WB_2021-11-07_FQ4_5766_length,Calipers to nearest mm,Length,NA,mm,NA,22,NA
RICE029_WB_2021-11-07_FQ4,RICE029_WB_2021-11-07_FQ4_5767,RICE029_WB_2021-11-07_FQ4_5767_length,Calipers to nearest mm,Length,NA,mm,NA,17,NA
RICE029_WB_2021-11-07_FQ5,RICE029_WB_2021-11-07_FQ5_5768,RICE029_WB_2021-11-07_FQ5_5768_length,Calipers to nearest mm,Length,NA,mm,NA,15,NA
RICE029_WB_2021-11-07_FQ5,RICE029_WB_2021-11-07_FQ5_5769,RICE029_WB_2021-11-07_FQ5_5769_length,Calipers to nearest mm,Length,NA,mm,NA,8,NA
RICE029_WB_2021-11-07_FQ5,RICE029_WB_2021-11-07_FQ5_5770,RICE029_WB_2021-11-07_FQ5_5770_length,Calipers to nearest mm,Length,NA,mm,NA,10,NA
RICE029_WB_2021-11-07_FQ5,RICE029_WB_2021-11-07_FQ5_5771,RICE029_WB_2021-11-07_FQ5_5771_length,Calipers to nearest mm,Length,NA,mm,NA,16,NA
RICE029_WB_2021-11-07_FQ5,RICE029_WB_2021-11-07_FQ5_5772,RICE029_WB_2021-11-07_FQ5_5772_length,Calipers to nearest mm,Length,NA,mm,NA,14,NA
RICE029_WB_2021-11-07_FQ5,RICE029_WB_2021-11-07_FQ5_5773,RICE029_WB_2021-11-07_FQ5_5773_length,Calipers to nearest mm,Length,NA,mm,NA,12,NA
RICE029_WB_2021-11-07_FQ5,RICE029_WB_2021-11-07_FQ5_5774,RICE029_WB_2021-11-07_FQ5_5774_length,Calipers to nearest mm,Length,NA,mm,NA,14,NA
RICE029_WB_2021-11-07_FQ5,RICE029_WB_2021-11-07_FQ5_5775,RICE029_WB_2021-11-07_FQ5_5775_length,Calipers to nearest mm,Length,NA,mm,NA,6,NA
RICE029_WB_2021-11-07_FQ5,RICE029_WB_2021-11-07_FQ5_5776,RICE029_WB_2021-11-07_FQ5_5776_length,Calipers to nearest mm,Length,NA,mm,NA,13,NA
RICE029_WB_2021-11-07_FQ5,RICE029_WB_2021-11-07_FQ5_5777,RICE029_WB_2021-11-07_FQ5_5777_length,Calipers to nearest mm,Length,NA,mm,NA,11,NA
RICE029_WB_2021-11-07_FQ5,RICE029_WB_2021-11-07_FQ5_5778,RICE029_WB_2021-11-07_FQ5_5778_length,Calipers to nearest mm,Length,NA,mm,NA,12,NA
RICE029_WB_2021-11-07_FQ5,RICE029_WB_2021-11-07_FQ5_5779,RICE029_WB_2021-11-07_FQ5_5779_length,Calipers to nearest mm,Length,NA,mm,NA,6,NA
RICE029_WB_2021-11-07_FQ5,RICE029_WB_2021-11-07_FQ5_5780,RICE029_WB_2021-11-07_FQ5_5780_length,Calipers to nearest mm,Length,NA,mm,NA,8,NA
RICE029_WB_2021-11-07_MQ1,RICE029_WB_2021-11-07_MQ1_5781,RICE029_WB_2021-11-07_MQ1_5781_length,Calipers to nearest mm,Length,NA,mm,NA,18,NA
RICE029_WB_2021-11-07_MQ1,RICE029_WB_2021-11-07_MQ1_5782,RICE029_WB_2021-11-07_MQ1_5782_length,Calipers to nearest mm,Length,NA,mm,NA,16,NA
RICE029_WB_2021-11-07_MQ1,RICE029_WB_2021-11-07_MQ1_5783,RICE029_WB_2021-11-07_MQ1_5783_length,Calipers to nearest mm,Length,NA,mm,NA,15,NA
RICE029_WB_2021-11-07_MQ1,RICE029_WB_2021-11-07_MQ1_5784,RICE029_WB_2021-11-07_MQ1_5784_length,Calipers to nearest mm,Length,NA,mm,NA,24,NA
RICE029_WB_2021-11-07_MQ2,RICE029_WB_2021-11-07_MQ2_5785,RICE029_WB_2021-11-07_MQ2_5785_length,Calipers to nearest mm,Length,NA,mm,NA,15,NA
RICE029_WB_2021-11-07_MQ2,RICE029_WB_2021-11-07_MQ2_5786,RICE029_WB_2021-11-07_MQ2_5786_length,Calipers to nearest mm,Length,NA,mm,NA,20,NA
RICE029_WB_2021-11-07_MQ2,RICE029_WB_2021-11-07_MQ2_5787,RICE029_WB_2021-11-07_MQ2_5787_length,Calipers to nearest mm,Length,NA,mm,NA,38,NA
RICE029_WB_2021-11-07_MQ4,RICE029_WB_2021-11-07_MQ4_5788,RICE029_WB_2021-11-07_MQ4_5788_length,Calipers to nearest mm,Length,NA,mm,NA,15,NA
RICE029_WB_2021-11-07_MQ4,RICE029_WB_2021-11-07_MQ4_5789,RICE029_WB_2021-11-07_MQ4_5789_length,Calipers to nearest mm,Length,NA,mm,NA,14,NA
RICE029_WB_2021-11-07_MQ4,RICE029_WB_2021-11-07_MQ4_5790,RICE029_WB_2021-11-07_MQ4_5790_length,Calipers to nearest mm,Length,NA,mm,NA,16,NA
RICE029_WB_2021-11-07_MQ4,RICE029_WB_2021-11-07_MQ4_5791,RICE029_WB_2021-11-07_MQ4_5791_length,Calipers to nearest mm,Length,NA,mm,NA,9,NA
RICE029_WB_2021-11-07_MQ4,RICE029_WB_2021-11-07_MQ4_5792,RICE029_WB_2021-11-07_MQ4_5792_length,Calipers to nearest mm,Length,NA,mm,NA,12,NA
RICE029_WB_2021-11-07_MQ4,RICE029_WB_2021-11-07_MQ4_5793,RICE029_WB_2021-11-07_MQ4_5793_length,Calipers to nearest mm,Length,NA,mm,NA,7,NA
RICE029_WB_2021-11-07_MQ3,RICE029_WB_2021-11-07_MQ3_5794,RICE029_WB_2021-11-07_MQ3_5794_length,Calipers to nearest mm,Length,NA,mm,NA,15,NA
RICE029_WB_2021-11-07_MQ3,RICE029_WB_2021-11-07_MQ3_5795,RICE029_WB_2021-11-07_MQ3_5795_length,Calipers to nearest mm,Length,NA,mm,NA,12,NA
RICE029_WB_2021-11-07_MQ3,RICE029_WB_2021-11-07_MQ3_5796,RICE029_WB_2021-11-07_MQ3_5796_length,Calipers to nearest mm,Length,NA,mm,NA,16,NA
RICE029_WB_2021-11-07_MQ3,RICE029_WB_2021-11-07_MQ3_5797,RICE029_WB_2021-11-07_MQ3_5797_length,Calipers to nearest mm,Length,NA,mm,NA,10,NA
RICE029_WB_2021-11-07_MQ3,RICE029_WB_2021-11-07_MQ3_5798,RICE029_WB_2021-11-07_MQ3_5798_length,Calipers to nearest mm,Length,NA,mm,NA,17,NA
RICE029_WB_2021-11-07_MQ3,RICE029_WB_2021-11-07_MQ3_5799,RICE029_WB_2021-11-07_MQ3_5799_length,Calipers to nearest mm,Length,NA,mm,NA,19,NA
RICE029_WB_2021-11-07_MQ3,RICE029_WB_2021-11-07_MQ3_5800,RICE029_WB_2021-11-07_MQ3_5800_length,Calipers to nearest mm,Length,NA,mm,NA,11,NA
RICE029_WB_2021-11-07_MQ3,RICE029_WB_2021-11-07_MQ3_5801,RICE029_WB_2021-11-07_MQ3_5801_length,Calipers to nearest mm,Length,NA,mm,NA,18,NA
RICE029_WB_2021-11-07_MQ3,RICE029_WB_2021-11-07_MQ3_5802,RICE029_WB_2021-11-07_MQ3_5802_length,Calipers to nearest mm,Length,NA,mm,NA,19,NA
RICE029_WB_2021-11-07_MQ3,RICE029_WB_2021-11-07_MQ3_5803,RICE029_WB_2021-11-07_MQ3_5803_length,Calipers to nearest mm,Length,NA,mm,NA,9,NA
RICE029_WB_2021-11-07_MQ3,RICE029_WB_2021-11-07_MQ3_5804,RICE029_WB_2021-11-07_MQ3_5804_length,Calipers to nearest mm,Length,NA,mm,NA,7,NA
RICE029_WB_2021-11-07_MQ5,RICE029_WB_2021-11-07_MQ5_5805,RICE029_WB_2021-11-07_MQ5_5805_length,Calipers to nearest mm,Length,NA,mm,NA,16,NA
RICE029_WB_2021-11-07_MQ5,RICE029_WB_2021-11-07_MQ5_5806,RICE029_WB_2021-11-07_MQ5_5806_length,Calipers to nearest mm,Length,NA,mm,NA,8,NA
RICE029_WB_2021-11-07_MQ5,RICE029_WB_2021-11-07_MQ5_5807,RICE029_WB_2021-11-07_MQ5_5807_length,Calipers to nearest mm,Length,NA,mm,NA,12,NA
RICE030_NB_2022-01-29_MQ2,RICE030_NB_2022-01-29_MQ2_5808,RICE030_NB_2022-01-29_MQ2_5808_length,Calipers to nearest mm,Length,NA,mm,NA,18,NA
RICE030_NB_2022-01-29_MQ4,RICE030_NB_2022-01-29_MQ4_5809,RICE030_NB_2022-01-29_MQ4_5809_length,Calipers to nearest mm,Length,NA,mm,NA,12,NA
RICE030_NB_2022-01-29_MQ4,RICE030_NB_2022-01-29_MQ4_5810,RICE030_NB_2022-01-29_MQ4_5810_length,Calipers to nearest mm,Length,NA,mm,NA,4,NA
RICE030_NB_2022-01-29_MQ4,RICE030_NB_2022-01-29_MQ4_5811,RICE030_NB_2022-01-29_MQ4_5811_length,Calipers to nearest mm,Length,NA,mm,NA,10,NA
RICE030_NB_2022-01-29_MQ4,RICE030_NB_2022-01-29_MQ4_5812,RICE030_NB_2022-01-29_MQ4_5812_length,Calipers to nearest mm,Length,NA,mm,NA,8,NA
RICE030_NB_2022-01-30_FQ2,RICE030_NB_2022-01-30_FQ2_5813,RICE030_NB_2022-01-30_FQ2_5813_length,Calipers to nearest mm,Length,NA,mm,NA,15,NA
RICE030_NB_2022-01-30_FQ2,RICE030_NB_2022-01-30_FQ2_5814,RICE030_NB_2022-01-30_FQ2_5814_length,Calipers to nearest mm,Length,NA,mm,NA,17,NA
RICE030_NB_2022-01-30_FQ2,RICE030_NB_2022-01-30_FQ2_5815,RICE030_NB_2022-01-30_FQ2_5815_length,Calipers to nearest mm,Length,NA,mm,NA,19,NA
RICE030_NB_2022-01-30_FQ2,RICE030_NB_2022-01-30_FQ2_5816,RICE030_NB_2022-01-30_FQ2_5816_length,Calipers to nearest mm,Length,NA,mm,NA,15,NA
RICE030_NB_2022-01-30_FQ2,RICE030_NB_2022-01-30_FQ2_5817,RICE030_NB_2022-01-30_FQ2_5817_length,Calipers to nearest mm,Length,NA,mm,NA,18,NA
RICE030_NB_2022-01-30_FQ4,RICE030_NB_2022-01-30_FQ4_5818,RICE030_NB_2022-01-30_FQ4_5818_length,Calipers to nearest mm,Length,NA,mm,NA,16,NA
RICE030_NB_2022-01-30_FQ5,RICE030_NB_2022-01-30_FQ5_5819,RICE030_NB_2022-01-30_FQ5_5819_length,Calipers to nearest mm,Length,NA,mm,NA,107,NA
RICE030_NB_2022-01-30_FQ5,RICE030_NB_2022-01-30_FQ5_5820,RICE030_NB_2022-01-30_FQ5_5820_length,Calipers to nearest mm,Length,NA,mm,NA,104,NA
RICE030_NB_2022-01-30_FQ5,RICE030_NB_2022-01-30_FQ5_5821,RICE030_NB_2022-01-30_FQ5_5821_length,Calipers to nearest mm,Length,NA,mm,NA,14,NA
RICE030_FB_2022-01-31_FQ1,RICE030_FB_2022-01-31_FQ1_5822,RICE030_FB_2022-01-31_FQ1_5822_length,Calipers to nearest mm,Length,NA,mm,NA,11,NA
RICE030_FB_2022-01-31_FQ1,RICE030_FB_2022-01-31_FQ1_5823,RICE030_FB_2022-01-31_FQ1_5823_length,Calipers to nearest mm,Length,NA,mm,NA,6,NA
RICE030_FB_2022-01-31_MQ1,RICE030_FB_2022-01-31_MQ1_5824,RICE030_FB_2022-01-31_MQ1_5824_length,Calipers to nearest mm,Length,NA,mm,NA,12,NA
RICE030_FB_2022-01-31_MQ1,RICE030_FB_2022-01-31_MQ1_5825,RICE030_FB_2022-01-31_MQ1_5825_length,Calipers to nearest mm,Length,NA,mm,NA,11,NA
RICE030_FB_2022-01-31_MQ1,RICE030_FB_2022-01-31_MQ1_5826,RICE030_FB_2022-01-31_MQ1_5826_length,Calipers to nearest mm,Length,NA,mm,NA,22,NA
RICE030_FB_2022-01-31_MQ1,RICE030_FB_2022-01-31_MQ1_5827,RICE030_FB_2022-01-31_MQ1_5827_length,Calipers to nearest mm,Length,NA,mm,NA,13,NA
RICE030_FB_2022-01-31_MQ1,RICE030_FB_2022-01-31_MQ1_5828,RICE030_FB_2022-01-31_MQ1_5828_length,Calipers to nearest mm,Length,NA,mm,NA,25,NA
RICE030_FB_2022-01-31_MQ1,RICE030_FB_2022-01-31_MQ1_5829,RICE030_FB_2022-01-31_MQ1_5829_length,Calipers to nearest mm,Length,NA,mm,NA,16,NA
RICE030_FB_2022-01-31_MQ1,RICE030_FB_2022-01-31_MQ1_5830,RICE030_FB_2022-01-31_MQ1_5830_length,Calipers to nearest mm,Length,NA,mm,NA,18,NA
RICE030_FB_2022-01-31_MQ1,RICE030_FB_2022-01-31_MQ1_5831,RICE030_FB_2022-01-31_MQ1_5831_length,Calipers to nearest mm,Length,NA,mm,NA,7,NA
RICE030_FB_2022-01-31_MQ3,RICE030_FB_2022-01-31_MQ3_5832,RICE030_FB_2022-01-31_MQ3_5832_length,Calipers to nearest mm,Length,NA,mm,NA,12,NA
RICE030_FB_2022-01-31_MQ4,RICE030_FB_2022-01-31_MQ4_5833,RICE030_FB_2022-01-31_MQ4_5833_length,Calipers to nearest mm,Length,NA,mm,NA,12,NA
RICE030_FB_2022-01-31_MQ4,RICE030_FB_2022-01-31_MQ4_5834,RICE030_FB_2022-01-31_MQ4_5834_length,Calipers to nearest mm,Length,NA,mm,NA,20,NA
RICE030_FB_2022-01-31_MQ5,RICE030_FB_2022-01-31_MQ5_5835,RICE030_FB_2022-01-31_MQ5_5835_length,Calipers to nearest mm,Length,NA,mm,NA,15,NA
RICE030_FB_2022-01-31_MQ5,RICE030_FB_2022-01-31_MQ5_5836,RICE030_FB_2022-01-31_MQ5_5836_length,Calipers to nearest mm,Length,NA,mm,NA,21,NA
RICE030_WB_2022-02-01_MQ4,RICE030_WB_2022-02-01_MQ4_5837,RICE030_WB_2022-02-01_MQ4_5837_length,Calipers to nearest mm,Length,NA,mm,NA,14,NA
RICE030_WB_2022-02-01_MQ4,RICE030_WB_2022-02-01_MQ4_5838,RICE030_WB_2022-02-01_MQ4_5838_length,Calipers to nearest mm,Length,NA,mm,NA,9,NA
RICE030_WB_2022-02-01_MQ4,RICE030_WB_2022-02-01_MQ4_5839,RICE030_WB_2022-02-01_MQ4_5839_length,Calipers to nearest mm,Length,NA,mm,NA,16,NA
RICE030_WB_2022-02-01_MQ4,RICE030_WB_2022-02-01_MQ4_5840,RICE030_WB_2022-02-01_MQ4_5840_length,Calipers to nearest mm,Length,NA,mm,NA,21,NA
RICE030_WB_2022-02-01_MQ5,RICE030_WB_2022-02-01_MQ5_5841,RICE030_WB_2022-02-01_MQ5_5841_length,Calipers to nearest mm,Length,NA,mm,NA,18,NA
RICE030_WB_2022-02-01_MQ1,RICE030_WB_2022-02-01_MQ1_5842,RICE030_WB_2022-02-01_MQ1_5842_length,Calipers to nearest mm,Length,NA,mm,NA,16,NA
RICE030_WB_2022-02-01_MQ1,RICE030_WB_2022-02-01_MQ1_5843,RICE030_WB_2022-02-01_MQ1_5843_length,Calipers to nearest mm,Length,NA,mm,NA,17,NA
RICE030_WB_2022-02-01_MQ1,RICE030_WB_2022-02-01_MQ1_5844,RICE030_WB_2022-02-01_MQ1_5844_length,Calipers to nearest mm,Length,NA,mm,NA,7,NA
RICE030_WB_2022-02-01_MQ1,RICE030_WB_2022-02-01_MQ1_5845,RICE030_WB_2022-02-01_MQ1_5845_length,Calipers to nearest mm,Length,NA,mm,NA,9,NA
RICE030_WB_2022-02-01_MQ3,RICE030_WB_2022-02-01_MQ3_5846,RICE030_WB_2022-02-01_MQ3_5846_length,Calipers to nearest mm,Length,NA,mm,NA,19,NA
RICE030_WB_2022-02-01_MQ3,RICE030_WB_2022-02-01_MQ3_5847,RICE030_WB_2022-02-01_MQ3_5847_length,Calipers to nearest mm,Length,NA,mm,NA,18,NA
RICE030_WB_2022-02-01_MQ3,RICE030_WB_2022-02-01_MQ3_5848,RICE030_WB_2022-02-01_MQ3_5848_length,Calipers to nearest mm,Length,NA,mm,NA,16,NA
RICE030_WB_2022-02-01_MQ3,RICE030_WB_2022-02-01_MQ3_5849,RICE030_WB_2022-02-01_MQ3_5849_length,Calipers to nearest mm,Length,NA,mm,NA,18,NA
RICE030_WB_2022-02-01_MQ3,RICE030_WB_2022-02-01_MQ3_5850,RICE030_WB_2022-02-01_MQ3_5850_length,Calipers to nearest mm,Length,NA,mm,NA,17,NA
RICE030_WB_2022-02-01_MQ3,RICE030_WB_2022-02-01_MQ3_5851,RICE030_WB_2022-02-01_MQ3_5851_length,Calipers to nearest mm,Length,NA,mm,NA,10,NA
RICE030_WB_2022-02-01_MQ3,RICE030_WB_2022-02-01_MQ3_5852,RICE030_WB_2022-02-01_MQ3_5852_length,Calipers to nearest mm,Length,NA,mm,NA,13,NA
RICE030_WB_2022-02-01_FQ3,RICE030_WB_2022-02-01_FQ3_5853,RICE030_WB_2022-02-01_FQ3_5853_length,Calipers to nearest mm,Length,NA,mm,NA,15,NA
RICE030_WB_2022-02-01_FQ3,RICE030_WB_2022-02-01_FQ3_5854,RICE030_WB_2022-02-01_FQ3_5854_length,Calipers to nearest mm,Length,NA,mm,NA,17,NA
RICE030_WB_2022-02-01_FQ3,RICE030_WB_2022-02-01_FQ3_5855,RICE030_WB_2022-02-01_FQ3_5855_length,Calipers to nearest mm,Length,NA,mm,NA,14,NA
RICE030_WB_2022-02-01_FQ3,RICE030_WB_2022-02-01_FQ3_5856,RICE030_WB_2022-02-01_FQ3_5856_length,Calipers to nearest mm,Length,NA,mm,NA,11,NA
RICE030_WB_2022-02-01_FQ3,RICE030_WB_2022-02-01_FQ3_5857,RICE030_WB_2022-02-01_FQ3_5857_length,Calipers to nearest mm,Length,NA,mm,NA,9,NA
RICE030_WB_2022-02-01_FQ3,RICE030_WB_2022-02-01_FQ3_5858,RICE030_WB_2022-02-01_FQ3_5858_length,Calipers to nearest mm,Length,NA,mm,NA,14,NA
RICE030_WB_2022-02-01_FQ4,RICE030_WB_2022-02-01_FQ4_5859,RICE030_WB_2022-02-01_FQ4_5859_length,Calipers to nearest mm,Length,NA,mm,NA,19,NA
RICE030_WB_2022-02-01_FQ4,RICE030_WB_2022-02-01_FQ4_5860,RICE030_WB_2022-02-01_FQ4_5860_length,Calipers to nearest mm,Length,NA,mm,NA,18,NA
RICE030_WB_2022-02-01_FQ5,RICE030_WB_2022-02-01_FQ5_5861,RICE030_WB_2022-02-01_FQ5_5861_length,Calipers to nearest mm,Length,NA,mm,NA,9,NA
RICE030_WB_2022-02-01_FQ5,RICE030_WB_2022-02-01_FQ5_5862,RICE030_WB_2022-02-01_FQ5_5862_length,Calipers to nearest mm,Length,NA,mm,NA,11,NA
RICE030_WB_2022-02-01_FQ5,RICE030_WB_2022-02-01_FQ5_5863,RICE030_WB_2022-02-01_FQ5_5863_length,Calipers to nearest mm,Length,NA,mm,NA,12,NA
RICE031_WB_2022-05-15_FQ1,RICE031_WB_2022-05-15_FQ1_5864,RICE031_WB_2022-05-15_FQ1_5864_length,Calipers to nearest mm,Length,NA,mm,NA,7,NA
RICE031_WB_2022-05-15_FQ1,RICE031_WB_2022-05-15_FQ1_5865,RICE031_WB_2022-05-15_FQ1_5865_length,Calipers to nearest mm,Length,NA,mm,NA,10,NA
RICE031_WB_2022-05-15_FQ4,RICE031_WB_2022-05-15_FQ4_5866,RICE031_WB_2022-05-15_FQ4_5866_length,Calipers to nearest mm,Length,NA,mm,NA,20,NA
RICE031_WB_2022-05-15_FQ4,RICE031_WB_2022-05-15_FQ4_5867,RICE031_WB_2022-05-15_FQ4_5867_length,Calipers to nearest mm,Length,NA,mm,NA,17,NA
RICE031_WB_2022-05-15_FQ4,RICE031_WB_2022-05-15_FQ4_5868,RICE031_WB_2022-05-15_FQ4_5868_length,Calipers to nearest mm,Length,NA,mm,NA,9,NA
RICE031_WB_2022-05-15_FQ4,RICE031_WB_2022-05-15_FQ4_5869,RICE031_WB_2022-05-15_FQ4_5869_length,Calipers to nearest mm,Length,NA,mm,NA,8,NA
RICE031_WB_2022-05-15_FQ4,RICE031_WB_2022-05-15_FQ4_5870,RICE031_WB_2022-05-15_FQ4_5870_length,Calipers to nearest mm,Length,NA,mm,NA,14,NA
RICE031_WB_2022-05-15_FQ4,RICE031_WB_2022-05-15_FQ4_5871,RICE031_WB_2022-05-15_FQ4_5871_length,Calipers to nearest mm,Length,NA,mm,NA,16,NA
RICE031_WB_2022-05-15_FQ4,RICE031_WB_2022-05-15_FQ4_5872,RICE031_WB_2022-05-15_FQ4_5872_length,Calipers to nearest mm,Length,NA,mm,NA,18,NA
RICE031_WB_2022-05-15_FQ4,RICE031_WB_2022-05-15_FQ4_5873,RICE031_WB_2022-05-15_FQ4_5873_length,Calipers to nearest mm,Length,NA,mm,NA,10,NA
RICE031_WB_2022-05-15_FQ4,RICE031_WB_2022-05-15_FQ4_5874,RICE031_WB_2022-05-15_FQ4_5874_length,Calipers to nearest mm,Length,NA,mm,NA,8,NA
RICE031_WB_2022-05-15_FQ4,RICE031_WB_2022-05-15_FQ4_5875,RICE031_WB_2022-05-15_FQ4_5875_length,Calipers to nearest mm,Length,NA,mm,NA,18,NA
RICE031_WB_2022-05-15_FQ4,RICE031_WB_2022-05-15_FQ4_5876,RICE031_WB_2022-05-15_FQ4_5876_length,Calipers to nearest mm,Length,NA,mm,NA,19,NA
RICE031_WB_2022-05-15_FQ4,RICE031_WB_2022-05-15_FQ4_5877,RICE031_WB_2022-05-15_FQ4_5877_length,Calipers to nearest mm,Length,NA,mm,NA,16,NA
RICE031_WB_2022-05-15_FQ5,RICE031_WB_2022-05-15_FQ5_5878,RICE031_WB_2022-05-15_FQ5_5878_length,Calipers to nearest mm,Length,NA,mm,NA,13,NA
RICE031_WB_2022-05-15_FQ5,RICE031_WB_2022-05-15_FQ5_5879,RICE031_WB_2022-05-15_FQ5_5879_length,Calipers to nearest mm,Length,NA,mm,NA,14,NA
RICE031_WB_2022-05-15_FQ5,RICE031_WB_2022-05-15_FQ5_5880,RICE031_WB_2022-05-15_FQ5_5880_length,Calipers to nearest mm,Length,NA,mm,NA,21,NA
RICE031_WB_2022-05-15_FQ5,RICE031_WB_2022-05-15_FQ5_5881,RICE031_WB_2022-05-15_FQ5_5881_length,Calipers to nearest mm,Length,NA,mm,NA,17,NA
RICE031_WB_2022-05-15_FQ5,RICE031_WB_2022-05-15_FQ5_5882,RICE031_WB_2022-05-15_FQ5_5882_length,Calipers to nearest mm,Length,NA,mm,NA,16,NA
RICE031_WB_2022-05-15_FQ5,RICE031_WB_2022-05-15_FQ5_5883,RICE031_WB_2022-05-15_FQ5_5883_length,Calipers to nearest mm,Length,NA,mm,NA,10,NA
RICE031_WB_2022-05-15_FQ5,RICE031_WB_2022-05-15_FQ5_5884,RICE031_WB_2022-05-15_FQ5_5884_length,Calipers to nearest mm,Length,NA,mm,NA,9,NA
RICE031_WB_2022-05-15_BQ1,RICE031_WB_2022-05-15_BQ1_5885,RICE031_WB_2022-05-15_BQ1_5885_length,Calipers to nearest mm,Length,NA,mm,NA,13,NA
RICE031_WB_2022-05-15_BQ2,RICE031_WB_2022-05-15_BQ2_5886,RICE031_WB_2022-05-15_BQ2_5886_length,Calipers to nearest mm,Length,NA,mm,NA,15,NA
RICE031_WB_2022-05-15_BQ4,RICE031_WB_2022-05-15_BQ4_5887,RICE031_WB_2022-05-15_BQ4_5887_length,Calipers to nearest mm,Length,NA,mm,NA,18,NA
RICE031_WB_2022-05-15_BQ5,RICE031_WB_2022-05-15_BQ5_5888,RICE031_WB_2022-05-15_BQ5_5888_length,Calipers to nearest mm,Length,NA,mm,NA,12,NA
RICE031_WB_2022-05-15_BQ5,RICE031_WB_2022-05-15_BQ5_5889,RICE031_WB_2022-05-15_BQ5_5889_length,Calipers to nearest mm,Length,NA,mm,NA,15,NA
RICE031_WB_2022-05-15_MQ5,RICE031_WB_2022-05-15_MQ5_5890,RICE031_WB_2022-05-15_MQ5_5890_length,Calipers to nearest mm,Length,NA,mm,NA,18,NA
RICE031_WB_2022-05-15_MQ5,RICE031_WB_2022-05-15_MQ5_5891,RICE031_WB_2022-05-15_MQ5_5891_length,Calipers to nearest mm,Length,NA,mm,NA,16,NA
RICE031_WB_2022-05-15_MQ5,RICE031_WB_2022-05-15_MQ5_5892,RICE031_WB_2022-05-15_MQ5_5892_length,Calipers to nearest mm,Length,NA,mm,NA,8,NA
RICE031_WB_2022-05-15_MQ5,RICE031_WB_2022-05-15_MQ5_5893,RICE031_WB_2022-05-15_MQ5_5893_length,Calipers to nearest mm,Length,NA,mm,NA,21,NA
RICE031_WB_2022-05-15_MQ5,RICE031_WB_2022-05-15_MQ5_5894,RICE031_WB_2022-05-15_MQ5_5894_length,Calipers to nearest mm,Length,NA,mm,NA,17,NA
RICE031_WB_2022-05-15_MQ5,RICE031_WB_2022-05-15_MQ5_5895,RICE031_WB_2022-05-15_MQ5_5895_length,Calipers to nearest mm,Length,NA,mm,NA,10,NA
RICE031_WB_2022-05-15_MQ5,RICE031_WB_2022-05-15_MQ5_5896,RICE031_WB_2022-05-15_MQ5_5896_length,Calipers to nearest mm,Length,NA,mm,NA,15,NA
RICE031_WB_2022-05-15_MQ4,RICE031_WB_2022-05-15_MQ4_5897,RICE031_WB_2022-05-15_MQ4_5897_length,Calipers to nearest mm,Length,NA,mm,NA,15,NA
RICE031_WB_2022-05-15_MQ4,RICE031_WB_2022-05-15_MQ4_5898,RICE031_WB_2022-05-15_MQ4_5898_length,Calipers to nearest mm,Length,NA,mm,NA,16,NA
RICE031_WB_2022-05-15_MQ4,RICE031_WB_2022-05-15_MQ4_5899,RICE031_WB_2022-05-15_MQ4_5899_length,Calipers to nearest mm,Length,NA,mm,NA,17,NA
RICE031_WB_2022-05-15_MQ3,RICE031_WB_2022-05-15_MQ3_5900,RICE031_WB_2022-05-15_MQ3_5900_length,Calipers to nearest mm,Length,NA,mm,NA,18,NA
RICE031_WB_2022-05-15_MQ3,RICE031_WB_2022-05-15_MQ3_5901,RICE031_WB_2022-05-15_MQ3_5901_length,Calipers to nearest mm,Length,NA,mm,NA,15,NA
RICE031_WB_2022-05-15_MQ3,RICE031_WB_2022-05-15_MQ3_5902,RICE031_WB_2022-05-15_MQ3_5902_length,Calipers to nearest mm,Length,NA,mm,NA,17,NA
RICE031_WB_2022-05-15_MQ3,RICE031_WB_2022-05-15_MQ3_5903,RICE031_WB_2022-05-15_MQ3_5903_length,Calipers to nearest mm,Length,NA,mm,NA,13,NA
RICE031_WB_2022-05-15_MQ3,RICE031_WB_2022-05-15_MQ3_5904,RICE031_WB_2022-05-15_MQ3_5904_length,Calipers to nearest mm,Length,NA,mm,NA,14,NA
RICE031_WB_2022-05-15_MQ3,RICE031_WB_2022-05-15_MQ3_5905,RICE031_WB_2022-05-15_MQ3_5905_length,Calipers to nearest mm,Length,NA,mm,NA,15,NA
RICE031_WB_2022-05-15_MQ3,RICE031_WB_2022-05-15_MQ3_5906,RICE031_WB_2022-05-15_MQ3_5906_length,Calipers to nearest mm,Length,NA,mm,NA,11,NA
RICE031_WB_2022-05-15_MQ3,RICE031_WB_2022-05-15_MQ3_5907,RICE031_WB_2022-05-15_MQ3_5907_length,Calipers to nearest mm,Length,NA,mm,NA,9,NA
RICE031_WB_2022-05-15_MQ2,RICE031_WB_2022-05-15_MQ2_5908,RICE031_WB_2022-05-15_MQ2_5908_length,Calipers to nearest mm,Length,NA,mm,NA,17,NA
RICE031_WB_2022-05-15_MQ2,RICE031_WB_2022-05-15_MQ2_5909,RICE031_WB_2022-05-15_MQ2_5909_length,Calipers to nearest mm,Length,NA,mm,NA,18,NA
RICE031_WB_2022-05-15_MQ2,RICE031_WB_2022-05-15_MQ2_5910,RICE031_WB_2022-05-15_MQ2_5910_length,Calipers to nearest mm,Length,NA,mm,NA,15,NA
RICE031_WB_2022-05-15_MQ2,RICE031_WB_2022-05-15_MQ2_5911,RICE031_WB_2022-05-15_MQ2_5911_length,Calipers to nearest mm,Length,NA,mm,NA,14,NA
RICE031_WB_2022-05-15_MQ2,RICE031_WB_2022-05-15_MQ2_5912,RICE031_WB_2022-05-15_MQ2_5912_length,Calipers to nearest mm,Length,NA,mm,NA,16,NA
RICE031_WB_2022-05-15_MQ2,RICE031_WB_2022-05-15_MQ2_5913,RICE031_WB_2022-05-15_MQ2_5913_length,Calipers to nearest mm,Length,NA,mm,NA,13,NA
RICE031_WB_2022-05-15_MQ2,RICE031_WB_2022-05-15_MQ2_5914,RICE031_WB_2022-05-15_MQ2_5914_length,Calipers to nearest mm,Length,NA,mm,NA,14,NA
RICE031_WB_2022-05-15_MQ2,RICE031_WB_2022-05-15_MQ2_5915,RICE031_WB_2022-05-15_MQ2_5915_length,Calipers to nearest mm,Length,NA,mm,NA,38,NA
RICE031_WB_2022-05-15_MQ1,RICE031_WB_2022-05-15_MQ1_5916,RICE031_WB_2022-05-15_MQ1_5916_length,Calipers to nearest mm,Length,NA,mm,NA,22,NA
RICE031_WB_2022-05-15_MQ1,RICE031_WB_2022-05-15_MQ1_5917,RICE031_WB_2022-05-15_MQ1_5917_length,Calipers to nearest mm,Length,NA,mm,NA,16,NA
RICE031_WB_2022-05-15_MQ1,RICE031_WB_2022-05-15_MQ1_5918,RICE031_WB_2022-05-15_MQ1_5918_length,Calipers to nearest mm,Length,NA,mm,NA,17,NA
RICE031_WB_2022-05-15_MQ1,RICE031_WB_2022-05-15_MQ1_5919,RICE031_WB_2022-05-15_MQ1_5919_length,Calipers to nearest mm,Length,NA,mm,NA,18,NA
RICE031_WB_2022-05-15_MQ1,RICE031_WB_2022-05-15_MQ1_5920,RICE031_WB_2022-05-15_MQ1_5920_length,Calipers to nearest mm,Length,NA,mm,NA,14,NA
RICE031_WB_2022-05-15_MQ1,RICE031_WB_2022-05-15_MQ1_5921,RICE031_WB_2022-05-15_MQ1_5921_length,Calipers to nearest mm,Length,NA,mm,NA,13,NA
RICE031_WB_2022-05-15_MQ1,RICE031_WB_2022-05-15_MQ1_5922,RICE031_WB_2022-05-15_MQ1_5922_length,Calipers to nearest mm,Length,NA,mm,NA,20,NA
RICE031_WB_2022-05-15_MQ1,RICE031_WB_2022-05-15_MQ1_5923,RICE031_WB_2022-05-15_MQ1_5923_length,Calipers to nearest mm,Length,NA,mm,NA,14,NA
RICE031_WB_2022-05-15_MQ1,RICE031_WB_2022-05-15_MQ1_5924,RICE031_WB_2022-05-15_MQ1_5924_length,Calipers to nearest mm,Length,NA,mm,NA,8,NA
RICE031_NB_2022-05-16_MQ1,RICE031_NB_2022-05-16_MQ1_5925,RICE031_NB_2022-05-16_MQ1_5925_length,Calipers to nearest mm,Length,NA,mm,NA,20,NA
RICE031_NB_2022-05-16_MQ1,RICE031_NB_2022-05-16_MQ1_5926,RICE031_NB_2022-05-16_MQ1_5926_length,Calipers to nearest mm,Length,NA,mm,NA,15,NA
RICE031_NB_2022-05-16_MQ1,RICE031_NB_2022-05-16_MQ1_5927,RICE031_NB_2022-05-16_MQ1_5927_length,Calipers to nearest mm,Length,NA,mm,NA,10,NA
RICE031_NB_2022-05-16_MQ1,RICE031_NB_2022-05-16_MQ1_5928,RICE031_NB_2022-05-16_MQ1_5928_length,Calipers to nearest mm,Length,NA,mm,NA,16,NA
RICE031_NB_2022-05-16_MQ1,RICE031_NB_2022-05-16_MQ1_5929,RICE031_NB_2022-05-16_MQ1_5929_length,Calipers to nearest mm,Length,NA,mm,NA,21,NA
RICE031_NB_2022-05-16_MQ1,RICE031_NB_2022-05-16_MQ1_5930,RICE031_NB_2022-05-16_MQ1_5930_length,Calipers to nearest mm,Length,NA,mm,NA,17,NA
RICE031_NB_2022-05-16_MQ1,RICE031_NB_2022-05-16_MQ1_5931,RICE031_NB_2022-05-16_MQ1_5931_length,Calipers to nearest mm,Length,NA,mm,NA,12,NA
RICE031_NB_2022-05-16_MQ2,RICE031_NB_2022-05-16_MQ2_5932,RICE031_NB_2022-05-16_MQ2_5932_length,Calipers to nearest mm,Length,NA,mm,NA,15,NA
RICE031_NB_2022-05-16_MQ2,RICE031_NB_2022-05-16_MQ2_5933,RICE031_NB_2022-05-16_MQ2_5933_length,Calipers to nearest mm,Length,NA,mm,NA,21,NA
RICE031_NB_2022-05-16_MQ2,RICE031_NB_2022-05-16_MQ2_5934,RICE031_NB_2022-05-16_MQ2_5934_length,Calipers to nearest mm,Length,NA,mm,NA,25,NA
RICE031_NB_2022-05-16_MQ3,RICE031_NB_2022-05-16_MQ3_5935,RICE031_NB_2022-05-16_MQ3_5935_length,Calipers to nearest mm,Length,NA,mm,NA,20,NA
RICE031_NB_2022-05-16_MQ3,RICE031_NB_2022-05-16_MQ3_5936,RICE031_NB_2022-05-16_MQ3_5936_length,Calipers to nearest mm,Length,NA,mm,NA,17,NA
RICE031_NB_2022-05-16_MQ3,RICE031_NB_2022-05-16_MQ3_5937,RICE031_NB_2022-05-16_MQ3_5937_length,Calipers to nearest mm,Length,NA,mm,NA,15,NA
RICE031_NB_2022-05-16_MQ4,RICE031_NB_2022-05-16_MQ4_5938,RICE031_NB_2022-05-16_MQ4_5938_length,Calipers to nearest mm,Length,NA,mm,NA,21,NA
RICE031_NB_2022-05-16_MQ4,RICE031_NB_2022-05-16_MQ4_5939,RICE031_NB_2022-05-16_MQ4_5939_length,Calipers to nearest mm,Length,NA,mm,NA,12,NA
RICE031_NB_2022-05-16_MQ4,RICE031_NB_2022-05-16_MQ4_5940,RICE031_NB_2022-05-16_MQ4_5940_length,Calipers to nearest mm,Length,NA,mm,NA,20,NA
RICE031_NB_2022-05-16_MQ5,RICE031_NB_2022-05-16_MQ5_5941,RICE031_NB_2022-05-16_MQ5_5941_length,Calipers to nearest mm,Length,NA,mm,NA,10,NA
RICE031_NB_2022-05-16_MQ5,RICE031_NB_2022-05-16_MQ5_5942,RICE031_NB_2022-05-16_MQ5_5942_length,Calipers to nearest mm,Length,NA,mm,NA,12,NA
RICE031_NB_2022-05-16_MQ5,RICE031_NB_2022-05-16_MQ5_5943,RICE031_NB_2022-05-16_MQ5_5943_length,Calipers to nearest mm,Length,NA,mm,NA,13,NA
RICE031_NB_2022-05-16_MQ5,RICE031_NB_2022-05-16_MQ5_5944,RICE031_NB_2022-05-16_MQ5_5944_length,Calipers to nearest mm,Length,NA,mm,NA,15,NA
RICE031_NB_2022-05-17_FQ1,RICE031_NB_2022-05-17_FQ1_5945,RICE031_NB_2022-05-17_FQ1_5945_length,Calipers to nearest mm,Length,NA,mm,NA,20,NA
RICE031_NB_2022-05-17_FQ1,RICE031_NB_2022-05-17_FQ1_5946,RICE031_NB_2022-05-17_FQ1_5946_length,Calipers to nearest mm,Length,NA,mm,NA,17,NA
RICE031_NB_2022-05-17_FQ1,RICE031_NB_2022-05-17_FQ1_5947,RICE031_NB_2022-05-17_FQ1_5947_length,Calipers to nearest mm,Length,NA,mm,NA,24,NA
RICE031_NB_2022-05-17_FQ1,RICE031_NB_2022-05-17_FQ1_5948,RICE031_NB_2022-05-17_FQ1_5948_length,Calipers to nearest mm,Length,NA,mm,NA,18,NA
RICE031_NB_2022-05-17_FQ1,RICE031_NB_2022-05-17_FQ1_5949,RICE031_NB_2022-05-17_FQ1_5949_length,Calipers to nearest mm,Length,NA,mm,NA,20,NA
RICE031_NB_2022-05-17_FQ1,RICE031_NB_2022-05-17_FQ1_5950,RICE031_NB_2022-05-17_FQ1_5950_length,Calipers to nearest mm,Length,NA,mm,NA,17,NA
RICE031_NB_2022-05-17_FQ1,RICE031_NB_2022-05-17_FQ1_5951,RICE031_NB_2022-05-17_FQ1_5951_length,Calipers to nearest mm,Length,NA,mm,NA,16,NA
RICE031_NB_2022-05-17_FQ1,RICE031_NB_2022-05-17_FQ1_5952,RICE031_NB_2022-05-17_FQ1_5952_length,Calipers to nearest mm,Length,NA,mm,NA,14,NA
RICE031_NB_2022-05-17_FQ2,RICE031_NB_2022-05-17_FQ2_5953,RICE031_NB_2022-05-17_FQ2_5953_length,Calipers to nearest mm,Length,NA,mm,NA,17,NA
RICE031_NB_2022-05-17_FQ2,RICE031_NB_2022-05-17_FQ2_5954,RICE031_NB_2022-05-17_FQ2_5954_length,Calipers to nearest mm,Length,NA,mm,NA,15,NA
RICE031_NB_2022-05-17_FQ3,RICE031_NB_2022-05-17_FQ3_5955,RICE031_NB_2022-05-17_FQ3_5955_length,Calipers to nearest mm,Length,NA,mm,NA,19,NA
RICE031_NB_2022-05-17_FQ3,RICE031_NB_2022-05-17_FQ3_5956,RICE031_NB_2022-05-17_FQ3_5956_length,Calipers to nearest mm,Length,NA,mm,NA,26,NA
RICE031_FB_2022-05-18_FQ1,RICE031_FB_2022-05-18_FQ1_5957,RICE031_FB_2022-05-18_FQ1_5957_length,Calipers to nearest mm,Length,NA,mm,NA,15,NA
RICE031_FB_2022-05-18_FQ1,RICE031_FB_2022-05-18_FQ1_5958,RICE031_FB_2022-05-18_FQ1_5958_length,Calipers to nearest mm,Length,NA,mm,NA,17,NA
RICE031_FB_2022-05-18_FQ1,RICE031_FB_2022-05-18_FQ1_5959,RICE031_FB_2022-05-18_FQ1_5959_length,Calipers to nearest mm,Length,NA,mm,NA,12,NA
RICE031_FB_2022-05-18_FQ1,RICE031_FB_2022-05-18_FQ1_5960,RICE031_FB_2022-05-18_FQ1_5960_length,Calipers to nearest mm,Length,NA,mm,NA,14,NA
RICE031_FB_2022-05-18_FQ1,RICE031_FB_2022-05-18_FQ1_5961,RICE031_FB_2022-05-18_FQ1_5961_length,Calipers to nearest mm,Length,NA,mm,NA,20,NA
RICE031_FB_2022-05-18_FQ1,RICE031_FB_2022-05-18_FQ1_5962,RICE031_FB_2022-05-18_FQ1_5962_length,Calipers to nearest mm,Length,NA,mm,NA,15,NA
RICE031_FB_2022-05-18_FQ1,RICE031_FB_2022-05-18_FQ1_5963,RICE031_FB_2022-05-18_FQ1_5963_length,Calipers to nearest mm,Length,NA,mm,NA,17,NA
RICE031_FB_2022-05-18_FQ2,RICE031_FB_2022-05-18_FQ2_5964,RICE031_FB_2022-05-18_FQ2_5964_length,Calipers to nearest mm,Length,NA,mm,NA,12,NA
RICE031_FB_2022-05-18_FQ3,RICE031_FB_2022-05-18_FQ3_5965,RICE031_FB_2022-05-18_FQ3_5965_length,Calipers to nearest mm,Length,NA,mm,NA,21,NA
RICE031_FB_2022-05-18_FQ3,RICE031_FB_2022-05-18_FQ3_5966,RICE031_FB_2022-05-18_FQ3_5966_length,Calipers to nearest mm,Length,NA,mm,NA,19,NA
RICE031_FB_2022-05-18_FQ3,RICE031_FB_2022-05-18_FQ3_5967,RICE031_FB_2022-05-18_FQ3_5967_length,Calipers to nearest mm,Length,NA,mm,NA,25,NA
RICE031_FB_2022-05-18_FQ3,RICE031_FB_2022-05-18_FQ3_5968,RICE031_FB_2022-05-18_FQ3_5968_length,Calipers to nearest mm,Length,NA,mm,NA,18,NA
RICE031_FB_2022-05-18_FQ4,RICE031_FB_2022-05-18_FQ4_5969,RICE031_FB_2022-05-18_FQ4_5969_length,Calipers to nearest mm,Length,NA,mm,NA,17,NA
RICE031_FB_2022-05-18_FQ4,RICE031_FB_2022-05-18_FQ4_5970,RICE031_FB_2022-05-18_FQ4_5970_length,Calipers to nearest mm,Length,NA,mm,NA,21,NA
RICE031_FB_2022-05-18_FQ4,RICE031_FB_2022-05-18_FQ4_5971,RICE031_FB_2022-05-18_FQ4_5971_length,Calipers to nearest mm,Length,NA,mm,NA,20,NA
RICE031_FB_2022-05-18_FQ4,RICE031_FB_2022-05-18_FQ4_5972,RICE031_FB_2022-05-18_FQ4_5972_length,Calipers to nearest mm,Length,NA,mm,NA,22,NA
RICE031_FB_2022-05-18_FQ4,RICE031_FB_2022-05-18_FQ4_5973,RICE031_FB_2022-05-18_FQ4_5973_length,Calipers to nearest mm,Length,NA,mm,NA,16,NA
RICE031_FB_2022-05-18_FQ4,RICE031_FB_2022-05-18_FQ4_5974,RICE031_FB_2022-05-18_FQ4_5974_length,Calipers to nearest mm,Length,NA,mm,NA,25,NA
RICE031_FB_2022-05-18_FQ4,RICE031_FB_2022-05-18_FQ4_5975,RICE031_FB_2022-05-18_FQ4_5975_length,Calipers to nearest mm,Length,NA,mm,NA,15,NA
RICE031_FB_2022-05-18_BQ1,RICE031_FB_2022-05-18_BQ1_5976,RICE031_FB_2022-05-18_BQ1_5976_length,Calipers to nearest mm,Length,NA,mm,NA,15,NA
RICE031_FB_2022-05-18_BQ1,RICE031_FB_2022-05-18_BQ1_5977,RICE031_FB_2022-05-18_BQ1_5977_length,Calipers to nearest mm,Length,NA,mm,NA,17,NA
RICE031_FB_2022-05-18_BQ1,RICE031_FB_2022-05-18_BQ1_5978,RICE031_FB_2022-05-18_BQ1_5978_length,Calipers to nearest mm,Length,NA,mm,NA,16,NA
RICE031_FB_2022-05-18_BQ1,RICE031_FB_2022-05-18_BQ1_5979,RICE031_FB_2022-05-18_BQ1_5979_length,Calipers to nearest mm,Length,NA,mm,NA,14,NA
RICE031_FB_2022-05-18_BQ3,RICE031_FB_2022-05-18_BQ3_5980,RICE031_FB_2022-05-18_BQ3_5980_length,Calipers to nearest mm,Length,NA,mm,NA,17,NA
RICE031_FB_2022-05-18_BQ3,RICE031_FB_2022-05-18_BQ3_5981,RICE031_FB_2022-05-18_BQ3_5981_length,Calipers to nearest mm,Length,NA,mm,NA,18,NA
RICE031_FB_2022-05-18_BQ3,RICE031_FB_2022-05-18_BQ3_5982,RICE031_FB_2022-05-18_BQ3_5982_length,Calipers to nearest mm,Length,NA,mm,NA,15,NA
RICE031_FB_2022-05-18_BQ3,RICE031_FB_2022-05-18_BQ3_5983,RICE031_FB_2022-05-18_BQ3_5983_length,Calipers to nearest mm,Length,NA,mm,NA,14,NA
RICE031_FB_2022-05-18_BQ3,RICE031_FB_2022-05-18_BQ3_5984,RICE031_FB_2022-05-18_BQ3_5984_length,Calipers to nearest mm,Length,NA,mm,NA,16,NA
RICE031_FB_2022-05-18_BQ4,RICE031_FB_2022-05-18_BQ4_5985,RICE031_FB_2022-05-18_BQ4_5985_length,Calipers to nearest mm,Length,NA,mm,NA,17,NA
RICE031_FB_2022-05-18_BQ4,RICE031_FB_2022-05-18_BQ4_5986,RICE031_FB_2022-05-18_BQ4_5986_length,Calipers to nearest mm,Length,NA,mm,NA,15,NA
RICE031_FB_2022-05-18_BQ4,RICE031_FB_2022-05-18_BQ4_5987,RICE031_FB_2022-05-18_BQ4_5987_length,Calipers to nearest mm,Length,NA,mm,NA,18,NA
RICE031_FB_2022-05-18_BQ4,RICE031_FB_2022-05-18_BQ4_5988,RICE031_FB_2022-05-18_BQ4_5988_length,Calipers to nearest mm,Length,NA,mm,NA,16,NA
RICE031_FB_2022-05-18_BQ5,RICE031_FB_2022-05-18_BQ5_5989,RICE031_FB_2022-05-18_BQ5_5989_length,Calipers to nearest mm,Length,NA,mm,NA,15,NA
RICE031_FB_2022-05-18_BQ5,RICE031_FB_2022-05-18_BQ5_5990,RICE031_FB_2022-05-18_BQ5_5990_length,Calipers to nearest mm,Length,NA,mm,NA,14,NA
RICE031_FB_2022-05-18_BQ5,RICE031_FB_2022-05-18_BQ5_5991,RICE031_FB_2022-05-18_BQ5_5991_length,Calipers to nearest mm,Length,NA,mm,NA,17,NA
RICE031_FB_2022-05-18_BQ5,RICE031_FB_2022-05-18_BQ5_5992,RICE031_FB_2022-05-18_BQ5_5992_length,Calipers to nearest mm,Length,NA,mm,NA,11,NA
RICE031_FB_2022-05-18_BQ5,RICE031_FB_2022-05-18_BQ5_5993,RICE031_FB_2022-05-18_BQ5_5993_length,Calipers to nearest mm,Length,NA,mm,NA,12,NA
RICE031_FB_2022-05-18_BQ5,RICE031_FB_2022-05-18_BQ5_5994,RICE031_FB_2022-05-18_BQ5_5994_length,Calipers to nearest mm,Length,NA,mm,NA,16,NA
RICE031_FB_2022-05-18_MQ1,RICE031_FB_2022-05-18_MQ1_5995,RICE031_FB_2022-05-18_MQ1_5995_length,Calipers to nearest mm,Length,NA,mm,NA,14,NA
RICE031_FB_2022-05-18_MQ1,RICE031_FB_2022-05-18_MQ1_5996,RICE031_FB_2022-05-18_MQ1_5996_length,Calipers to nearest mm,Length,NA,mm,NA,16,NA
RICE031_FB_2022-05-18_MQ1,RICE031_FB_2022-05-18_MQ1_5997,RICE031_FB_2022-05-18_MQ1_5997_length,Calipers to nearest mm,Length,NA,mm,NA,18,NA
RICE031_FB_2022-05-18_MQ1,RICE031_FB_2022-05-18_MQ1_5998,RICE031_FB_2022-05-18_MQ1_5998_length,Calipers to nearest mm,Length,NA,mm,NA,15,NA
RICE031_FB_2022-05-18_MQ1,RICE031_FB_2022-05-18_MQ1_5999,RICE031_FB_2022-05-18_MQ1_5999_length,Calipers to nearest mm,Length,NA,mm,NA,20,NA
RICE031_FB_2022-05-18_MQ1,RICE031_FB_2022-05-18_MQ1_6000,RICE031_FB_2022-05-18_MQ1_6000_length,Calipers to nearest mm,Length,NA,mm,NA,13,NA
RICE031_FB_2022-05-18_MQ1,RICE031_FB_2022-05-18_MQ1_6001,RICE031_FB_2022-05-18_MQ1_6001_length,Calipers to nearest mm,Length,NA,mm,NA,17,NA
RICE031_FB_2022-05-18_MQ1,RICE031_FB_2022-05-18_MQ1_6002,RICE031_FB_2022-05-18_MQ1_6002_length,Calipers to nearest mm,Length,NA,mm,NA,4,NA
RICE031_FB_2022-05-18_MQ2,RICE031_FB_2022-05-18_MQ2_6003,RICE031_FB_2022-05-18_MQ2_6003_length,Calipers to nearest mm,Length,NA,mm,NA,15,NA
RICE031_FB_2022-05-18_MQ2,RICE031_FB_2022-05-18_MQ2_6004,RICE031_FB_2022-05-18_MQ2_6004_length,Calipers to nearest mm,Length,NA,mm,NA,19,NA
RICE031_FB_2022-05-18_MQ2,RICE031_FB_2022-05-18_MQ2_6005,RICE031_FB_2022-05-18_MQ2_6005_length,Calipers to nearest mm,Length,NA,mm,NA,4,NA
RICE031_FB_2022-05-18_MQ2,RICE031_FB_2022-05-18_MQ2_6006,RICE031_FB_2022-05-18_MQ2_6006_length,Calipers to nearest mm,Length,NA,mm,NA,3,NA
RICE031_FB_2022-05-18_MQ3,RICE031_FB_2022-05-18_MQ3_6007,RICE031_FB_2022-05-18_MQ3_6007_length,Calipers to nearest mm,Length,NA,mm,NA,17,NA
RICE031_FB_2022-05-18_MQ3,RICE031_FB_2022-05-18_MQ3_6008,RICE031_FB_2022-05-18_MQ3_6008_length,Calipers to nearest mm,Length,NA,mm,NA,5,NA
RICE031_FB_2022-05-18_MQ4,RICE031_FB_2022-05-18_MQ4_6009,RICE031_FB_2022-05-18_MQ4_6009_length,Calipers to nearest mm,Length,NA,mm,NA,11,NA
RICE031_FB_2022-05-18_MQ4,RICE031_FB_2022-05-18_MQ4_6010,RICE031_FB_2022-05-18_MQ4_6010_length,Calipers to nearest mm,Length,NA,mm,NA,12,NA
RICE031_FB_2022-05-18_MQ4,RICE031_FB_2022-05-18_MQ4_6011,RICE031_FB_2022-05-18_MQ4_6011_length,Calipers to nearest mm,Length,NA,mm,NA,17,NA
RICE031_FB_2022-05-18_MQ4,RICE031_FB_2022-05-18_MQ4_6012,RICE031_FB_2022-05-18_MQ4_6012_length,Calipers to nearest mm,Length,NA,mm,NA,16,NA
RICE031_FB_2022-05-18_MQ4,RICE031_FB_2022-05-18_MQ4_6013,RICE031_FB_2022-05-18_MQ4_6013_length,Calipers to nearest mm,Length,NA,mm,NA,14,NA
RICE031_FB_2022-05-18_MQ4,RICE031_FB_2022-05-18_MQ4_6014,RICE031_FB_2022-05-18_MQ4_6014_length,Calipers to nearest mm,Length,NA,mm,NA,13,NA
RICE031_FB_2022-05-18_MQ4,RICE031_FB_2022-05-18_MQ4_6015,RICE031_FB_2022-05-18_MQ4_6015_length,Calipers to nearest mm,Length,NA,mm,NA,18,NA
RICE031_FB_2022-05-18_MQ5,RICE031_FB_2022-05-18_MQ5_6016,RICE031_FB_2022-05-18_MQ5_6016_length,Calipers to nearest mm,Length,NA,mm,NA,19,NA
RICE031_FB_2022-05-18_MQ5,RICE031_FB_2022-05-18_MQ5_6017,RICE031_FB_2022-05-18_MQ5_6017_length,Calipers to nearest mm,Length,NA,mm,NA,17,NA
RICE031_FB_2022-05-18_MQ5,RICE031_FB_2022-05-18_MQ5_6018,RICE031_FB_2022-05-18_MQ5_6018_length,Calipers to nearest mm,Length,NA,mm,NA,18,NA
RICE032_NB_2022-06-12_MQ1,RICE032_NB_2022-06-12_MQ1_6019,RICE032_NB_2022-06-12_MQ1_6019_length,Calipers to nearest mm,Length,NA,mm,NA,20,NA
RICE032_NB_2022-06-12_MQ1,RICE032_NB_2022-06-12_MQ1_6020,RICE032_NB_2022-06-12_MQ1_6020_length,Calipers to nearest mm,Length,NA,mm,NA,12,NA
RICE032_NB_2022-06-12_MQ1,RICE032_NB_2022-06-12_MQ1_6021,RICE032_NB_2022-06-12_MQ1_6021_length,Calipers to nearest mm,Length,NA,mm,NA,19,NA
RICE032_NB_2022-06-12_MQ1,RICE032_NB_2022-06-12_MQ1_6022,RICE032_NB_2022-06-12_MQ1_6022_length,Calipers to nearest mm,Length,NA,mm,NA,14,NA
RICE032_NB_2022-06-12_MQ1,RICE032_NB_2022-06-12_MQ1_6023,RICE032_NB_2022-06-12_MQ1_6023_length,Calipers to nearest mm,Length,NA,mm,NA,18,NA
RICE032_NB_2022-06-12_MQ1,RICE032_NB_2022-06-12_MQ1_6024,RICE032_NB_2022-06-12_MQ1_6024_length,Calipers to nearest mm,Length,NA,mm,NA,17,NA
RICE032_NB_2022-06-12_MQ1,RICE032_NB_2022-06-12_MQ1_6025,RICE032_NB_2022-06-12_MQ1_6025_length,Calipers to nearest mm,Length,NA,mm,NA,20,NA
RICE032_NB_2022-06-12_MQ2,RICE032_NB_2022-06-12_MQ2_6026,RICE032_NB_2022-06-12_MQ2_6026_length,Calipers to nearest mm,Length,NA,mm,NA,13,NA
RICE032_NB_2022-06-12_MQ2,RICE032_NB_2022-06-12_MQ2_6027,RICE032_NB_2022-06-12_MQ2_6027_length,Calipers to nearest mm,Length,NA,mm,NA,20,NA
RICE032_NB_2022-06-12_MQ2,RICE032_NB_2022-06-12_MQ2_6028,RICE032_NB_2022-06-12_MQ2_6028_length,Calipers to nearest mm,Length,NA,mm,NA,19,NA
RICE032_NB_2022-06-12_MQ3,RICE032_NB_2022-06-12_MQ3_6029,RICE032_NB_2022-06-12_MQ3_6029_length,Calipers to nearest mm,Length,NA,mm,NA,23,NA
RICE032_NB_2022-06-12_MQ3,RICE032_NB_2022-06-12_MQ3_6030,RICE032_NB_2022-06-12_MQ3_6030_length,Calipers to nearest mm,Length,NA,mm,NA,17,NA
RICE032_NB_2022-06-12_MQ3,RICE032_NB_2022-06-12_MQ3_6031,RICE032_NB_2022-06-12_MQ3_6031_length,Calipers to nearest mm,Length,NA,mm,NA,20,NA
RICE032_NB_2022-06-12_MQ3,RICE032_NB_2022-06-12_MQ3_6032,RICE032_NB_2022-06-12_MQ3_6032_length,Calipers to nearest mm,Length,NA,mm,NA,16,NA
RICE032_NB_2022-06-12_MQ3,RICE032_NB_2022-06-12_MQ3_6033,RICE032_NB_2022-06-12_MQ3_6033_length,Calipers to nearest mm,Length,NA,mm,NA,18,NA
RICE032_NB_2022-06-12_MQ3,RICE032_NB_2022-06-12_MQ3_6034,RICE032_NB_2022-06-12_MQ3_6034_length,Calipers to nearest mm,Length,NA,mm,NA,19,NA
RICE032_NB_2022-06-12_MQ4,RICE032_NB_2022-06-12_MQ4_6035,RICE032_NB_2022-06-12_MQ4_6035_length,Calipers to nearest mm,Length,NA,mm,NA,15,NA
RICE032_NB_2022-06-12_MQ4,RICE032_NB_2022-06-12_MQ4_6036,RICE032_NB_2022-06-12_MQ4_6036_length,Calipers to nearest mm,Length,NA,mm,NA,14,NA
RICE032_NB_2022-06-12_MQ4,RICE032_NB_2022-06-12_MQ4_6037,RICE032_NB_2022-06-12_MQ4_6037_length,Calipers to nearest mm,Length,NA,mm,NA,20,NA
RICE032_NB_2022-06-12_MQ4,RICE032_NB_2022-06-12_MQ4_6038,RICE032_NB_2022-06-12_MQ4_6038_length,Calipers to nearest mm,Length,NA,mm,NA,13,NA
RICE032_NB_2022-06-12_MQ4,RICE032_NB_2022-06-12_MQ4_6039,RICE032_NB_2022-06-12_MQ4_6039_length,Calipers to nearest mm,Length,NA,mm,NA,18,NA
RICE032_NB_2022-06-12_MQ4,RICE032_NB_2022-06-12_MQ4_6040,RICE032_NB_2022-06-12_MQ4_6040_length,Calipers to nearest mm,Length,NA,mm,NA,19,NA
RICE032_NB_2022-06-12_MQ5,RICE032_NB_2022-06-12_MQ5_6041,RICE032_NB_2022-06-12_MQ5_6041_length,Calipers to nearest mm,Length,NA,mm,NA,16,NA
RICE032_NB_2022-06-12_MQ5,RICE032_NB_2022-06-12_MQ5_6042,RICE032_NB_2022-06-12_MQ5_6042_length,Calipers to nearest mm,Length,NA,mm,NA,17,NA
RICE032_NB_2022-06-12_MQ5,RICE032_NB_2022-06-12_MQ5_6043,RICE032_NB_2022-06-12_MQ5_6043_length,Calipers to nearest mm,Length,NA,mm,NA,19,NA
RICE032_NB_2022-06-12_MQ5,RICE032_NB_2022-06-12_MQ5_6044,RICE032_NB_2022-06-12_MQ5_6044_length,Calipers to nearest mm,Length,NA,mm,NA,14,NA
RICE032_NB_2022-06-12_MQ5,RICE032_NB_2022-06-12_MQ5_6045,RICE032_NB_2022-06-12_MQ5_6045_length,Calipers to nearest mm,Length,NA,mm,NA,18,NA
RICE032_NB_2022-06-13_FQ1,RICE032_NB_2022-06-13_FQ1_6046,RICE032_NB_2022-06-13_FQ1_6046_length,Calipers to nearest mm,Length,NA,mm,NA,36,NA
RICE032_NB_2022-06-13_FQ2,RICE032_NB_2022-06-13_FQ2_6047,RICE032_NB_2022-06-13_FQ2_6047_length,Calipers to nearest mm,Length,NA,mm,NA,8,NA
RICE032_NB_2022-06-13_FQ4,RICE032_NB_2022-06-13_FQ4_6048,RICE032_NB_2022-06-13_FQ4_6048_length,Calipers to nearest mm,Length,NA,mm,NA,70,NA
RICE032_NB_2022-06-13_FQ5,RICE032_NB_2022-06-13_FQ5_6049,RICE032_NB_2022-06-13_FQ5_6049_length,Calipers to nearest mm,Length,NA,mm,NA,70,NA
RICE032_WB_2022-06-14_MQ1,RICE032_WB_2022-06-14_MQ1_6050,RICE032_WB_2022-06-14_MQ1_6050_length,Calipers to nearest mm,Length,NA,mm,NA,16,NA
RICE032_WB_2022-06-14_MQ1,RICE032_WB_2022-06-14_MQ1_6051,RICE032_WB_2022-06-14_MQ1_6051_length,Calipers to nearest mm,Length,NA,mm,NA,15,NA
RICE032_WB_2022-06-14_MQ1,RICE032_WB_2022-06-14_MQ1_6052,RICE032_WB_2022-06-14_MQ1_6052_length,Calipers to nearest mm,Length,NA,mm,NA,17,NA
RICE032_WB_2022-06-14_MQ1,RICE032_WB_2022-06-14_MQ1_6053,RICE032_WB_2022-06-14_MQ1_6053_length,Calipers to nearest mm,Length,NA,mm,NA,19,NA
RICE032_WB_2022-06-14_MQ1,RICE032_WB_2022-06-14_MQ1_6054,RICE032_WB_2022-06-14_MQ1_6054_length,Calipers to nearest mm,Length,NA,mm,NA,14,NA
RICE032_WB_2022-06-14_MQ1,RICE032_WB_2022-06-14_MQ1_6055,RICE032_WB_2022-06-14_MQ1_6055_length,Calipers to nearest mm,Length,NA,mm,NA,13,NA
RICE032_WB_2022-06-14_MQ2,RICE032_WB_2022-06-14_MQ2_6056,RICE032_WB_2022-06-14_MQ2_6056_length,Calipers to nearest mm,Length,NA,mm,NA,17,NA
RICE032_WB_2022-06-14_MQ2,RICE032_WB_2022-06-14_MQ2_6057,RICE032_WB_2022-06-14_MQ2_6057_length,Calipers to nearest mm,Length,NA,mm,NA,16,NA
RICE032_WB_2022-06-14_MQ2,RICE032_WB_2022-06-14_MQ2_6058,RICE032_WB_2022-06-14_MQ2_6058_length,Calipers to nearest mm,Length,NA,mm,NA,13,NA
RICE032_WB_2022-06-14_MQ2,RICE032_WB_2022-06-14_MQ2_6059,RICE032_WB_2022-06-14_MQ2_6059_length,Calipers to nearest mm,Length,NA,mm,NA,15,NA
RICE032_WB_2022-06-14_MQ2,RICE032_WB_2022-06-14_MQ2_6060,RICE032_WB_2022-06-14_MQ2_6060_length,Calipers to nearest mm,Length,NA,mm,NA,14,NA
RICE032_WB_2022-06-14_MQ2,RICE032_WB_2022-06-14_MQ2_6061,RICE032_WB_2022-06-14_MQ2_6061_length,Calipers to nearest mm,Length,NA,mm,NA,18,NA
RICE032_WB_2022-06-14_MQ2,RICE032_WB_2022-06-14_MQ2_6062,RICE032_WB_2022-06-14_MQ2_6062_length,Calipers to nearest mm,Length,NA,mm,NA,13,NA
RICE032_WB_2022-06-14_MQ3,RICE032_WB_2022-06-14_MQ3_6063,RICE032_WB_2022-06-14_MQ3_6063_length,Calipers to nearest mm,Length,NA,mm,NA,8,NA
RICE032_WB_2022-06-14_MQ3,RICE032_WB_2022-06-14_MQ3_6064,RICE032_WB_2022-06-14_MQ3_6064_length,Calipers to nearest mm,Length,NA,mm,NA,9,NA
RICE032_WB_2022-06-14_MQ3,RICE032_WB_2022-06-14_MQ3_6065,RICE032_WB_2022-06-14_MQ3_6065_length,Calipers to nearest mm,Length,NA,mm,NA,15,NA
RICE032_WB_2022-06-14_MQ3,RICE032_WB_2022-06-14_MQ3_6066,RICE032_WB_2022-06-14_MQ3_6066_length,Calipers to nearest mm,Length,NA,mm,NA,17,NA
RICE032_WB_2022-06-14_MQ3,RICE032_WB_2022-06-14_MQ3_6067,RICE032_WB_2022-06-14_MQ3_6067_length,Calipers to nearest mm,Length,NA,mm,NA,12,NA
RICE032_WB_2022-06-14_MQ3,RICE032_WB_2022-06-14_MQ3_6068,RICE032_WB_2022-06-14_MQ3_6068_length,Calipers to nearest mm,Length,NA,mm,NA,18,NA
RICE032_WB_2022-06-14_MQ3,RICE032_WB_2022-06-14_MQ3_6069,RICE032_WB_2022-06-14_MQ3_6069_length,Calipers to nearest mm,Length,NA,mm,NA,14,NA
RICE032_WB_2022-06-14_MQ3,RICE032_WB_2022-06-14_MQ3_6070,RICE032_WB_2022-06-14_MQ3_6070_length,Calipers to nearest mm,Length,NA,mm,NA,20,NA
RICE032_WB_2022-06-14_MQ4,RICE032_WB_2022-06-14_MQ4_6071,RICE032_WB_2022-06-14_MQ4_6071_length,Calipers to nearest mm,Length,NA,mm,NA,7,NA
RICE032_WB_2022-06-14_MQ4,RICE032_WB_2022-06-14_MQ4_6072,RICE032_WB_2022-06-14_MQ4_6072_length,Calipers to nearest mm,Length,NA,mm,NA,16,NA
RICE032_WB_2022-06-14_MQ4,RICE032_WB_2022-06-14_MQ4_6073,RICE032_WB_2022-06-14_MQ4_6073_length,Calipers to nearest mm,Length,NA,mm,NA,17,NA
RICE032_WB_2022-06-14_MQ4,RICE032_WB_2022-06-14_MQ4_6074,RICE032_WB_2022-06-14_MQ4_6074_length,Calipers to nearest mm,Length,NA,mm,NA,15,NA
RICE032_WB_2022-06-14_MQ4,RICE032_WB_2022-06-14_MQ4_6075,RICE032_WB_2022-06-14_MQ4_6075_length,Calipers to nearest mm,Length,NA,mm,NA,14,NA
RICE032_WB_2022-06-14_MQ4,RICE032_WB_2022-06-14_MQ4_6076,RICE032_WB_2022-06-14_MQ4_6076_length,Calipers to nearest mm,Length,NA,mm,NA,13,NA
RICE032_WB_2022-06-14_MQ4,RICE032_WB_2022-06-14_MQ4_6077,RICE032_WB_2022-06-14_MQ4_6077_length,Calipers to nearest mm,Length,NA,mm,NA,21,NA
RICE032_WB_2022-06-14_MQ5,RICE032_WB_2022-06-14_MQ5_6078,RICE032_WB_2022-06-14_MQ5_6078_length,Calipers to nearest mm,Length,NA,mm,NA,11,NA
RICE032_WB_2022-06-14_MQ5,RICE032_WB_2022-06-14_MQ5_6079,RICE032_WB_2022-06-14_MQ5_6079_length,Calipers to nearest mm,Length,NA,mm,NA,17,NA
RICE032_WB_2022-06-14_MQ5,RICE032_WB_2022-06-14_MQ5_6080,RICE032_WB_2022-06-14_MQ5_6080_length,Calipers to nearest mm,Length,NA,mm,NA,20,NA
RICE032_WB_2022-06-14_MQ5,RICE032_WB_2022-06-14_MQ5_6081,RICE032_WB_2022-06-14_MQ5_6081_length,Calipers to nearest mm,Length,NA,mm,NA,18,NA
RICE032_WB_2022-06-14_MQ5,RICE032_WB_2022-06-14_MQ5_6082,RICE032_WB_2022-06-14_MQ5_6082_length,Calipers to nearest mm,Length,NA,mm,NA,16,NA
RICE032_WB_2022-06-14_MQ5,RICE032_WB_2022-06-14_MQ5_6083,RICE032_WB_2022-06-14_MQ5_6083_length,Calipers to nearest mm,Length,NA,mm,NA,14,NA
RICE032_WB_2022-06-14_BQ3,RICE032_WB_2022-06-14_BQ3_6084,RICE032_WB_2022-06-14_BQ3_6084_length,Calipers to nearest mm,Length,NA,mm,NA,7,NA
RICE032_WB_2022-06-14_BQ3,RICE032_WB_2022-06-14_BQ3_6085,RICE032_WB_2022-06-14_BQ3_6085_length,Calipers to nearest mm,Length,NA,mm,NA,8,NA
RICE032_WB_2022-06-14_BQ4,RICE032_WB_2022-06-14_BQ4_6086,RICE032_WB_2022-06-14_BQ4_6086_length,Calipers to nearest mm,Length,NA,mm,NA,4,NA
RICE032_WB_2022-06-14_BQ4,RICE032_WB_2022-06-14_BQ4_6087,RICE032_WB_2022-06-14_BQ4_6087_length,Calipers to nearest mm,Length,NA,mm,NA,5,NA
RICE032_WB_2022-06-14_BQ4,RICE032_WB_2022-06-14_BQ4_6088,RICE032_WB_2022-06-14_BQ4_6088_length,Calipers to nearest mm,Length,NA,mm,NA,7,NA
RICE032_WB_2022-06-14_BQ4,RICE032_WB_2022-06-14_BQ4_6089,RICE032_WB_2022-06-14_BQ4_6089_length,Calipers to nearest mm,Length,NA,mm,NA,10,NA
RICE032_WB_2022-06-14_BQ4,RICE032_WB_2022-06-14_BQ4_6090,RICE032_WB_2022-06-14_BQ4_6090_length,Calipers to nearest mm,Length,NA,mm,NA,13,NA
RICE032_WB_2022-06-14_BQ4,RICE032_WB_2022-06-14_BQ4_6091,RICE032_WB_2022-06-14_BQ4_6091_length,Calipers to nearest mm,Length,NA,mm,NA,14,NA
RICE032_WB_2022-06-14_BQ4,RICE032_WB_2022-06-14_BQ4_6092,RICE032_WB_2022-06-14_BQ4_6092_length,Calipers to nearest mm,Length,NA,mm,NA,20,NA
RICE032_WB_2022-06-14_BQ5,RICE032_WB_2022-06-14_BQ5_6093,RICE032_WB_2022-06-14_BQ5_6093_length,Calipers to nearest mm,Length,NA,mm,NA,7,NA
RICE032_WB_2022-06-14_BQ5,RICE032_WB_2022-06-14_BQ5_6094,RICE032_WB_2022-06-14_BQ5_6094_length,Calipers to nearest mm,Length,NA,mm,NA,10,NA
RICE032_WB_2022-06-14_BQ5,RICE032_WB_2022-06-14_BQ5_6095,RICE032_WB_2022-06-14_BQ5_6095_length,Calipers to nearest mm,Length,NA,mm,NA,11,NA
RICE032_FB_2022-06-15_BQ1,RICE032_FB_2022-06-15_BQ1_6096,RICE032_FB_2022-06-15_BQ1_6096_length,Calipers to nearest mm,Length,NA,mm,NA,14,NA
RICE032_FB_2022-06-15_BQ1,RICE032_FB_2022-06-15_BQ1_6097,RICE032_FB_2022-06-15_BQ1_6097_length,Calipers to nearest mm,Length,NA,mm,NA,18,NA
RICE032_FB_2022-06-15_BQ1,RICE032_FB_2022-06-15_BQ1_6098,RICE032_FB_2022-06-15_BQ1_6098_length,Calipers to nearest mm,Length,NA,mm,NA,22,NA
RICE032_FB_2022-06-15_BQ1,RICE032_FB_2022-06-15_BQ1_6099,RICE032_FB_2022-06-15_BQ1_6099_length,Calipers to nearest mm,Length,NA,mm,NA,17,NA
RICE032_FB_2022-06-15_BQ1,RICE032_FB_2022-06-15_BQ1_6100,RICE032_FB_2022-06-15_BQ1_6100_length,Calipers to nearest mm,Length,NA,mm,NA,19,NA
RICE032_FB_2022-06-15_BQ1,RICE032_FB_2022-06-15_BQ1_6101,RICE032_FB_2022-06-15_BQ1_6101_length,Calipers to nearest mm,Length,NA,mm,NA,21,NA
RICE032_FB_2022-06-15_BQ1,RICE032_FB_2022-06-15_BQ1_6102,RICE032_FB_2022-06-15_BQ1_6102_length,Calipers to nearest mm,Length,NA,mm,NA,16,NA
RICE032_FB_2022-06-15_BQ3,RICE032_FB_2022-06-15_BQ3_6103,RICE032_FB_2022-06-15_BQ3_6103_length,Calipers to nearest mm,Length,NA,mm,NA,16,NA
RICE032_FB_2022-06-15_BQ3,RICE032_FB_2022-06-15_BQ3_6104,RICE032_FB_2022-06-15_BQ3_6104_length,Calipers to nearest mm,Length,NA,mm,NA,17,NA
RICE032_FB_2022-06-15_BQ3,RICE032_FB_2022-06-15_BQ3_6105,RICE032_FB_2022-06-15_BQ3_6105_length,Calipers to nearest mm,Length,NA,mm,NA,18,NA
RICE032_FB_2022-06-15_BQ3,RICE032_FB_2022-06-15_BQ3_6106,RICE032_FB_2022-06-15_BQ3_6106_length,Calipers to nearest mm,Length,NA,mm,NA,22,NA
RICE032_FB_2022-06-15_BQ4,RICE032_FB_2022-06-15_BQ4_6107,RICE032_FB_2022-06-15_BQ4_6107_length,Calipers to nearest mm,Length,NA,mm,NA,13,NA
RICE032_FB_2022-06-15_BQ4,RICE032_FB_2022-06-15_BQ4_6108,RICE032_FB_2022-06-15_BQ4_6108_length,Calipers to nearest mm,Length,NA,mm,NA,14,NA
RICE032_FB_2022-06-15_BQ4,RICE032_FB_2022-06-15_BQ4_6109,RICE032_FB_2022-06-15_BQ4_6109_length,Calipers to nearest mm,Length,NA,mm,NA,16,NA
RICE032_FB_2022-06-15_BQ4,RICE032_FB_2022-06-15_BQ4_6110,RICE032_FB_2022-06-15_BQ4_6110_length,Calipers to nearest mm,Length,NA,mm,NA,17,NA
RICE032_FB_2022-06-15_BQ4,RICE032_FB_2022-06-15_BQ4_6111,RICE032_FB_2022-06-15_BQ4_6111_length,Calipers to nearest mm,Length,NA,mm,NA,18,NA
RICE032_FB_2022-06-15_BQ4,RICE032_FB_2022-06-15_BQ4_6112,RICE032_FB_2022-06-15_BQ4_6112_length,Calipers to nearest mm,Length,NA,mm,NA,19,NA
RICE032_FB_2022-06-15_BQ4,RICE032_FB_2022-06-15_BQ4_6113,RICE032_FB_2022-06-15_BQ4_6113_length,Calipers to nearest mm,Length,NA,mm,NA,20,NA
RICE032_FB_2022-06-15_BQ5,RICE032_FB_2022-06-15_BQ5_6114,RICE032_FB_2022-06-15_BQ5_6114_length,Calipers to nearest mm,Length,NA,mm,NA,15,NA
RICE032_FB_2022-06-15_MQ1,RICE032_FB_2022-06-15_MQ1_6115,RICE032_FB_2022-06-15_MQ1_6115_length,Calipers to nearest mm,Length,NA,mm,NA,17,NA
RICE032_FB_2022-06-15_MQ1,RICE032_FB_2022-06-15_MQ1_6116,RICE032_FB_2022-06-15_MQ1_6116_length,Calipers to nearest mm,Length,NA,mm,NA,15,NA
RICE032_FB_2022-06-15_MQ1,RICE032_FB_2022-06-15_MQ1_6117,RICE032_FB_2022-06-15_MQ1_6117_length,Calipers to nearest mm,Length,NA,mm,NA,20,NA
RICE032_FB_2022-06-15_MQ1,RICE032_FB_2022-06-15_MQ1_6118,RICE032_FB_2022-06-15_MQ1_6118_length,Calipers to nearest mm,Length,NA,mm,NA,16,NA
RICE032_FB_2022-06-15_MQ1,RICE032_FB_2022-06-15_MQ1_6119,RICE032_FB_2022-06-15_MQ1_6119_length,Calipers to nearest mm,Length,NA,mm,NA,13,NA
RICE032_FB_2022-06-15_MQ1,RICE032_FB_2022-06-15_MQ1_6120,RICE032_FB_2022-06-15_MQ1_6120_length,Calipers to nearest mm,Length,NA,mm,NA,14,NA
RICE032_FB_2022-06-15_MQ1,RICE032_FB_2022-06-15_MQ1_6121,RICE032_FB_2022-06-15_MQ1_6121_length,Calipers to nearest mm,Length,NA,mm,NA,10,NA
RICE032_FB_2022-06-15_MQ1,RICE032_FB_2022-06-15_MQ1_6122,RICE032_FB_2022-06-15_MQ1_6122_length,Calipers to nearest mm,Length,NA,mm,NA,8,NA
RICE032_FB_2022-06-15_MQ2,RICE032_FB_2022-06-15_MQ2_6123,RICE032_FB_2022-06-15_MQ2_6123_length,Calipers to nearest mm,Length,NA,mm,NA,13,NA
RICE032_FB_2022-06-15_MQ2,RICE032_FB_2022-06-15_MQ2_6124,RICE032_FB_2022-06-15_MQ2_6124_length,Calipers to nearest mm,Length,NA,mm,NA,11,NA
RICE032_FB_2022-06-15_MQ2,RICE032_FB_2022-06-15_MQ2_6125,RICE032_FB_2022-06-15_MQ2_6125_length,Calipers to nearest mm,Length,NA,mm,NA,15,NA
RICE032_FB_2022-06-15_MQ2,RICE032_FB_2022-06-15_MQ2_6126,RICE032_FB_2022-06-15_MQ2_6126_length,Calipers to nearest mm,Length,NA,mm,NA,17,NA
RICE032_FB_2022-06-15_MQ2,RICE032_FB_2022-06-15_MQ2_6127,RICE032_FB_2022-06-15_MQ2_6127_length,Calipers to nearest mm,Length,NA,mm,NA,16,NA
RICE032_FB_2022-06-15_MQ2,RICE032_FB_2022-06-15_MQ2_6128,RICE032_FB_2022-06-15_MQ2_6128_length,Calipers to nearest mm,Length,NA,mm,NA,18,NA
RICE032_FB_2022-06-15_MQ2,RICE032_FB_2022-06-15_MQ2_6129,RICE032_FB_2022-06-15_MQ2_6129_length,Calipers to nearest mm,Length,NA,mm,NA,12,NA
RICE032_FB_2022-06-15_MQ3,RICE032_FB_2022-06-15_MQ3_6130,RICE032_FB_2022-06-15_MQ3_6130_length,Calipers to nearest mm,Length,NA,mm,NA,12,NA
RICE032_FB_2022-06-15_MQ3,RICE032_FB_2022-06-15_MQ3_6131,RICE032_FB_2022-06-15_MQ3_6131_length,Calipers to nearest mm,Length,NA,mm,NA,19,NA
RICE032_FB_2022-06-15_MQ3,RICE032_FB_2022-06-15_MQ3_6132,RICE032_FB_2022-06-15_MQ3_6132_length,Calipers to nearest mm,Length,NA,mm,NA,16,NA
RICE032_FB_2022-06-15_MQ3,RICE032_FB_2022-06-15_MQ3_6133,RICE032_FB_2022-06-15_MQ3_6133_length,Calipers to nearest mm,Length,NA,mm,NA,5,NA
RICE032_FB_2022-06-15_MQ3,RICE032_FB_2022-06-15_MQ3_6134,RICE032_FB_2022-06-15_MQ3_6134_length,Calipers to nearest mm,Length,NA,mm,NA,18,NA
RICE032_FB_2022-06-15_MQ3,RICE032_FB_2022-06-15_MQ3_6135,RICE032_FB_2022-06-15_MQ3_6135_length,Calipers to nearest mm,Length,NA,mm,NA,13,NA
RICE032_FB_2022-06-15_MQ4,RICE032_FB_2022-06-15_MQ4_6136,RICE032_FB_2022-06-15_MQ4_6136_length,Calipers to nearest mm,Length,NA,mm,NA,12,NA
RICE032_FB_2022-06-15_MQ4,RICE032_FB_2022-06-15_MQ4_6137,RICE032_FB_2022-06-15_MQ4_6137_length,Calipers to nearest mm,Length,NA,mm,NA,13,NA
RICE032_FB_2022-06-15_MQ4,RICE032_FB_2022-06-15_MQ4_6138,RICE032_FB_2022-06-15_MQ4_6138_length,Calipers to nearest mm,Length,NA,mm,NA,19,NA
RICE032_FB_2022-06-15_MQ4,RICE032_FB_2022-06-15_MQ4_6139,RICE032_FB_2022-06-15_MQ4_6139_length,Calipers to nearest mm,Length,NA,mm,NA,16,NA
RICE032_FB_2022-06-15_MQ4,RICE032_FB_2022-06-15_MQ4_6140,RICE032_FB_2022-06-15_MQ4_6140_length,Calipers to nearest mm,Length,NA,mm,NA,14,NA
RICE032_FB_2022-06-15_MQ4,RICE032_FB_2022-06-15_MQ4_6141,RICE032_FB_2022-06-15_MQ4_6141_length,Calipers to nearest mm,Length,NA,mm,NA,9,NA
RICE032_FB_2022-06-15_MQ4,RICE032_FB_2022-06-15_MQ4_6142,RICE032_FB_2022-06-15_MQ4_6142_length,Calipers to nearest mm,Length,NA,mm,NA,10,NA
RICE032_FB_2022-06-15_MQ5,RICE032_FB_2022-06-15_MQ5_6143,RICE032_FB_2022-06-15_MQ5_6143_length,Calipers to nearest mm,Length,NA,mm,NA,14,NA
RICE032_FB_2022-06-15_MQ5,RICE032_FB_2022-06-15_MQ5_6144,RICE032_FB_2022-06-15_MQ5_6144_length,Calipers to nearest mm,Length,NA,mm,NA,16,NA
RICE032_FB_2022-06-15_MQ5,RICE032_FB_2022-06-15_MQ5_6145,RICE032_FB_2022-06-15_MQ5_6145_length,Calipers to nearest mm,Length,NA,mm,NA,13,NA
RICE032_FB_2022-06-15_MQ5,RICE032_FB_2022-06-15_MQ5_6146,RICE032_FB_2022-06-15_MQ5_6146_length,Calipers to nearest mm,Length,NA,mm,NA,15,NA
RICE032_FB_2022-06-15_MQ5,RICE032_FB_2022-06-15_MQ5_6147,RICE032_FB_2022-06-15_MQ5_6147_length,Calipers to nearest mm,Length,NA,mm,NA,19,NA
RICE032_FB_2022-06-15_FQ4,RICE032_FB_2022-06-15_FQ4_6148,RICE032_FB_2022-06-15_FQ4_6148_length,Calipers to nearest mm,Length,NA,mm,NA,26,NA
RICE032_FB_2022-06-15_FQ4,RICE032_FB_2022-06-15_FQ4_6149,RICE032_FB_2022-06-15_FQ4_6149_length,Calipers to nearest mm,Length,NA,mm,NA,24,NA
RICE032_WB_2022-06-14_FQ3,RICE032_WB_2022-06-14_FQ3_6150,RICE032_WB_2022-06-14_FQ3_6150_length,Calipers to nearest mm,Length,NA,mm,NA,12,NA
RICE032_WB_2022-06-14_FQ3,RICE032_WB_2022-06-14_FQ3_6151,RICE032_WB_2022-06-14_FQ3_6151_length,Calipers to nearest mm,Length,NA,mm,NA,15,NA
RICE032_WB_2022-06-14_FQ3,RICE032_WB_2022-06-14_FQ3_6152,RICE032_WB_2022-06-14_FQ3_6152_length,Calipers to nearest mm,Length,NA,mm,NA,17,NA
RICE032_WB_2022-06-14_FQ3,RICE032_WB_2022-06-14_FQ3_6153,RICE032_WB_2022-06-14_FQ3_6153_length,Calipers to nearest mm,Length,NA,mm,NA,18,NA
RICE032_WB_2022-06-14_FQ3,RICE032_WB_2022-06-14_FQ3_6154,RICE032_WB_2022-06-14_FQ3_6154_length,Calipers to nearest mm,Length,NA,mm,NA,19,NA
RICE032_WB_2022-06-14_FQ3,RICE032_WB_2022-06-14_FQ3_6155,RICE032_WB_2022-06-14_FQ3_6155_length,Calipers to nearest mm,Length,NA,mm,NA,20,NA
RICE032_WB_2022-06-14_FQ3,RICE032_WB_2022-06-14_FQ3_6156,RICE032_WB_2022-06-14_FQ3_6156_length,Calipers to nearest mm,Length,NA,mm,NA,9,NA
RICE032_WB_2022-06-14_FQ3,RICE032_WB_2022-06-14_FQ3_6157,RICE032_WB_2022-06-14_FQ3_6157_length,Calipers to nearest mm,Length,NA,mm,NA,10,NA
RICE032_WB_2022-06-14_FQ4,RICE032_WB_2022-06-14_FQ4_6158,RICE032_WB_2022-06-14_FQ4_6158_length,Calipers to nearest mm,Length,NA,mm,NA,12,NA
RICE032_WB_2022-06-14_FQ4,RICE032_WB_2022-06-14_FQ4_6159,RICE032_WB_2022-06-14_FQ4_6159_length,Calipers to nearest mm,Length,NA,mm,NA,13,NA
RICE032_WB_2022-06-14_FQ4,RICE032_WB_2022-06-14_FQ4_6160,RICE032_WB_2022-06-14_FQ4_6160_length,Calipers to nearest mm,Length,NA,mm,NA,16,NA
RICE032_WB_2022-06-14_FQ4,RICE032_WB_2022-06-14_FQ4_6161,RICE032_WB_2022-06-14_FQ4_6161_length,Calipers to nearest mm,Length,NA,mm,NA,20,NA
RICE032_WB_2022-06-14_FQ4,RICE032_WB_2022-06-14_FQ4_6162,RICE032_WB_2022-06-14_FQ4_6162_length,Calipers to nearest mm,Length,NA,mm,NA,32,NA
RICE032_WB_2022-06-14_FQ4,RICE032_WB_2022-06-14_FQ4_6163,RICE032_WB_2022-06-14_FQ4_6163_length,Calipers to nearest mm,Length,NA,mm,NA,35,NA
RICE032_WB_2022-06-14_FQ5,RICE032_WB_2022-06-14_FQ5_6164,RICE032_WB_2022-06-14_FQ5_6164_length,Calipers to nearest mm,Length,NA,mm,NA,15,NA
RICE032_WB_2022-06-14_FQ5,RICE032_WB_2022-06-14_FQ5_6165,RICE032_WB_2022-06-14_FQ5_6165_length,Calipers to nearest mm,Length,NA,mm,NA,16,NA
RICE032_WB_2022-06-14_FQ5,RICE032_WB_2022-06-14_FQ5_6166,RICE032_WB_2022-06-14_FQ5_6166_length,Calipers to nearest mm,Length,NA,mm,NA,17,NA
RICE032_WB_2022-06-14_FQ5,RICE032_WB_2022-06-14_FQ5_6167,RICE032_WB_2022-06-14_FQ5_6167_length,Calipers to nearest mm,Length,NA,mm,NA,20,NA
RICE032_WB_2022-06-14_FQ5,RICE032_WB_2022-06-14_FQ5_6168,RICE032_WB_2022-06-14_FQ5_6168_length,Calipers to nearest mm,Length,NA,mm,NA,22,NA
RICE033_FB_2022-09-11_BQ5,RICE033_FB_2022-09-11_BQ5_6169,RICE033_FB_2022-09-11_BQ5_6169_length,Calipers to nearest mm,Length,NA,mm,NA,14,NA
RICE033_FB_2022-09-11_BQ5,RICE033_FB_2022-09-11_BQ5_6170,RICE033_FB_2022-09-11_BQ5_6170_length,Calipers to nearest mm,Length,NA,mm,NA,9,NA
RICE033_FB_2022-09-11_BQ5,RICE033_FB_2022-09-11_BQ5_6171,RICE033_FB_2022-09-11_BQ5_6171_length,Calipers to nearest mm,Length,NA,mm,NA,10,NA
RICE034_FB_2022-11-27_BQ5,RICE034_FB_2022-11-27_BQ5_6172,RICE034_FB_2022-11-27_BQ5_6172_length,Calipers to nearest mm,Length,NA,mm,NA,11,NA
RICE034_FB_2022-11-27_BQ5,RICE034_FB_2022-11-27_BQ5_6173,RICE034_FB_2022-11-27_BQ5_6173_length,Calipers to nearest mm,Length,NA,mm,NA,10,NA
RICE034_FB_2022-11-27_BQ5,RICE034_FB_2022-11-27_BQ5_6174,RICE034_FB_2022-11-27_BQ5_6174_length,Calipers to nearest mm,Length,NA,mm,NA,7,NA
RICE034_FB_2022-11-27_BQ5,RICE034_FB_2022-11-27_BQ5_6175,RICE034_FB_2022-11-27_BQ5_6175_length,Calipers to nearest mm,Length,NA,mm,NA,9,NA
RICE034_FB_2022-11-27_BQ5,RICE034_FB_2022-11-27_BQ5_6176,RICE034_FB_2022-11-27_BQ5_6176_length,Calipers to nearest mm,Length,NA,mm,NA,5,NA
RICE035_NB_2023-02-15_FQ1,RICE035_NB_2023-02-15_FQ1_6177,RICE035_NB_2023-02-15_FQ1_6177_length,Calipers to nearest mm,Length,NA,mm,NA,9,NA
RICE035_NB_2023-02-15_FQ1,RICE035_NB_2023-02-15_FQ1_6178,RICE035_NB_2023-02-15_FQ1_6178_length,Calipers to nearest mm,Length,NA,mm,NA,9,NA
RICE035_NB_2023-02-15_FQ2,RICE035_NB_2023-02-15_FQ2_6179,RICE035_NB_2023-02-15_FQ2_6179_length,Calipers to nearest mm,Length,NA,mm,NA,17,NA
RICE035_NB_2023-02-15_FQ2,RICE035_NB_2023-02-15_FQ2_6180,RICE035_NB_2023-02-15_FQ2_6180_length,Calipers to nearest mm,Length,NA,mm,NA,9,NA
RICE035_NB_2023-02-15_FQ3,RICE035_NB_2023-02-15_FQ3_6181,RICE035_NB_2023-02-15_FQ3_6181_length,Calipers to nearest mm,Length,NA,mm,NA,12,NA
RICE035_NB_2023-02-15_FQ4,RICE035_NB_2023-02-15_FQ4_6182,RICE035_NB_2023-02-15_FQ4_6182_length,Calipers to nearest mm,Length,NA,mm,NA,49,NA
RICE035_NB_2023-02-15_FQ5,RICE035_NB_2023-02-15_FQ5_6183,RICE035_NB_2023-02-15_FQ5_6183_length,Calipers to nearest mm,Length,NA,mm,NA,28,NA
RICE035_NB_2023-02-15_FQ5,RICE035_NB_2023-02-15_FQ5_6184,RICE035_NB_2023-02-15_FQ5_6184_length,Calipers to nearest mm,Length,NA,mm,NA,50,NA
RICE035_NB_2023-02-15_MQ2,RICE035_NB_2023-02-15_MQ2_6185,RICE035_NB_2023-02-15_MQ2_6185_length,Calipers to nearest mm,Length,NA,mm,NA,11,NA
RICE035_NB_2023-02-15_MQ2,RICE035_NB_2023-02-15_MQ2_6186,RICE035_NB_2023-02-15_MQ2_6186_length,Calipers to nearest mm,Length,NA,mm,NA,12,NA
RICE035_NB_2023-02-15_MQ2,RICE035_NB_2023-02-15_MQ2_6187,RICE035_NB_2023-02-15_MQ2_6187_length,Calipers to nearest mm,Length,NA,mm,NA,20,NA
RICE035_NB_2023-02-15_MQ5,RICE035_NB_2023-02-15_MQ5_6188,RICE035_NB_2023-02-15_MQ5_6188_length,Calipers to nearest mm,Length,NA,mm,NA,11,NA
RICE035_WB_2023-02-16_MQ1,RICE035_WB_2023-02-16_MQ1_6189,RICE035_WB_2023-02-16_MQ1_6189_length,Calipers to nearest mm,Length,NA,mm,NA,18,NA
RICE035_WB_2023-02-16_MQ1,RICE035_WB_2023-02-16_MQ1_6190,RICE035_WB_2023-02-16_MQ1_6190_length,Calipers to nearest mm,Length,NA,mm,NA,20,NA
RICE035_WB_2023-02-16_MQ1,RICE035_WB_2023-02-16_MQ1_6191,RICE035_WB_2023-02-16_MQ1_6191_length,Calipers to nearest mm,Length,NA,mm,NA,12,NA
RICE035_WB_2023-02-16_MQ1,RICE035_WB_2023-02-16_MQ1_6192,RICE035_WB_2023-02-16_MQ1_6192_length,Calipers to nearest mm,Length,NA,mm,NA,9,NA
RICE035_WB_2023-02-16_MQ2,RICE035_WB_2023-02-16_MQ2_6193,RICE035_WB_2023-02-16_MQ2_6193_length,Calipers to nearest mm,Length,NA,mm,NA,19,NA
RICE035_WB_2023-02-16_MQ2,RICE035_WB_2023-02-16_MQ2_6194,RICE035_WB_2023-02-16_MQ2_6194_length,Calipers to nearest mm,Length,NA,mm,NA,17,NA
RICE035_WB_2023-02-16_MQ2,RICE035_WB_2023-02-16_MQ2_6195,RICE035_WB_2023-02-16_MQ2_6195_length,Calipers to nearest mm,Length,NA,mm,NA,15,NA
RICE035_WB_2023-02-16_MQ2,RICE035_WB_2023-02-16_MQ2_6196,RICE035_WB_2023-02-16_MQ2_6196_length,Calipers to nearest mm,Length,NA,mm,NA,22,NA
RICE035_WB_2023-02-16_MQ2,RICE035_WB_2023-02-16_MQ2_6197,RICE035_WB_2023-02-16_MQ2_6197_length,Calipers to nearest mm,Length,NA,mm,NA,11,NA
RICE035_WB_2023-02-16_MQ2,RICE035_WB_2023-02-16_MQ2_6198,RICE035_WB_2023-02-16_MQ2_6198_length,Calipers to nearest mm,Length,NA,mm,NA,9,NA
RICE035_WB_2023-02-16_MQ2,RICE035_WB_2023-02-16_MQ2_6199,RICE035_WB_2023-02-16_MQ2_6199_length,Calipers to nearest mm,Length,NA,mm,NA,32,NA
RICE035_WB_2023-02-16_MQ3,RICE035_WB_2023-02-16_MQ3_6200,RICE035_WB_2023-02-16_MQ3_6200_length,Calipers to nearest mm,Length,NA,mm,NA,20,NA
RICE035_WB_2023-02-16_MQ3,RICE035_WB_2023-02-16_MQ3_6201,RICE035_WB_2023-02-16_MQ3_6201_length,Calipers to nearest mm,Length,NA,mm,NA,15,NA
RICE035_WB_2023-02-16_MQ3,RICE035_WB_2023-02-16_MQ3_6202,RICE035_WB_2023-02-16_MQ3_6202_length,Calipers to nearest mm,Length,NA,mm,NA,17,NA
RICE035_WB_2023-02-16_MQ3,RICE035_WB_2023-02-16_MQ3_6203,RICE035_WB_2023-02-16_MQ3_6203_length,Calipers to nearest mm,Length,NA,mm,NA,14,NA
RICE035_WB_2023-02-16_MQ4,RICE035_WB_2023-02-16_MQ4_6204,RICE035_WB_2023-02-16_MQ4_6204_length,Calipers to nearest mm,Length,NA,mm,NA,17,NA
RICE035_WB_2023-02-16_MQ5,RICE035_WB_2023-02-16_MQ5_6205,RICE035_WB_2023-02-16_MQ5_6205_length,Calipers to nearest mm,Length,NA,mm,NA,20,NA
RICE035_WB_2023-02-16_BQ5,RICE035_WB_2023-02-16_BQ5_6206,RICE035_WB_2023-02-16_BQ5_6206_length,Calipers to nearest mm,Length,NA,mm,NA,11,NA
RICE035_WB_2023-02-16_BQ5,RICE035_WB_2023-02-16_BQ5_6207,RICE035_WB_2023-02-16_BQ5_6207_length,Calipers to nearest mm,Length,NA,mm,NA,9,NA
RICE035_WB_2023-02-16_FQ3,RICE035_WB_2023-02-16_FQ3_6208,RICE035_WB_2023-02-16_FQ3_6208_length,Calipers to nearest mm,Length,NA,mm,NA,16,NA
RICE035_WB_2023-02-16_FQ3,RICE035_WB_2023-02-16_FQ3_6209,RICE035_WB_2023-02-16_FQ3_6209_length,Calipers to nearest mm,Length,NA,mm,NA,15,NA
RICE035_WB_2023-02-16_FQ3,RICE035_WB_2023-02-16_FQ3_6210,RICE035_WB_2023-02-16_FQ3_6210_length,Calipers to nearest mm,Length,NA,mm,NA,17,NA
RICE035_WB_2023-02-16_FQ3,RICE035_WB_2023-02-16_FQ3_6211,RICE035_WB_2023-02-16_FQ3_6211_length,Calipers to nearest mm,Length,NA,mm,NA,14,NA
RICE035_WB_2023-02-16_FQ3,RICE035_WB_2023-02-16_FQ3_6212,RICE035_WB_2023-02-16_FQ3_6212_length,Calipers to nearest mm,Length,NA,mm,NA,11,NA
RICE035_WB_2023-02-16_FQ3,RICE035_WB_2023-02-16_FQ3_6213,RICE035_WB_2023-02-16_FQ3_6213_length,Calipers to nearest mm,Length,NA,mm,NA,18,NA
RICE035_WB_2023-02-16_FQ3,RICE035_WB_2023-02-16_FQ3_6214,RICE035_WB_2023-02-16_FQ3_6214_length,Calipers to nearest mm,Length,NA,mm,NA,12,NA
RICE035_WB_2023-02-16_FQ3,RICE035_WB_2023-02-16_FQ3_6215,RICE035_WB_2023-02-16_FQ3_6215_length,Calipers to nearest mm,Length,NA,mm,NA,14,NA
RICE035_WB_2023-02-16_FQ3,RICE035_WB_2023-02-16_FQ3_6216,RICE035_WB_2023-02-16_FQ3_6216_length,Calipers to nearest mm,Length,NA,mm,NA,11,NA
RICE035_WB_2023-02-16_FQ3,RICE035_WB_2023-02-16_FQ3_6217,RICE035_WB_2023-02-16_FQ3_6217_length,Calipers to nearest mm,Length,NA,mm,NA,15,NA
RICE035_WB_2023-02-16_FQ3,RICE035_WB_2023-02-16_FQ3_6218,RICE035_WB_2023-02-16_FQ3_6218_length,Calipers to nearest mm,Length,NA,mm,NA,10,NA
RICE035_WB_2023-02-16_FQ3,RICE035_WB_2023-02-16_FQ3_6219,RICE035_WB_2023-02-16_FQ3_6219_length,Calipers to nearest mm,Length,NA,mm,NA,9,NA
RICE035_WB_2023-02-16_FQ3,RICE035_WB_2023-02-16_FQ3_6220,RICE035_WB_2023-02-16_FQ3_6220_length,Calipers to nearest mm,Length,NA,mm,NA,13,NA
RICE035_WB_2023-02-16_FQ3,RICE035_WB_2023-02-16_FQ3_6221,RICE035_WB_2023-02-16_FQ3_6221_length,Calipers to nearest mm,Length,NA,mm,NA,20,NA
RICE035_WB_2023-02-16_FQ3,RICE035_WB_2023-02-16_FQ3_6222,RICE035_WB_2023-02-16_FQ3_6222_length,Calipers to nearest mm,Length,NA,mm,NA,14,NA
RICE035_WB_2023-02-16_FQ4,RICE035_WB_2023-02-16_FQ4_6223,RICE035_WB_2023-02-16_FQ4_6223_length,Calipers to nearest mm,Length,NA,mm,NA,9,NA
RICE035_WB_2023-02-16_FQ4,RICE035_WB_2023-02-16_FQ4_6224,RICE035_WB_2023-02-16_FQ4_6224_length,Calipers to nearest mm,Length,NA,mm,NA,20,NA
RICE035_WB_2023-02-16_FQ4,RICE035_WB_2023-02-16_FQ4_6225,RICE035_WB_2023-02-16_FQ4_6225_length,Calipers to nearest mm,Length,NA,mm,NA,23,NA
RICE035_WB_2023-02-16_FQ4,RICE035_WB_2023-02-16_FQ4_6226,RICE035_WB_2023-02-16_FQ4_6226_length,Calipers to nearest mm,Length,NA,mm,NA,12,NA
RICE035_WB_2023-02-16_FQ4,RICE035_WB_2023-02-16_FQ4_6227,RICE035_WB_2023-02-16_FQ4_6227_length,Calipers to nearest mm,Length,NA,mm,NA,9,NA
RICE035_WB_2023-02-16_FQ4,RICE035_WB_2023-02-16_FQ4_6228,RICE035_WB_2023-02-16_FQ4_6228_length,Calipers to nearest mm,Length,NA,mm,NA,7,NA
RICE035_WB_2023-02-16_FQ4,RICE035_WB_2023-02-16_FQ4_6229,RICE035_WB_2023-02-16_FQ4_6229_length,Calipers to nearest mm,Length,NA,mm,NA,14,NA
RICE035_WB_2023-02-16_FQ4,RICE035_WB_2023-02-16_FQ4_6230,RICE035_WB_2023-02-16_FQ4_6230_length,Calipers to nearest mm,Length,NA,mm,NA,9,NA
RICE035_WB_2023-02-16_FQ4,RICE035_WB_2023-02-16_FQ4_6231,RICE035_WB_2023-02-16_FQ4_6231_length,Calipers to nearest mm,Length,NA,mm,NA,17,NA
RICE035_WB_2023-02-16_FQ5,RICE035_WB_2023-02-16_FQ5_6232,RICE035_WB_2023-02-16_FQ5_6232_length,Calipers to nearest mm,Length,NA,mm,NA,22,NA
RICE035_WB_2023-02-16_FQ5,RICE035_WB_2023-02-16_FQ5_6233,RICE035_WB_2023-02-16_FQ5_6233_length,Calipers to nearest mm,Length,NA,mm,NA,18,NA
RICE035_WB_2023-02-16_FQ5,RICE035_WB_2023-02-16_FQ5_6234,RICE035_WB_2023-02-16_FQ5_6234_length,Calipers to nearest mm,Length,NA,mm,NA,13,NA
RICE035_FB_2023-02-17_MQ1,RICE035_FB_2023-02-17_MQ1_6235,RICE035_FB_2023-02-17_MQ1_6235_length,Calipers to nearest mm,Length,NA,mm,NA,17,NA
RICE035_FB_2023-02-17_MQ1,RICE035_FB_2023-02-17_MQ1_6236,RICE035_FB_2023-02-17_MQ1_6236_length,Calipers to nearest mm,Length,NA,mm,NA,10,NA
RICE035_FB_2023-02-17_MQ2,RICE035_FB_2023-02-17_MQ2_6237,RICE035_FB_2023-02-17_MQ2_6237_length,Calipers to nearest mm,Length,NA,mm,NA,19,NA
RICE035_FB_2023-02-17_MQ3,RICE035_FB_2023-02-17_MQ3_6238,RICE035_FB_2023-02-17_MQ3_6238_length,Calipers to nearest mm,Length,NA,mm,NA,7,NA
RICE035_FB_2023-02-17_MQ3,RICE035_FB_2023-02-17_MQ3_6239,RICE035_FB_2023-02-17_MQ3_6239_length,Calipers to nearest mm,Length,NA,mm,NA,13,NA
RICE035_FB_2023-02-17_MQ3,RICE035_FB_2023-02-17_MQ3_6240,RICE035_FB_2023-02-17_MQ3_6240_length,Calipers to nearest mm,Length,NA,mm,NA,15,NA
RICE035_FB_2023-02-17_MQ3,RICE035_FB_2023-02-17_MQ3_6241,RICE035_FB_2023-02-17_MQ3_6241_length,Calipers to nearest mm,Length,NA,mm,NA,18,NA
RICE035_FB_2023-02-17_MQ3,RICE035_FB_2023-02-17_MQ3_6242,RICE035_FB_2023-02-17_MQ3_6242_length,Calipers to nearest mm,Length,NA,mm,NA,20,NA
RICE035_FB_2023-02-17_MQ4,RICE035_FB_2023-02-17_MQ4_6243,RICE035_FB_2023-02-17_MQ4_6243_length,Calipers to nearest mm,Length,NA,mm,NA,12,NA
RICE035_FB_2023-02-17_MQ4,RICE035_FB_2023-02-17_MQ4_6244,RICE035_FB_2023-02-17_MQ4_6244_length,Calipers to nearest mm,Length,NA,mm,NA,16,NA
RICE036_WB_2023-05-06_FQ1,RICE036_WB_2023-05-06_FQ1_6245,RICE036_WB_2023-05-06_FQ1_6245_length,Calipers to nearest mm,Length,NA,mm,NA,21,NA
RICE036_WB_2023-05-06_FQ1,RICE036_WB_2023-05-06_FQ1_6246,RICE036_WB_2023-05-06_FQ1_6246_length,Calipers to nearest mm,Length,NA,mm,NA,19,NA
RICE036_WB_2023-05-06_FQ3,RICE036_WB_2023-05-06_FQ3_6247,RICE036_WB_2023-05-06_FQ3_6247_length,Calipers to nearest mm,Length,NA,mm,NA,14,NA
RICE036_WB_2023-05-06_FQ3,RICE036_WB_2023-05-06_FQ3_6248,RICE036_WB_2023-05-06_FQ3_6248_length,Calipers to nearest mm,Length,NA,mm,NA,15,NA
RICE036_WB_2023-05-06_FQ3,RICE036_WB_2023-05-06_FQ3_6249,RICE036_WB_2023-05-06_FQ3_6249_length,Calipers to nearest mm,Length,NA,mm,NA,17,NA
RICE036_WB_2023-05-06_FQ3,RICE036_WB_2023-05-06_FQ3_6250,RICE036_WB_2023-05-06_FQ3_6250_length,Calipers to nearest mm,Length,NA,mm,NA,6,NA
RICE036_WB_2023-05-06_FQ3,RICE036_WB_2023-05-06_FQ3_6251,RICE036_WB_2023-05-06_FQ3_6251_length,Calipers to nearest mm,Length,NA,mm,NA,20,NA
RICE036_WB_2023-05-06_FQ3,RICE036_WB_2023-05-06_FQ3_6252,RICE036_WB_2023-05-06_FQ3_6252_length,Calipers to nearest mm,Length,NA,mm,NA,15,NA
RICE036_WB_2023-05-06_FQ3,RICE036_WB_2023-05-06_FQ3_6253,RICE036_WB_2023-05-06_FQ3_6253_length,Calipers to nearest mm,Length,NA,mm,NA,18,NA
RICE036_WB_2023-05-06_FQ3,RICE036_WB_2023-05-06_FQ3_6254,RICE036_WB_2023-05-06_FQ3_6254_length,Calipers to nearest mm,Length,NA,mm,NA,11,NA
RICE036_WB_2023-05-06_FQ3,RICE036_WB_2023-05-06_FQ3_6255,RICE036_WB_2023-05-06_FQ3_6255_length,Calipers to nearest mm,Length,NA,mm,NA,12,NA
RICE036_WB_2023-05-06_FQ3,RICE036_WB_2023-05-06_FQ3_6256,RICE036_WB_2023-05-06_FQ3_6256_length,Calipers to nearest mm,Length,NA,mm,NA,13,NA
RICE036_WB_2023-05-06_FQ3,RICE036_WB_2023-05-06_FQ3_6257,RICE036_WB_2023-05-06_FQ3_6257_length,Calipers to nearest mm,Length,NA,mm,NA,17,NA
RICE036_WB_2023-05-06_FQ4,RICE036_WB_2023-05-06_FQ4_6258,RICE036_WB_2023-05-06_FQ4_6258_length,Calipers to nearest mm,Length,NA,mm,NA,13,NA
RICE036_WB_2023-05-06_FQ4,RICE036_WB_2023-05-06_FQ4_6259,RICE036_WB_2023-05-06_FQ4_6259_length,Calipers to nearest mm,Length,NA,mm,NA,11,NA
RICE036_WB_2023-05-06_FQ5,RICE036_WB_2023-05-06_FQ5_6260,RICE036_WB_2023-05-06_FQ5_6260_length,Calipers to nearest mm,Length,NA,mm,NA,20,NA
RICE036_WB_2023-05-06_FQ5,RICE036_WB_2023-05-06_FQ5_6261,RICE036_WB_2023-05-06_FQ5_6261_length,Calipers to nearest mm,Length,NA,mm,NA,15,NA
RICE036_WB_2023-05-06_FQ5,RICE036_WB_2023-05-06_FQ5_6262,RICE036_WB_2023-05-06_FQ5_6262_length,Calipers to nearest mm,Length,NA,mm,NA,12,NA
RICE036_WB_2023-05-06_FQ5,RICE036_WB_2023-05-06_FQ5_6263,RICE036_WB_2023-05-06_FQ5_6263_length,Calipers to nearest mm,Length,NA,mm,NA,9,NA
RICE036_WB_2023-05-06_MQ1,RICE036_WB_2023-05-06_MQ1_6264,RICE036_WB_2023-05-06_MQ1_6264_length,Calipers to nearest mm,Length,NA,mm,NA,17,NA
RICE036_WB_2023-05-06_MQ1,RICE036_WB_2023-05-06_MQ1_6265,RICE036_WB_2023-05-06_MQ1_6265_length,Calipers to nearest mm,Length,NA,mm,NA,21,NA
RICE036_WB_2023-05-06_MQ1,RICE036_WB_2023-05-06_MQ1_6266,RICE036_WB_2023-05-06_MQ1_6266_length,Calipers to nearest mm,Length,NA,mm,NA,19,NA
RICE036_WB_2023-05-06_MQ1,RICE036_WB_2023-05-06_MQ1_6267,RICE036_WB_2023-05-06_MQ1_6267_length,Calipers to nearest mm,Length,NA,mm,NA,22,NA
RICE036_WB_2023-05-06_MQ1,RICE036_WB_2023-05-06_MQ1_6268,RICE036_WB_2023-05-06_MQ1_6268_length,Calipers to nearest mm,Length,NA,mm,NA,18,NA
RICE036_WB_2023-05-06_MQ1,RICE036_WB_2023-05-06_MQ1_6269,RICE036_WB_2023-05-06_MQ1_6269_length,Calipers to nearest mm,Length,NA,mm,NA,20,NA
RICE036_WB_2023-05-06_MQ2,RICE036_WB_2023-05-06_MQ2_6270,RICE036_WB_2023-05-06_MQ2_6270_length,Calipers to nearest mm,Length,NA,mm,NA,17,NA
RICE036_WB_2023-05-06_MQ2,RICE036_WB_2023-05-06_MQ2_6271,RICE036_WB_2023-05-06_MQ2_6271_length,Calipers to nearest mm,Length,NA,mm,NA,18,NA
RICE036_WB_2023-05-06_MQ2,RICE036_WB_2023-05-06_MQ2_6272,RICE036_WB_2023-05-06_MQ2_6272_length,Calipers to nearest mm,Length,NA,mm,NA,16,NA
RICE036_WB_2023-05-06_MQ2,RICE036_WB_2023-05-06_MQ2_6273,RICE036_WB_2023-05-06_MQ2_6273_length,Calipers to nearest mm,Length,NA,mm,NA,15,NA
RICE036_WB_2023-05-06_MQ2,RICE036_WB_2023-05-06_MQ2_6274,RICE036_WB_2023-05-06_MQ2_6274_length,Calipers to nearest mm,Length,NA,mm,NA,19,NA
RICE036_WB_2023-05-06_MQ2,RICE036_WB_2023-05-06_MQ2_6275,RICE036_WB_2023-05-06_MQ2_6275_length,Calipers to nearest mm,Length,NA,mm,NA,30,NA
RICE036_WB_2023-05-06_MQ2,RICE036_WB_2023-05-06_MQ2_6276,RICE036_WB_2023-05-06_MQ2_6276_length,Calipers to nearest mm,Length,NA,mm,NA,11,NA
RICE036_WB_2023-05-06_MQ2,RICE036_WB_2023-05-06_MQ2_6277,RICE036_WB_2023-05-06_MQ2_6277_length,Calipers to nearest mm,Length,NA,mm,NA,7,NA
RICE036_WB_2023-05-06_MQ2,RICE036_WB_2023-05-06_MQ2_6278,RICE036_WB_2023-05-06_MQ2_6278_length,Calipers to nearest mm,Length,NA,mm,NA,6,NA
RICE036_WB_2023-05-06_MQ2,RICE036_WB_2023-05-06_MQ2_6279,RICE036_WB_2023-05-06_MQ2_6279_length,Calipers to nearest mm,Length,NA,mm,NA,5,NA
RICE036_WB_2023-05-06_MQ3,RICE036_WB_2023-05-06_MQ3_6280,RICE036_WB_2023-05-06_MQ3_6280_length,Calipers to nearest mm,Length,NA,mm,NA,16,NA
RICE036_WB_2023-05-06_MQ3,RICE036_WB_2023-05-06_MQ3_6281,RICE036_WB_2023-05-06_MQ3_6281_length,Calipers to nearest mm,Length,NA,mm,NA,17,NA
RICE036_WB_2023-05-06_MQ3,RICE036_WB_2023-05-06_MQ3_6282,RICE036_WB_2023-05-06_MQ3_6282_length,Calipers to nearest mm,Length,NA,mm,NA,18,NA
RICE036_WB_2023-05-06_MQ3,RICE036_WB_2023-05-06_MQ3_6283,RICE036_WB_2023-05-06_MQ3_6283_length,Calipers to nearest mm,Length,NA,mm,NA,15,NA
RICE036_WB_2023-05-06_MQ3,RICE036_WB_2023-05-06_MQ3_6284,RICE036_WB_2023-05-06_MQ3_6284_length,Calipers to nearest mm,Length,NA,mm,NA,13,NA
RICE036_WB_2023-05-06_MQ3,RICE036_WB_2023-05-06_MQ3_6285,RICE036_WB_2023-05-06_MQ3_6285_length,Calipers to nearest mm,Length,NA,mm,NA,19,NA
RICE036_WB_2023-05-06_MQ3,RICE036_WB_2023-05-06_MQ3_6286,RICE036_WB_2023-05-06_MQ3_6286_length,Calipers to nearest mm,Length,NA,mm,NA,9,NA
RICE036_WB_2023-05-06_MQ4,RICE036_WB_2023-05-06_MQ4_6287,RICE036_WB_2023-05-06_MQ4_6287_length,Calipers to nearest mm,Length,NA,mm,NA,18,NA
RICE036_WB_2023-05-06_MQ4,RICE036_WB_2023-05-06_MQ4_6288,RICE036_WB_2023-05-06_MQ4_6288_length,Calipers to nearest mm,Length,NA,mm,NA,16,NA
RICE036_WB_2023-05-06_MQ4,RICE036_WB_2023-05-06_MQ4_6289,RICE036_WB_2023-05-06_MQ4_6289_length,Calipers to nearest mm,Length,NA,mm,NA,15,NA
RICE036_WB_2023-05-06_MQ4,RICE036_WB_2023-05-06_MQ4_6290,RICE036_WB_2023-05-06_MQ4_6290_length,Calipers to nearest mm,Length,NA,mm,NA,17,NA
RICE036_WB_2023-05-06_MQ4,RICE036_WB_2023-05-06_MQ4_6291,RICE036_WB_2023-05-06_MQ4_6291_length,Calipers to nearest mm,Length,NA,mm,NA,8,NA
RICE036_WB_2023-05-06_MQ5,RICE036_WB_2023-05-06_MQ5_6292,RICE036_WB_2023-05-06_MQ5_6292_length,Calipers to nearest mm,Length,NA,mm,NA,16,NA
RICE036_WB_2023-05-06_MQ5,RICE036_WB_2023-05-06_MQ5_6293,RICE036_WB_2023-05-06_MQ5_6293_length,Calipers to nearest mm,Length,NA,mm,NA,12,NA
RICE036_WB_2023-05-06_MQ5,RICE036_WB_2023-05-06_MQ5_6294,RICE036_WB_2023-05-06_MQ5_6294_length,Calipers to nearest mm,Length,NA,mm,NA,17,NA
RICE036_WB_2023-05-06_MQ5,RICE036_WB_2023-05-06_MQ5_6295,RICE036_WB_2023-05-06_MQ5_6295_length,Calipers to nearest mm,Length,NA,mm,NA,18,NA
RICE036_WB_2023-05-06_MQ5,RICE036_WB_2023-05-06_MQ5_6296,RICE036_WB_2023-05-06_MQ5_6296_length,Calipers to nearest mm,Length,NA,mm,NA,15,NA
RICE036_WB_2023-05-06_MQ5,RICE036_WB_2023-05-06_MQ5_6297,RICE036_WB_2023-05-06_MQ5_6297_length,Calipers to nearest mm,Length,NA,mm,NA,15,NA
RICE036_WB_2023-05-06_MQ5,RICE036_WB_2023-05-06_MQ5_6298,RICE036_WB_2023-05-06_MQ5_6298_length,Calipers to nearest mm,Length,NA,mm,NA,10,NA
RICE036_WB_2023-05-06_MQ5,RICE036_WB_2023-05-06_MQ5_6299,RICE036_WB_2023-05-06_MQ5_6299_length,Calipers to nearest mm,Length,NA,mm,NA,13,NA
RICE036_NB_2023-05-07_MQ1,RICE036_NB_2023-05-07_MQ1_6300,RICE036_NB_2023-05-07_MQ1_6300_length,Calipers to nearest mm,Length,NA,mm,NA,19,NA
RICE036_NB_2023-05-07_MQ1,RICE036_NB_2023-05-07_MQ1_6301,RICE036_NB_2023-05-07_MQ1_6301_length,Calipers to nearest mm,Length,NA,mm,NA,18,NA
RICE036_NB_2023-05-07_MQ1,RICE036_NB_2023-05-07_MQ1_6302,RICE036_NB_2023-05-07_MQ1_6302_length,Calipers to nearest mm,Length,NA,mm,NA,20,NA
RICE036_NB_2023-05-07_MQ1,RICE036_NB_2023-05-07_MQ1_6303,RICE036_NB_2023-05-07_MQ1_6303_length,Calipers to nearest mm,Length,NA,mm,NA,17,NA
RICE036_NB_2023-05-07_MQ2,RICE036_NB_2023-05-07_MQ2_6304,RICE036_NB_2023-05-07_MQ2_6304_length,Calipers to nearest mm,Length,NA,mm,NA,14,NA
RICE036_NB_2023-05-07_MQ2,RICE036_NB_2023-05-07_MQ2_6305,RICE036_NB_2023-05-07_MQ2_6305_length,Calipers to nearest mm,Length,NA,mm,NA,17,NA
RICE036_NB_2023-05-07_MQ2,RICE036_NB_2023-05-07_MQ2_6306,RICE036_NB_2023-05-07_MQ2_6306_length,Calipers to nearest mm,Length,NA,mm,NA,11,NA
RICE036_NB_2023-05-07_MQ2,RICE036_NB_2023-05-07_MQ2_6307,RICE036_NB_2023-05-07_MQ2_6307_length,Calipers to nearest mm,Length,NA,mm,NA,18,NA
RICE036_NB_2023-05-07_MQ2,RICE036_NB_2023-05-07_MQ2_6308,RICE036_NB_2023-05-07_MQ2_6308_length,Calipers to nearest mm,Length,NA,mm,NA,19,NA
RICE036_NB_2023-05-07_MQ2,RICE036_NB_2023-05-07_MQ2_6309,RICE036_NB_2023-05-07_MQ2_6309_length,Calipers to nearest mm,Length,NA,mm,NA,22,NA
RICE036_NB_2023-05-07_MQ2,RICE036_NB_2023-05-07_MQ2_6310,RICE036_NB_2023-05-07_MQ2_6310_length,Calipers to nearest mm,Length,NA,mm,NA,20,NA
RICE036_NB_2023-05-07_MQ2,RICE036_NB_2023-05-07_MQ2_6311,RICE036_NB_2023-05-07_MQ2_6311_length,Calipers to nearest mm,Length,NA,mm,NA,9,NA
RICE036_NB_2023-05-07_MQ2,RICE036_NB_2023-05-07_MQ2_6312,RICE036_NB_2023-05-07_MQ2_6312_length,Calipers to nearest mm,Length,NA,mm,NA,12,NA
RICE036_NB_2023-05-07_MQ3,RICE036_NB_2023-05-07_MQ3_6313,RICE036_NB_2023-05-07_MQ3_6313_length,Calipers to nearest mm,Length,NA,mm,NA,16,NA
RICE036_NB_2023-05-07_MQ3,RICE036_NB_2023-05-07_MQ3_6314,RICE036_NB_2023-05-07_MQ3_6314_length,Calipers to nearest mm,Length,NA,mm,NA,19,NA
RICE036_NB_2023-05-07_MQ3,RICE036_NB_2023-05-07_MQ3_6315,RICE036_NB_2023-05-07_MQ3_6315_length,Calipers to nearest mm,Length,NA,mm,NA,18,NA
RICE036_NB_2023-05-07_MQ3,RICE036_NB_2023-05-07_MQ3_6316,RICE036_NB_2023-05-07_MQ3_6316_length,Calipers to nearest mm,Length,NA,mm,NA,21,NA
RICE036_NB_2023-05-07_MQ3,RICE036_NB_2023-05-07_MQ3_6317,RICE036_NB_2023-05-07_MQ3_6317_length,Calipers to nearest mm,Length,NA,mm,NA,9,NA
RICE036_NB_2023-05-07_MQ3,RICE036_NB_2023-05-07_MQ3_6318,RICE036_NB_2023-05-07_MQ3_6318_length,Calipers to nearest mm,Length,NA,mm,NA,22,NA
RICE036_NB_2023-05-07_MQ4,RICE036_NB_2023-05-07_MQ4_6319,RICE036_NB_2023-05-07_MQ4_6319_length,Calipers to nearest mm,Length,NA,mm,NA,8,NA
RICE036_NB_2023-05-07_MQ4,RICE036_NB_2023-05-07_MQ4_6320,RICE036_NB_2023-05-07_MQ4_6320_length,Calipers to nearest mm,Length,NA,mm,NA,11,NA
RICE036_NB_2023-05-07_MQ4,RICE036_NB_2023-05-07_MQ4_6321,RICE036_NB_2023-05-07_MQ4_6321_length,Calipers to nearest mm,Length,NA,mm,NA,16,NA
RICE036_NB_2023-05-07_MQ4,RICE036_NB_2023-05-07_MQ4_6322,RICE036_NB_2023-05-07_MQ4_6322_length,Calipers to nearest mm,Length,NA,mm,NA,13,NA
RICE036_NB_2023-05-07_MQ4,RICE036_NB_2023-05-07_MQ4_6323,RICE036_NB_2023-05-07_MQ4_6323_length,Calipers to nearest mm,Length,NA,mm,NA,21,NA
RICE036_NB_2023-05-07_MQ4,RICE036_NB_2023-05-07_MQ4_6324,RICE036_NB_2023-05-07_MQ4_6324_length,Calipers to nearest mm,Length,NA,mm,NA,40,NA
RICE036_NB_2023-05-07_MQ5,RICE036_NB_2023-05-07_MQ5_6325,RICE036_NB_2023-05-07_MQ5_6325_length,Calipers to nearest mm,Length,NA,mm,NA,20,NA
RICE036_NB_2023-05-07_MQ5,RICE036_NB_2023-05-07_MQ5_6326,RICE036_NB_2023-05-07_MQ5_6326_length,Calipers to nearest mm,Length,NA,mm,NA,15,NA
RICE036_NB_2023-05-07_MQ5,RICE036_NB_2023-05-07_MQ5_6327,RICE036_NB_2023-05-07_MQ5_6327_length,Calipers to nearest mm,Length,NA,mm,NA,18,NA
RICE036_NB_2023-05-07_MQ5,RICE036_NB_2023-05-07_MQ5_6328,RICE036_NB_2023-05-07_MQ5_6328_length,Calipers to nearest mm,Length,NA,mm,NA,16,NA
RICE036_NB_2023-05-07_MQ5,RICE036_NB_2023-05-07_MQ5_6329,RICE036_NB_2023-05-07_MQ5_6329_length,Calipers to nearest mm,Length,NA,mm,NA,17,NA
RICE036_FB_2023-05-08_BQ1,RICE036_FB_2023-05-08_BQ1_6330,RICE036_FB_2023-05-08_BQ1_6330_length,Calipers to nearest mm,Length,NA,mm,NA,19,NA
RICE036_FB_2023-05-08_BQ1,RICE036_FB_2023-05-08_BQ1_6331,RICE036_FB_2023-05-08_BQ1_6331_length,Calipers to nearest mm,Length,NA,mm,NA,17,NA
RICE036_FB_2023-05-08_BQ1,RICE036_FB_2023-05-08_BQ1_6332,RICE036_FB_2023-05-08_BQ1_6332_length,Calipers to nearest mm,Length,NA,mm,NA,18,NA
RICE036_FB_2023-05-08_BQ1,RICE036_FB_2023-05-08_BQ1_6333,RICE036_FB_2023-05-08_BQ1_6333_length,Calipers to nearest mm,Length,NA,mm,NA,16,NA
RICE036_FB_2023-05-08_BQ4,RICE036_FB_2023-05-08_BQ4_6334,RICE036_FB_2023-05-08_BQ4_6334_length,Calipers to nearest mm,Length,NA,mm,NA,18,NA
RICE036_FB_2023-05-08_BQ4,RICE036_FB_2023-05-08_BQ4_6335,RICE036_FB_2023-05-08_BQ4_6335_length,Calipers to nearest mm,Length,NA,mm,NA,19,NA
RICE036_FB_2023-05-08_BQ4,RICE036_FB_2023-05-08_BQ4_6336,RICE036_FB_2023-05-08_BQ4_6336_length,Calipers to nearest mm,Length,NA,mm,NA,16,NA
RICE036_FB_2023-05-08_BQ5,RICE036_FB_2023-05-08_BQ5_6337,RICE036_FB_2023-05-08_BQ5_6337_length,Calipers to nearest mm,Length,NA,mm,NA,18,NA
RICE036_FB_2023-05-08_BQ5,RICE036_FB_2023-05-08_BQ5_6338,RICE036_FB_2023-05-08_BQ5_6338_length,Calipers to nearest mm,Length,NA,mm,NA,16,NA
RICE036_FB_2023-05-08_BQ5,RICE036_FB_2023-05-08_BQ5_6339,RICE036_FB_2023-05-08_BQ5_6339_length,Calipers to nearest mm,Length,NA,mm,NA,17,NA
RICE036_FB_2023-05-08_MQ1,RICE036_FB_2023-05-08_MQ1_6340,RICE036_FB_2023-05-08_MQ1_6340_length,Calipers to nearest mm,Length,NA,mm,NA,15,NA
RICE036_FB_2023-05-08_MQ1,RICE036_FB_2023-05-08_MQ1_6341,RICE036_FB_2023-05-08_MQ1_6341_length,Calipers to nearest mm,Length,NA,mm,NA,17,NA
RICE036_FB_2023-05-08_MQ1,RICE036_FB_2023-05-08_MQ1_6342,RICE036_FB_2023-05-08_MQ1_6342_length,Calipers to nearest mm,Length,NA,mm,NA,14,NA
RICE036_FB_2023-05-08_MQ1,RICE036_FB_2023-05-08_MQ1_6343,RICE036_FB_2023-05-08_MQ1_6343_length,Calipers to nearest mm,Length,NA,mm,NA,16,NA
RICE036_FB_2023-05-08_MQ1,RICE036_FB_2023-05-08_MQ1_6344,RICE036_FB_2023-05-08_MQ1_6344_length,Calipers to nearest mm,Length,NA,mm,NA,18,NA
RICE036_FB_2023-05-08_MQ1,RICE036_FB_2023-05-08_MQ1_6345,RICE036_FB_2023-05-08_MQ1_6345_length,Calipers to nearest mm,Length,NA,mm,NA,8,NA
RICE036_FB_2023-05-08_MQ3,RICE036_FB_2023-05-08_MQ3_6346,RICE036_FB_2023-05-08_MQ3_6346_length,Calipers to nearest mm,Length,NA,mm,NA,16,NA
RICE036_FB_2023-05-08_MQ3,RICE036_FB_2023-05-08_MQ3_6347,RICE036_FB_2023-05-08_MQ3_6347_length,Calipers to nearest mm,Length,NA,mm,NA,17,NA
RICE036_FB_2023-05-08_MQ3,RICE036_FB_2023-05-08_MQ3_6348,RICE036_FB_2023-05-08_MQ3_6348_length,Calipers to nearest mm,Length,NA,mm,NA,14,NA
RICE036_FB_2023-05-08_MQ3,RICE036_FB_2023-05-08_MQ3_6349,RICE036_FB_2023-05-08_MQ3_6349_length,Calipers to nearest mm,Length,NA,mm,NA,15,NA
RICE036_FB_2023-05-08_MQ4,RICE036_FB_2023-05-08_MQ4_6350,RICE036_FB_2023-05-08_MQ4_6350_length,Calipers to nearest mm,Length,NA,mm,NA,18,NA
RICE036_FB_2023-05-08_MQ4,RICE036_FB_2023-05-08_MQ4_6351,RICE036_FB_2023-05-08_MQ4_6351_length,Calipers to nearest mm,Length,NA,mm,NA,15,NA
RICE036_FB_2023-05-08_MQ5,RICE036_FB_2023-05-08_MQ5_6352,RICE036_FB_2023-05-08_MQ5_6352_length,Calipers to nearest mm,Length,NA,mm,NA,16,NA
RICE036_FB_2023-05-08_FQ1,RICE036_FB_2023-05-08_FQ1_6353,RICE036_FB_2023-05-08_FQ1_6353_length,Calipers to nearest mm,Length,NA,mm,NA,15,NA
RICE036_FB_2023-05-08_FQ1,RICE036_FB_2023-05-08_FQ1_6354,RICE036_FB_2023-05-08_FQ1_6354_length,Calipers to nearest mm,Length,NA,mm,NA,22,NA
RICE036_FB_2023-05-08_FQ1,RICE036_FB_2023-05-08_FQ1_6355,RICE036_FB_2023-05-08_FQ1_6355_length,Calipers to nearest mm,Length,NA,mm,NA,11,NA
RICE036_FB_2023-05-08_FQ1,RICE036_FB_2023-05-08_FQ1_6356,RICE036_FB_2023-05-08_FQ1_6356_length,Calipers to nearest mm,Length,NA,mm,NA,17,NA
RICE036_FB_2023-05-08_FQ1,RICE036_FB_2023-05-08_FQ1_6357,RICE036_FB_2023-05-08_FQ1_6357_length,Calipers to nearest mm,Length,NA,mm,NA,23,NA
RICE036_FB_2023-05-08_FQ1,RICE036_FB_2023-05-08_FQ1_6358,RICE036_FB_2023-05-08_FQ1_6358_length,Calipers to nearest mm,Length,NA,mm,NA,22,NA
RICE036_FB_2023-05-08_FQ2,RICE036_FB_2023-05-08_FQ2_6359,RICE036_FB_2023-05-08_FQ2_6359_length,Calipers to nearest mm,Length,NA,mm,NA,16,NA
RICE036_FB_2023-05-08_FQ4,RICE036_FB_2023-05-08_FQ4_6360,RICE036_FB_2023-05-08_FQ4_6360_length,Calipers to nearest mm,Length,NA,mm,NA,18,NA
RICE036_FB_2023-05-08_FQ4,RICE036_FB_2023-05-08_FQ4_6361,RICE036_FB_2023-05-08_FQ4_6361_length,Calipers to nearest mm,Length,NA,mm,NA,17,NA
RICE036_FB_2023-05-08_FQ4,RICE036_FB_2023-05-08_FQ4_6362,RICE036_FB_2023-05-08_FQ4_6362_length,Calipers to nearest mm,Length,NA,mm,NA,17,NA
RICE036_FB_2023-05-08_FQ4,RICE036_FB_2023-05-08_FQ4_6363,RICE036_FB_2023-05-08_FQ4_6363_length,Calipers to nearest mm,Length,NA,mm,NA,18,NA
RICE036_FB_2023-05-08_FQ5,RICE036_FB_2023-05-08_FQ5_6364,RICE036_FB_2023-05-08_FQ5_6364_length,Calipers to nearest mm,Length,NA,mm,NA,19,NA
RICE036_FB_2023-05-08_FQ5,RICE036_FB_2023-05-08_FQ5_6365,RICE036_FB_2023-05-08_FQ5_6365_length,Calipers to nearest mm,Length,NA,mm,NA,21,NA
RICE036_FB_2023-05-08_FQ5,RICE036_FB_2023-05-08_FQ5_6366,RICE036_FB_2023-05-08_FQ5_6366_length,Calipers to nearest mm,Length,NA,mm,NA,19,NA
RICE036_NB_2023-05-09_FQ1,RICE036_NB_2023-05-09_FQ1_6367,RICE036_NB_2023-05-09_FQ1_6367_length,Calipers to nearest mm,Length,NA,mm,NA,34,NA
RICE036_NB_2023-05-09_FQ1,RICE036_NB_2023-05-09_FQ1_6368,RICE036_NB_2023-05-09_FQ1_6368_length,Calipers to nearest mm,Length,NA,mm,NA,19,NA
RICE036_NB_2023-05-09_FQ1,RICE036_NB_2023-05-09_FQ1_6369,RICE036_NB_2023-05-09_FQ1_6369_length,Calipers to nearest mm,Length,NA,mm,NA,20,NA
RICE036_NB_2023-05-09_FQ2,RICE036_NB_2023-05-09_FQ2_6370,RICE036_NB_2023-05-09_FQ2_6370_length,Calipers to nearest mm,Length,NA,mm,NA,18,NA
RICE036_NB_2023-05-09_FQ2,RICE036_NB_2023-05-09_FQ2_6371,RICE036_NB_2023-05-09_FQ2_6371_length,Calipers to nearest mm,Length,NA,mm,NA,12,NA
RICE036_NB_2023-05-09_FQ4,RICE036_NB_2023-05-09_FQ4_6372,RICE036_NB_2023-05-09_FQ4_6372_length,Calipers to nearest mm,Length,NA,mm,NA,90,NA
RICE037_WB_2023-06-03_FQ1,RICE037_WB_2023-06-03_FQ1_6373,RICE037_WB_2023-06-03_FQ1_6373_length,Calipers to nearest mm,Length,NA,mm,NA,11,NA
RICE037_WB_2023-06-03_FQ1,RICE037_WB_2023-06-03_FQ1_6374,RICE037_WB_2023-06-03_FQ1_6374_length,Calipers to nearest mm,Length,NA,mm,NA,19,NA
RICE037_WB_2023-06-03_FQ1,RICE037_WB_2023-06-03_FQ1_6375,RICE037_WB_2023-06-03_FQ1_6375_length,Calipers to nearest mm,Length,NA,mm,NA,9,NA
RICE037_WB_2023-06-03_FQ1,RICE037_WB_2023-06-03_FQ1_6376,RICE037_WB_2023-06-03_FQ1_6376_length,Calipers to nearest mm,Length,NA,mm,NA,7,NA
RICE037_WB_2023-06-03_FQ1,RICE037_WB_2023-06-03_FQ1_6377,RICE037_WB_2023-06-03_FQ1_6377_length,Calipers to nearest mm,Length,NA,mm,NA,10,NA
RICE037_WB_2023-06-03_FQ2,RICE037_WB_2023-06-03_FQ2_6378,RICE037_WB_2023-06-03_FQ2_6378_length,Calipers to nearest mm,Length,NA,mm,NA,16,NA
RICE037_WB_2023-06-03_FQ2,RICE037_WB_2023-06-03_FQ2_6379,RICE037_WB_2023-06-03_FQ2_6379_length,Calipers to nearest mm,Length,NA,mm,NA,20,NA
RICE037_WB_2023-06-03_FQ2,RICE037_WB_2023-06-03_FQ2_6380,RICE037_WB_2023-06-03_FQ2_6380_length,Calipers to nearest mm,Length,NA,mm,NA,15,NA
RICE037_WB_2023-06-03_FQ2,RICE037_WB_2023-06-03_FQ2_6381,RICE037_WB_2023-06-03_FQ2_6381_length,Calipers to nearest mm,Length,NA,mm,NA,14,NA
RICE037_WB_2023-06-03_FQ3,RICE037_WB_2023-06-03_FQ3_6382,RICE037_WB_2023-06-03_FQ3_6382_length,Calipers to nearest mm,Length,NA,mm,NA,16,NA
RICE037_WB_2023-06-03_FQ3,RICE037_WB_2023-06-03_FQ3_6383,RICE037_WB_2023-06-03_FQ3_6383_length,Calipers to nearest mm,Length,NA,mm,NA,20,NA
RICE037_WB_2023-06-03_FQ3,RICE037_WB_2023-06-03_FQ3_6384,RICE037_WB_2023-06-03_FQ3_6384_length,Calipers to nearest mm,Length,NA,mm,NA,15,NA
RICE037_WB_2023-06-03_FQ3,RICE037_WB_2023-06-03_FQ3_6385,RICE037_WB_2023-06-03_FQ3_6385_length,Calipers to nearest mm,Length,NA,mm,NA,14,NA
RICE037_WB_2023-06-03_FQ3,RICE037_WB_2023-06-03_FQ3_6386,RICE037_WB_2023-06-03_FQ3_6386_length,Calipers to nearest mm,Length,NA,mm,NA,8,NA
RICE037_WB_2023-06-03_FQ3,RICE037_WB_2023-06-03_FQ3_6387,RICE037_WB_2023-06-03_FQ3_6387_length,Calipers to nearest mm,Length,NA,mm,NA,11,NA
RICE037_WB_2023-06-03_FQ3,RICE037_WB_2023-06-03_FQ3_6388,RICE037_WB_2023-06-03_FQ3_6388_length,Calipers to nearest mm,Length,NA,mm,NA,17,NA
RICE037_WB_2023-06-03_FQ3,RICE037_WB_2023-06-03_FQ3_6389,RICE037_WB_2023-06-03_FQ3_6389_length,Calipers to nearest mm,Length,NA,mm,NA,13,NA
RICE037_WB_2023-06-03_FQ5,RICE037_WB_2023-06-03_FQ5_6390,RICE037_WB_2023-06-03_FQ5_6390_length,Calipers to nearest mm,Length,NA,mm,NA,10,NA
RICE037_WB_2023-06-03_FQ5,RICE037_WB_2023-06-03_FQ5_6391,RICE037_WB_2023-06-03_FQ5_6391_length,Calipers to nearest mm,Length,NA,mm,NA,12,NA
RICE037_WB_2023-06-03_FQ5,RICE037_WB_2023-06-03_FQ5_6392,RICE037_WB_2023-06-03_FQ5_6392_length,Calipers to nearest mm,Length,NA,mm,NA,11,NA
RICE037_WB_2023-06-03_FQ5,RICE037_WB_2023-06-03_FQ5_6393,RICE037_WB_2023-06-03_FQ5_6393_length,Calipers to nearest mm,Length,NA,mm,NA,9,NA
RICE037_WB_2023-06-03_MQ1,RICE037_WB_2023-06-03_MQ1_6394,RICE037_WB_2023-06-03_MQ1_6394_length,Calipers to nearest mm,Length,NA,mm,NA,17,NA
RICE037_WB_2023-06-03_MQ1,RICE037_WB_2023-06-03_MQ1_6395,RICE037_WB_2023-06-03_MQ1_6395_length,Calipers to nearest mm,Length,NA,mm,NA,13,NA
RICE037_WB_2023-06-03_MQ1,RICE037_WB_2023-06-03_MQ1_6396,RICE037_WB_2023-06-03_MQ1_6396_length,Calipers to nearest mm,Length,NA,mm,NA,12,NA
RICE037_WB_2023-06-03_MQ1,RICE037_WB_2023-06-03_MQ1_6397,RICE037_WB_2023-06-03_MQ1_6397_length,Calipers to nearest mm,Length,NA,mm,NA,15,NA
RICE037_WB_2023-06-03_MQ1,RICE037_WB_2023-06-03_MQ1_6398,RICE037_WB_2023-06-03_MQ1_6398_length,Calipers to nearest mm,Length,NA,mm,NA,16,NA
RICE037_WB_2023-06-03_MQ2,RICE037_WB_2023-06-03_MQ2_6399,RICE037_WB_2023-06-03_MQ2_6399_length,Calipers to nearest mm,Length,NA,mm,NA,16,NA
RICE037_WB_2023-06-03_MQ2,RICE037_WB_2023-06-03_MQ2_6400,RICE037_WB_2023-06-03_MQ2_6400_length,Calipers to nearest mm,Length,NA,mm,NA,19,NA
RICE037_WB_2023-06-03_MQ2,RICE037_WB_2023-06-03_MQ2_6401,RICE037_WB_2023-06-03_MQ2_6401_length,Calipers to nearest mm,Length,NA,mm,NA,15,NA
RICE037_WB_2023-06-03_MQ2,RICE037_WB_2023-06-03_MQ2_6402,RICE037_WB_2023-06-03_MQ2_6402_length,Calipers to nearest mm,Length,NA,mm,NA,18,NA
RICE037_WB_2023-06-03_MQ2,RICE037_WB_2023-06-03_MQ2_6403,RICE037_WB_2023-06-03_MQ2_6403_length,Calipers to nearest mm,Length,NA,mm,NA,14,NA
RICE037_WB_2023-06-03_MQ2,RICE037_WB_2023-06-03_MQ2_6404,RICE037_WB_2023-06-03_MQ2_6404_length,Calipers to nearest mm,Length,NA,mm,NA,17,NA
RICE037_WB_2023-06-03_MQ2,RICE037_WB_2023-06-03_MQ2_6405,RICE037_WB_2023-06-03_MQ2_6405_length,Calipers to nearest mm,Length,NA,mm,NA,8,NA
RICE037_WB_2023-06-03_MQ3,RICE037_WB_2023-06-03_MQ3_6406,RICE037_WB_2023-06-03_MQ3_6406_length,Calipers to nearest mm,Length,NA,mm,NA,19,NA
RICE037_WB_2023-06-03_MQ3,RICE037_WB_2023-06-03_MQ3_6407,RICE037_WB_2023-06-03_MQ3_6407_length,Calipers to nearest mm,Length,NA,mm,NA,17,NA
RICE037_WB_2023-06-03_MQ3,RICE037_WB_2023-06-03_MQ3_6408,RICE037_WB_2023-06-03_MQ3_6408_length,Calipers to nearest mm,Length,NA,mm,NA,18,NA
RICE037_WB_2023-06-03_MQ3,RICE037_WB_2023-06-03_MQ3_6409,RICE037_WB_2023-06-03_MQ3_6409_length,Calipers to nearest mm,Length,NA,mm,NA,14,NA
RICE037_WB_2023-06-03_MQ3,RICE037_WB_2023-06-03_MQ3_6410,RICE037_WB_2023-06-03_MQ3_6410_length,Calipers to nearest mm,Length,NA,mm,NA,12,NA
RICE037_WB_2023-06-03_MQ3,RICE037_WB_2023-06-03_MQ3_6411,RICE037_WB_2023-06-03_MQ3_6411_length,Calipers to nearest mm,Length,NA,mm,NA,10,NA
RICE037_WB_2023-06-03_MQ3,RICE037_WB_2023-06-03_MQ3_6412,RICE037_WB_2023-06-03_MQ3_6412_length,Calipers to nearest mm,Length,NA,mm,NA,9,NA
RICE037_WB_2023-06-03_MQ3,RICE037_WB_2023-06-03_MQ3_6413,RICE037_WB_2023-06-03_MQ3_6413_length,Calipers to nearest mm,Length,NA,mm,NA,8,NA
RICE037_WB_2023-06-03_MQ3,RICE037_WB_2023-06-03_MQ3_6414,RICE037_WB_2023-06-03_MQ3_6414_length,Calipers to nearest mm,Length,NA,mm,NA,11,NA
RICE037_WB_2023-06-03_MQ3,RICE037_WB_2023-06-03_MQ3_6415,RICE037_WB_2023-06-03_MQ3_6415_length,Calipers to nearest mm,Length,NA,mm,NA,6,NA
RICE037_WB_2023-06-03_MQ4,RICE037_WB_2023-06-03_MQ4_6416,RICE037_WB_2023-06-03_MQ4_6416_length,Calipers to nearest mm,Length,NA,mm,NA,10,NA
RICE037_WB_2023-06-03_MQ4,RICE037_WB_2023-06-03_MQ4_6417,RICE037_WB_2023-06-03_MQ4_6417_length,Calipers to nearest mm,Length,NA,mm,NA,15,NA
RICE037_WB_2023-06-03_MQ4,RICE037_WB_2023-06-03_MQ4_6418,RICE037_WB_2023-06-03_MQ4_6418_length,Calipers to nearest mm,Length,NA,mm,NA,18,NA
RICE037_WB_2023-06-03_MQ4,RICE037_WB_2023-06-03_MQ4_6419,RICE037_WB_2023-06-03_MQ4_6419_length,Calipers to nearest mm,Length,NA,mm,NA,16,NA
RICE037_WB_2023-06-03_MQ4,RICE037_WB_2023-06-03_MQ4_6420,RICE037_WB_2023-06-03_MQ4_6420_length,Calipers to nearest mm,Length,NA,mm,NA,13,NA
RICE037_WB_2023-06-03_MQ4,RICE037_WB_2023-06-03_MQ4_6421,RICE037_WB_2023-06-03_MQ4_6421_length,Calipers to nearest mm,Length,NA,mm,NA,8,NA
RICE037_WB_2023-06-03_MQ4,RICE037_WB_2023-06-03_MQ4_6422,RICE037_WB_2023-06-03_MQ4_6422_length,Calipers to nearest mm,Length,NA,mm,NA,7,NA
RICE037_WB_2023-06-03_MQ4,RICE037_WB_2023-06-03_MQ4_6423,RICE037_WB_2023-06-03_MQ4_6423_length,Calipers to nearest mm,Length,NA,mm,NA,9,NA
RICE037_WB_2023-06-03_MQ5,RICE037_WB_2023-06-03_MQ5_6424,RICE037_WB_2023-06-03_MQ5_6424_length,Calipers to nearest mm,Length,NA,mm,NA,12,NA
RICE037_WB_2023-06-03_MQ5,RICE037_WB_2023-06-03_MQ5_6425,RICE037_WB_2023-06-03_MQ5_6425_length,Calipers to nearest mm,Length,NA,mm,NA,19,NA
RICE037_WB_2023-06-03_MQ5,RICE037_WB_2023-06-03_MQ5_6426,RICE037_WB_2023-06-03_MQ5_6426_length,Calipers to nearest mm,Length,NA,mm,NA,15,NA
RICE037_WB_2023-06-03_MQ5,RICE037_WB_2023-06-03_MQ5_6427,RICE037_WB_2023-06-03_MQ5_6427_length,Calipers to nearest mm,Length,NA,mm,NA,17,NA
RICE037_WB_2023-06-03_MQ5,RICE037_WB_2023-06-03_MQ5_6428,RICE037_WB_2023-06-03_MQ5_6428_length,Calipers to nearest mm,Length,NA,mm,NA,13,NA
RICE037_WB_2023-06-03_MQ5,RICE037_WB_2023-06-03_MQ5_6429,RICE037_WB_2023-06-03_MQ5_6429_length,Calipers to nearest mm,Length,NA,mm,NA,18,NA
RICE037_WB_2023-06-03_MQ5,RICE037_WB_2023-06-03_MQ5_6430,RICE037_WB_2023-06-03_MQ5_6430_length,Calipers to nearest mm,Length,NA,mm,NA,13,NA
RICE037_WB_2023-06-03_MQ5,RICE037_WB_2023-06-03_MQ5_6431,RICE037_WB_2023-06-03_MQ5_6431_length,Calipers to nearest mm,Length,NA,mm,NA,5,NA
RICE037_NB_2023-06-04_MQ1,RICE037_NB_2023-06-04_MQ1_6432,RICE037_NB_2023-06-04_MQ1_6432_length,Calipers to nearest mm,Length,NA,mm,NA,15,NA
RICE037_NB_2023-06-04_MQ1,RICE037_NB_2023-06-04_MQ1_6433,RICE037_NB_2023-06-04_MQ1_6433_length,Calipers to nearest mm,Length,NA,mm,NA,20,NA
RICE037_NB_2023-06-04_MQ1,RICE037_NB_2023-06-04_MQ1_6434,RICE037_NB_2023-06-04_MQ1_6434_length,Calipers to nearest mm,Length,NA,mm,NA,19,NA
RICE037_NB_2023-06-04_MQ1,RICE037_NB_2023-06-04_MQ1_6435,RICE037_NB_2023-06-04_MQ1_6435_length,Calipers to nearest mm,Length,NA,mm,NA,18,NA
RICE037_NB_2023-06-04_MQ1,RICE037_NB_2023-06-04_MQ1_6436,RICE037_NB_2023-06-04_MQ1_6436_length,Calipers to nearest mm,Length,NA,mm,NA,17,NA
RICE037_NB_2023-06-04_MQ2,RICE037_NB_2023-06-04_MQ2_6437,RICE037_NB_2023-06-04_MQ2_6437_length,Calipers to nearest mm,Length,NA,mm,NA,20,NA
RICE037_NB_2023-06-04_MQ2,RICE037_NB_2023-06-04_MQ2_6438,RICE037_NB_2023-06-04_MQ2_6438_length,Calipers to nearest mm,Length,NA,mm,NA,18,NA
RICE037_NB_2023-06-04_MQ2,RICE037_NB_2023-06-04_MQ2_6439,RICE037_NB_2023-06-04_MQ2_6439_length,Calipers to nearest mm,Length,NA,mm,NA,14,NA
RICE037_NB_2023-06-04_MQ2,RICE037_NB_2023-06-04_MQ2_6440,RICE037_NB_2023-06-04_MQ2_6440_length,Calipers to nearest mm,Length,NA,mm,NA,17,NA
RICE037_NB_2023-06-04_MQ2,RICE037_NB_2023-06-04_MQ2_6441,RICE037_NB_2023-06-04_MQ2_6441_length,Calipers to nearest mm,Length,NA,mm,NA,19,NA
RICE037_NB_2023-06-04_MQ3,RICE037_NB_2023-06-04_MQ3_6442,RICE037_NB_2023-06-04_MQ3_6442_length,Calipers to nearest mm,Length,NA,mm,NA,19,NA
RICE037_NB_2023-06-04_MQ3,RICE037_NB_2023-06-04_MQ3_6443,RICE037_NB_2023-06-04_MQ3_6443_length,Calipers to nearest mm,Length,NA,mm,NA,14,NA
RICE037_NB_2023-06-04_MQ3,RICE037_NB_2023-06-04_MQ3_6444,RICE037_NB_2023-06-04_MQ3_6444_length,Calipers to nearest mm,Length,NA,mm,NA,13,NA
RICE037_NB_2023-06-04_MQ3,RICE037_NB_2023-06-04_MQ3_6445,RICE037_NB_2023-06-04_MQ3_6445_length,Calipers to nearest mm,Length,NA,mm,NA,11,NA
RICE037_NB_2023-06-04_MQ3,RICE037_NB_2023-06-04_MQ3_6446,RICE037_NB_2023-06-04_MQ3_6446_length,Calipers to nearest mm,Length,NA,mm,NA,16,NA
RICE037_NB_2023-06-04_MQ3,RICE037_NB_2023-06-04_MQ3_6447,RICE037_NB_2023-06-04_MQ3_6447_length,Calipers to nearest mm,Length,NA,mm,NA,17,NA
RICE037_NB_2023-06-04_MQ3,RICE037_NB_2023-06-04_MQ3_6448,RICE037_NB_2023-06-04_MQ3_6448_length,Calipers to nearest mm,Length,NA,mm,NA,15,NA
RICE037_NB_2023-06-04_MQ4,RICE037_NB_2023-06-04_MQ4_6449,RICE037_NB_2023-06-04_MQ4_6449_length,Calipers to nearest mm,Length,NA,mm,NA,20,NA
RICE037_NB_2023-06-04_MQ4,RICE037_NB_2023-06-04_MQ4_6450,RICE037_NB_2023-06-04_MQ4_6450_length,Calipers to nearest mm,Length,NA,mm,NA,10,NA
RICE037_NB_2023-06-04_MQ5,RICE037_NB_2023-06-04_MQ5_6451,RICE037_NB_2023-06-04_MQ5_6451_length,Calipers to nearest mm,Length,NA,mm,NA,13,NA
RICE037_NB_2023-06-04_MQ5,RICE037_NB_2023-06-04_MQ5_6452,RICE037_NB_2023-06-04_MQ5_6452_length,Calipers to nearest mm,Length,NA,mm,NA,14,NA
RICE037_NB_2023-06-04_MQ5,RICE037_NB_2023-06-04_MQ5_6453,RICE037_NB_2023-06-04_MQ5_6453_length,Calipers to nearest mm,Length,NA,mm,NA,17,NA
RICE037_NB_2023-06-04_MQ5,RICE037_NB_2023-06-04_MQ5_6454,RICE037_NB_2023-06-04_MQ5_6454_length,Calipers to nearest mm,Length,NA,mm,NA,12,NA
RICE037_NB_2023-06-04_MQ5,RICE037_NB_2023-06-04_MQ5_6455,RICE037_NB_2023-06-04_MQ5_6455_length,Calipers to nearest mm,Length,NA,mm,NA,15,NA
RICE037_NB_2023-06-04_MQ5,RICE037_NB_2023-06-04_MQ5_6456,RICE037_NB_2023-06-04_MQ5_6456_length,Calipers to nearest mm,Length,NA,mm,NA,19,NA
RICE037_NB_2023-06-04_MQ5,RICE037_NB_2023-06-04_MQ5_6457,RICE037_NB_2023-06-04_MQ5_6457_length,Calipers to nearest mm,Length,NA,mm,NA,18,NA
RICE037_NB_2023-06-04_MQ5,RICE037_NB_2023-06-04_MQ5_6458,RICE037_NB_2023-06-04_MQ5_6458_length,Calipers to nearest mm,Length,NA,mm,NA,20,NA
RICE037_FB_2023-06-05_MQ1,RICE037_FB_2023-06-05_MQ1_6459,RICE037_FB_2023-06-05_MQ1_6459_length,Calipers to nearest mm,Length,NA,mm,NA,14,NA
RICE037_FB_2023-06-05_MQ1,RICE037_FB_2023-06-05_MQ1_6460,RICE037_FB_2023-06-05_MQ1_6460_length,Calipers to nearest mm,Length,NA,mm,NA,12,NA
RICE037_FB_2023-06-05_MQ1,RICE037_FB_2023-06-05_MQ1_6461,RICE037_FB_2023-06-05_MQ1_6461_length,Calipers to nearest mm,Length,NA,mm,NA,13,NA
RICE037_FB_2023-06-05_MQ2,RICE037_FB_2023-06-05_MQ2_6462,RICE037_FB_2023-06-05_MQ2_6462_length,Calipers to nearest mm,Length,NA,mm,NA,15,NA
RICE037_FB_2023-06-05_MQ2,RICE037_FB_2023-06-05_MQ2_6463,RICE037_FB_2023-06-05_MQ2_6463_length,Calipers to nearest mm,Length,NA,mm,NA,14,NA
RICE037_FB_2023-06-05_MQ3,RICE037_FB_2023-06-05_MQ3_6464,RICE037_FB_2023-06-05_MQ3_6464_length,Calipers to nearest mm,Length,NA,mm,NA,15,NA
RICE037_FB_2023-06-05_MQ3,RICE037_FB_2023-06-05_MQ3_6465,RICE037_FB_2023-06-05_MQ3_6465_length,Calipers to nearest mm,Length,NA,mm,NA,16,NA
RICE037_FB_2023-06-05_MQ3,RICE037_FB_2023-06-05_MQ3_6466,RICE037_FB_2023-06-05_MQ3_6466_length,Calipers to nearest mm,Length,NA,mm,NA,18,NA
RICE037_FB_2023-06-05_MQ3,RICE037_FB_2023-06-05_MQ3_6467,RICE037_FB_2023-06-05_MQ3_6467_length,Calipers to nearest mm,Length,NA,mm,NA,20,NA
RICE037_FB_2023-06-05_MQ3,RICE037_FB_2023-06-05_MQ3_6468,RICE037_FB_2023-06-05_MQ3_6468_length,Calipers to nearest mm,Length,NA,mm,NA,14,NA
RICE037_FB_2023-06-05_MQ5,RICE037_FB_2023-06-05_MQ5_6469,RICE037_FB_2023-06-05_MQ5_6469_length,Calipers to nearest mm,Length,NA,mm,NA,12,NA
RICE037_FB_2023-06-05_MQ5,RICE037_FB_2023-06-05_MQ5_6470,RICE037_FB_2023-06-05_MQ5_6470_length,Calipers to nearest mm,Length,NA,mm,NA,13,NA
RICE037_FB_2023-06-05_MQ5,RICE037_FB_2023-06-05_MQ5_6471,RICE037_FB_2023-06-05_MQ5_6471_length,Calipers to nearest mm,Length,NA,mm,NA,14,NA
RICE037_FB_2023-06-05_MQ5,RICE037_FB_2023-06-05_MQ5_6472,RICE037_FB_2023-06-05_MQ5_6472_length,Calipers to nearest mm,Length,NA,mm,NA,11,NA
RICE037_FB_2023-06-05_FQ1,RICE037_FB_2023-06-05_FQ1_6473,RICE037_FB_2023-06-05_FQ1_6473_length,Calipers to nearest mm,Length,NA,mm,NA,18,NA
RICE037_FB_2023-06-05_FQ2,RICE037_FB_2023-06-05_FQ2_6474,RICE037_FB_2023-06-05_FQ2_6474_length,Calipers to nearest mm,Length,NA,mm,NA,17,NA
RICE037_FB_2023-06-05_FQ2,RICE037_FB_2023-06-05_FQ2_6475,RICE037_FB_2023-06-05_FQ2_6475_length,Calipers to nearest mm,Length,NA,mm,NA,19,NA
RICE037_FB_2023-06-05_FQ2,RICE037_FB_2023-06-05_FQ2_6476,RICE037_FB_2023-06-05_FQ2_6476_length,Calipers to nearest mm,Length,NA,mm,NA,22,NA
RICE037_FB_2023-06-05_FQ2,RICE037_FB_2023-06-05_FQ2_6477,RICE037_FB_2023-06-05_FQ2_6477_length,Calipers to nearest mm,Length,NA,mm,NA,21,NA
RICE037_FB_2023-06-05_FQ2,RICE037_FB_2023-06-05_FQ2_6478,RICE037_FB_2023-06-05_FQ2_6478_length,Calipers to nearest mm,Length,NA,mm,NA,18,NA
RICE037_FB_2023-06-05_FQ2,RICE037_FB_2023-06-05_FQ2_6479,RICE037_FB_2023-06-05_FQ2_6479_length,Calipers to nearest mm,Length,NA,mm,NA,18,NA
RICE037_FB_2023-06-05_FQ2,RICE037_FB_2023-06-05_FQ2_6480,RICE037_FB_2023-06-05_FQ2_6480_length,Calipers to nearest mm,Length,NA,mm,NA,24,NA
RICE037_FB_2023-06-05_FQ3,RICE037_FB_2023-06-05_FQ3_6481,RICE037_FB_2023-06-05_FQ3_6481_length,Calipers to nearest mm,Length,NA,mm,NA,17,NA
RICE037_FB_2023-06-05_FQ3,RICE037_FB_2023-06-05_FQ3_6482,RICE037_FB_2023-06-05_FQ3_6482_length,Calipers to nearest mm,Length,NA,mm,NA,18,NA
RICE037_FB_2023-06-05_FQ3,RICE037_FB_2023-06-05_FQ3_6483,RICE037_FB_2023-06-05_FQ3_6483_length,Calipers to nearest mm,Length,NA,mm,NA,16,NA
RICE037_FB_2023-06-05_BQ4,RICE037_FB_2023-06-05_BQ4_6484,RICE037_FB_2023-06-05_BQ4_6484_length,Calipers to nearest mm,Length,NA,mm,NA,15,NA
RICE037_FB_2023-06-05_BQ4,RICE037_FB_2023-06-05_BQ4_6485,RICE037_FB_2023-06-05_BQ4_6485_length,Calipers to nearest mm,Length,NA,mm,NA,14,NA
RICE037_FB_2023-06-05_BQ4,RICE037_FB_2023-06-05_BQ4_6486,RICE037_FB_2023-06-05_BQ4_6486_length,Calipers to nearest mm,Length,NA,mm,NA,17,NA
RICE037_FB_2023-06-05_BQ4,RICE037_FB_2023-06-05_BQ4_6487,RICE037_FB_2023-06-05_BQ4_6487_length,Calipers to nearest mm,Length,NA,mm,NA,8,NA
RICE037_FB_2023-06-05_BQ4,RICE037_FB_2023-06-05_BQ4_6488,RICE037_FB_2023-06-05_BQ4_6488_length,Calipers to nearest mm,Length,NA,mm,NA,16,NA
RICE037_FB_2023-06-05_BQ4,RICE037_FB_2023-06-05_BQ4_6489,RICE037_FB_2023-06-05_BQ4_6489_length,Calipers to nearest mm,Length,NA,mm,NA,12,NA
RICE037_FB_2023-06-05_BQ5,RICE037_FB_2023-06-05_BQ5_6490,RICE037_FB_2023-06-05_BQ5_6490_length,Calipers to nearest mm,Length,NA,mm,NA,19,NA
RICE037_FB_2023-06-05_BQ5,RICE037_FB_2023-06-05_BQ5_6491,RICE037_FB_2023-06-05_BQ5_6491_length,Calipers to nearest mm,Length,NA,mm,NA,18,NA
RICE037_FB_2023-06-05_BQ5,RICE037_FB_2023-06-05_BQ5_6492,RICE037_FB_2023-06-05_BQ5_6492_length,Calipers to nearest mm,Length,NA,mm,NA,17,NA
RICE037_NB_2023-06-06_FQ1,RICE037_NB_2023-06-06_FQ1_6493,RICE037_NB_2023-06-06_FQ1_6493_length,Calipers to nearest mm,Length,NA,mm,NA,19,NA
RICE037_NB_2023-06-06_FQ2,RICE037_NB_2023-06-06_FQ2_6494,RICE037_NB_2023-06-06_FQ2_6494_length,Calipers to nearest mm,Length,NA,mm,NA,18,NA
RICE037_NB_2023-06-06_FQ2,RICE037_NB_2023-06-06_FQ2_6495,RICE037_NB_2023-06-06_FQ2_6495_length,Calipers to nearest mm,Length,NA,mm,NA,19,NA
RICE037_NB_2023-06-06_FQ2,RICE037_NB_2023-06-06_FQ2_6496,RICE037_NB_2023-06-06_FQ2_6496_length,Calipers to nearest mm,Length,NA,mm,NA,21,NA
RICE037_NB_2023-06-06_FQ2,RICE037_NB_2023-06-06_FQ2_6497,RICE037_NB_2023-06-06_FQ2_6497_length,Calipers to nearest mm,Length,NA,mm,NA,15,NA
RICE037_FB_2023-06-05_BQ1,RICE037_FB_2023-06-05_BQ1_6498,RICE037_FB_2023-06-05_BQ1_6498_length,Calipers to nearest mm,Length,NA,mm,NA,16,NA
RICE037_FB_2023-06-05_BQ1,RICE037_FB_2023-06-05_BQ1_6499,RICE037_FB_2023-06-05_BQ1_6499_length,Calipers to nearest mm,Length,NA,mm,NA,14,NA
RICE037_FB_2023-06-05_BQ1,RICE037_FB_2023-06-05_BQ1_6500,RICE037_FB_2023-06-05_BQ1_6500_length,Calipers to nearest mm,Length,NA,mm,NA,13,NA
RICE037_FB_2023-06-05_BQ1,RICE037_FB_2023-06-05_BQ1_6501,RICE037_FB_2023-06-05_BQ1_6501_length,Calipers to nearest mm,Length,NA,mm,NA,12,NA
RICE037_FB_2023-06-05_BQ1,RICE037_FB_2023-06-05_BQ1_6502,RICE037_FB_2023-06-05_BQ1_6502_length,Calipers to nearest mm,Length,NA,mm,NA,15,NA
RICE037_FB_2023-06-05_BQ3,RICE037_FB_2023-06-05_BQ3_6503,RICE037_FB_2023-06-05_BQ3_6503_length,Calipers to nearest mm,Length,NA,mm,NA,15,NA
RICE037_FB_2023-06-05_BQ3,RICE037_FB_2023-06-05_BQ3_6504,RICE037_FB_2023-06-05_BQ3_6504_length,Calipers to nearest mm,Length,NA,mm,NA,19,NA
RICE037_FB_2023-06-05_BQ3,RICE037_FB_2023-06-05_BQ3_6505,RICE037_FB_2023-06-05_BQ3_6505_length,Calipers to nearest mm,Length,NA,mm,NA,18,NA
RICE037_FB_2023-06-05_BQ3,RICE037_FB_2023-06-05_BQ3_6506,RICE037_FB_2023-06-05_BQ3_6506_length,Calipers to nearest mm,Length,NA,mm,NA,13,NA
RICE037_FB_2023-06-05_BQ3,RICE037_FB_2023-06-05_BQ3_6507,RICE037_FB_2023-06-05_BQ3_6507_length,Calipers to nearest mm,Length,NA,mm,NA,17,NA
RICE037_FB_2023-06-05_FQ4,RICE037_FB_2023-06-05_FQ4_6508,RICE037_FB_2023-06-05_FQ4_6508_length,Calipers to nearest mm,Length,NA,mm,NA,19,NA
RICE037_FB_2023-06-05_FQ4,RICE037_FB_2023-06-05_FQ4_6509,RICE037_FB_2023-06-05_FQ4_6509_length,Calipers to nearest mm,Length,NA,mm,NA,19,NA
RICE037_FB_2023-06-05_FQ4,RICE037_FB_2023-06-05_FQ4_6510,RICE037_FB_2023-06-05_FQ4_6510_length,Calipers to nearest mm,Length,NA,mm,NA,21,NA
RICE037_FB_2023-06-05_FQ4,RICE037_FB_2023-06-05_FQ4_6511,RICE037_FB_2023-06-05_FQ4_6511_length,Calipers to nearest mm,Length,NA,mm,NA,18,NA
RICE037_FB_2023-06-05_FQ4,RICE037_FB_2023-06-05_FQ4_6512,RICE037_FB_2023-06-05_FQ4_6512_length,Calipers to nearest mm,Length,NA,mm,NA,20,NA
RICE037_FB_2023-06-05_FQ5,RICE037_FB_2023-06-05_FQ5_6513,RICE037_FB_2023-06-05_FQ5_6513_length,Calipers to nearest mm,Length,NA,mm,NA,19,NA
RICE037_FB_2023-06-05_FQ5,RICE037_FB_2023-06-05_FQ5_6514,RICE037_FB_2023-06-05_FQ5_6514_length,Calipers to nearest mm,Length,NA,mm,NA,18,NA
RICE038_NB_2023-08-29_MQ1,RICE038_NB_2023-08-29_MQ1_6515,RICE038_NB_2023-08-29_MQ1_6515_length,Calipers to nearest mm,Length,NA,mm,NA,19,NA
RICE038_NB_2023-08-29_MQ2,RICE038_NB_2023-08-29_MQ2_6516,RICE038_NB_2023-08-29_MQ2_6516_length,Calipers to nearest mm,Length,NA,mm,NA,16,NA
RICE038_NB_2023-08-29_MQ2,RICE038_NB_2023-08-29_MQ2_6517,RICE038_NB_2023-08-29_MQ2_6517_length,Calipers to nearest mm,Length,NA,mm,NA,14,NA
RICE038_NB_2023-08-29_MQ2,RICE038_NB_2023-08-29_MQ2_6518,RICE038_NB_2023-08-29_MQ2_6518_length,Calipers to nearest mm,Length,NA,mm,NA,38,NA
RICE038_NB_2023-08-29_MQ2,RICE038_NB_2023-08-29_MQ2_6519,RICE038_NB_2023-08-29_MQ2_6519_length,Calipers to nearest mm,Length,NA,mm,NA,52,NA
RICE038_NB_2023-08-29_MQ2,RICE038_NB_2023-08-29_MQ2_6520,RICE038_NB_2023-08-29_MQ2_6520_length,Calipers to nearest mm,Length,NA,mm,NA,15,NA
RICE038_NB_2023-08-29_MQ2,RICE038_NB_2023-08-29_MQ2_6521,RICE038_NB_2023-08-29_MQ2_6521_length,Calipers to nearest mm,Length,NA,mm,NA,11,NA
RICE038_NB_2023-08-29_MQ2,RICE038_NB_2023-08-29_MQ2_6522,RICE038_NB_2023-08-29_MQ2_6522_length,Calipers to nearest mm,Length,NA,mm,NA,14,NA
RICE038_NB_2023-08-29_MQ2,RICE038_NB_2023-08-29_MQ2_6523,RICE038_NB_2023-08-29_MQ2_6523_length,Calipers to nearest mm,Length,NA,mm,NA,12,NA
RICE038_NB_2023-08-29_MQ2,RICE038_NB_2023-08-29_MQ2_6524,RICE038_NB_2023-08-29_MQ2_6524_length,Calipers to nearest mm,Length,NA,mm,NA,10,NA
RICE038_NB_2023-08-29_MQ2,RICE038_NB_2023-08-29_MQ2_6525,RICE038_NB_2023-08-29_MQ2_6525_length,Calipers to nearest mm,Length,NA,mm,NA,9,NA
RICE038_NB_2023-08-29_MQ3,RICE038_NB_2023-08-29_MQ3_6526,RICE038_NB_2023-08-29_MQ3_6526_length,Calipers to nearest mm,Length,NA,mm,NA,18,NA
RICE038_NB_2023-08-29_MQ3,RICE038_NB_2023-08-29_MQ3_6527,RICE038_NB_2023-08-29_MQ3_6527_length,Calipers to nearest mm,Length,NA,mm,NA,16,NA
RICE038_NB_2023-08-29_MQ4,RICE038_NB_2023-08-29_MQ4_6528,RICE038_NB_2023-08-29_MQ4_6528_length,Calipers to nearest mm,Length,NA,mm,NA,18,NA
RICE038_NB_2023-08-29_MQ4,RICE038_NB_2023-08-29_MQ4_6529,RICE038_NB_2023-08-29_MQ4_6529_length,Calipers to nearest mm,Length,NA,mm,NA,10,NA
RICE038_NB_2023-08-29_MQ4,RICE038_NB_2023-08-29_MQ4_6530,RICE038_NB_2023-08-29_MQ4_6530_length,Calipers to nearest mm,Length,NA,mm,NA,21,NA
RICE038_NB_2023-08-29_MQ4,RICE038_NB_2023-08-29_MQ4_6531,RICE038_NB_2023-08-29_MQ4_6531_length,Calipers to nearest mm,Length,NA,mm,NA,17,NA
RICE038_NB_2023-08-29_MQ4,RICE038_NB_2023-08-29_MQ4_6532,RICE038_NB_2023-08-29_MQ4_6532_length,Calipers to nearest mm,Length,NA,mm,NA,12,NA
RICE038_NB_2023-08-29_MQ4,RICE038_NB_2023-08-29_MQ4_6533,RICE038_NB_2023-08-29_MQ4_6533_length,Calipers to nearest mm,Length,NA,mm,NA,15,NA
RICE038_NB_2023-08-29_MQ4,RICE038_NB_2023-08-29_MQ4_6534,RICE038_NB_2023-08-29_MQ4_6534_length,Calipers to nearest mm,Length,NA,mm,NA,16,NA
RICE038_NB_2023-08-29_MQ5,RICE038_NB_2023-08-29_MQ5_6535,RICE038_NB_2023-08-29_MQ5_6535_length,Calipers to nearest mm,Length,NA,mm,NA,16,NA
RICE038_NB_2023-08-29_MQ5,RICE038_NB_2023-08-29_MQ5_6536,RICE038_NB_2023-08-29_MQ5_6536_length,Calipers to nearest mm,Length,NA,mm,NA,18,NA
RICE038_NB_2023-08-29_MQ5,RICE038_NB_2023-08-29_MQ5_6537,RICE038_NB_2023-08-29_MQ5_6537_length,Calipers to nearest mm,Length,NA,mm,NA,17,NA
RICE038_NB_2023-08-29_MQ5,RICE038_NB_2023-08-29_MQ5_6538,RICE038_NB_2023-08-29_MQ5_6538_length,Calipers to nearest mm,Length,NA,mm,NA,14,NA
RICE038_NB_2023-08-29_MQ5,RICE038_NB_2023-08-29_MQ5_6539,RICE038_NB_2023-08-29_MQ5_6539_length,Calipers to nearest mm,Length,NA,mm,NA,19,NA
RICE038_WB_2023-08-30_FQ3,RICE038_WB_2023-08-30_FQ3_6540,RICE038_WB_2023-08-30_FQ3_6540_length,Calipers to nearest mm,Length,NA,mm,NA,15,NA
RICE038_WB_2023-08-30_FQ3,RICE038_WB_2023-08-30_FQ3_6541,RICE038_WB_2023-08-30_FQ3_6541_length,Calipers to nearest mm,Length,NA,mm,NA,13,NA
RICE038_WB_2023-08-30_FQ3,RICE038_WB_2023-08-30_FQ3_6542,RICE038_WB_2023-08-30_FQ3_6542_length,Calipers to nearest mm,Length,NA,mm,NA,20,NA
RICE038_WB_2023-08-30_MQ1,RICE038_WB_2023-08-30_MQ1_6543,RICE038_WB_2023-08-30_MQ1_6543_length,Calipers to nearest mm,Length,NA,mm,NA,17,NA
RICE038_WB_2023-08-30_MQ1,RICE038_WB_2023-08-30_MQ1_6544,RICE038_WB_2023-08-30_MQ1_6544_length,Calipers to nearest mm,Length,NA,mm,NA,18,NA
RICE038_WB_2023-08-30_MQ1,RICE038_WB_2023-08-30_MQ1_6545,RICE038_WB_2023-08-30_MQ1_6545_length,Calipers to nearest mm,Length,NA,mm,NA,19,NA
RICE038_WB_2023-08-30_MQ1,RICE038_WB_2023-08-30_MQ1_6546,RICE038_WB_2023-08-30_MQ1_6546_length,Calipers to nearest mm,Length,NA,mm,NA,21,NA
RICE038_WB_2023-08-30_MQ1,RICE038_WB_2023-08-30_MQ1_6547,RICE038_WB_2023-08-30_MQ1_6547_length,Calipers to nearest mm,Length,NA,mm,NA,7,NA
RICE038_WB_2023-08-30_MQ2,RICE038_WB_2023-08-30_MQ2_6548,RICE038_WB_2023-08-30_MQ2_6548_length,Calipers to nearest mm,Length,NA,mm,NA,19,NA
RICE038_WB_2023-08-30_MQ2,RICE038_WB_2023-08-30_MQ2_6549,RICE038_WB_2023-08-30_MQ2_6549_length,Calipers to nearest mm,Length,NA,mm,NA,17,NA
RICE038_WB_2023-08-30_MQ2,RICE038_WB_2023-08-30_MQ2_6550,RICE038_WB_2023-08-30_MQ2_6550_length,Calipers to nearest mm,Length,NA,mm,NA,20,NA
RICE038_WB_2023-08-30_MQ2,RICE038_WB_2023-08-30_MQ2_6551,RICE038_WB_2023-08-30_MQ2_6551_length,Calipers to nearest mm,Length,NA,mm,NA,16,NA
RICE038_WB_2023-08-30_MQ2,RICE038_WB_2023-08-30_MQ2_6552,RICE038_WB_2023-08-30_MQ2_6552_length,Calipers to nearest mm,Length,NA,mm,NA,12,NA
RICE038_WB_2023-08-30_MQ2,RICE038_WB_2023-08-30_MQ2_6553,RICE038_WB_2023-08-30_MQ2_6553_length,Calipers to nearest mm,Length,NA,mm,NA,8,NA
RICE038_WB_2023-08-30_MQ2,RICE038_WB_2023-08-30_MQ2_6554,RICE038_WB_2023-08-30_MQ2_6554_length,Calipers to nearest mm,Length,NA,mm,NA,14,NA
RICE038_WB_2023-08-30_MQ2,RICE038_WB_2023-08-30_MQ2_6555,RICE038_WB_2023-08-30_MQ2_6555_length,Calipers to nearest mm,Length,NA,mm,NA,11,NA
RICE038_WB_2023-08-30_MQ2,RICE038_WB_2023-08-30_MQ2_6556,RICE038_WB_2023-08-30_MQ2_6556_length,Calipers to nearest mm,Length,NA,mm,NA,10,NA
RICE038_WB_2023-08-30_MQ2,RICE038_WB_2023-08-30_MQ2_6557,RICE038_WB_2023-08-30_MQ2_6557_length,Calipers to nearest mm,Length,NA,mm,NA,9,NA
RICE038_WB_2023-08-30_MQ3,RICE038_WB_2023-08-30_MQ3_6558,RICE038_WB_2023-08-30_MQ3_6558_length,Calipers to nearest mm,Length,NA,mm,NA,21,NA
RICE038_WB_2023-08-30_MQ3,RICE038_WB_2023-08-30_MQ3_6559,RICE038_WB_2023-08-30_MQ3_6559_length,Calipers to nearest mm,Length,NA,mm,NA,18,NA
RICE038_WB_2023-08-30_MQ3,RICE038_WB_2023-08-30_MQ3_6560,RICE038_WB_2023-08-30_MQ3_6560_length,Calipers to nearest mm,Length,NA,mm,NA,20,NA
RICE038_WB_2023-08-30_MQ3,RICE038_WB_2023-08-30_MQ3_6561,RICE038_WB_2023-08-30_MQ3_6561_length,Calipers to nearest mm,Length,NA,mm,NA,15,NA
RICE038_WB_2023-08-30_MQ3,RICE038_WB_2023-08-30_MQ3_6562,RICE038_WB_2023-08-30_MQ3_6562_length,Calipers to nearest mm,Length,NA,mm,NA,14,NA
RICE038_WB_2023-08-30_MQ3,RICE038_WB_2023-08-30_MQ3_6563,RICE038_WB_2023-08-30_MQ3_6563_length,Calipers to nearest mm,Length,NA,mm,NA,17,NA
RICE038_WB_2023-08-30_MQ3,RICE038_WB_2023-08-30_MQ3_6564,RICE038_WB_2023-08-30_MQ3_6564_length,Calipers to nearest mm,Length,NA,mm,NA,10,NA
RICE038_WB_2023-08-30_MQ3,RICE038_WB_2023-08-30_MQ3_6565,RICE038_WB_2023-08-30_MQ3_6565_length,Calipers to nearest mm,Length,NA,mm,NA,11,NA
RICE038_WB_2023-08-30_MQ3,RICE038_WB_2023-08-30_MQ3_6566,RICE038_WB_2023-08-30_MQ3_6566_length,Calipers to nearest mm,Length,NA,mm,NA,9,NA
RICE038_WB_2023-08-30_MQ3,RICE038_WB_2023-08-30_MQ3_6567,RICE038_WB_2023-08-30_MQ3_6567_length,Calipers to nearest mm,Length,NA,mm,NA,13,NA
RICE038_WB_2023-08-30_MQ3,RICE038_WB_2023-08-30_MQ3_6568,RICE038_WB_2023-08-30_MQ3_6568_length,Calipers to nearest mm,Length,NA,mm,NA,14,NA
RICE038_WB_2023-08-30_MQ4,RICE038_WB_2023-08-30_MQ4_6569,RICE038_WB_2023-08-30_MQ4_6569_length,Calipers to nearest mm,Length,NA,mm,NA,17,NA
RICE038_WB_2023-08-30_MQ4,RICE038_WB_2023-08-30_MQ4_6570,RICE038_WB_2023-08-30_MQ4_6570_length,Calipers to nearest mm,Length,NA,mm,NA,15,NA
RICE038_WB_2023-08-30_MQ4,RICE038_WB_2023-08-30_MQ4_6571,RICE038_WB_2023-08-30_MQ4_6571_length,Calipers to nearest mm,Length,NA,mm,NA,14,NA
RICE038_WB_2023-08-30_MQ4,RICE038_WB_2023-08-30_MQ4_6572,RICE038_WB_2023-08-30_MQ4_6572_length,Calipers to nearest mm,Length,NA,mm,NA,18,NA
RICE038_WB_2023-08-30_MQ4,RICE038_WB_2023-08-30_MQ4_6573,RICE038_WB_2023-08-30_MQ4_6573_length,Calipers to nearest mm,Length,NA,mm,NA,19,NA
RICE038_WB_2023-08-30_MQ4,RICE038_WB_2023-08-30_MQ4_6574,RICE038_WB_2023-08-30_MQ4_6574_length,Calipers to nearest mm,Length,NA,mm,NA,10,NA
RICE038_WB_2023-08-30_MQ4,RICE038_WB_2023-08-30_MQ4_6575,RICE038_WB_2023-08-30_MQ4_6575_length,Calipers to nearest mm,Length,NA,mm,NA,11,NA
RICE038_WB_2023-08-30_MQ4,RICE038_WB_2023-08-30_MQ4_6576,RICE038_WB_2023-08-30_MQ4_6576_length,Calipers to nearest mm,Length,NA,mm,NA,9,NA
RICE038_WB_2023-08-30_MQ5,RICE038_WB_2023-08-30_MQ5_6577,RICE038_WB_2023-08-30_MQ5_6577_length,Calipers to nearest mm,Length,NA,mm,NA,12,NA
RICE038_WB_2023-08-30_MQ5,RICE038_WB_2023-08-30_MQ5_6578,RICE038_WB_2023-08-30_MQ5_6578_length,Calipers to nearest mm,Length,NA,mm,NA,18,NA
RICE038_WB_2023-08-30_MQ5,RICE038_WB_2023-08-30_MQ5_6579,RICE038_WB_2023-08-30_MQ5_6579_length,Calipers to nearest mm,Length,NA,mm,NA,17,NA
RICE038_WB_2023-08-30_MQ5,RICE038_WB_2023-08-30_MQ5_6580,RICE038_WB_2023-08-30_MQ5_6580_length,Calipers to nearest mm,Length,NA,mm,NA,21,NA
RICE038_WB_2023-08-30_MQ5,RICE038_WB_2023-08-30_MQ5_6581,RICE038_WB_2023-08-30_MQ5_6581_length,Calipers to nearest mm,Length,NA,mm,NA,13,NA
RICE038_WB_2023-08-30_MQ5,RICE038_WB_2023-08-30_MQ5_6582,RICE038_WB_2023-08-30_MQ5_6582_length,Calipers to nearest mm,Length,NA,mm,NA,16,NA
RICE038_WB_2023-08-30_MQ5,RICE038_WB_2023-08-30_MQ5_6583,RICE038_WB_2023-08-30_MQ5_6583_length,Calipers to nearest mm,Length,NA,mm,NA,14,NA
RICE038_WB_2023-08-30_MQ5,RICE038_WB_2023-08-30_MQ5_6584,RICE038_WB_2023-08-30_MQ5_6584_length,Calipers to nearest mm,Length,NA,mm,NA,11,NA
RICE038_WB_2023-08-30_MQ5,RICE038_WB_2023-08-30_MQ5_6585,RICE038_WB_2023-08-30_MQ5_6585_length,Calipers to nearest mm,Length,NA,mm,NA,10,NA
RICE038_FB_2023-08-31_MQ1,RICE038_FB_2023-08-31_MQ1_6586,RICE038_FB_2023-08-31_MQ1_6586_length,Calipers to nearest mm,Length,NA,mm,NA,18,NA
RICE038_FB_2023-08-31_MQ1,RICE038_FB_2023-08-31_MQ1_6587,RICE038_FB_2023-08-31_MQ1_6587_length,Calipers to nearest mm,Length,NA,mm,NA,17,NA
RICE038_FB_2023-08-31_MQ1,RICE038_FB_2023-08-31_MQ1_6588,RICE038_FB_2023-08-31_MQ1_6588_length,Calipers to nearest mm,Length,NA,mm,NA,19,NA
RICE038_FB_2023-08-31_MQ1,RICE038_FB_2023-08-31_MQ1_6589,RICE038_FB_2023-08-31_MQ1_6589_length,Calipers to nearest mm,Length,NA,mm,NA,14,NA
RICE038_FB_2023-08-31_MQ2,RICE038_FB_2023-08-31_MQ2_6590,RICE038_FB_2023-08-31_MQ2_6590_length,Calipers to nearest mm,Length,NA,mm,NA,18,NA
RICE038_FB_2023-08-31_MQ2,RICE038_FB_2023-08-31_MQ2_6591,RICE038_FB_2023-08-31_MQ2_6591_length,Calipers to nearest mm,Length,NA,mm,NA,14,NA
RICE038_FB_2023-08-31_MQ2,RICE038_FB_2023-08-31_MQ2_6592,RICE038_FB_2023-08-31_MQ2_6592_length,Calipers to nearest mm,Length,NA,mm,NA,15,NA
RICE038_FB_2023-08-31_MQ2,RICE038_FB_2023-08-31_MQ2_6593,RICE038_FB_2023-08-31_MQ2_6593_length,Calipers to nearest mm,Length,NA,mm,NA,8,NA
RICE038_FB_2023-08-31_MQ3,RICE038_FB_2023-08-31_MQ3_6594,RICE038_FB_2023-08-31_MQ3_6594_length,Calipers to nearest mm,Length,NA,mm,NA,15,NA
RICE038_FB_2023-08-31_MQ3,RICE038_FB_2023-08-31_MQ3_6595,RICE038_FB_2023-08-31_MQ3_6595_length,Calipers to nearest mm,Length,NA,mm,NA,19,NA
RICE038_FB_2023-08-31_MQ3,RICE038_FB_2023-08-31_MQ3_6596,RICE038_FB_2023-08-31_MQ3_6596_length,Calipers to nearest mm,Length,NA,mm,NA,17,NA
RICE038_FB_2023-08-31_MQ3,RICE038_FB_2023-08-31_MQ3_6597,RICE038_FB_2023-08-31_MQ3_6597_length,Calipers to nearest mm,Length,NA,mm,NA,16,NA
RICE038_FB_2023-08-31_MQ3,RICE038_FB_2023-08-31_MQ3_6598,RICE038_FB_2023-08-31_MQ3_6598_length,Calipers to nearest mm,Length,NA,mm,NA,13,NA
RICE038_FB_2023-08-31_MQ3,RICE038_FB_2023-08-31_MQ3_6599,RICE038_FB_2023-08-31_MQ3_6599_length,Calipers to nearest mm,Length,NA,mm,NA,14,NA
RICE038_FB_2023-08-31_MQ3,RICE038_FB_2023-08-31_MQ3_6600,RICE038_FB_2023-08-31_MQ3_6600_length,Calipers to nearest mm,Length,NA,mm,NA,10,NA
RICE038_FB_2023-08-31_MQ3,RICE038_FB_2023-08-31_MQ3_6601,RICE038_FB_2023-08-31_MQ3_6601_length,Calipers to nearest mm,Length,NA,mm,NA,11,NA
RICE038_FB_2023-08-31_MQ3,RICE038_FB_2023-08-31_MQ3_6602,RICE038_FB_2023-08-31_MQ3_6602_length,Calipers to nearest mm,Length,NA,mm,NA,9,NA
RICE038_FB_2023-08-31_MQ4,RICE038_FB_2023-08-31_MQ4_6603,RICE038_FB_2023-08-31_MQ4_6603_length,Calipers to nearest mm,Length,NA,mm,NA,18,NA
RICE038_FB_2023-08-31_MQ4,RICE038_FB_2023-08-31_MQ4_6604,RICE038_FB_2023-08-31_MQ4_6604_length,Calipers to nearest mm,Length,NA,mm,NA,15,NA
RICE038_FB_2023-08-31_MQ4,RICE038_FB_2023-08-31_MQ4_6605,RICE038_FB_2023-08-31_MQ4_6605_length,Calipers to nearest mm,Length,NA,mm,NA,14,NA
RICE038_FB_2023-08-31_MQ4,RICE038_FB_2023-08-31_MQ4_6606,RICE038_FB_2023-08-31_MQ4_6606_length,Calipers to nearest mm,Length,NA,mm,NA,16,NA
RICE038_FB_2023-08-31_MQ4,RICE038_FB_2023-08-31_MQ4_6607,RICE038_FB_2023-08-31_MQ4_6607_length,Calipers to nearest mm,Length,NA,mm,NA,6,NA
RICE038_FB_2023-08-31_MQ5,RICE038_FB_2023-08-31_MQ5_6608,RICE038_FB_2023-08-31_MQ5_6608_length,Calipers to nearest mm,Length,NA,mm,NA,18,NA
RICE038_FB_2023-08-31_MQ5,RICE038_FB_2023-08-31_MQ5_6609,RICE038_FB_2023-08-31_MQ5_6609_length,Calipers to nearest mm,Length,NA,mm,NA,16,NA
RICE038_FB_2023-08-31_MQ5,RICE038_FB_2023-08-31_MQ5_6610,RICE038_FB_2023-08-31_MQ5_6610_length,Calipers to nearest mm,Length,NA,mm,NA,17,NA
RICE038_FB_2023-08-31_MQ5,RICE038_FB_2023-08-31_MQ5_6611,RICE038_FB_2023-08-31_MQ5_6611_length,Calipers to nearest mm,Length,NA,mm,NA,12,NA
RICE038_FB_2023-08-31_MQ5,RICE038_FB_2023-08-31_MQ5_6612,RICE038_FB_2023-08-31_MQ5_6612_length,Calipers to nearest mm,Length,NA,mm,NA,15,NA
RICE038_FB_2023-08-31_BQ3,RICE038_FB_2023-08-31_BQ3_6613,RICE038_FB_2023-08-31_BQ3_6613_length,Calipers to nearest mm,Length,NA,mm,NA,19,NA
RICE038_FB_2023-08-31_BQ3,RICE038_FB_2023-08-31_BQ3_6614,RICE038_FB_2023-08-31_BQ3_6614_length,Calipers to nearest mm,Length,NA,mm,NA,18,NA
RICE038_FB_2023-08-31_BQ3,RICE038_FB_2023-08-31_BQ3_6615,RICE038_FB_2023-08-31_BQ3_6615_length,Calipers to nearest mm,Length,NA,mm,NA,17,NA
RICE038_FB_2023-08-31_BQ3,RICE038_FB_2023-08-31_BQ3_6616,RICE038_FB_2023-08-31_BQ3_6616_length,Calipers to nearest mm,Length,NA,mm,NA,20,NA
RICE038_FB_2023-08-31_BQ3,RICE038_FB_2023-08-31_BQ3_6617,RICE038_FB_2023-08-31_BQ3_6617_length,Calipers to nearest mm,Length,NA,mm,NA,21,NA
RICE038_FB_2023-08-31_BQ4,RICE038_FB_2023-08-31_BQ4_6618,RICE038_FB_2023-08-31_BQ4_6618_length,Calipers to nearest mm,Length,NA,mm,NA,11,NA
RICE038_FB_2023-08-31_BQ4,RICE038_FB_2023-08-31_BQ4_6619,RICE038_FB_2023-08-31_BQ4_6619_length,Calipers to nearest mm,Length,NA,mm,NA,17,NA
RICE038_FB_2023-08-31_BQ4,RICE038_FB_2023-08-31_BQ4_6620,RICE038_FB_2023-08-31_BQ4_6620_length,Calipers to nearest mm,Length,NA,mm,NA,13,NA
RICE038_FB_2023-08-31_BQ4,RICE038_FB_2023-08-31_BQ4_6621,RICE038_FB_2023-08-31_BQ4_6621_length,Calipers to nearest mm,Length,NA,mm,NA,14,NA
RICE038_FB_2023-08-31_BQ4,RICE038_FB_2023-08-31_BQ4_6622,RICE038_FB_2023-08-31_BQ4_6622_length,Calipers to nearest mm,Length,NA,mm,NA,15,NA
RICE038_FB_2023-08-31_BQ4,RICE038_FB_2023-08-31_BQ4_6623,RICE038_FB_2023-08-31_BQ4_6623_length,Calipers to nearest mm,Length,NA,mm,NA,12,NA
RICE038_FB_2023-08-31_BQ4,RICE038_FB_2023-08-31_BQ4_6624,RICE038_FB_2023-08-31_BQ4_6624_length,Calipers to nearest mm,Length,NA,mm,NA,16,NA
RICE038_FB_2023-08-31_BQ1,RICE038_FB_2023-08-31_BQ1_6625,RICE038_FB_2023-08-31_BQ1_6625_length,Calipers to nearest mm,Length,NA,mm,NA,15,NA
RICE038_FB_2023-08-31_BQ1,RICE038_FB_2023-08-31_BQ1_6626,RICE038_FB_2023-08-31_BQ1_6626_length,Calipers to nearest mm,Length,NA,mm,NA,17,NA
RICE038_FB_2023-08-31_BQ1,RICE038_FB_2023-08-31_BQ1_6627,RICE038_FB_2023-08-31_BQ1_6627_length,Calipers to nearest mm,Length,NA,mm,NA,18,NA
RICE038_FB_2023-08-31_BQ1,RICE038_FB_2023-08-31_BQ1_6628,RICE038_FB_2023-08-31_BQ1_6628_length,Calipers to nearest mm,Length,NA,mm,NA,19,NA
RICE038_FB_2023-08-31_BQ1,RICE038_FB_2023-08-31_BQ1_6629,RICE038_FB_2023-08-31_BQ1_6629_length,Calipers to nearest mm,Length,NA,mm,NA,21,NA
RICE038_FB_2023-08-31_BQ1,RICE038_FB_2023-08-31_BQ1_6630,RICE038_FB_2023-08-31_BQ1_6630_length,Calipers to nearest mm,Length,NA,mm,NA,22,NA
RICE038_FB_2023-08-31_FQ1,RICE038_FB_2023-08-31_FQ1_6631,RICE038_FB_2023-08-31_FQ1_6631_length,Calipers to nearest mm,Length,NA,mm,NA,24,NA
RICE038_FB_2023-08-31_FQ1,RICE038_FB_2023-08-31_FQ1_6632,RICE038_FB_2023-08-31_FQ1_6632_length,Calipers to nearest mm,Length,NA,mm,NA,29,NA
RICE038_FB_2023-08-31_FQ1,RICE038_FB_2023-08-31_FQ1_6633,RICE038_FB_2023-08-31_FQ1_6633_length,Calipers to nearest mm,Length,NA,mm,NA,22,NA
RICE038_FB_2023-08-31_FQ1,RICE038_FB_2023-08-31_FQ1_6634,RICE038_FB_2023-08-31_FQ1_6634_length,Calipers to nearest mm,Length,NA,mm,NA,23,NA
RICE038_FB_2023-08-31_FQ1,RICE038_FB_2023-08-31_FQ1_6635,RICE038_FB_2023-08-31_FQ1_6635_length,Calipers to nearest mm,Length,NA,mm,NA,17,NA
RICE038_FB_2023-08-31_FQ1,RICE038_FB_2023-08-31_FQ1_6636,RICE038_FB_2023-08-31_FQ1_6636_length,Calipers to nearest mm,Length,NA,mm,NA,19,NA
RICE038_FB_2023-08-31_FQ1,RICE038_FB_2023-08-31_FQ1_6637,RICE038_FB_2023-08-31_FQ1_6637_length,Calipers to nearest mm,Length,NA,mm,NA,20,NA
RICE038_FB_2023-08-31_FQ1,RICE038_FB_2023-08-31_FQ1_6638,RICE038_FB_2023-08-31_FQ1_6638_length,Calipers to nearest mm,Length,NA,mm,NA,14,NA
RICE038_FB_2023-08-31_FQ1,RICE038_FB_2023-08-31_FQ1_6639,RICE038_FB_2023-08-31_FQ1_6639_length,Calipers to nearest mm,Length,NA,mm,NA,21,NA
RICE038_FB_2023-08-31_FQ1,RICE038_FB_2023-08-31_FQ1_6640,RICE038_FB_2023-08-31_FQ1_6640_length,Calipers to nearest mm,Length,NA,mm,NA,18,NA
RICE038_FB_2023-08-31_FQ1,RICE038_FB_2023-08-31_FQ1_6641,RICE038_FB_2023-08-31_FQ1_6641_length,Calipers to nearest mm,Length,NA,mm,NA,23,NA
RICE038_FB_2023-08-31_FQ1,RICE038_FB_2023-08-31_FQ1_6642,RICE038_FB_2023-08-31_FQ1_6642_length,Calipers to nearest mm,Length,NA,mm,NA,16,NA
RICE038_FB_2023-08-31_FQ2,RICE038_FB_2023-08-31_FQ2_6643,RICE038_FB_2023-08-31_FQ2_6643_length,Calipers to nearest mm,Length,NA,mm,NA,16,NA
RICE038_FB_2023-08-31_FQ2,RICE038_FB_2023-08-31_FQ2_6644,RICE038_FB_2023-08-31_FQ2_6644_length,Calipers to nearest mm,Length,NA,mm,NA,18,NA
RICE038_FB_2023-08-31_FQ2,RICE038_FB_2023-08-31_FQ2_6645,RICE038_FB_2023-08-31_FQ2_6645_length,Calipers to nearest mm,Length,NA,mm,NA,19,NA
RICE038_FB_2023-08-31_FQ2,RICE038_FB_2023-08-31_FQ2_6646,RICE038_FB_2023-08-31_FQ2_6646_length,Calipers to nearest mm,Length,NA,mm,NA,21,NA
RICE038_FB_2023-08-31_FQ2,RICE038_FB_2023-08-31_FQ2_6647,RICE038_FB_2023-08-31_FQ2_6647_length,Calipers to nearest mm,Length,NA,mm,NA,18,NA
RICE038_FB_2023-08-31_FQ2,RICE038_FB_2023-08-31_FQ2_6648,RICE038_FB_2023-08-31_FQ2_6648_length,Calipers to nearest mm,Length,NA,mm,NA,20,NA
RICE038_FB_2023-08-31_FQ3,RICE038_FB_2023-08-31_FQ3_6649,RICE038_FB_2023-08-31_FQ3_6649_length,Calipers to nearest mm,Length,NA,mm,NA,18,NA
RICE038_FB_2023-08-31_FQ3,RICE038_FB_2023-08-31_FQ3_6650,RICE038_FB_2023-08-31_FQ3_6650_length,Calipers to nearest mm,Length,NA,mm,NA,19,NA
RICE038_FB_2023-08-31_FQ3,RICE038_FB_2023-08-31_FQ3_6651,RICE038_FB_2023-08-31_FQ3_6651_length,Calipers to nearest mm,Length,NA,mm,NA,20,NA
RICE038_FB_2023-08-31_FQ3,RICE038_FB_2023-08-31_FQ3_6652,RICE038_FB_2023-08-31_FQ3_6652_length,Calipers to nearest mm,Length,NA,mm,NA,12,NA
RICE038_FB_2023-08-31_FQ3,RICE038_FB_2023-08-31_FQ3_6653,RICE038_FB_2023-08-31_FQ3_6653_length,Calipers to nearest mm,Length,NA,mm,NA,15,NA
RICE038_FB_2023-08-31_FQ3,RICE038_FB_2023-08-31_FQ3_6654,RICE038_FB_2023-08-31_FQ3_6654_length,Calipers to nearest mm,Length,NA,mm,NA,23,NA
RICE038_FB_2023-08-31_FQ3,RICE038_FB_2023-08-31_FQ3_6655,RICE038_FB_2023-08-31_FQ3_6655_length,Calipers to nearest mm,Length,NA,mm,NA,10,NA
RICE038_FB_2023-08-31_FQ3,RICE038_FB_2023-08-31_FQ3_6656,RICE038_FB_2023-08-31_FQ3_6656_length,Calipers to nearest mm,Length,NA,mm,NA,17,NA
RICE038_FB_2023-08-31_FQ4,RICE038_FB_2023-08-31_FQ4_6657,RICE038_FB_2023-08-31_FQ4_6657_length,Calipers to nearest mm,Length,NA,mm,NA,20,NA
RICE038_FB_2023-08-31_FQ4,RICE038_FB_2023-08-31_FQ4_6658,RICE038_FB_2023-08-31_FQ4_6658_length,Calipers to nearest mm,Length,NA,mm,NA,19,NA
RICE038_FB_2023-08-31_FQ4,RICE038_FB_2023-08-31_FQ4_6659,RICE038_FB_2023-08-31_FQ4_6659_length,Calipers to nearest mm,Length,NA,mm,NA,20,NA
RICE038_FB_2023-08-31_FQ4,RICE038_FB_2023-08-31_FQ4_6660,RICE038_FB_2023-08-31_FQ4_6660_length,Calipers to nearest mm,Length,NA,mm,NA,18,NA
RICE038_FB_2023-08-31_FQ4,RICE038_FB_2023-08-31_FQ4_6661,RICE038_FB_2023-08-31_FQ4_6661_length,Calipers to nearest mm,Length,NA,mm,NA,15,NA
RICE038_FB_2023-08-31_FQ4,RICE038_FB_2023-08-31_FQ4_6662,RICE038_FB_2023-08-31_FQ4_6662_length,Calipers to nearest mm,Length,NA,mm,NA,17,NA
RICE038_FB_2023-08-31_FQ4,RICE038_FB_2023-08-31_FQ4_6663,RICE038_FB_2023-08-31_FQ4_6663_length,Calipers to nearest mm,Length,NA,mm,NA,22,NA
RICE038_FB_2023-08-31_FQ4,RICE038_FB_2023-08-31_FQ4_6664,RICE038_FB_2023-08-31_FQ4_6664_length,Calipers to nearest mm,Length,NA,mm,NA,24,NA
RICE038_FB_2023-08-31_FQ5,RICE038_FB_2023-08-31_FQ5_6665,RICE038_FB_2023-08-31_FQ5_6665_length,Calipers to nearest mm,Length,NA,mm,NA,29,NA
RICE038_FB_2023-08-31_FQ5,RICE038_FB_2023-08-31_FQ5_6666,RICE038_FB_2023-08-31_FQ5_6666_length,Calipers to nearest mm,Length,NA,mm,NA,17,NA
RICE038_FB_2023-08-31_FQ5,RICE038_FB_2023-08-31_FQ5_6667,RICE038_FB_2023-08-31_FQ5_6667_length,Calipers to nearest mm,Length,NA,mm,NA,18,NA
RICE038_FB_2023-08-31_FQ5,RICE038_FB_2023-08-31_FQ5_6668,RICE038_FB_2023-08-31_FQ5_6668_length,Calipers to nearest mm,Length,NA,mm,NA,21,NA
RICE038_FB_2023-08-31_FQ5,RICE038_FB_2023-08-31_FQ5_6669,RICE038_FB_2023-08-31_FQ5_6669_length,Calipers to nearest mm,Length,NA,mm,NA,20,NA
RICE038_FB_2023-08-31_FQ5,RICE038_FB_2023-08-31_FQ5_6670,RICE038_FB_2023-08-31_FQ5_6670_length,Calipers to nearest mm,Length,NA,mm,NA,15,NA
RICE038_FB_2023-08-31_FQ5,RICE038_FB_2023-08-31_FQ5_6671,RICE038_FB_2023-08-31_FQ5_6671_length,Calipers to nearest mm,Length,NA,mm,NA,19,NA
RICE038_NB_2023-09-01_FQ3,RICE038_NB_2023-09-01_FQ3_6672,RICE038_NB_2023-09-01_FQ3_6672_length,Calipers to nearest mm,Length,NA,mm,NA,16,NA
RICE038_NB_2023-09-01_FQ3,RICE038_NB_2023-09-01_FQ3_6673,RICE038_NB_2023-09-01_FQ3_6673_length,Calipers to nearest mm,Length,NA,mm,NA,19,NA
RICE038_NB_2023-09-01_FQ4,RICE038_NB_2023-09-01_FQ4_6674,RICE038_NB_2023-09-01_FQ4_6674_length,Calipers to nearest mm,Length,NA,mm,NA,68,NA
RICE039_WB_2023-11-22_FQ3,RICE039_WB_2023-11-22_FQ3_6675,RICE039_WB_2023-11-22_FQ3_6675_length,Calipers to nearest mm,Length,NA,mm,NA,9,NA
RICE039_WB_2023-11-22_FQ3,RICE039_WB_2023-11-22_FQ3_6676,RICE039_WB_2023-11-22_FQ3_6676_length,Calipers to nearest mm,Length,NA,mm,NA,18,NA
RICE039_WB_2023-11-22_FQ3,RICE039_WB_2023-11-22_FQ3_6677,RICE039_WB_2023-11-22_FQ3_6677_length,Calipers to nearest mm,Length,NA,mm,NA,16,NA
RICE039_WB_2023-11-22_FQ3,RICE039_WB_2023-11-22_FQ3_6678,RICE039_WB_2023-11-22_FQ3_6678_length,Calipers to nearest mm,Length,NA,mm,NA,12,NA
RICE039_WB_2023-11-22_FQ3,RICE039_WB_2023-11-22_FQ3_6679,RICE039_WB_2023-11-22_FQ3_6679_length,Calipers to nearest mm,Length,NA,mm,NA,17,NA
RICE039_WB_2023-11-22_FQ3,RICE039_WB_2023-11-22_FQ3_6680,RICE039_WB_2023-11-22_FQ3_6680_length,Calipers to nearest mm,Length,NA,mm,NA,13,NA
RICE039_WB_2023-11-22_FQ3,RICE039_WB_2023-11-22_FQ3_6681,RICE039_WB_2023-11-22_FQ3_6681_length,Calipers to nearest mm,Length,NA,mm,NA,14,NA
RICE039_WB_2023-11-22_FQ3,RICE039_WB_2023-11-22_FQ3_6682,RICE039_WB_2023-11-22_FQ3_6682_length,Calipers to nearest mm,Length,NA,mm,NA,12,NA
RICE039_WB_2023-11-22_FQ3,RICE039_WB_2023-11-22_FQ3_6683,RICE039_WB_2023-11-22_FQ3_6683_length,Calipers to nearest mm,Length,NA,mm,NA,15,NA
RICE039_WB_2023-11-22_FQ3,RICE039_WB_2023-11-22_FQ3_6684,RICE039_WB_2023-11-22_FQ3_6684_length,Calipers to nearest mm,Length,NA,mm,NA,13,NA
RICE039_WB_2023-11-22_FQ4,RICE039_WB_2023-11-22_FQ4_6685,RICE039_WB_2023-11-22_FQ4_6685_length,Calipers to nearest mm,Length,NA,mm,NA,19,NA
RICE039_WB_2023-11-22_FQ4,RICE039_WB_2023-11-22_FQ4_6686,RICE039_WB_2023-11-22_FQ4_6686_length,Calipers to nearest mm,Length,NA,mm,NA,18,NA
RICE039_WB_2023-11-22_FQ4,RICE039_WB_2023-11-22_FQ4_6687,RICE039_WB_2023-11-22_FQ4_6687_length,Calipers to nearest mm,Length,NA,mm,NA,15,NA
RICE039_WB_2023-11-22_FQ4,RICE039_WB_2023-11-22_FQ4_6688,RICE039_WB_2023-11-22_FQ4_6688_length,Calipers to nearest mm,Length,NA,mm,NA,16,NA
RICE039_WB_2023-11-22_FQ4,RICE039_WB_2023-11-22_FQ4_6689,RICE039_WB_2023-11-22_FQ4_6689_length,Calipers to nearest mm,Length,NA,mm,NA,21,NA
RICE039_WB_2023-11-22_FQ4,RICE039_WB_2023-11-22_FQ4_6690,RICE039_WB_2023-11-22_FQ4_6690_length,Calipers to nearest mm,Length,NA,mm,NA,16,NA
RICE039_WB_2023-11-22_FQ4,RICE039_WB_2023-11-22_FQ4_6691,RICE039_WB_2023-11-22_FQ4_6691_length,Calipers to nearest mm,Length,NA,mm,NA,62,NA
RICE039_WB_2023-11-22_FQ4,RICE039_WB_2023-11-22_FQ4_6692,RICE039_WB_2023-11-22_FQ4_6692_length,Calipers to nearest mm,Length,NA,mm,NA,11,NA
RICE039_WB_2023-11-22_FQ4,RICE039_WB_2023-11-22_FQ4_6693,RICE039_WB_2023-11-22_FQ4_6693_length,Calipers to nearest mm,Length,NA,mm,NA,9,NA
RICE039_WB_2023-11-22_FQ4,RICE039_WB_2023-11-22_FQ4_6694,RICE039_WB_2023-11-22_FQ4_6694_length,Calipers to nearest mm,Length,NA,mm,NA,12,NA
RICE039_WB_2023-11-22_FQ4,RICE039_WB_2023-11-22_FQ4_6695,RICE039_WB_2023-11-22_FQ4_6695_length,Calipers to nearest mm,Length,NA,mm,NA,10,NA
RICE039_WB_2023-11-22_FQ5,RICE039_WB_2023-11-22_FQ5_6696,RICE039_WB_2023-11-22_FQ5_6696_length,Calipers to nearest mm,Length,NA,mm,NA,19,NA
RICE039_WB_2023-11-22_FQ5,RICE039_WB_2023-11-22_FQ5_6697,RICE039_WB_2023-11-22_FQ5_6697_length,Calipers to nearest mm,Length,NA,mm,NA,18,NA
RICE039_NB_2023-11-23_MQ2,RICE039_NB_2023-11-23_MQ2_6698,RICE039_NB_2023-11-23_MQ2_6698_length,Calipers to nearest mm,Length,NA,mm,NA,10,NA
RICE039_NB_2023-11-23_MQ2,RICE039_NB_2023-11-23_MQ2_6699,RICE039_NB_2023-11-23_MQ2_6699_length,Calipers to nearest mm,Length,NA,mm,NA,45,NA
RICE039_NB_2023-11-23_MQ2,RICE039_NB_2023-11-23_MQ2_6700,RICE039_NB_2023-11-23_MQ2_6700_length,Calipers to nearest mm,Length,NA,mm,NA,30,NA
RICE039_NB_2023-11-23_MQ2,RICE039_NB_2023-11-23_MQ2_6701,RICE039_NB_2023-11-23_MQ2_6701_length,Calipers to nearest mm,Length,NA,mm,NA,34,NA
RICE039_NB_2023-11-23_MQ2,RICE039_NB_2023-11-23_MQ2_6702,RICE039_NB_2023-11-23_MQ2_6702_length,Calipers to nearest mm,Length,NA,mm,NA,10,NA
RICE039_NB_2023-11-23_MQ3,RICE039_NB_2023-11-23_MQ3_6703,RICE039_NB_2023-11-23_MQ3_6703_length,Calipers to nearest mm,Length,NA,mm,NA,12,NA
RICE039_NB_2023-11-23_MQ4,RICE039_NB_2023-11-23_MQ4_6704,RICE039_NB_2023-11-23_MQ4_6704_length,Calipers to nearest mm,Length,NA,mm,NA,12,NA
RICE039_NB_2023-11-23_MQ4,RICE039_NB_2023-11-23_MQ4_6705,RICE039_NB_2023-11-23_MQ4_6705_length,Calipers to nearest mm,Length,NA,mm,NA,17,NA
RICE039_NB_2023-11-23_MQ4,RICE039_NB_2023-11-23_MQ4_6706,RICE039_NB_2023-11-23_MQ4_6706_length,Calipers to nearest mm,Length,NA,mm,NA,20,NA
RICE039_NB_2023-11-23_MQ4,RICE039_NB_2023-11-23_MQ4_6707,RICE039_NB_2023-11-23_MQ4_6707_length,Calipers to nearest mm,Length,NA,mm,NA,15,NA
RICE039_NB_2023-11-23_MQ4,RICE039_NB_2023-11-23_MQ4_6708,RICE039_NB_2023-11-23_MQ4_6708_length,Calipers to nearest mm,Length,NA,mm,NA,18,NA
RICE039_NB_2023-11-23_MQ4,RICE039_NB_2023-11-23_MQ4_6709,RICE039_NB_2023-11-23_MQ4_6709_length,Calipers to nearest mm,Length,NA,mm,NA,19,NA
RICE039_NB_2023-11-23_MQ4,RICE039_NB_2023-11-23_MQ4_6710,RICE039_NB_2023-11-23_MQ4_6710_length,Calipers to nearest mm,Length,NA,mm,NA,14,NA
RICE039_NB_2023-11-23_MQ4,RICE039_NB_2023-11-23_MQ4_6711,RICE039_NB_2023-11-23_MQ4_6711_length,Calipers to nearest mm,Length,NA,mm,NA,15,NA
RICE039_NB_2023-11-23_MQ5,RICE039_NB_2023-11-23_MQ5_6712,RICE039_NB_2023-11-23_MQ5_6712_length,Calipers to nearest mm,Length,NA,mm,NA,12,NA
RICE039_FB_2023-11-24_FQ1,RICE039_FB_2023-11-24_FQ1_6713,RICE039_FB_2023-11-24_FQ1_6713_length,Calipers to nearest mm,Length,NA,mm,NA,17,NA
RICE039_FB_2023-11-24_FQ1,RICE039_FB_2023-11-24_FQ1_6714,RICE039_FB_2023-11-24_FQ1_6714_length,Calipers to nearest mm,Length,NA,mm,NA,20,NA
RICE039_FB_2023-11-24_FQ1,RICE039_FB_2023-11-24_FQ1_6715,RICE039_FB_2023-11-24_FQ1_6715_length,Calipers to nearest mm,Length,NA,mm,NA,19,NA
RICE039_FB_2023-11-24_FQ1,RICE039_FB_2023-11-24_FQ1_6716,RICE039_FB_2023-11-24_FQ1_6716_length,Calipers to nearest mm,Length,NA,mm,NA,22,NA
RICE039_FB_2023-11-24_MQ1,RICE039_FB_2023-11-24_MQ1_6717,RICE039_FB_2023-11-24_MQ1_6717_length,Calipers to nearest mm,Length,NA,mm,NA,10,NA
RICE039_FB_2023-11-24_MQ1,RICE039_FB_2023-11-24_MQ1_6718,RICE039_FB_2023-11-24_MQ1_6718_length,Calipers to nearest mm,Length,NA,mm,NA,9,NA
RICE039_FB_2023-11-24_MQ1,RICE039_FB_2023-11-24_MQ1_6719,RICE039_FB_2023-11-24_MQ1_6719_length,Calipers to nearest mm,Length,NA,mm,NA,7,NA
RICE039_FB_2023-11-24_MQ2,RICE039_FB_2023-11-24_MQ2_6720,RICE039_FB_2023-11-24_MQ2_6720_length,Calipers to nearest mm,Length,NA,mm,NA,9,NA
RICE039_FB_2023-11-24_MQ2,RICE039_FB_2023-11-24_MQ2_6721,RICE039_FB_2023-11-24_MQ2_6721_length,Calipers to nearest mm,Length,NA,mm,NA,10,NA
RICE039_FB_2023-11-24_MQ2,RICE039_FB_2023-11-24_MQ2_6722,RICE039_FB_2023-11-24_MQ2_6722_length,Calipers to nearest mm,Length,NA,mm,NA,11,NA
RICE039_FB_2023-11-24_MQ2,RICE039_FB_2023-11-24_MQ2_6723,RICE039_FB_2023-11-24_MQ2_6723_length,Calipers to nearest mm,Length,NA,mm,NA,8,NA
RICE039_FB_2023-11-24_MQ3,RICE039_FB_2023-11-24_MQ3_6724,RICE039_FB_2023-11-24_MQ3_6724_length,Calipers to nearest mm,Length,NA,mm,NA,11,NA
RICE039_FB_2023-11-24_MQ3,RICE039_FB_2023-11-24_MQ3_6725,RICE039_FB_2023-11-24_MQ3_6725_length,Calipers to nearest mm,Length,NA,mm,NA,8,NA
RICE039_FB_2023-11-24_MQ3,RICE039_FB_2023-11-24_MQ3_6726,RICE039_FB_2023-11-24_MQ3_6726_length,Calipers to nearest mm,Length,NA,mm,NA,10,NA
RICE039_FB_2023-11-24_MQ3,RICE039_FB_2023-11-24_MQ3_6727,RICE039_FB_2023-11-24_MQ3_6727_length,Calipers to nearest mm,Length,NA,mm,NA,7,NA
RICE039_FB_2023-11-24_MQ4,RICE039_FB_2023-11-24_MQ4_6728,RICE039_FB_2023-11-24_MQ4_6728_length,Calipers to nearest mm,Length,NA,mm,NA,7,NA
RICE039_FB_2023-11-24_MQ4,RICE039_FB_2023-11-24_MQ4_6729,RICE039_FB_2023-11-24_MQ4_6729_length,Calipers to nearest mm,Length,NA,mm,NA,10,NA
RICE039_FB_2023-11-24_MQ5,RICE039_FB_2023-11-24_MQ5_6730,RICE039_FB_2023-11-24_MQ5_6730_length,Calipers to nearest mm,Length,NA,mm,NA,12,NA
RICE039_FB_2023-11-24_MQ5,RICE039_FB_2023-11-24_MQ5_6731,RICE039_FB_2023-11-24_MQ5_6731_length,Calipers to nearest mm,Length,NA,mm,NA,15,NA
RICE039_FB_2023-11-24_MQ5,RICE039_FB_2023-11-24_MQ5_6732,RICE039_FB_2023-11-24_MQ5_6732_length,Calipers to nearest mm,Length,NA,mm,NA,16,NA
RICE039_FB_2023-11-24_MQ5,RICE039_FB_2023-11-24_MQ5_6733,RICE039_FB_2023-11-24_MQ5_6733_length,Calipers to nearest mm,Length,NA,mm,NA,17,NA
RICE039_FB_2023-11-24_MQ5,RICE039_FB_2023-11-24_MQ5_6734,RICE039_FB_2023-11-24_MQ5_6734_length,Calipers to nearest mm,Length,NA,mm,NA,14,NA
RICE039_FB_2023-11-24_MQ5,RICE039_FB_2023-11-24_MQ5_6735,RICE039_FB_2023-11-24_MQ5_6735_length,Calipers to nearest mm,Length,NA,mm,NA,6,NA
RICE039_FB_2023-11-24_MQ5,RICE039_FB_2023-11-24_MQ5_6736,RICE039_FB_2023-11-24_MQ5_6736_length,Calipers to nearest mm,Length,NA,mm,NA,5,NA
RICE039_FB_2023-11-24_MQ5,RICE039_FB_2023-11-24_MQ5_6737,RICE039_FB_2023-11-24_MQ5_6737_length,Calipers to nearest mm,Length,NA,mm,NA,8,NA
RICE039_FB_2023-11-24_MQ5,RICE039_FB_2023-11-24_MQ5_6738,RICE039_FB_2023-11-24_MQ5_6738_length,Calipers to nearest mm,Length,NA,mm,NA,7,NA
RICE039_NB_2023-11-25_FQ1,RICE039_NB_2023-11-25_FQ1_6739,RICE039_NB_2023-11-25_FQ1_6739_length,Calipers to nearest mm,Length,NA,mm,NA,19,NA
RICE039_NB_2023-11-25_FQ1,RICE039_NB_2023-11-25_FQ1_6740,RICE039_NB_2023-11-25_FQ1_6740_length,Calipers to nearest mm,Length,NA,mm,NA,17,NA
RICE039_NB_2023-11-25_FQ1,RICE039_NB_2023-11-25_FQ1_6741,RICE039_NB_2023-11-25_FQ1_6741_length,Calipers to nearest mm,Length,NA,mm,NA,21,NA
RICE039_NB_2023-11-25_FQ1,RICE039_NB_2023-11-25_FQ1_6742,RICE039_NB_2023-11-25_FQ1_6742_length,Calipers to nearest mm,Length,NA,mm,NA,18,NA
RICE039_NB_2023-11-25_FQ1,RICE039_NB_2023-11-25_FQ1_6743,RICE039_NB_2023-11-25_FQ1_6743_length,Calipers to nearest mm,Length,NA,mm,NA,19,NA
RICE039_NB_2023-11-25_FQ1,RICE039_NB_2023-11-25_FQ1_6744,RICE039_NB_2023-11-25_FQ1_6744_length,Calipers to nearest mm,Length,NA,mm,NA,22,NA
RICE039_NB_2023-11-25_FQ1,RICE039_NB_2023-11-25_FQ1_6745,RICE039_NB_2023-11-25_FQ1_6745_length,Calipers to nearest mm,Length,NA,mm,NA,17,NA
RICE039_NB_2023-11-25_FQ2,RICE039_NB_2023-11-25_FQ2_6746,RICE039_NB_2023-11-25_FQ2_6746_length,Calipers to nearest mm,Length,NA,mm,NA,18,NA
RICE039_NB_2023-11-25_FQ2,RICE039_NB_2023-11-25_FQ2_6747,RICE039_NB_2023-11-25_FQ2_6747_length,Calipers to nearest mm,Length,NA,mm,NA,8,NA
RICE039_NB_2023-11-25_FQ3,RICE039_NB_2023-11-25_FQ3_6748,RICE039_NB_2023-11-25_FQ3_6748_length,Calipers to nearest mm,Length,NA,mm,NA,16,NA
RICE039_NB_2023-11-25_FQ4,RICE039_NB_2023-11-25_FQ4_6749,RICE039_NB_2023-11-25_FQ4_6749_length,Calipers to nearest mm,Length,NA,mm,NA,34,NA
RICE039_NB_2023-11-25_FQ5,RICE039_NB_2023-11-25_FQ5_6750,RICE039_NB_2023-11-25_FQ5_6750_length,Calipers to nearest mm,Length,NA,mm,NA,77,NA
RICE039_WB_2023-11-26_MQ1,RICE039_WB_2023-11-26_MQ1_6751,RICE039_WB_2023-11-26_MQ1_6751_length,Calipers to nearest mm,Length,NA,mm,NA,19,NA
RICE039_WB_2023-11-26_MQ2,RICE039_WB_2023-11-26_MQ2_6752,RICE039_WB_2023-11-26_MQ2_6752_length,Calipers to nearest mm,Length,NA,mm,NA,19,NA
RICE039_WB_2023-11-26_MQ2,RICE039_WB_2023-11-26_MQ2_6753,RICE039_WB_2023-11-26_MQ2_6753_length,Calipers to nearest mm,Length,NA,mm,NA,10,NA
RICE039_WB_2023-11-26_MQ2,RICE039_WB_2023-11-26_MQ2_6754,RICE039_WB_2023-11-26_MQ2_6754_length,Calipers to nearest mm,Length,NA,mm,NA,14,NA
RICE039_WB_2023-11-26_MQ2,RICE039_WB_2023-11-26_MQ2_6755,RICE039_WB_2023-11-26_MQ2_6755_length,Calipers to nearest mm,Length,NA,mm,NA,8,NA
RICE039_WB_2023-11-26_MQ2,RICE039_WB_2023-11-26_MQ2_6756,RICE039_WB_2023-11-26_MQ2_6756_length,Calipers to nearest mm,Length,NA,mm,NA,13,NA
RICE039_WB_2023-11-26_MQ3,RICE039_WB_2023-11-26_MQ3_6757,RICE039_WB_2023-11-26_MQ3_6757_length,Calipers to nearest mm,Length,NA,mm,NA,16,NA
RICE039_WB_2023-11-26_MQ3,RICE039_WB_2023-11-26_MQ3_6758,RICE039_WB_2023-11-26_MQ3_6758_length,Calipers to nearest mm,Length,NA,mm,NA,17,NA
RICE039_WB_2023-11-26_MQ3,RICE039_WB_2023-11-26_MQ3_6759,RICE039_WB_2023-11-26_MQ3_6759_length,Calipers to nearest mm,Length,NA,mm,NA,19,NA
RICE039_WB_2023-11-26_MQ3,RICE039_WB_2023-11-26_MQ3_6760,RICE039_WB_2023-11-26_MQ3_6760_length,Calipers to nearest mm,Length,NA,mm,NA,18,NA
RICE039_WB_2023-11-26_MQ3,RICE039_WB_2023-11-26_MQ3_6761,RICE039_WB_2023-11-26_MQ3_6761_length,Calipers to nearest mm,Length,NA,mm,NA,10,NA
RICE039_WB_2023-11-26_MQ3,RICE039_WB_2023-11-26_MQ3_6762,RICE039_WB_2023-11-26_MQ3_6762_length,Calipers to nearest mm,Length,NA,mm,NA,8,NA
RICE039_WB_2023-11-26_MQ3,RICE039_WB_2023-11-26_MQ3_6763,RICE039_WB_2023-11-26_MQ3_6763_length,Calipers to nearest mm,Length,NA,mm,NA,12,NA
RICE039_WB_2023-11-26_MQ3,RICE039_WB_2023-11-26_MQ3_6764,RICE039_WB_2023-11-26_MQ3_6764_length,Calipers to nearest mm,Length,NA,mm,NA,11,NA
RICE039_WB_2023-11-26_MQ3,RICE039_WB_2023-11-26_MQ3_6765,RICE039_WB_2023-11-26_MQ3_6765_length,Calipers to nearest mm,Length,NA,mm,NA,9,NA
RICE039_WB_2023-11-26_MQ3,RICE039_WB_2023-11-26_MQ3_6766,RICE039_WB_2023-11-26_MQ3_6766_length,Calipers to nearest mm,Length,NA,mm,NA,7,NA
RICE039_WB_2023-11-26_MQ4,RICE039_WB_2023-11-26_MQ4_6767,RICE039_WB_2023-11-26_MQ4_6767_length,Calipers to nearest mm,Length,NA,mm,NA,18,NA
RICE039_WB_2023-11-26_MQ4,RICE039_WB_2023-11-26_MQ4_6768,RICE039_WB_2023-11-26_MQ4_6768_length,Calipers to nearest mm,Length,NA,mm,NA,13,NA
RICE039_WB_2023-11-26_MQ4,RICE039_WB_2023-11-26_MQ4_6769,RICE039_WB_2023-11-26_MQ4_6769_length,Calipers to nearest mm,Length,NA,mm,NA,12,NA
RICE039_WB_2023-11-26_MQ4,RICE039_WB_2023-11-26_MQ4_6770,RICE039_WB_2023-11-26_MQ4_6770_length,Calipers to nearest mm,Length,NA,mm,NA,11,NA
RICE039_WB_2023-11-26_MQ4,RICE039_WB_2023-11-26_MQ4_6771,RICE039_WB_2023-11-26_MQ4_6771_length,Calipers to nearest mm,Length,NA,mm,NA,8,NA
RICE039_WB_2023-11-26_MQ4,RICE039_WB_2023-11-26_MQ4_6772,RICE039_WB_2023-11-26_MQ4_6772_length,Calipers to nearest mm,Length,NA,mm,NA,10,NA
RICE039_WB_2023-11-26_MQ5,RICE039_WB_2023-11-26_MQ5_6773,RICE039_WB_2023-11-26_MQ5_6773_length,Calipers to nearest mm,Length,NA,mm,NA,6,NA
RICE039_WB_2023-11-26_MQ5,RICE039_WB_2023-11-26_MQ5_6774,RICE039_WB_2023-11-26_MQ5_6774_length,Calipers to nearest mm,Length,NA,mm,NA,9,NA
RICE040_WB_2024-02-08_MQ1,RICE040_WB_2024-02-08_MQ1_6775,RICE040_WB_2024-02-08_MQ1_6775_length,Calipers to nearest mm,Length,NA,mm,NA,11,NA
RICE040_WB_2024-02-08_MQ1,RICE040_WB_2024-02-08_MQ1_6776,RICE040_WB_2024-02-08_MQ1_6776_length,Calipers to nearest mm,Length,NA,mm,NA,15,NA
RICE040_WB_2024-02-08_MQ2,RICE040_WB_2024-02-08_MQ2_6777,RICE040_WB_2024-02-08_MQ2_6777_length,Calipers to nearest mm,Length,NA,mm,NA,10,NA
RICE040_WB_2024-02-08_MQ2,RICE040_WB_2024-02-08_MQ2_6778,RICE040_WB_2024-02-08_MQ2_6778_length,Calipers to nearest mm,Length,NA,mm,NA,11,NA
RICE040_WB_2024-02-08_MQ2,RICE040_WB_2024-02-08_MQ2_6779,RICE040_WB_2024-02-08_MQ2_6779_length,Calipers to nearest mm,Length,NA,mm,NA,12,NA
RICE040_WB_2024-02-08_MQ2,RICE040_WB_2024-02-08_MQ2_6780,RICE040_WB_2024-02-08_MQ2_6780_length,Calipers to nearest mm,Length,NA,mm,NA,13,NA
RICE040_WB_2024-02-08_MQ2,RICE040_WB_2024-02-08_MQ2_6781,RICE040_WB_2024-02-08_MQ2_6781_length,Calipers to nearest mm,Length,NA,mm,NA,14,NA
RICE040_WB_2024-02-08_MQ2,RICE040_WB_2024-02-08_MQ2_6782,RICE040_WB_2024-02-08_MQ2_6782_length,Calipers to nearest mm,Length,NA,mm,NA,17,NA
RICE040_WB_2024-02-08_MQ2,RICE040_WB_2024-02-08_MQ2_6783,RICE040_WB_2024-02-08_MQ2_6783_length,Calipers to nearest mm,Length,NA,mm,NA,18,NA
RICE040_WB_2024-02-08_MQ2,RICE040_WB_2024-02-08_MQ2_6784,RICE040_WB_2024-02-08_MQ2_6784_length,Calipers to nearest mm,Length,NA,mm,NA,19,NA
RICE040_WB_2024-02-08_MQ2,RICE040_WB_2024-02-08_MQ2_6785,RICE040_WB_2024-02-08_MQ2_6785_length,Calipers to nearest mm,Length,NA,mm,NA,9,NA
RICE040_WB_2024-02-08_MQ2,RICE040_WB_2024-02-08_MQ2_6786,RICE040_WB_2024-02-08_MQ2_6786_length,Calipers to nearest mm,Length,NA,mm,NA,7,NA
RICE040_WB_2024-02-08_MQ3,RICE040_WB_2024-02-08_MQ3_6787,RICE040_WB_2024-02-08_MQ3_6787_length,Calipers to nearest mm,Length,NA,mm,NA,19,NA
RICE040_WB_2024-02-08_MQ3,RICE040_WB_2024-02-08_MQ3_6788,RICE040_WB_2024-02-08_MQ3_6788_length,Calipers to nearest mm,Length,NA,mm,NA,20,NA
RICE040_WB_2024-02-08_MQ3,RICE040_WB_2024-02-08_MQ3_6789,RICE040_WB_2024-02-08_MQ3_6789_length,Calipers to nearest mm,Length,NA,mm,NA,5,NA
RICE040_WB_2024-02-08_MQ3,RICE040_WB_2024-02-08_MQ3_6790,RICE040_WB_2024-02-08_MQ3_6790_length,Calipers to nearest mm,Length,NA,mm,NA,8,NA
RICE040_WB_2024-02-08_MQ3,RICE040_WB_2024-02-08_MQ3_6791,RICE040_WB_2024-02-08_MQ3_6791_length,Calipers to nearest mm,Length,NA,mm,NA,9,NA
RICE040_WB_2024-02-08_MQ3,RICE040_WB_2024-02-08_MQ3_6792,RICE040_WB_2024-02-08_MQ3_6792_length,Calipers to nearest mm,Length,NA,mm,NA,10,NA
RICE040_WB_2024-02-08_MQ4,RICE040_WB_2024-02-08_MQ4_6793,RICE040_WB_2024-02-08_MQ4_6793_length,Calipers to nearest mm,Length,NA,mm,NA,17,NA
RICE040_WB_2024-02-08_MQ4,RICE040_WB_2024-02-08_MQ4_6794,RICE040_WB_2024-02-08_MQ4_6794_length,Calipers to nearest mm,Length,NA,mm,NA,19,NA
RICE040_WB_2024-02-08_MQ4,RICE040_WB_2024-02-08_MQ4_6795,RICE040_WB_2024-02-08_MQ4_6795_length,Calipers to nearest mm,Length,NA,mm,NA,5,NA
RICE040_WB_2024-02-08_MQ4,RICE040_WB_2024-02-08_MQ4_6796,RICE040_WB_2024-02-08_MQ4_6796_length,Calipers to nearest mm,Length,NA,mm,NA,6,NA
RICE040_WB_2024-02-08_MQ4,RICE040_WB_2024-02-08_MQ4_6797,RICE040_WB_2024-02-08_MQ4_6797_length,Calipers to nearest mm,Length,NA,mm,NA,9,NA
RICE040_WB_2024-02-08_MQ4,RICE040_WB_2024-02-08_MQ4_6798,RICE040_WB_2024-02-08_MQ4_6798_length,Calipers to nearest mm,Length,NA,mm,NA,10,NA
RICE040_WB_2024-02-08_MQ4,RICE040_WB_2024-02-08_MQ4_6799,RICE040_WB_2024-02-08_MQ4_6799_length,Calipers to nearest mm,Length,NA,mm,NA,11,NA
RICE040_WB_2024-02-08_MQ4,RICE040_WB_2024-02-08_MQ4_6800,RICE040_WB_2024-02-08_MQ4_6800_length,Calipers to nearest mm,Length,NA,mm,NA,12,NA
RICE040_WB_2024-02-08_MQ4,RICE040_WB_2024-02-08_MQ4_6801,RICE040_WB_2024-02-08_MQ4_6801_length,Calipers to nearest mm,Length,NA,mm,NA,14,NA
RICE040_WB_2024-02-08_FQ3,RICE040_WB_2024-02-08_FQ3_6802,RICE040_WB_2024-02-08_FQ3_6802_length,Calipers to nearest mm,Length,NA,mm,NA,16,NA
RICE040_WB_2024-02-08_FQ3,RICE040_WB_2024-02-08_FQ3_6803,RICE040_WB_2024-02-08_FQ3_6803_length,Calipers to nearest mm,Length,NA,mm,NA,9,NA
RICE040_WB_2024-02-08_FQ3,RICE040_WB_2024-02-08_FQ3_6804,RICE040_WB_2024-02-08_FQ3_6804_length,Calipers to nearest mm,Length,NA,mm,NA,10,NA
RICE040_WB_2024-02-08_FQ3,RICE040_WB_2024-02-08_FQ3_6805,RICE040_WB_2024-02-08_FQ3_6805_length,Calipers to nearest mm,Length,NA,mm,NA,11,NA
RICE040_WB_2024-02-08_FQ3,RICE040_WB_2024-02-08_FQ3_6806,RICE040_WB_2024-02-08_FQ3_6806_length,Calipers to nearest mm,Length,NA,mm,NA,12,NA
RICE040_WB_2024-02-08_FQ3,RICE040_WB_2024-02-08_FQ3_6807,RICE040_WB_2024-02-08_FQ3_6807_length,Calipers to nearest mm,Length,NA,mm,NA,13,NA
RICE040_WB_2024-02-08_FQ3,RICE040_WB_2024-02-08_FQ3_6808,RICE040_WB_2024-02-08_FQ3_6808_length,Calipers to nearest mm,Length,NA,mm,NA,14,NA
RICE040_WB_2024-02-08_FQ3,RICE040_WB_2024-02-08_FQ3_6809,RICE040_WB_2024-02-08_FQ3_6809_length,Calipers to nearest mm,Length,NA,mm,NA,15,NA
RICE040_WB_2024-02-08_FQ3,RICE040_WB_2024-02-08_FQ3_6810,RICE040_WB_2024-02-08_FQ3_6810_length,Calipers to nearest mm,Length,NA,mm,NA,16,NA
RICE040_WB_2024-02-08_FQ5,RICE040_WB_2024-02-08_FQ5_6811,RICE040_WB_2024-02-08_FQ5_6811_length,Calipers to nearest mm,Length,NA,mm,NA,14,NA
RICE040_WB_2024-02-08_FQ4,RICE040_WB_2024-02-08_FQ4_6812,RICE040_WB_2024-02-08_FQ4_6812_length,Calipers to nearest mm,Length,NA,mm,NA,11,NA
RICE040_NB_2024-02-09_MQ3,RICE040_NB_2024-02-09_MQ3_6813,RICE040_NB_2024-02-09_MQ3_6813_length,Calipers to nearest mm,Length,NA,mm,NA,21,NA
RICE040_NB_2024-02-09_MQ4,RICE040_NB_2024-02-09_MQ4_6814,RICE040_NB_2024-02-09_MQ4_6814_length,Calipers to nearest mm,Length,NA,mm,NA,8,NA
RICE040_NB_2024-02-09_MQ4,RICE040_NB_2024-02-09_MQ4_6815,RICE040_NB_2024-02-09_MQ4_6815_length,Calipers to nearest mm,Length,NA,mm,NA,9,NA
RICE040_NB_2024-02-09_MQ4,RICE040_NB_2024-02-09_MQ4_6816,RICE040_NB_2024-02-09_MQ4_6816_length,Calipers to nearest mm,Length,NA,mm,NA,11,NA
RICE040_NB_2024-02-09_MQ4,RICE040_NB_2024-02-09_MQ4_6817,RICE040_NB_2024-02-09_MQ4_6817_length,Calipers to nearest mm,Length,NA,mm,NA,15,NA
RICE040_NB_2024-02-09_MQ4,RICE040_NB_2024-02-09_MQ4_6818,RICE040_NB_2024-02-09_MQ4_6818_length,Calipers to nearest mm,Length,NA,mm,NA,19,NA
RICE040_NB_2024-02-09_MQ4,RICE040_NB_2024-02-09_MQ4_6819,RICE040_NB_2024-02-09_MQ4_6819_length,Calipers to nearest mm,Length,NA,mm,NA,10,NA
RICE040_FB_2024-02-12_MQ1,RICE040_FB_2024-02-12_MQ1_6820,RICE040_FB_2024-02-12_MQ1_6820_length,Calipers to nearest mm,Length,NA,mm,NA,10,NA
RICE040_FB_2024-02-12_MQ1,RICE040_FB_2024-02-12_MQ1_6821,RICE040_FB_2024-02-12_MQ1_6821_length,Calipers to nearest mm,Length,NA,mm,NA,9,NA
RICE040_FB_2024-02-12_MQ3,RICE040_FB_2024-02-12_MQ3_6822,RICE040_FB_2024-02-12_MQ3_6822_length,Calipers to nearest mm,Length,NA,mm,NA,8,NA
RICE040_FB_2024-02-12_MQ3,RICE040_FB_2024-02-12_MQ3_6823,RICE040_FB_2024-02-12_MQ3_6823_length,Calipers to nearest mm,Length,NA,mm,NA,11,NA
RICE040_FB_2024-02-12_MQ4,RICE040_FB_2024-02-12_MQ4_6824,RICE040_FB_2024-02-12_MQ4_6824_length,Calipers to nearest mm,Length,NA,mm,NA,15,NA
RICE040_FB_2024-02-12_MQ4,RICE040_FB_2024-02-12_MQ4_6825,RICE040_FB_2024-02-12_MQ4_6825_length,Calipers to nearest mm,Length,NA,mm,NA,12,NA
RICE040_FB_2024-02-12_MQ4,RICE040_FB_2024-02-12_MQ4_6826,RICE040_FB_2024-02-12_MQ4_6826_length,Calipers to nearest mm,Length,NA,mm,NA,9,NA
RICE040_FB_2024-02-12_MQ4,RICE040_FB_2024-02-12_MQ4_6827,RICE040_FB_2024-02-12_MQ4_6827_length,Calipers to nearest mm,Length,NA,mm,NA,8,NA
RICE040_FB_2024-02-12_MQ5,RICE040_FB_2024-02-12_MQ5_6828,RICE040_FB_2024-02-12_MQ5_6828_length,Calipers to nearest mm,Length,NA,mm,NA,15,NA
RICE040_FB_2024-02-12_MQ5,RICE040_FB_2024-02-12_MQ5_6829,RICE040_FB_2024-02-12_MQ5_6829_length,Calipers to nearest mm,Length,NA,mm,NA,12,NA
RICE040_FB_2024-02-12_MQ5,RICE040_FB_2024-02-12_MQ5_6830,RICE040_FB_2024-02-12_MQ5_6830_length,Calipers to nearest mm,Length,NA,mm,NA,11,NA
RICE041_NB_2024-06-07_FQ2,RICE041_NB_2024-06-07_FQ2_6831,RICE041_NB_2024-06-07_FQ2_6831_length,Calipers to nearest mm,Length,NA,mm,NA,15,NA
RICE041_NB_2024-06-07_FQ2,RICE041_NB_2024-06-07_FQ2_6832,RICE041_NB_2024-06-07_FQ2_6832_length,Calipers to nearest mm,Length,NA,mm,NA,16,NA
RICE041_NB_2024-06-07_FQ2,RICE041_NB_2024-06-07_FQ2_6833,RICE041_NB_2024-06-07_FQ2_6833_length,Calipers to nearest mm,Length,NA,mm,NA,14,NA
RICE041_NB_2024-06-07_FQ1,RICE041_NB_2024-06-07_FQ1_6834,RICE041_NB_2024-06-07_FQ1_6834_length,Calipers to nearest mm,Length,NA,mm,NA,20,NA
RICE041_FB_2024-06-08_BQ1,RICE041_FB_2024-06-08_BQ1_6835,RICE041_FB_2024-06-08_BQ1_6835_length,Calipers to nearest mm,Length,NA,mm,NA,19,NA
RICE041_FB_2024-06-08_BQ1,RICE041_FB_2024-06-08_BQ1_6836,RICE041_FB_2024-06-08_BQ1_6836_length,Calipers to nearest mm,Length,NA,mm,NA,21,NA
RICE041_FB_2024-06-08_BQ1,RICE041_FB_2024-06-08_BQ1_6837,RICE041_FB_2024-06-08_BQ1_6837_length,Calipers to nearest mm,Length,NA,mm,NA,20,NA
RICE041_FB_2024-06-08_BQ1,RICE041_FB_2024-06-08_BQ1_6838,RICE041_FB_2024-06-08_BQ1_6838_length,Calipers to nearest mm,Length,NA,mm,NA,18,NA
RICE041_FB_2024-06-08_BQ1,RICE041_FB_2024-06-08_BQ1_6839,RICE041_FB_2024-06-08_BQ1_6839_length,Calipers to nearest mm,Length,NA,mm,NA,17,NA
RICE041_FB_2024-06-08_BQ4,RICE041_FB_2024-06-08_BQ4_6840,RICE041_FB_2024-06-08_BQ4_6840_length,Calipers to nearest mm,Length,NA,mm,NA,17,NA
RICE041_FB_2024-06-08_BQ4,RICE041_FB_2024-06-08_BQ4_6841,RICE041_FB_2024-06-08_BQ4_6841_length,Calipers to nearest mm,Length,NA,mm,NA,19,NA
RICE041_FB_2024-06-08_BQ4,RICE041_FB_2024-06-08_BQ4_6842,RICE041_FB_2024-06-08_BQ4_6842_length,Calipers to nearest mm,Length,NA,mm,NA,16,NA
RICE041_FB_2024-06-08_BQ5,RICE041_FB_2024-06-08_BQ5_6843,RICE041_FB_2024-06-08_BQ5_6843_length,Calipers to nearest mm,Length,NA,mm,NA,17,NA
RICE041_FB_2024-06-08_FQ1,RICE041_FB_2024-06-08_FQ1_6844,RICE041_FB_2024-06-08_FQ1_6844_length,Calipers to nearest mm,Length,NA,mm,NA,22,NA
RICE041_FB_2024-06-08_FQ1,RICE041_FB_2024-06-08_FQ1_6845,RICE041_FB_2024-06-08_FQ1_6845_length,Calipers to nearest mm,Length,NA,mm,NA,25,NA
RICE041_FB_2024-06-08_FQ1,RICE041_FB_2024-06-08_FQ1_6846,RICE041_FB_2024-06-08_FQ1_6846_length,Calipers to nearest mm,Length,NA,mm,NA,20,NA
RICE041_FB_2024-06-08_FQ1,RICE041_FB_2024-06-08_FQ1_6847,RICE041_FB_2024-06-08_FQ1_6847_length,Calipers to nearest mm,Length,NA,mm,NA,21,NA
RICE041_FB_2024-06-08_FQ1,RICE041_FB_2024-06-08_FQ1_6848,RICE041_FB_2024-06-08_FQ1_6848_length,Calipers to nearest mm,Length,NA,mm,NA,23,NA
RICE041_FB_2024-06-08_FQ1,RICE041_FB_2024-06-08_FQ1_6849,RICE041_FB_2024-06-08_FQ1_6849_length,Calipers to nearest mm,Length,NA,mm,NA,19,NA
RICE041_FB_2024-06-08_FQ1,RICE041_FB_2024-06-08_FQ1_6850,RICE041_FB_2024-06-08_FQ1_6850_length,Calipers to nearest mm,Length,NA,mm,NA,19,NA
RICE041_FB_2024-06-08_FQ3,RICE041_FB_2024-06-08_FQ3_6851,RICE041_FB_2024-06-08_FQ3_6851_length,Calipers to nearest mm,Length,NA,mm,NA,22,NA
RICE041_FB_2024-06-08_FQ3,RICE041_FB_2024-06-08_FQ3_6852,RICE041_FB_2024-06-08_FQ3_6852_length,Calipers to nearest mm,Length,NA,mm,NA,20,NA
RICE041_FB_2024-06-08_FQ2,RICE041_FB_2024-06-08_FQ2_6853,RICE041_FB_2024-06-08_FQ2_6853_length,Calipers to nearest mm,Length,NA,mm,NA,29,NA
RICE041_FB_2024-06-08_FQ2,RICE041_FB_2024-06-08_FQ2_6854,RICE041_FB_2024-06-08_FQ2_6854_length,Calipers to nearest mm,Length,NA,mm,NA,21,NA
RICE041_FB_2024-06-08_FQ2,RICE041_FB_2024-06-08_FQ2_6855,RICE041_FB_2024-06-08_FQ2_6855_length,Calipers to nearest mm,Length,NA,mm,NA,22,NA
RICE041_FB_2024-06-08_FQ2,RICE041_FB_2024-06-08_FQ2_6856,RICE041_FB_2024-06-08_FQ2_6856_length,Calipers to nearest mm,Length,NA,mm,NA,14,NA
RICE041_FB_2024-06-08_FQ2,RICE041_FB_2024-06-08_FQ2_6857,RICE041_FB_2024-06-08_FQ2_6857_length,Calipers to nearest mm,Length,NA,mm,NA,28,NA
RICE041_FB_2024-06-08_FQ4,RICE041_FB_2024-06-08_FQ4_6858,RICE041_FB_2024-06-08_FQ4_6858_length,Calipers to nearest mm,Length,NA,mm,NA,21,NA
RICE041_FB_2024-06-08_FQ4,RICE041_FB_2024-06-08_FQ4_6859,RICE041_FB_2024-06-08_FQ4_6859_length,Calipers to nearest mm,Length,NA,mm,NA,24,NA
RICE041_FB_2024-06-08_FQ4,RICE041_FB_2024-06-08_FQ4_6860,RICE041_FB_2024-06-08_FQ4_6860_length,Calipers to nearest mm,Length,NA,mm,NA,18,NA
RICE041_FB_2024-06-08_FQ4,RICE041_FB_2024-06-08_FQ4_6861,RICE041_FB_2024-06-08_FQ4_6861_length,Calipers to nearest mm,Length,NA,mm,NA,23,NA
RICE041_FB_2024-06-08_MQ1,RICE041_FB_2024-06-08_MQ1_6862,RICE041_FB_2024-06-08_MQ1_6862_length,Calipers to nearest mm,Length,NA,mm,NA,19,NA
RICE041_FB_2024-06-08_MQ1,RICE041_FB_2024-06-08_MQ1_6863,RICE041_FB_2024-06-08_MQ1_6863_length,Calipers to nearest mm,Length,NA,mm,NA,16,NA
RICE041_FB_2024-06-08_MQ3,RICE041_FB_2024-06-08_MQ3_6864,RICE041_FB_2024-06-08_MQ3_6864_length,Calipers to nearest mm,Length,NA,mm,NA,17,NA
RICE041_FB_2024-06-08_MQ3,RICE041_FB_2024-06-08_MQ3_6865,RICE041_FB_2024-06-08_MQ3_6865_length,Calipers to nearest mm,Length,NA,mm,NA,16,NA
RICE041_FB_2024-06-08_MQ3,RICE041_FB_2024-06-08_MQ3_6866,RICE041_FB_2024-06-08_MQ3_6866_length,Calipers to nearest mm,Length,NA,mm,NA,15,NA
RICE041_FB_2024-06-08_MQ4,RICE041_FB_2024-06-08_MQ4_6867,RICE041_FB_2024-06-08_MQ4_6867_length,Calipers to nearest mm,Length,NA,mm,NA,18,NA
RICE041_FB_2024-06-08_MQ4,RICE041_FB_2024-06-08_MQ4_6868,RICE041_FB_2024-06-08_MQ4_6868_length,Calipers to nearest mm,Length,NA,mm,NA,16,NA
RICE041_FB_2024-06-08_MQ4,RICE041_FB_2024-06-08_MQ4_6869,RICE041_FB_2024-06-08_MQ4_6869_length,Calipers to nearest mm,Length,NA,mm,NA,20,NA
RICE041_FB_2024-06-08_MQ4,RICE041_FB_2024-06-08_MQ4_6870,RICE041_FB_2024-06-08_MQ4_6870_length,Calipers to nearest mm,Length,NA,mm,NA,13,NA
RICE041_FB_2024-06-08_MQ4,RICE041_FB_2024-06-08_MQ4_6871,RICE041_FB_2024-06-08_MQ4_6871_length,Calipers to nearest mm,Length,NA,mm,NA,19,NA
RICE041_FB_2024-06-08_MQ4,RICE041_FB_2024-06-08_MQ4_6872,RICE041_FB_2024-06-08_MQ4_6872_length,Calipers to nearest mm,Length,NA,mm,NA,12,NA
RICE041_FB_2024-06-08_MQ5,RICE041_FB_2024-06-08_MQ5_6873,RICE041_FB_2024-06-08_MQ5_6873_length,Calipers to nearest mm,Length,NA,mm,NA,14,NA
RICE041_FB_2024-06-08_MQ5,RICE041_FB_2024-06-08_MQ5_6874,RICE041_FB_2024-06-08_MQ5_6874_length,Calipers to nearest mm,Length,NA,mm,NA,17,NA
RICE041_FB_2024-06-08_MQ5,RICE041_FB_2024-06-08_MQ5_6875,RICE041_FB_2024-06-08_MQ5_6875_length,Calipers to nearest mm,Length,NA,mm,NA,16,NA
RICE041_FB_2024-06-08_MQ5,RICE041_FB_2024-06-08_MQ5_6876,RICE041_FB_2024-06-08_MQ5_6876_length,Calipers to nearest mm,Length,NA,mm,NA,15,NA
RICE041_WB_2024-06-09_MQ1,RICE041_WB_2024-06-09_MQ1_6877,RICE041_WB_2024-06-09_MQ1_6877_length,Calipers to nearest mm,Length,NA,mm,NA,21,NA
RICE041_WB_2024-06-09_MQ1,RICE041_WB_2024-06-09_MQ1_6878,RICE041_WB_2024-06-09_MQ1_6878_length,Calipers to nearest mm,Length,NA,mm,NA,19,NA
RICE041_WB_2024-06-09_MQ1,RICE041_WB_2024-06-09_MQ1_6879,RICE041_WB_2024-06-09_MQ1_6879_length,Calipers to nearest mm,Length,NA,mm,NA,17,NA
RICE041_WB_2024-06-09_MQ1,RICE041_WB_2024-06-09_MQ1_6880,RICE041_WB_2024-06-09_MQ1_6880_length,Calipers to nearest mm,Length,NA,mm,NA,13,NA
RICE041_WB_2024-06-09_MQ1,RICE041_WB_2024-06-09_MQ1_6881,RICE041_WB_2024-06-09_MQ1_6881_length,Calipers to nearest mm,Length,NA,mm,NA,23,NA
RICE041_WB_2024-06-09_MQ1,RICE041_WB_2024-06-09_MQ1_6882,RICE041_WB_2024-06-09_MQ1_6882_length,Calipers to nearest mm,Length,NA,mm,NA,18,NA
RICE041_WB_2024-06-09_MQ2,RICE041_WB_2024-06-09_MQ2_6883,RICE041_WB_2024-06-09_MQ2_6883_length,Calipers to nearest mm,Length,NA,mm,NA,18,NA
RICE041_WB_2024-06-09_MQ2,RICE041_WB_2024-06-09_MQ2_6884,RICE041_WB_2024-06-09_MQ2_6884_length,Calipers to nearest mm,Length,NA,mm,NA,21,NA
RICE041_WB_2024-06-09_MQ2,RICE041_WB_2024-06-09_MQ2_6885,RICE041_WB_2024-06-09_MQ2_6885_length,Calipers to nearest mm,Length,NA,mm,NA,17,NA
RICE041_WB_2024-06-09_MQ2,RICE041_WB_2024-06-09_MQ2_6886,RICE041_WB_2024-06-09_MQ2_6886_length,Calipers to nearest mm,Length,NA,mm,NA,20,NA
RICE041_WB_2024-06-09_MQ2,RICE041_WB_2024-06-09_MQ2_6887,RICE041_WB_2024-06-09_MQ2_6887_length,Calipers to nearest mm,Length,NA,mm,NA,19,NA
RICE041_WB_2024-06-09_MQ2,RICE041_WB_2024-06-09_MQ2_6888,RICE041_WB_2024-06-09_MQ2_6888_length,Calipers to nearest mm,Length,NA,mm,NA,12,NA
RICE041_WB_2024-06-09_MQ2,RICE041_WB_2024-06-09_MQ2_6889,RICE041_WB_2024-06-09_MQ2_6889_length,Calipers to nearest mm,Length,NA,mm,NA,13,NA
RICE041_WB_2024-06-09_MQ3,RICE041_WB_2024-06-09_MQ3_6890,RICE041_WB_2024-06-09_MQ3_6890_length,Calipers to nearest mm,Length,NA,mm,NA,19,NA
RICE041_WB_2024-06-09_MQ3,RICE041_WB_2024-06-09_MQ3_6891,RICE041_WB_2024-06-09_MQ3_6891_length,Calipers to nearest mm,Length,NA,mm,NA,18,NA
RICE041_WB_2024-06-09_MQ3,RICE041_WB_2024-06-09_MQ3_6892,RICE041_WB_2024-06-09_MQ3_6892_length,Calipers to nearest mm,Length,NA,mm,NA,21,NA
RICE041_WB_2024-06-09_MQ3,RICE041_WB_2024-06-09_MQ3_6893,RICE041_WB_2024-06-09_MQ3_6893_length,Calipers to nearest mm,Length,NA,mm,NA,20,NA
RICE041_WB_2024-06-09_MQ3,RICE041_WB_2024-06-09_MQ3_6894,RICE041_WB_2024-06-09_MQ3_6894_length,Calipers to nearest mm,Length,NA,mm,NA,15,NA
RICE041_WB_2024-06-09_MQ3,RICE041_WB_2024-06-09_MQ3_6895,RICE041_WB_2024-06-09_MQ3_6895_length,Calipers to nearest mm,Length,NA,mm,NA,16,NA
RICE041_WB_2024-06-09_MQ3,RICE041_WB_2024-06-09_MQ3_6896,RICE041_WB_2024-06-09_MQ3_6896_length,Calipers to nearest mm,Length,NA,mm,NA,12,NA
RICE041_WB_2024-06-09_MQ3,RICE041_WB_2024-06-09_MQ3_6897,RICE041_WB_2024-06-09_MQ3_6897_length,Calipers to nearest mm,Length,NA,mm,NA,9,NA
RICE041_WB_2024-06-09_MQ3,RICE041_WB_2024-06-09_MQ3_6898,RICE041_WB_2024-06-09_MQ3_6898_length,Calipers to nearest mm,Length,NA,mm,NA,11,NA
RICE041_WB_2024-06-09_MQ4,RICE041_WB_2024-06-09_MQ4_6899,RICE041_WB_2024-06-09_MQ4_6899_length,Calipers to nearest mm,Length,NA,mm,NA,18,NA
RICE041_WB_2024-06-09_MQ4,RICE041_WB_2024-06-09_MQ4_6900,RICE041_WB_2024-06-09_MQ4_6900_length,Calipers to nearest mm,Length,NA,mm,NA,20,NA
RICE041_WB_2024-06-09_MQ4,RICE041_WB_2024-06-09_MQ4_6901,RICE041_WB_2024-06-09_MQ4_6901_length,Calipers to nearest mm,Length,NA,mm,NA,19,NA
RICE041_WB_2024-06-09_MQ4,RICE041_WB_2024-06-09_MQ4_6902,RICE041_WB_2024-06-09_MQ4_6902_length,Calipers to nearest mm,Length,NA,mm,NA,17,NA
RICE041_WB_2024-06-09_MQ4,RICE041_WB_2024-06-09_MQ4_6903,RICE041_WB_2024-06-09_MQ4_6903_length,Calipers to nearest mm,Length,NA,mm,NA,16,NA
RICE041_WB_2024-06-09_MQ4,RICE041_WB_2024-06-09_MQ4_6904,RICE041_WB_2024-06-09_MQ4_6904_length,Calipers to nearest mm,Length,NA,mm,NA,14,NA
RICE041_WB_2024-06-09_MQ5,RICE041_WB_2024-06-09_MQ5_6905,RICE041_WB_2024-06-09_MQ5_6905_length,Calipers to nearest mm,Length,NA,mm,NA,19,NA
RICE041_WB_2024-06-09_MQ5,RICE041_WB_2024-06-09_MQ5_6906,RICE041_WB_2024-06-09_MQ5_6906_length,Calipers to nearest mm,Length,NA,mm,NA,20,NA
RICE041_WB_2024-06-09_MQ5,RICE041_WB_2024-06-09_MQ5_6907,RICE041_WB_2024-06-09_MQ5_6907_length,Calipers to nearest mm,Length,NA,mm,NA,21,NA
RICE041_WB_2024-06-09_MQ5,RICE041_WB_2024-06-09_MQ5_6908,RICE041_WB_2024-06-09_MQ5_6908_length,Calipers to nearest mm,Length,NA,mm,NA,15,NA
RICE041_WB_2024-06-09_MQ5,RICE041_WB_2024-06-09_MQ5_6909,RICE041_WB_2024-06-09_MQ5_6909_length,Calipers to nearest mm,Length,NA,mm,NA,14,NA
RICE041_WB_2024-06-09_MQ5,RICE041_WB_2024-06-09_MQ5_6910,RICE041_WB_2024-06-09_MQ5_6910_length,Calipers to nearest mm,Length,NA,mm,NA,16,NA
RICE041_WB_2024-06-09_MQ5,RICE041_WB_2024-06-09_MQ5_6911,RICE041_WB_2024-06-09_MQ5_6911_length,Calipers to nearest mm,Length,NA,mm,NA,18,NA
RICE041_WB_2024-06-09_MQ5,RICE041_WB_2024-06-09_MQ5_6912,RICE041_WB_2024-06-09_MQ5_6912_length,Calipers to nearest mm,Length,NA,mm,NA,11,NA
RICE041_WB_2024-06-09_FQ3,RICE041_WB_2024-06-09_FQ3_6913,RICE041_WB_2024-06-09_FQ3_6913_length,Calipers to nearest mm,Length,NA,mm,NA,12,NA
RICE041_WB_2024-06-09_FQ3,RICE041_WB_2024-06-09_FQ3_6914,RICE041_WB_2024-06-09_FQ3_6914_length,Calipers to nearest mm,Length,NA,mm,NA,14,NA
RICE041_WB_2024-06-09_FQ3,RICE041_WB_2024-06-09_FQ3_6915,RICE041_WB_2024-06-09_FQ3_6915_length,Calipers to nearest mm,Length,NA,mm,NA,13,NA
RICE041_WB_2024-06-09_FQ3,RICE041_WB_2024-06-09_FQ3_6916,RICE041_WB_2024-06-09_FQ3_6916_length,Calipers to nearest mm,Length,NA,mm,NA,22,NA
RICE041_WB_2024-06-09_FQ3,RICE041_WB_2024-06-09_FQ3_6917,RICE041_WB_2024-06-09_FQ3_6917_length,Calipers to nearest mm,Length,NA,mm,NA,13,NA
RICE041_WB_2024-06-09_FQ5,RICE041_WB_2024-06-09_FQ5_6918,RICE041_WB_2024-06-09_FQ5_6918_length,Calipers to nearest mm,Length,NA,mm,NA,19,NA
RICE041_WB_2024-06-09_FQ5,RICE041_WB_2024-06-09_FQ5_6919,RICE041_WB_2024-06-09_FQ5_6919_length,Calipers to nearest mm,Length,NA,mm,NA,15,NA
RICE041_WB_2024-06-09_FQ5,RICE041_WB_2024-06-09_FQ5_6920,RICE041_WB_2024-06-09_FQ5_6920_length,Calipers to nearest mm,Length,NA,mm,NA,18,NA
RICE041_WB_2024-06-09_FQ5,RICE041_WB_2024-06-09_FQ5_6921,RICE041_WB_2024-06-09_FQ5_6921_length,Calipers to nearest mm,Length,NA,mm,NA,17,NA
RICE041_NB_2024-06-10_MQ1,RICE041_NB_2024-06-10_MQ1_6922,RICE041_NB_2024-06-10_MQ1_6922_length,Calipers to nearest mm,Length,NA,mm,NA,17,NA
RICE041_NB_2024-06-10_MQ1,RICE041_NB_2024-06-10_MQ1_6923,RICE041_NB_2024-06-10_MQ1_6923_length,Calipers to nearest mm,Length,NA,mm,NA,19,NA
RICE041_NB_2024-06-10_MQ1,RICE041_NB_2024-06-10_MQ1_6924,RICE041_NB_2024-06-10_MQ1_6924_length,Calipers to nearest mm,Length,NA,mm,NA,16,NA
RICE041_NB_2024-06-10_MQ1,RICE041_NB_2024-06-10_MQ1_6925,RICE041_NB_2024-06-10_MQ1_6925_length,Calipers to nearest mm,Length,NA,mm,NA,23,NA
RICE041_NB_2024-06-10_MQ2,RICE041_NB_2024-06-10_MQ2_6926,RICE041_NB_2024-06-10_MQ2_6926_length,Calipers to nearest mm,Length,NA,mm,NA,17,NA
RICE041_NB_2024-06-10_MQ2,RICE041_NB_2024-06-10_MQ2_6927,RICE041_NB_2024-06-10_MQ2_6927_length,Calipers to nearest mm,Length,NA,mm,NA,21,NA
RICE041_NB_2024-06-10_MQ2,RICE041_NB_2024-06-10_MQ2_6928,RICE041_NB_2024-06-10_MQ2_6928_length,Calipers to nearest mm,Length,NA,mm,NA,19,NA
RICE041_NB_2024-06-10_MQ2,RICE041_NB_2024-06-10_MQ2_6929,RICE041_NB_2024-06-10_MQ2_6929_length,Calipers to nearest mm,Length,NA,mm,NA,15,NA
RICE041_NB_2024-06-10_MQ3,RICE041_NB_2024-06-10_MQ3_6930,RICE041_NB_2024-06-10_MQ3_6930_length,Calipers to nearest mm,Length,NA,mm,NA,18,NA
RICE041_NB_2024-06-10_MQ3,RICE041_NB_2024-06-10_MQ3_6931,RICE041_NB_2024-06-10_MQ3_6931_length,Calipers to nearest mm,Length,NA,mm,NA,19,NA
RICE041_NB_2024-06-10_MQ3,RICE041_NB_2024-06-10_MQ3_6932,RICE041_NB_2024-06-10_MQ3_6932_length,Calipers to nearest mm,Length,NA,mm,NA,15,NA
RICE041_NB_2024-06-10_MQ3,RICE041_NB_2024-06-10_MQ3_6933,RICE041_NB_2024-06-10_MQ3_6933_length,Calipers to nearest mm,Length,NA,mm,NA,17,NA
RICE041_NB_2024-06-10_MQ4,RICE041_NB_2024-06-10_MQ4_6934,RICE041_NB_2024-06-10_MQ4_6934_length,Calipers to nearest mm,Length,NA,mm,NA,16,NA
RICE041_NB_2024-06-10_MQ4,RICE041_NB_2024-06-10_MQ4_6935,RICE041_NB_2024-06-10_MQ4_6935_length,Calipers to nearest mm,Length,NA,mm,NA,15,NA
RICE041_NB_2024-06-10_MQ4,RICE041_NB_2024-06-10_MQ4_6936,RICE041_NB_2024-06-10_MQ4_6936_length,Calipers to nearest mm,Length,NA,mm,NA,18,NA
RICE041_NB_2024-06-10_MQ4,RICE041_NB_2024-06-10_MQ4_6937,RICE041_NB_2024-06-10_MQ4_6937_length,Calipers to nearest mm,Length,NA,mm,NA,17,NA
RICE041_NB_2024-06-10_MQ4,RICE041_NB_2024-06-10_MQ4_6938,RICE041_NB_2024-06-10_MQ4_6938_length,Calipers to nearest mm,Length,NA,mm,NA,20,NA
RICE041_NB_2024-06-10_MQ4,RICE041_NB_2024-06-10_MQ4_6939,RICE041_NB_2024-06-10_MQ4_6939_length,Calipers to nearest mm,Length,NA,mm,NA,19,NA
RICE041_NB_2024-06-10_MQ4,RICE041_NB_2024-06-10_MQ4_6940,RICE041_NB_2024-06-10_MQ4_6940_length,Calipers to nearest mm,Length,NA,mm,NA,13,NA
RICE041_NB_2024-06-10_MQ4,RICE041_NB_2024-06-10_MQ4_6941,RICE041_NB_2024-06-10_MQ4_6941_length,Calipers to nearest mm,Length,NA,mm,NA,12,NA
RICE041_NB_2024-06-10_MQ5,RICE041_NB_2024-06-10_MQ5_6942,RICE041_NB_2024-06-10_MQ5_6942_length,Calipers to nearest mm,Length,NA,mm,NA,15,NA
RICE041_NB_2024-06-10_MQ5,RICE041_NB_2024-06-10_MQ5_6943,RICE041_NB_2024-06-10_MQ5_6943_length,Calipers to nearest mm,Length,NA,mm,NA,17,NA
RICE041_NB_2024-06-10_MQ5,RICE041_NB_2024-06-10_MQ5_6944,RICE041_NB_2024-06-10_MQ5_6944_length,Calipers to nearest mm,Length,NA,mm,NA,16,NA
RICE041_NB_2024-06-10_MQ5,RICE041_NB_2024-06-10_MQ5_6945,RICE041_NB_2024-06-10_MQ5_6945_length,Calipers to nearest mm,Length,NA,mm,NA,13,NA
RICE041_NB_2024-06-10_MQ5,RICE041_NB_2024-06-10_MQ5_6946,RICE041_NB_2024-06-10_MQ5_6946_length,Calipers to nearest mm,Length,NA,mm,NA,18,NA
RICE042_WB_2024-08-17_FQ4,RICE042_WB_2024-08-17_FQ4_6947,RICE042_WB_2024-08-17_FQ4_6947_length,Calipers to nearest mm,Length,NA,mm,NA,12,NA
RICE042_WB_2024-08-17_FQ4,RICE042_WB_2024-08-17_FQ4_6948,RICE042_WB_2024-08-17_FQ4_6948_length,Calipers to nearest mm,Length,NA,mm,NA,80,NA
RICE042_WB_2024-08-17_FQ3,RICE042_WB_2024-08-17_FQ3_6949,RICE042_WB_2024-08-17_FQ3_6949_length,Calipers to nearest mm,Length,NA,mm,NA,15,NA
RICE042_WB_2024-08-17_FQ3,RICE042_WB_2024-08-17_FQ3_6950,RICE042_WB_2024-08-17_FQ3_6950_length,Calipers to nearest mm,Length,NA,mm,NA,21,NA
RICE042_WB_2024-08-17_FQ3,RICE042_WB_2024-08-17_FQ3_6951,RICE042_WB_2024-08-17_FQ3_6951_length,Calipers to nearest mm,Length,NA,mm,NA,14,NA
RICE042_WB_2024-08-17_FQ3,RICE042_WB_2024-08-17_FQ3_6952,RICE042_WB_2024-08-17_FQ3_6952_length,Calipers to nearest mm,Length,NA,mm,NA,25,NA
RICE042_WB_2024-08-17_MQ1,RICE042_WB_2024-08-17_MQ1_6953,RICE042_WB_2024-08-17_MQ1_6953_length,Calipers to nearest mm,Length,NA,mm,NA,19,NA
RICE042_WB_2024-08-17_MQ1,RICE042_WB_2024-08-17_MQ1_6954,RICE042_WB_2024-08-17_MQ1_6954_length,Calipers to nearest mm,Length,NA,mm,NA,20,NA
RICE042_WB_2024-08-17_MQ2,RICE042_WB_2024-08-17_MQ2_6955,RICE042_WB_2024-08-17_MQ2_6955_length,Calipers to nearest mm,Length,NA,mm,NA,21,NA
RICE042_WB_2024-08-17_MQ2,RICE042_WB_2024-08-17_MQ2_6956,RICE042_WB_2024-08-17_MQ2_6956_length,Calipers to nearest mm,Length,NA,mm,NA,18,NA
RICE042_WB_2024-08-17_MQ2,RICE042_WB_2024-08-17_MQ2_6957,RICE042_WB_2024-08-17_MQ2_6957_length,Calipers to nearest mm,Length,NA,mm,NA,20,NA
RICE042_WB_2024-08-17_MQ2,RICE042_WB_2024-08-17_MQ2_6958,RICE042_WB_2024-08-17_MQ2_6958_length,Calipers to nearest mm,Length,NA,mm,NA,16,NA
RICE042_WB_2024-08-17_MQ2,RICE042_WB_2024-08-17_MQ2_6959,RICE042_WB_2024-08-17_MQ2_6959_length,Calipers to nearest mm,Length,NA,mm,NA,15,NA
RICE042_WB_2024-08-17_MQ2,RICE042_WB_2024-08-17_MQ2_6960,RICE042_WB_2024-08-17_MQ2_6960_length,Calipers to nearest mm,Length,NA,mm,NA,17,NA
RICE042_WB_2024-08-17_MQ2,RICE042_WB_2024-08-17_MQ2_6961,RICE042_WB_2024-08-17_MQ2_6961_length,Calipers to nearest mm,Length,NA,mm,NA,19,NA
RICE042_WB_2024-08-17_MQ2,RICE042_WB_2024-08-17_MQ2_6962,RICE042_WB_2024-08-17_MQ2_6962_length,Calipers to nearest mm,Length,NA,mm,NA,13,NA
RICE042_WB_2024-08-17_MQ3,RICE042_WB_2024-08-17_MQ3_6963,RICE042_WB_2024-08-17_MQ3_6963_length,Calipers to nearest mm,Length,NA,mm,NA,16,NA
RICE042_WB_2024-08-17_MQ3,RICE042_WB_2024-08-17_MQ3_6964,RICE042_WB_2024-08-17_MQ3_6964_length,Calipers to nearest mm,Length,NA,mm,NA,19,NA
RICE042_WB_2024-08-17_MQ3,RICE042_WB_2024-08-17_MQ3_6965,RICE042_WB_2024-08-17_MQ3_6965_length,Calipers to nearest mm,Length,NA,mm,NA,18,NA
RICE042_WB_2024-08-17_MQ3,RICE042_WB_2024-08-17_MQ3_6966,RICE042_WB_2024-08-17_MQ3_6966_length,Calipers to nearest mm,Length,NA,mm,NA,17,NA
RICE042_WB_2024-08-17_MQ3,RICE042_WB_2024-08-17_MQ3_6967,RICE042_WB_2024-08-17_MQ3_6967_length,Calipers to nearest mm,Length,NA,mm,NA,20,NA
RICE042_WB_2024-08-17_MQ3,RICE042_WB_2024-08-17_MQ3_6968,RICE042_WB_2024-08-17_MQ3_6968_length,Calipers to nearest mm,Length,NA,mm,NA,11,NA
RICE042_WB_2024-08-17_MQ3,RICE042_WB_2024-08-17_MQ3_6969,RICE042_WB_2024-08-17_MQ3_6969_length,Calipers to nearest mm,Length,NA,mm,NA,9,NA
RICE042_WB_2024-08-17_MQ4,RICE042_WB_2024-08-17_MQ4_6970,RICE042_WB_2024-08-17_MQ4_6970_length,Calipers to nearest mm,Length,NA,mm,NA,17,NA
RICE042_WB_2024-08-17_MQ4,RICE042_WB_2024-08-17_MQ4_6971,RICE042_WB_2024-08-17_MQ4_6971_length,Calipers to nearest mm,Length,NA,mm,NA,18,NA
RICE042_WB_2024-08-17_MQ4,RICE042_WB_2024-08-17_MQ4_6972,RICE042_WB_2024-08-17_MQ4_6972_length,Calipers to nearest mm,Length,NA,mm,NA,21,NA
RICE042_WB_2024-08-17_MQ4,RICE042_WB_2024-08-17_MQ4_6973,RICE042_WB_2024-08-17_MQ4_6973_length,Calipers to nearest mm,Length,NA,mm,NA,20,NA
RICE042_WB_2024-08-17_MQ5,RICE042_WB_2024-08-17_MQ5_6974,RICE042_WB_2024-08-17_MQ5_6974_length,Calipers to nearest mm,Length,NA,mm,NA,17,NA
RICE042_WB_2024-08-17_MQ5,RICE042_WB_2024-08-17_MQ5_6975,RICE042_WB_2024-08-17_MQ5_6975_length,Calipers to nearest mm,Length,NA,mm,NA,18,NA
RICE042_WB_2024-08-17_MQ5,RICE042_WB_2024-08-17_MQ5_6976,RICE042_WB_2024-08-17_MQ5_6976_length,Calipers to nearest mm,Length,NA,mm,NA,19,NA
RICE042_WB_2024-08-17_MQ5,RICE042_WB_2024-08-17_MQ5_6977,RICE042_WB_2024-08-17_MQ5_6977_length,Calipers to nearest mm,Length,NA,mm,NA,12,NA
RICE042_NB_2024-08-18_MQ1,RICE042_NB_2024-08-18_MQ1_6978,RICE042_NB_2024-08-18_MQ1_6978_length,Calipers to nearest mm,Length,NA,mm,NA,18,NA
RICE042_NB_2024-08-18_MQ1,RICE042_NB_2024-08-18_MQ1_6979,RICE042_NB_2024-08-18_MQ1_6979_length,Calipers to nearest mm,Length,NA,mm,NA,19,NA
RICE042_NB_2024-08-18_MQ2,RICE042_NB_2024-08-18_MQ2_6980,RICE042_NB_2024-08-18_MQ2_6980_length,Calipers to nearest mm,Length,NA,mm,NA,11,NA
RICE042_NB_2024-08-18_MQ2,RICE042_NB_2024-08-18_MQ2_6981,RICE042_NB_2024-08-18_MQ2_6981_length,Calipers to nearest mm,Length,NA,mm,NA,14,NA
RICE042_NB_2024-08-18_MQ2,RICE042_NB_2024-08-18_MQ2_6982,RICE042_NB_2024-08-18_MQ2_6982_length,Calipers to nearest mm,Length,NA,mm,NA,17,NA
RICE042_NB_2024-08-18_MQ2,RICE042_NB_2024-08-18_MQ2_6983,RICE042_NB_2024-08-18_MQ2_6983_length,Calipers to nearest mm,Length,NA,mm,NA,18,NA
RICE042_NB_2024-08-18_MQ2,RICE042_NB_2024-08-18_MQ2_6984,RICE042_NB_2024-08-18_MQ2_6984_length,Calipers to nearest mm,Length,NA,mm,NA,19,NA
RICE042_NB_2024-08-18_MQ2,RICE042_NB_2024-08-18_MQ2_6985,RICE042_NB_2024-08-18_MQ2_6985_length,Calipers to nearest mm,Length,NA,mm,NA,20,NA
RICE042_NB_2024-08-18_MQ2,RICE042_NB_2024-08-18_MQ2_6986,RICE042_NB_2024-08-18_MQ2_6986_length,Calipers to nearest mm,Length,NA,mm,NA,9,NA
RICE042_NB_2024-08-18_MQ2,RICE042_NB_2024-08-18_MQ2_6987,RICE042_NB_2024-08-18_MQ2_6987_length,Calipers to nearest mm,Length,NA,mm,NA,12,NA
RICE042_NB_2024-08-18_MQ2,RICE042_NB_2024-08-18_MQ2_6988,RICE042_NB_2024-08-18_MQ2_6988_length,Calipers to nearest mm,Length,NA,mm,NA,15,NA
RICE042_NB_2024-08-18_MQ2,RICE042_NB_2024-08-18_MQ2_6989,RICE042_NB_2024-08-18_MQ2_6989_length,Calipers to nearest mm,Length,NA,mm,NA,17,NA
RICE042_NB_2024-08-18_MQ2,RICE042_NB_2024-08-18_MQ2_6990,RICE042_NB_2024-08-18_MQ2_6990_length,Calipers to nearest mm,Length,NA,mm,NA,18,NA
RICE042_NB_2024-08-18_MQ2,RICE042_NB_2024-08-18_MQ2_6991,RICE042_NB_2024-08-18_MQ2_6991_length,Calipers to nearest mm,Length,NA,mm,NA,19,NA
RICE042_NB_2024-08-18_MQ2,RICE042_NB_2024-08-18_MQ2_6992,RICE042_NB_2024-08-18_MQ2_6992_length,Calipers to nearest mm,Length,NA,mm,NA,20,NA
RICE042_NB_2024-08-18_MQ2,RICE042_NB_2024-08-18_MQ2_6993,RICE042_NB_2024-08-18_MQ2_6993_length,Calipers to nearest mm,Length,NA,mm,NA,47,NA
RICE042_NB_2024-08-18_MQ2,RICE042_NB_2024-08-18_MQ2_6994,RICE042_NB_2024-08-18_MQ2_6994_length,Calipers to nearest mm,Length,NA,mm,NA,12,NA
RICE042_NB_2024-08-18_MQ2,RICE042_NB_2024-08-18_MQ2_6995,RICE042_NB_2024-08-18_MQ2_6995_length,Calipers to nearest mm,Length,NA,mm,NA,13,NA
RICE042_NB_2024-08-18_MQ2,RICE042_NB_2024-08-18_MQ2_6996,RICE042_NB_2024-08-18_MQ2_6996_length,Calipers to nearest mm,Length,NA,mm,NA,14,NA
RICE042_NB_2024-08-18_MQ2,RICE042_NB_2024-08-18_MQ2_6997,RICE042_NB_2024-08-18_MQ2_6997_length,Calipers to nearest mm,Length,NA,mm,NA,15,NA
RICE042_NB_2024-08-18_MQ2,RICE042_NB_2024-08-18_MQ2_6998,RICE042_NB_2024-08-18_MQ2_6998_length,Calipers to nearest mm,Length,NA,mm,NA,16,NA
RICE042_NB_2024-08-18_MQ2,RICE042_NB_2024-08-18_MQ2_6999,RICE042_NB_2024-08-18_MQ2_6999_length,Calipers to nearest mm,Length,NA,mm,NA,17,NA
RICE042_NB_2024-08-18_MQ2,RICE042_NB_2024-08-18_MQ2_7000,RICE042_NB_2024-08-18_MQ2_7000_length,Calipers to nearest mm,Length,NA,mm,NA,18,NA
RICE042_NB_2024-08-18_MQ3,RICE042_NB_2024-08-18_MQ3_7001,RICE042_NB_2024-08-18_MQ3_7001_length,Calipers to nearest mm,Length,NA,mm,NA,15,NA
RICE042_NB_2024-08-18_MQ3,RICE042_NB_2024-08-18_MQ3_7002,RICE042_NB_2024-08-18_MQ3_7002_length,Calipers to nearest mm,Length,NA,mm,NA,21,NA
RICE042_NB_2024-08-18_MQ4,RICE042_NB_2024-08-18_MQ4_7003,RICE042_NB_2024-08-18_MQ4_7003_length,Calipers to nearest mm,Length,NA,mm,NA,15,NA
RICE042_NB_2024-08-18_MQ4,RICE042_NB_2024-08-18_MQ4_7004,RICE042_NB_2024-08-18_MQ4_7004_length,Calipers to nearest mm,Length,NA,mm,NA,16,NA
RICE042_NB_2024-08-18_MQ4,RICE042_NB_2024-08-18_MQ4_7005,RICE042_NB_2024-08-18_MQ4_7005_length,Calipers to nearest mm,Length,NA,mm,NA,19,NA
RICE042_NB_2024-08-18_MQ4,RICE042_NB_2024-08-18_MQ4_7006,RICE042_NB_2024-08-18_MQ4_7006_length,Calipers to nearest mm,Length,NA,mm,NA,14,NA
RICE042_NB_2024-08-18_MQ5,RICE042_NB_2024-08-18_MQ5_7007,RICE042_NB_2024-08-18_MQ5_7007_length,Calipers to nearest mm,Length,NA,mm,NA,12,NA
RICE042_NB_2024-08-18_MQ5,RICE042_NB_2024-08-18_MQ5_7008,RICE042_NB_2024-08-18_MQ5_7008_length,Calipers to nearest mm,Length,NA,mm,NA,13,NA
RICE042_NB_2024-08-18_MQ5,RICE042_NB_2024-08-18_MQ5_7009,RICE042_NB_2024-08-18_MQ5_7009_length,Calipers to nearest mm,Length,NA,mm,NA,14,NA
RICE042_NB_2024-08-18_MQ5,RICE042_NB_2024-08-18_MQ5_7010,RICE042_NB_2024-08-18_MQ5_7010_length,Calipers to nearest mm,Length,NA,mm,NA,16,NA
RICE042_NB_2024-08-18_MQ5,RICE042_NB_2024-08-18_MQ5_7011,RICE042_NB_2024-08-18_MQ5_7011_length,Calipers to nearest mm,Length,NA,mm,NA,18,NA
RICE042_NB_2024-08-19_FQ1,RICE042_NB_2024-08-19_FQ1_7012,RICE042_NB_2024-08-19_FQ1_7012_length,Calipers to nearest mm,Length,NA,mm,NA,87,NA
RICE042_NB_2024-08-19_FQ1,RICE042_NB_2024-08-19_FQ1_7013,RICE042_NB_2024-08-19_FQ1_7013_length,Calipers to nearest mm,Length,NA,mm,NA,23,NA
RICE042_NB_2024-08-19_FQ1,RICE042_NB_2024-08-19_FQ1_7014,RICE042_NB_2024-08-19_FQ1_7014_length,Calipers to nearest mm,Length,NA,mm,NA,19,NA
RICE042_NB_2024-08-19_FQ1,RICE042_NB_2024-08-19_FQ1_7015,RICE042_NB_2024-08-19_FQ1_7015_length,Calipers to nearest mm,Length,NA,mm,NA,16,NA
RICE042_NB_2024-08-19_FQ5,RICE042_NB_2024-08-19_FQ5_7016,RICE042_NB_2024-08-19_FQ5_7016_length,Calipers to nearest mm,Length,NA,mm,NA,17,NA
RICE042_NB_2024-08-19_FQ5,RICE042_NB_2024-08-19_FQ5_7017,RICE042_NB_2024-08-19_FQ5_7017_length,Calipers to nearest mm,Length,NA,mm,NA,13,NA
RICE042_NB_2024-08-19_FQ5,RICE042_NB_2024-08-19_FQ5_7018,RICE042_NB_2024-08-19_FQ5_7018_length,Calipers to nearest mm,Length,NA,mm,NA,8,NA
RICE042_FB_2024-08-20_FQ1,RICE042_FB_2024-08-20_FQ1_7019,RICE042_FB_2024-08-20_FQ1_7019_length,Calipers to nearest mm,Length,NA,mm,NA,14,NA
RICE042_FB_2024-08-20_FQ1,RICE042_FB_2024-08-20_FQ1_7020,RICE042_FB_2024-08-20_FQ1_7020_length,Calipers to nearest mm,Length,NA,mm,NA,18,NA
RICE042_FB_2024-08-20_FQ1,RICE042_FB_2024-08-20_FQ1_7021,RICE042_FB_2024-08-20_FQ1_7021_length,Calipers to nearest mm,Length,NA,mm,NA,19,NA
RICE042_FB_2024-08-20_FQ1,RICE042_FB_2024-08-20_FQ1_7022,RICE042_FB_2024-08-20_FQ1_7022_length,Calipers to nearest mm,Length,NA,mm,NA,20,NA
RICE042_FB_2024-08-20_FQ1,RICE042_FB_2024-08-20_FQ1_7023,RICE042_FB_2024-08-20_FQ1_7023_length,Calipers to nearest mm,Length,NA,mm,NA,21,NA
RICE042_FB_2024-08-20_FQ3,RICE042_FB_2024-08-20_FQ3_7024,RICE042_FB_2024-08-20_FQ3_7024_length,Calipers to nearest mm,Length,NA,mm,NA,20,NA
RICE042_FB_2024-08-20_FQ3,RICE042_FB_2024-08-20_FQ3_7025,RICE042_FB_2024-08-20_FQ3_7025_length,Calipers to nearest mm,Length,NA,mm,NA,18,NA
RICE042_FB_2024-08-20_FQ3,RICE042_FB_2024-08-20_FQ3_7026,RICE042_FB_2024-08-20_FQ3_7026_length,Calipers to nearest mm,Length,NA,mm,NA,20,NA
RICE042_FB_2024-08-20_FQ3,RICE042_FB_2024-08-20_FQ3_7027,RICE042_FB_2024-08-20_FQ3_7027_length,Calipers to nearest mm,Length,NA,mm,NA,21,NA
RICE042_FB_2024-08-20_FQ3,RICE042_FB_2024-08-20_FQ3_7028,RICE042_FB_2024-08-20_FQ3_7028_length,Calipers to nearest mm,Length,NA,mm,NA,22,NA
RICE042_FB_2024-08-20_FQ3,RICE042_FB_2024-08-20_FQ3_7029,RICE042_FB_2024-08-20_FQ3_7029_length,Calipers to nearest mm,Length,NA,mm,NA,24,NA
RICE042_FB_2024-08-20_FQ4,RICE042_FB_2024-08-20_FQ4_7030,RICE042_FB_2024-08-20_FQ4_7030_length,Calipers to nearest mm,Length,NA,mm,NA,18,NA
RICE042_FB_2024-08-20_FQ4,RICE042_FB_2024-08-20_FQ4_7031,RICE042_FB_2024-08-20_FQ4_7031_length,Calipers to nearest mm,Length,NA,mm,NA,19,NA
RICE042_FB_2024-08-20_FQ4,RICE042_FB_2024-08-20_FQ4_7032,RICE042_FB_2024-08-20_FQ4_7032_length,Calipers to nearest mm,Length,NA,mm,NA,20,NA
RICE042_FB_2024-08-20_FQ4,RICE042_FB_2024-08-20_FQ4_7033,RICE042_FB_2024-08-20_FQ4_7033_length,Calipers to nearest mm,Length,NA,mm,NA,21,NA
RICE042_FB_2024-08-20_FQ4,RICE042_FB_2024-08-20_FQ4_7034,RICE042_FB_2024-08-20_FQ4_7034_length,Calipers to nearest mm,Length,NA,mm,NA,22,NA
RICE042_FB_2024-08-20_FQ5,RICE042_FB_2024-08-20_FQ5_7035,RICE042_FB_2024-08-20_FQ5_7035_length,Calipers to nearest mm,Length,NA,mm,NA,84,NA
RICE042_FB_2024-08-20_FQ5,RICE042_FB_2024-08-20_FQ5_7036,RICE042_FB_2024-08-20_FQ5_7036_length,Calipers to nearest mm,Length,NA,mm,NA,18,NA
RICE042_FB_2024-08-20_BQ1,RICE042_FB_2024-08-20_BQ1_7037,RICE042_FB_2024-08-20_BQ1_7037_length,Calipers to nearest mm,Length,NA,mm,NA,16,NA
RICE042_FB_2024-08-20_BQ1,RICE042_FB_2024-08-20_BQ1_7038,RICE042_FB_2024-08-20_BQ1_7038_length,Calipers to nearest mm,Length,NA,mm,NA,17,NA
RICE042_FB_2024-08-20_BQ1,RICE042_FB_2024-08-20_BQ1_7039,RICE042_FB_2024-08-20_BQ1_7039_length,Calipers to nearest mm,Length,NA,mm,NA,18,NA
RICE042_FB_2024-08-20_BQ1,RICE042_FB_2024-08-20_BQ1_7040,RICE042_FB_2024-08-20_BQ1_7040_length,Calipers to nearest mm,Length,NA,mm,NA,19,NA
RICE042_FB_2024-08-20_BQ1,RICE042_FB_2024-08-20_BQ1_7041,RICE042_FB_2024-08-20_BQ1_7041_length,Calipers to nearest mm,Length,NA,mm,NA,20,NA
RICE042_FB_2024-08-20_BQ1,RICE042_FB_2024-08-20_BQ1_7042,RICE042_FB_2024-08-20_BQ1_7042_length,Calipers to nearest mm,Length,NA,mm,NA,21,NA
RICE042_FB_2024-08-20_BQ4,RICE042_FB_2024-08-20_BQ4_7043,RICE042_FB_2024-08-20_BQ4_7043_length,Calipers to nearest mm,Length,NA,mm,NA,16,NA
RICE042_FB_2024-08-20_BQ4,RICE042_FB_2024-08-20_BQ4_7044,RICE042_FB_2024-08-20_BQ4_7044_length,Calipers to nearest mm,Length,NA,mm,NA,17,NA
RICE042_FB_2024-08-20_BQ4,RICE042_FB_2024-08-20_BQ4_7045,RICE042_FB_2024-08-20_BQ4_7045_length,Calipers to nearest mm,Length,NA,mm,NA,18,NA
RICE042_FB_2024-08-20_BQ4,RICE042_FB_2024-08-20_BQ4_7046,RICE042_FB_2024-08-20_BQ4_7046_length,Calipers to nearest mm,Length,NA,mm,NA,19,NA
RICE042_FB_2024-08-20_MQ1,RICE042_FB_2024-08-20_MQ1_7047,RICE042_FB_2024-08-20_MQ1_7047_length,Calipers to nearest mm,Length,NA,mm,NA,17,NA
RICE042_FB_2024-08-20_MQ3,RICE042_FB_2024-08-20_MQ3_7048,RICE042_FB_2024-08-20_MQ3_7048_length,Calipers to nearest mm,Length,NA,mm,NA,16,NA
RICE042_FB_2024-08-20_MQ3,RICE042_FB_2024-08-20_MQ3_7049,RICE042_FB_2024-08-20_MQ3_7049_length,Calipers to nearest mm,Length,NA,mm,NA,17,NA
RICE042_FB_2024-08-20_MQ3,RICE042_FB_2024-08-20_MQ3_7050,RICE042_FB_2024-08-20_MQ3_7050_length,Calipers to nearest mm,Length,NA,mm,NA,18,NA
RICE042_FB_2024-08-20_MQ3,RICE042_FB_2024-08-20_MQ3_7051,RICE042_FB_2024-08-20_MQ3_7051_length,Calipers to nearest mm,Length,NA,mm,NA,19,NA
RICE042_FB_2024-08-20_MQ3,RICE042_FB_2024-08-20_MQ3_7052,RICE042_FB_2024-08-20_MQ3_7052_length,Calipers to nearest mm,Length,NA,mm,NA,20,NA
RICE042_FB_2024-08-20_MQ4,RICE042_FB_2024-08-20_MQ4_7053,RICE042_FB_2024-08-20_MQ4_7053_length,Calipers to nearest mm,Length,NA,mm,NA,17,NA
RICE042_FB_2024-08-20_MQ4,RICE042_FB_2024-08-20_MQ4_7054,RICE042_FB_2024-08-20_MQ4_7054_length,Calipers to nearest mm,Length,NA,mm,NA,18,NA
RICE042_FB_2024-08-20_MQ4,RICE042_FB_2024-08-20_MQ4_7055,RICE042_FB_2024-08-20_MQ4_7055_length,Calipers to nearest mm,Length,NA,mm,NA,19,NA
RICE042_FB_2024-08-20_MQ4,RICE042_FB_2024-08-20_MQ4_7056,RICE042_FB_2024-08-20_MQ4_7056_length,Calipers to nearest mm,Length,NA,mm,NA,20,NA
RICE042_FB_2024-08-20_MQ5,RICE042_FB_2024-08-20_MQ5_7057,RICE042_FB_2024-08-20_MQ5_7057_length,Calipers to nearest mm,Length,NA,mm,NA,14,NA
RICE042_FB_2024-08-20_MQ5,RICE042_FB_2024-08-20_MQ5_7058,RICE042_FB_2024-08-20_MQ5_7058_length,Calipers to nearest mm,Length,NA,mm,NA,15,NA
RICE042_FB_2024-08-20_MQ5,RICE042_FB_2024-08-20_MQ5_7059,RICE042_FB_2024-08-20_MQ5_7059_length,Calipers to nearest mm,Length,NA,mm,NA,16,NA
RICE042_FB_2024-08-20_MQ5,RICE042_FB_2024-08-20_MQ5_7060,RICE042_FB_2024-08-20_MQ5_7060_length,Calipers to nearest mm,Length,NA,mm,NA,17,NA
RICE042_FB_2024-08-20_MQ5,RICE042_FB_2024-08-20_MQ5_7061,RICE042_FB_2024-08-20_MQ5_7061_length,Calipers to nearest mm,Length,NA,mm,NA,18,NA
RICE042_FB_2024-08-20_MQ5,RICE042_FB_2024-08-20_MQ5_7062,RICE042_FB_2024-08-20_MQ5_7062_length,Calipers to nearest mm,Length,NA,mm,NA,19,NA
RICE043_WB_2024-11-14_FQ3,RICE043_WB_2024-11-14_FQ3_7063,RICE043_WB_2024-11-14_FQ3_7063_length,Calipers to nearest mm,Length,NA,mm,NA,5,NA
RICE043_WB_2024-11-14_FQ3,RICE043_WB_2024-11-14_FQ3_7064,RICE043_WB_2024-11-14_FQ3_7064_length,Calipers to nearest mm,Length,NA,mm,NA,9,NA
RICE043_WB_2024-11-14_FQ3,RICE043_WB_2024-11-14_FQ3_7065,RICE043_WB_2024-11-14_FQ3_7065_length,Calipers to nearest mm,Length,NA,mm,NA,6,NA
RICE043_WB_2024-11-14_FQ3,RICE043_WB_2024-11-14_FQ3_7066,RICE043_WB_2024-11-14_FQ3_7066_length,Calipers to nearest mm,Length,NA,mm,NA,11,NA
RICE043_WB_2024-11-14_FQ3,RICE043_WB_2024-11-14_FQ3_7067,RICE043_WB_2024-11-14_FQ3_7067_length,Calipers to nearest mm,Length,NA,mm,NA,18,NA
RICE043_WB_2024-11-14_FQ3,RICE043_WB_2024-11-14_FQ3_7068,RICE043_WB_2024-11-14_FQ3_7068_length,Calipers to nearest mm,Length,NA,mm,NA,6,NA
RICE043_WB_2024-11-14_FQ3,RICE043_WB_2024-11-14_FQ3_7069,RICE043_WB_2024-11-14_FQ3_7069_length,Calipers to nearest mm,Length,NA,mm,NA,14,NA
RICE043_WB_2024-11-14_FQ3,RICE043_WB_2024-11-14_FQ3_7070,RICE043_WB_2024-11-14_FQ3_7070_length,Calipers to nearest mm,Length,NA,mm,NA,13,NA
RICE043_WB_2024-11-14_FQ4,RICE043_WB_2024-11-14_FQ4_7071,RICE043_WB_2024-11-14_FQ4_7071_length,Calipers to nearest mm,Length,NA,mm,NA,15,NA
RICE043_WB_2024-11-14_FQ4,RICE043_WB_2024-11-14_FQ4_7072,RICE043_WB_2024-11-14_FQ4_7072_length,Calipers to nearest mm,Length,NA,mm,NA,16,NA
RICE043_WB_2024-11-14_FQ4,RICE043_WB_2024-11-14_FQ4_7073,RICE043_WB_2024-11-14_FQ4_7073_length,Calipers to nearest mm,Length,NA,mm,NA,17,NA
RICE043_WB_2024-11-14_FQ4,RICE043_WB_2024-11-14_FQ4_7074,RICE043_WB_2024-11-14_FQ4_7074_length,Calipers to nearest mm,Length,NA,mm,NA,20,NA
RICE043_WB_2024-11-14_FQ4,RICE043_WB_2024-11-14_FQ4_7075,RICE043_WB_2024-11-14_FQ4_7075_length,Calipers to nearest mm,Length,NA,mm,NA,14,NA
RICE043_WB_2024-11-14_FQ4,RICE043_WB_2024-11-14_FQ4_7076,RICE043_WB_2024-11-14_FQ4_7076_length,Calipers to nearest mm,Length,NA,mm,NA,18,NA
RICE043_WB_2024-11-14_FQ4,RICE043_WB_2024-11-14_FQ4_7077,RICE043_WB_2024-11-14_FQ4_7077_length,Calipers to nearest mm,Length,NA,mm,NA,23,NA
RICE043_WB_2024-11-14_FQ4,RICE043_WB_2024-11-14_FQ4_7078,RICE043_WB_2024-11-14_FQ4_7078_length,Calipers to nearest mm,Length,NA,mm,NA,11,NA
RICE043_WB_2024-11-14_FQ4,RICE043_WB_2024-11-14_FQ4_7079,RICE043_WB_2024-11-14_FQ4_7079_length,Calipers to nearest mm,Length,NA,mm,NA,10,NA
RICE043_WB_2024-11-14_FQ4,RICE043_WB_2024-11-14_FQ4_7080,RICE043_WB_2024-11-14_FQ4_7080_length,Calipers to nearest mm,Length,NA,mm,NA,16,NA
RICE043_WB_2024-11-14_FQ4,RICE043_WB_2024-11-14_FQ4_7081,RICE043_WB_2024-11-14_FQ4_7081_length,Calipers to nearest mm,Length,NA,mm,NA,12,NA
RICE043_WB_2024-11-14_FQ5,RICE043_WB_2024-11-14_FQ5_7082,RICE043_WB_2024-11-14_FQ5_7082_length,Calipers to nearest mm,Length,NA,mm,NA,19,NA
RICE043_WB_2024-11-14_FQ5,RICE043_WB_2024-11-14_FQ5_7083,RICE043_WB_2024-11-14_FQ5_7083_length,Calipers to nearest mm,Length,NA,mm,NA,17,NA
RICE043_WB_2024-11-14_FQ5,RICE043_WB_2024-11-14_FQ5_7084,RICE043_WB_2024-11-14_FQ5_7084_length,Calipers to nearest mm,Length,NA,mm,NA,18,NA
RICE043_WB_2024-11-14_FQ5,RICE043_WB_2024-11-14_FQ5_7085,RICE043_WB_2024-11-14_FQ5_7085_length,Calipers to nearest mm,Length,NA,mm,NA,15,NA
RICE043_WB_2024-11-14_FQ5,RICE043_WB_2024-11-14_FQ5_7086,RICE043_WB_2024-11-14_FQ5_7086_length,Calipers to nearest mm,Length,NA,mm,NA,22,NA
RICE043_FB_2024-11-16_FQ1,RICE043_FB_2024-11-16_FQ1_7087,RICE043_FB_2024-11-16_FQ1_7087_length,Calipers to nearest mm,Length,NA,mm,NA,14,NA
RICE043_FB_2024-11-16_FQ1,RICE043_FB_2024-11-16_FQ1_7088,RICE043_FB_2024-11-16_FQ1_7088_length,Calipers to nearest mm,Length,NA,mm,NA,14,NA
RICE043_FB_2024-11-16_FQ1,RICE043_FB_2024-11-16_FQ1_7089,RICE043_FB_2024-11-16_FQ1_7089_length,Calipers to nearest mm,Length,NA,mm,NA,15,NA
RICE043_FB_2024-11-16_FQ1,RICE043_FB_2024-11-16_FQ1_7090,RICE043_FB_2024-11-16_FQ1_7090_length,Calipers to nearest mm,Length,NA,mm,NA,16,NA
RICE043_FB_2024-11-16_FQ1,RICE043_FB_2024-11-16_FQ1_7091,RICE043_FB_2024-11-16_FQ1_7091_length,Calipers to nearest mm,Length,NA,mm,NA,17,NA
RICE043_FB_2024-11-16_FQ1,RICE043_FB_2024-11-16_FQ1_7092,RICE043_FB_2024-11-16_FQ1_7092_length,Calipers to nearest mm,Length,NA,mm,NA,18,NA
RICE043_FB_2024-11-16_FQ1,RICE043_FB_2024-11-16_FQ1_7093,RICE043_FB_2024-11-16_FQ1_7093_length,Calipers to nearest mm,Length,NA,mm,NA,12,NA
RICE043_FB_2024-11-16_FQ1,RICE043_FB_2024-11-16_FQ1_7094,RICE043_FB_2024-11-16_FQ1_7094_length,Calipers to nearest mm,Length,NA,mm,NA,19,NA
RICE043_FB_2024-11-16_FQ1,RICE043_FB_2024-11-16_FQ1_7095,RICE043_FB_2024-11-16_FQ1_7095_length,Calipers to nearest mm,Length,NA,mm,NA,20,NA
RICE043_FB_2024-11-16_FQ4,RICE043_FB_2024-11-16_FQ4_7096,RICE043_FB_2024-11-16_FQ4_7096_length,Calipers to nearest mm,Length,NA,mm,NA,17,NA
RICE043_FB_2024-11-16_FQ4,RICE043_FB_2024-11-16_FQ4_7097,RICE043_FB_2024-11-16_FQ4_7097_length,Calipers to nearest mm,Length,NA,mm,NA,19,NA
RICE043_FB_2024-11-16_FQ4,RICE043_FB_2024-11-16_FQ4_7098,RICE043_FB_2024-11-16_FQ4_7098_length,Calipers to nearest mm,Length,NA,mm,NA,20,NA
RICE043_FB_2024-11-16_FQ2,RICE043_FB_2024-11-16_FQ2_7099,RICE043_FB_2024-11-16_FQ2_7099_length,Calipers to nearest mm,Length,NA,mm,NA,20,NA
RICE043_FB_2024-11-16_FQ3,RICE043_FB_2024-11-16_FQ3_7100,RICE043_FB_2024-11-16_FQ3_7100_length,Calipers to nearest mm,Length,NA,mm,NA,20,NA
RICE043_FB_2024-11-16_FQ5,RICE043_FB_2024-11-16_FQ5_7101,RICE043_FB_2024-11-16_FQ5_7101_length,Calipers to nearest mm,Length,NA,mm,NA,17,NA
RICE043_FB_2024-11-16_FQ5,RICE043_FB_2024-11-16_FQ5_7102,RICE043_FB_2024-11-16_FQ5_7102_length,Calipers to nearest mm,Length,NA,mm,NA,23,NA
RICE043_FB_2024-11-16_MQ3,RICE043_FB_2024-11-16_MQ3_7103,RICE043_FB_2024-11-16_MQ3_7103_length,Calipers to nearest mm,Length,NA,mm,NA,17,NA
RICE043_FB_2024-11-16_MQ3,RICE043_FB_2024-11-16_MQ3_7104,RICE043_FB_2024-11-16_MQ3_7104_length,Calipers to nearest mm,Length,NA,mm,NA,9,NA
RICE043_FB_2024-11-16_MQ3,RICE043_FB_2024-11-16_MQ3_7105,RICE043_FB_2024-11-16_MQ3_7105_length,Calipers to nearest mm,Length,NA,mm,NA,10,NA
RICE043_FB_2024-11-16_MQ4,RICE043_FB_2024-11-16_MQ4_7106,RICE043_FB_2024-11-16_MQ4_7106_length,Calipers to nearest mm,Length,NA,mm,NA,17,NA
RICE043_FB_2024-11-16_MQ4,RICE043_FB_2024-11-16_MQ4_7107,RICE043_FB_2024-11-16_MQ4_7107_length,Calipers to nearest mm,Length,NA,mm,NA,10,NA
RICE043_FB_2024-11-16_MQ5,RICE043_FB_2024-11-16_MQ5_7108,RICE043_FB_2024-11-16_MQ5_7108_length,Calipers to nearest mm,Length,NA,mm,NA,17,NA
RICE043_FB_2024-11-16_BQ1,RICE043_FB_2024-11-16_BQ1_7109,RICE043_FB_2024-11-16_BQ1_7109_length,Calipers to nearest mm,Length,NA,mm,NA,10,NA
RICE043_NB_2024-11-17_FQ1,RICE043_NB_2024-11-17_FQ1_7110,RICE043_NB_2024-11-17_FQ1_7110_length,Calipers to nearest mm,Length,NA,mm,NA,17,NA
RICE043_NB_2024-11-17_FQ1,RICE043_NB_2024-11-17_FQ1_7111,RICE043_NB_2024-11-17_FQ1_7111_length,Calipers to nearest mm,Length,NA,mm,NA,12,NA
RICE043_NB_2024-11-17_FQ1,RICE043_NB_2024-11-17_FQ1_7112,RICE043_NB_2024-11-17_FQ1_7112_length,Calipers to nearest mm,Length,NA,mm,NA,14,NA
RICE043_NB_2024-11-17_FQ1,RICE043_NB_2024-11-17_FQ1_7113,RICE043_NB_2024-11-17_FQ1_7113_length,Calipers to nearest mm,Length,NA,mm,NA,11,NA
RICE043_NB_2024-11-17_FQ1,RICE043_NB_2024-11-17_FQ1_7114,RICE043_NB_2024-11-17_FQ1_7114_length,Calipers to nearest mm,Length,NA,mm,NA,15,NA
RICE043_NB_2024-11-17_FQ1,RICE043_NB_2024-11-17_FQ1_7115,RICE043_NB_2024-11-17_FQ1_7115_length,Calipers to nearest mm,Length,NA,mm,NA,10,NA
RICE043_NB_2024-11-17_FQ4,RICE043_NB_2024-11-17_FQ4_7116,RICE043_NB_2024-11-17_FQ4_7116_length,Calipers to nearest mm,Length,NA,mm,NA,42,NA
RICE043_NB_2024-11-18_MQ2,RICE043_NB_2024-11-18_MQ2_7117,RICE043_NB_2024-11-18_MQ2_7117_length,Calipers to nearest mm,Length,NA,mm,NA,17,NA
RICE043_NB_2024-11-18_MQ2,RICE043_NB_2024-11-18_MQ2_7118,RICE043_NB_2024-11-18_MQ2_7118_length,Calipers to nearest mm,Length,NA,mm,NA,50,NA
RICE043_NB_2024-11-18_MQ2,RICE043_NB_2024-11-18_MQ2_7119,RICE043_NB_2024-11-18_MQ2_7119_length,Calipers to nearest mm,Length,NA,mm,NA,12,NA
RICE043_NB_2024-11-18_MQ2,RICE043_NB_2024-11-18_MQ2_7120,RICE043_NB_2024-11-18_MQ2_7120_length,Calipers to nearest mm,Length,NA,mm,NA,11,NA
RICE043_NB_2024-11-18_MQ2,RICE043_NB_2024-11-18_MQ2_7121,RICE043_NB_2024-11-18_MQ2_7121_length,Calipers to nearest mm,Length,NA,mm,NA,15,NA
RICE043_NB_2024-11-18_MQ2,RICE043_NB_2024-11-18_MQ2_7122,RICE043_NB_2024-11-18_MQ2_7122_length,Calipers to nearest mm,Length,NA,mm,NA,14,NA
RICE043_NB_2024-11-18_MQ4,RICE043_NB_2024-11-18_MQ4_7123,RICE043_NB_2024-11-18_MQ4_7123_length,Calipers to nearest mm,Length,NA,mm,NA,18,NA
RICE043_NB_2024-11-18_MQ4,RICE043_NB_2024-11-18_MQ4_7124,RICE043_NB_2024-11-18_MQ4_7124_length,Calipers to nearest mm,Length,NA,mm,NA,16,NA
RICE043_NB_2024-11-18_MQ4,RICE043_NB_2024-11-18_MQ4_7125,RICE043_NB_2024-11-18_MQ4_7125_length,Calipers to nearest mm,Length,NA,mm,NA,14,NA
RICE043_NB_2024-11-18_MQ4,RICE043_NB_2024-11-18_MQ4_7126,RICE043_NB_2024-11-18_MQ4_7126_length,Calipers to nearest mm,Length,NA,mm,NA,13,NA
RICE043_NB_2024-11-18_MQ5,RICE043_NB_2024-11-18_MQ5_7127,RICE043_NB_2024-11-18_MQ5_7127_length,Calipers to nearest mm,Length,NA,mm,NA,14,NA
RICE043_NB_2024-11-18_BQ3,RICE043_NB_2024-11-18_BQ3_7128,RICE043_NB_2024-11-18_BQ3_7128_length,Calipers to nearest mm,Length,NA,mm,NA,22,NA
RICE043_WB_2024-11-14_MQ1,RICE043_WB_2024-11-14_MQ1_7129,RICE043_WB_2024-11-14_MQ1_7129_length,Calipers to nearest mm,Length,NA,mm,NA,19,NA
RICE043_WB_2024-11-14_MQ1,RICE043_WB_2024-11-14_MQ1_7130,RICE043_WB_2024-11-14_MQ1_7130_length,Calipers to nearest mm,Length,NA,mm,NA,18,NA
RICE043_WB_2024-11-14_MQ2,RICE043_WB_2024-11-14_MQ2_7131,RICE043_WB_2024-11-14_MQ2_7131_length,Calipers to nearest mm,Length,NA,mm,NA,17,NA
RICE043_WB_2024-11-14_MQ2,RICE043_WB_2024-11-14_MQ2_7132,RICE043_WB_2024-11-14_MQ2_7132_length,Calipers to nearest mm,Length,NA,mm,NA,16,NA
RICE043_WB_2024-11-14_MQ2,RICE043_WB_2024-11-14_MQ2_7133,RICE043_WB_2024-11-14_MQ2_7133_length,Calipers to nearest mm,Length,NA,mm,NA,14,NA
RICE043_WB_2024-11-14_MQ2,RICE043_WB_2024-11-14_MQ2_7134,RICE043_WB_2024-11-14_MQ2_7134_length,Calipers to nearest mm,Length,NA,mm,NA,5,NA
RICE043_WB_2024-11-14_MQ3,RICE043_WB_2024-11-14_MQ3_7135,RICE043_WB_2024-11-14_MQ3_7135_length,Calipers to nearest mm,Length,NA,mm,NA,13,NA
RICE043_WB_2024-11-14_MQ3,RICE043_WB_2024-11-14_MQ3_7136,RICE043_WB_2024-11-14_MQ3_7136_length,Calipers to nearest mm,Length,NA,mm,NA,19,NA
RICE043_WB_2024-11-14_MQ3,RICE043_WB_2024-11-14_MQ3_7137,RICE043_WB_2024-11-14_MQ3_7137_length,Calipers to nearest mm,Length,NA,mm,NA,20,NA
RICE043_WB_2024-11-14_MQ3,RICE043_WB_2024-11-14_MQ3_7138,RICE043_WB_2024-11-14_MQ3_7138_length,Calipers to nearest mm,Length,NA,mm,NA,11,NA
RICE043_WB_2024-11-14_MQ3,RICE043_WB_2024-11-14_MQ3_7139,RICE043_WB_2024-11-14_MQ3_7139_length,Calipers to nearest mm,Length,NA,mm,NA,10,NA
RICE043_WB_2024-11-14_MQ3,RICE043_WB_2024-11-14_MQ3_7140,RICE043_WB_2024-11-14_MQ3_7140_length,Calipers to nearest mm,Length,NA,mm,NA,8,NA
RICE043_WB_2024-11-14_MQ3,RICE043_WB_2024-11-14_MQ3_7141,RICE043_WB_2024-11-14_MQ3_7141_length,Calipers to nearest mm,Length,NA,mm,NA,9,NA
RICE043_WB_2024-11-14_MQ4,RICE043_WB_2024-11-14_MQ4_7142,RICE043_WB_2024-11-14_MQ4_7142_length,Calipers to nearest mm,Length,NA,mm,NA,16,NA
RICE043_WB_2024-11-14_MQ4,RICE043_WB_2024-11-14_MQ4_7143,RICE043_WB_2024-11-14_MQ4_7143_length,Calipers to nearest mm,Length,NA,mm,NA,18,NA
RICE043_WB_2024-11-14_MQ4,RICE043_WB_2024-11-14_MQ4_7144,RICE043_WB_2024-11-14_MQ4_7144_length,Calipers to nearest mm,Length,NA,mm,NA,20,NA
RICE043_WB_2024-11-14_MQ4,RICE043_WB_2024-11-14_MQ4_7145,RICE043_WB_2024-11-14_MQ4_7145_length,Calipers to nearest mm,Length,NA,mm,NA,10,NA
RICE043_WB_2024-11-14_MQ4,RICE043_WB_2024-11-14_MQ4_7146,RICE043_WB_2024-11-14_MQ4_7146_length,Calipers to nearest mm,Length,NA,mm,NA,12,NA
RICE043_WB_2024-11-14_MQ4,RICE043_WB_2024-11-14_MQ4_7147,RICE043_WB_2024-11-14_MQ4_7147_length,Calipers to nearest mm,Length,NA,mm,NA,11,NA
RICE043_WB_2024-11-14_MQ5,RICE043_WB_2024-11-14_MQ5_7148,RICE043_WB_2024-11-14_MQ5_7148_length,Calipers to nearest mm,Length,NA,mm,NA,5,NA
RICE007_NB_2017-06-30,NA,RICE007_NB_2017-06-30_sea_surface_temperature,YSI,sea_surface_temperature,NA,degree celsius,https://vocab.nerc.ac.uk/collection/P06/current/UPAA/,12.9,NA
RICE007_NB_2017-06-30,NA,RICE007_NB_2017-06-30_sea_surface_salinity,YSI,sea_surface_salinity,NA,practical salinity scale,https://vocab.nerc.ac.uk/collection/A05/current/EV_SALIN/,30.36,NA
RICE007_WB_2017-07-01,NA,RICE007_WB_2017-07-01_sea_surface_temperature,YSI,sea_surface_temperature,NA,degree celsius,https://vocab.nerc.ac.uk/collection/P06/current/UPAA/,13.3,NA
RICE007_WB_2017-07-01,NA,RICE007_WB_2017-07-01_sea_surface_salinity,YSI,sea_surface_salinity,NA,practical salinity scale,https://vocab.nerc.ac.uk/collection/A05/current/EV_SALIN/,30.38,NA
RICE008_WB_2017-09-17,NA,RICE008_WB_2017-09-17_sea_surface_temperature,YSI,sea_surface_temperature,NA,degree celsius,https://vocab.nerc.ac.uk/collection/P06/current/UPAA/,13.2,NA
RICE008_WB_2017-09-17,NA,RICE008_WB_2017-09-17_sea_surface_salinity,YSI,sea_surface_salinity,NA,practical salinity scale,https://vocab.nerc.ac.uk/collection/A05/current/EV_SALIN/,29.67,NA
RICE008_NB_2017-09-18,NA,RICE008_NB_2017-09-18_sea_surface_temperature,YSI,sea_surface_temperature,NA,degree celsius,https://vocab.nerc.ac.uk/collection/P06/current/UPAA/,7.68,NA
RICE008_NB_2017-09-18,NA,RICE008_NB_2017-09-18_sea_surface_salinity,YSI,sea_surface_salinity,NA,practical salinity scale,https://vocab.nerc.ac.uk/collection/A05/current/EV_SALIN/,29.2,NA
RICE009_FB_2017-11-16,NA,RICE009_FB_2017-11-16_sea_surface_temperature,YSI,sea_surface_temperature,NA,degree celsius,https://vocab.nerc.ac.uk/collection/P06/current/UPAA/,8.6,NA
RICE009_FB_2017-11-16,NA,RICE009_FB_2017-11-16_sea_surface_salinity,YSI,sea_surface_salinity,NA,practical salinity scale,https://vocab.nerc.ac.uk/collection/A05/current/EV_SALIN/,31.92,NA
RICE009_NB_2017-11-17,NA,RICE009_NB_2017-11-17_sea_surface_temperature,YSI,sea_surface_temperature,NA,degree celsius,https://vocab.nerc.ac.uk/collection/P06/current/UPAA/,8.1,NA
RICE009_NB_2017-11-17,NA,RICE009_NB_2017-11-17_sea_surface_salinity,YSI,sea_surface_salinity,NA,practical salinity scale,https://vocab.nerc.ac.uk/collection/A05/current/EV_SALIN/,31.04,NA
RICE009_WB_2017-11-18,NA,RICE009_WB_2017-11-18_sea_surface_temperature,YSI,sea_surface_temperature,NA,degree celsius,https://vocab.nerc.ac.uk/collection/P06/current/UPAA/,7.6,NA
RICE009_WB_2017-11-18,NA,RICE009_WB_2017-11-18_sea_surface_salinity,YSI,sea_surface_salinity,NA,practical salinity scale,https://vocab.nerc.ac.uk/collection/A05/current/EV_SALIN/,24,NA
RICE011_WB_2018-05-19,NA,RICE011_WB_2018-05-19_sea_surface_temperature,YSI,sea_surface_temperature,NA,degree celsius,https://vocab.nerc.ac.uk/collection/P06/current/UPAA/,11,NA
RICE011_WB_2018-05-19,NA,RICE011_WB_2018-05-19_sea_surface_salinity,YSI,sea_surface_salinity,NA,practical salinity scale,https://vocab.nerc.ac.uk/collection/A05/current/EV_SALIN/,30.71,NA
RICE011_FB_2018-05-20,NA,RICE011_FB_2018-05-20_sea_surface_temperature,YSI,sea_surface_temperature,NA,degree celsius,https://vocab.nerc.ac.uk/collection/P06/current/UPAA/,11.9,NA
RICE011_FB_2018-05-20,NA,RICE011_FB_2018-05-20_sea_surface_salinity,YSI,sea_surface_salinity,NA,practical salinity scale,https://vocab.nerc.ac.uk/collection/A05/current/EV_SALIN/,30.7,NA
RICE011_NB_2018-05-21,NA,RICE011_NB_2018-05-21_sea_surface_temperature,YSI,sea_surface_temperature,NA,degree celsius,https://vocab.nerc.ac.uk/collection/P06/current/UPAA/,11,NA
RICE011_NB_2018-05-21,NA,RICE011_NB_2018-05-21_sea_surface_salinity,YSI,sea_surface_salinity,NA,practical salinity scale,https://vocab.nerc.ac.uk/collection/A05/current/EV_SALIN/,30.71,NA
RICE012_WB_2018-06-14,NA,RICE012_WB_2018-06-14_sea_surface_temperature,YSI,sea_surface_temperature,NA,degree celsius,https://vocab.nerc.ac.uk/collection/P06/current/UPAA/,13,NA
RICE012_WB_2018-06-14,NA,RICE012_WB_2018-06-14_sea_surface_salinity,YSI,sea_surface_salinity,NA,practical salinity scale,https://vocab.nerc.ac.uk/collection/A05/current/EV_SALIN/,29.53,NA
RICE012_FB_2018-06-15,NA,RICE012_FB_2018-06-15_sea_surface_temperature,YSI,sea_surface_temperature,NA,degree celsius,https://vocab.nerc.ac.uk/collection/P06/current/UPAA/,12.5,NA
RICE012_FB_2018-06-15,NA,RICE012_FB_2018-06-15_sea_surface_salinity,YSI,sea_surface_salinity,NA,practical salinity scale,https://vocab.nerc.ac.uk/collection/A05/current/EV_SALIN/,29.72,NA
RICE012_NB_2018-06-16,NA,RICE012_NB_2018-06-16_sea_surface_temperature,YSI,sea_surface_temperature,NA,degree celsius,https://vocab.nerc.ac.uk/collection/P06/current/UPAA/,12.6,NA
RICE012_NB_2018-06-16,NA,RICE012_NB_2018-06-16_sea_surface_salinity,YSI,sea_surface_salinity,NA,practical salinity scale,https://vocab.nerc.ac.uk/collection/A05/current/EV_SALIN/,30.09,NA
RICE013_NB_2018-08-11,NA,RICE013_NB_2018-08-11_sea_surface_temperature,YSI,sea_surface_temperature,NA,degree celsius,https://vocab.nerc.ac.uk/collection/P06/current/UPAA/,11.9,NA
RICE013_NB_2018-08-11,NA,RICE013_NB_2018-08-11_sea_surface_salinity,YSI,sea_surface_salinity,NA,practical salinity scale,https://vocab.nerc.ac.uk/collection/A05/current/EV_SALIN/,31.54,NA
RICE013_FB_2018-08-12,NA,RICE013_FB_2018-08-12_sea_surface_temperature,YSI,sea_surface_temperature,NA,degree celsius,https://vocab.nerc.ac.uk/collection/P06/current/UPAA/,12.8,NA
RICE013_FB_2018-08-12,NA,RICE013_FB_2018-08-12_sea_surface_salinity,YSI,sea_surface_salinity,NA,practical salinity scale,https://vocab.nerc.ac.uk/collection/A05/current/EV_SALIN/,32.2,NA
RICE013_WB_2018-08-13,NA,RICE013_WB_2018-08-13_sea_surface_temperature,YSI,sea_surface_temperature,NA,degree celsius,https://vocab.nerc.ac.uk/collection/P06/current/UPAA/,13.7,NA
RICE013_WB_2018-08-13,NA,RICE013_WB_2018-08-13_sea_surface_salinity,YSI,sea_surface_salinity,NA,practical salinity scale,https://vocab.nerc.ac.uk/collection/A05/current/EV_SALIN/,31.23,NA
RICE014_NB_2018-09-11,NA,RICE014_NB_2018-09-11_sea_surface_temperature,YSI,sea_surface_temperature,NA,degree celsius,https://vocab.nerc.ac.uk/collection/P06/current/UPAA/,13.1,NA
RICE014_NB_2018-09-11,NA,RICE014_NB_2018-09-11_sea_surface_salinity,YSI,sea_surface_salinity,NA,practical salinity scale,https://vocab.nerc.ac.uk/collection/A05/current/EV_SALIN/,31.78,NA
RICE014_WB_2018-09-13,NA,RICE014_WB_2018-09-13_sea_surface_temperature,YSI,sea_surface_temperature,NA,degree celsius,https://vocab.nerc.ac.uk/collection/P06/current/UPAA/,12.9,NA
RICE014_WB_2018-09-13,NA,RICE014_WB_2018-09-13_sea_surface_salinity,YSI,sea_surface_salinity,NA,practical salinity scale,https://vocab.nerc.ac.uk/collection/A05/current/EV_SALIN/,32.47,NA
RICE015_NB_2018-11-22,NA,RICE015_NB_2018-11-22_sea_surface_temperature,YSI,sea_surface_temperature,NA,degree celsius,https://vocab.nerc.ac.uk/collection/P06/current/UPAA/,9.2,NA
RICE015_NB_2018-11-22,NA,RICE015_NB_2018-11-22_sea_surface_salinity,YSI,sea_surface_salinity,NA,practical salinity scale,https://vocab.nerc.ac.uk/collection/A05/current/EV_SALIN/,33.25,NA
RICE015_FB_2018-11-23,NA,RICE015_FB_2018-11-23_sea_surface_temperature,YSI,sea_surface_temperature,NA,degree celsius,https://vocab.nerc.ac.uk/collection/P06/current/UPAA/,9.1,NA
RICE015_FB_2018-11-23,NA,RICE015_FB_2018-11-23_sea_surface_salinity,YSI,sea_surface_salinity,NA,practical salinity scale,https://vocab.nerc.ac.uk/collection/A05/current/EV_SALIN/,24.3,NA
RICE015_WB_2018-11-24,NA,RICE015_WB_2018-11-24_sea_surface_temperature,YSI,sea_surface_temperature,NA,degree celsius,https://vocab.nerc.ac.uk/collection/P06/current/UPAA/,8.8,NA
RICE015_WB_2018-11-24,NA,RICE015_WB_2018-11-24_sea_surface_salinity,YSI,sea_surface_salinity,NA,practical salinity scale,https://vocab.nerc.ac.uk/collection/A05/current/EV_SALIN/,30.68,NA
RICE016_NB_2019-02-18,NA,RICE016_NB_2019-02-18_sea_surface_temperature,YSI,sea_surface_temperature,NA,degree celsius,https://vocab.nerc.ac.uk/collection/P06/current/UPAA/,7,NA
RICE016_NB_2019-02-18,NA,RICE016_NB_2019-02-18_sea_surface_salinity,YSI,sea_surface_salinity,NA,practical salinity scale,https://vocab.nerc.ac.uk/collection/A05/current/EV_SALIN/,30.2,NA
RICE016_FB_2019-02-19,NA,RICE016_FB_2019-02-19_sea_surface_temperature,YSI,sea_surface_temperature,NA,degree celsius,https://vocab.nerc.ac.uk/collection/P06/current/UPAA/,7.4,NA
RICE016_FB_2019-02-19,NA,RICE016_FB_2019-02-19_sea_surface_salinity,YSI,sea_surface_salinity,NA,practical salinity scale,https://vocab.nerc.ac.uk/collection/A05/current/EV_SALIN/,28.11,NA
RICE016_WB_2019-02-20,NA,RICE016_WB_2019-02-20_sea_surface_temperature,YSI,sea_surface_temperature,NA,degree celsius,https://vocab.nerc.ac.uk/collection/P06/current/UPAA/,7.1,NA
RICE016_WB_2019-02-20,NA,RICE016_WB_2019-02-20_sea_surface_salinity,YSI,sea_surface_salinity,NA,practical salinity scale,https://vocab.nerc.ac.uk/collection/A05/current/EV_SALIN/,30.16,NA
RICE017_NB_2019-05-22,NA,RICE017_NB_2019-05-22_sea_surface_temperature,YSI,sea_surface_temperature,NA,degree celsius,https://vocab.nerc.ac.uk/collection/P06/current/UPAA/,10.6,NA
RICE017_NB_2019-05-22,NA,RICE017_NB_2019-05-22_sea_surface_salinity,YSI,sea_surface_salinity,NA,practical salinity scale,https://vocab.nerc.ac.uk/collection/A05/current/EV_SALIN/,32.84,NA
RICE017_WB_2019-05-23,NA,RICE017_WB_2019-05-23_sea_surface_temperature,YSI,sea_surface_temperature,NA,degree celsius,https://vocab.nerc.ac.uk/collection/P06/current/UPAA/,10,NA
RICE017_WB_2019-05-23,NA,RICE017_WB_2019-05-23_sea_surface_salinity,YSI,sea_surface_salinity,NA,practical salinity scale,https://vocab.nerc.ac.uk/collection/A05/current/EV_SALIN/,33,NA
RICE018_FB_2019-06-15,NA,RICE018_FB_2019-06-15_sea_surface_temperature,YSI,sea_surface_temperature,NA,degree celsius,https://vocab.nerc.ac.uk/collection/P06/current/UPAA/,10.5,NA
RICE018_FB_2019-06-15,NA,RICE018_FB_2019-06-15_sea_surface_salinity,YSI,sea_surface_salinity,NA,practical salinity scale,https://vocab.nerc.ac.uk/collection/A05/current/EV_SALIN/,30.61,NA
RICE018_WB_2019-06-16,NA,RICE018_WB_2019-06-16_sea_surface_temperature,YSI,sea_surface_temperature,NA,degree celsius,https://vocab.nerc.ac.uk/collection/P06/current/UPAA/,12,NA
RICE018_WB_2019-06-16,NA,RICE018_WB_2019-06-16_sea_surface_salinity,YSI,sea_surface_salinity,NA,practical salinity scale,https://vocab.nerc.ac.uk/collection/A05/current/EV_SALIN/,31.24,NA
RICE018_NB_2019-06-17,NA,RICE018_NB_2019-06-17_sea_surface_temperature,YSI,sea_surface_temperature,NA,degree celsius,https://vocab.nerc.ac.uk/collection/P06/current/UPAA/,11.7,NA
RICE018_NB_2019-06-17,NA,RICE018_NB_2019-06-17_sea_surface_salinity,YSI,sea_surface_salinity,NA,practical salinity scale,https://vocab.nerc.ac.uk/collection/A05/current/EV_SALIN/,31.5,NA
RICE019_WB_2019-08-28,NA,RICE019_WB_2019-08-28_sea_surface_temperature,YSI,sea_surface_temperature,NA,degree celsius,https://vocab.nerc.ac.uk/collection/P06/current/UPAA/,14.4,NA
RICE019_WB_2019-08-28,NA,RICE019_WB_2019-08-28_sea_surface_salinity,YSI,sea_surface_salinity,NA,practical salinity scale,https://vocab.nerc.ac.uk/collection/A05/current/EV_SALIN/,26.7,NA
RICE019_FB_2019-08-29,NA,RICE019_FB_2019-08-29_sea_surface_temperature,YSI,sea_surface_temperature,NA,degree celsius,https://vocab.nerc.ac.uk/collection/P06/current/UPAA/,13.2,NA
RICE019_FB_2019-08-29,NA,RICE019_FB_2019-08-29_sea_surface_salinity,YSI,sea_surface_salinity,NA,practical salinity scale,https://vocab.nerc.ac.uk/collection/A05/current/EV_SALIN/,28.47,NA
RICE019_NB_2019-08-30,NA,RICE019_NB_2019-08-30_sea_surface_temperature,YSI,sea_surface_temperature,NA,degree celsius,https://vocab.nerc.ac.uk/collection/P06/current/UPAA/,13.4,NA
RICE019_NB_2019-08-30,NA,RICE019_NB_2019-08-30_sea_surface_salinity,YSI,sea_surface_salinity,NA,practical salinity scale,https://vocab.nerc.ac.uk/collection/A05/current/EV_SALIN/,27.98,NA
RICE020_NB_2019-11-24,NA,RICE020_NB_2019-11-24_sea_surface_temperature,YSI,sea_surface_temperature,NA,degree celsius,https://vocab.nerc.ac.uk/collection/P06/current/UPAA/,9.3,NA
RICE020_NB_2019-11-24,NA,RICE020_NB_2019-11-24_sea_surface_salinity,YSI,sea_surface_salinity,NA,practical salinity scale,https://vocab.nerc.ac.uk/collection/A05/current/EV_SALIN/,30.32,NA
RICE020_FB_2019-11-27,NA,RICE020_FB_2019-11-27_sea_surface_temperature,YSI,sea_surface_temperature,NA,degree celsius,https://vocab.nerc.ac.uk/collection/P06/current/UPAA/,7.9,NA
RICE020_FB_2019-11-27,NA,RICE020_FB_2019-11-27_sea_surface_salinity,YSI,sea_surface_salinity,NA,practical salinity scale,https://vocab.nerc.ac.uk/collection/A05/current/EV_SALIN/,31.68,NA
RICE035_NB_2023-02-15,NA,RICE035_NB_2023-02-15_sea_surface_temperature,YSI,sea_surface_temperature,NA,degree celsius,https://vocab.nerc.ac.uk/collection/P06/current/UPAA/,7.7,NA
RICE035_NB_2023-02-15,NA,RICE035_NB_2023-02-15_sea_surface_salinity,YSI,sea_surface_salinity,NA,practical salinity scale,https://vocab.nerc.ac.uk/collection/A05/current/EV_SALIN/,31.58,NA
RICE035_WB_2023-02-16,NA,RICE035_WB_2023-02-16_sea_surface_temperature,YSI,sea_surface_temperature,NA,degree celsius,https://vocab.nerc.ac.uk/collection/P06/current/UPAA/,7.4,NA
RICE035_WB_2023-02-16,NA,RICE035_WB_2023-02-16_sea_surface_salinity,YSI,sea_surface_salinity,NA,practical salinity scale,https://vocab.nerc.ac.uk/collection/A05/current/EV_SALIN/,31.97,NA
RICE035_FB_2023-02-17,NA,RICE035_FB_2023-02-17_sea_surface_temperature,YSI,sea_surface_temperature,NA,degree celsius,https://vocab.nerc.ac.uk/collection/P06/current/UPAA/,7.2,NA
RICE035_FB_2023-02-17,NA,RICE035_FB_2023-02-17_sea_surface_salinity,YSI,sea_surface_salinity,NA,practical salinity scale,https://vocab.nerc.ac.uk/collection/A05/current/EV_SALIN/,30.74,NA
RICE036_FB_2023-05-08,NA,RICE036_FB_2023-05-08_sea_surface_temperature,YSI,sea_surface_temperature,NA,degree celsius,https://vocab.nerc.ac.uk/collection/P06/current/UPAA/,8.8,NA
RICE036_FB_2023-05-08,NA,RICE036_FB_2023-05-08_sea_surface_salinity,YSI,sea_surface_salinity,NA,practical salinity scale,https://vocab.nerc.ac.uk/collection/A05/current/EV_SALIN/,31.39,NA
RICE036_NB_2023-05-09,NA,RICE036_NB_2023-05-09_sea_surface_temperature,YSI,sea_surface_temperature,NA,degree celsius,https://vocab.nerc.ac.uk/collection/P06/current/UPAA/,8.7,NA
RICE036_NB_2023-05-09,NA,RICE036_NB_2023-05-09_sea_surface_salinity,YSI,sea_surface_salinity,NA,practical salinity scale,https://vocab.nerc.ac.uk/collection/A05/current/EV_SALIN/,31.54,NA
RICE037_WB_2023-06-03,NA,RICE037_WB_2023-06-03_sea_surface_temperature,YSI,sea_surface_temperature,NA,degree celsius,https://vocab.nerc.ac.uk/collection/P06/current/UPAA/,12.6,NA
RICE037_WB_2023-06-03,NA,RICE037_WB_2023-06-03_sea_surface_salinity,YSI,sea_surface_salinity,NA,practical salinity scale,https://vocab.nerc.ac.uk/collection/A05/current/EV_SALIN/,30.01,NA
RICE037_FB_2023-06-05,NA,RICE037_FB_2023-06-05_sea_surface_temperature,YSI,sea_surface_temperature,NA,degree celsius,https://vocab.nerc.ac.uk/collection/P06/current/UPAA/,12.1,NA
RICE037_FB_2023-06-05,NA,RICE037_FB_2023-06-05_sea_surface_salinity,YSI,sea_surface_salinity,NA,practical salinity scale,https://vocab.nerc.ac.uk/collection/A05/current/EV_SALIN/,29.97,NA
RICE037_NB_2023-06-06,NA,RICE037_NB_2023-06-06_sea_surface_temperature,YSI,sea_surface_temperature,NA,degree celsius,https://vocab.nerc.ac.uk/collection/P06/current/UPAA/,11.1,NA
RICE037_NB_2023-06-06,NA,RICE037_NB_2023-06-06_sea_surface_salinity,YSI,sea_surface_salinity,NA,practical salinity scale,https://vocab.nerc.ac.uk/collection/A05/current/EV_SALIN/,30.56,NA
RICE039_WB_2023-11-22,NA,RICE039_WB_2023-11-22_sea_surface_temperature,YSI,sea_surface_temperature,NA,degree celsius,https://vocab.nerc.ac.uk/collection/P06/current/UPAA/,10.3,NA
RICE039_WB_2023-11-22,NA,RICE039_WB_2023-11-22_sea_surface_salinity,YSI,sea_surface_salinity,NA,practical salinity scale,https://vocab.nerc.ac.uk/collection/A05/current/EV_SALIN/,36.76,NA
RICE039_NB_2023-11-25,NA,RICE039_NB_2023-11-25_sea_surface_temperature,YSI,sea_surface_temperature,NA,degree celsius,https://vocab.nerc.ac.uk/collection/P06/current/UPAA/,10.3,NA
RICE039_NB_2023-11-25,NA,RICE039_NB_2023-11-25_sea_surface_salinity,YSI,sea_surface_salinity,NA,practical salinity scale,https://vocab.nerc.ac.uk/collection/A05/current/EV_SALIN/,26.98,NA
