scientific_name,rank,taxonomic_status,common_name,AphiaID,WORMS url,WORMS Api url,LSID,Run script,kingdom,subkingdom,infrakingdom,phylum,subphylum,infraphylum,superclass,class,subclass,infraclass,subterclass,superorder,order,suborder,infraorder,parvorder,section,subsection,superfamily,epifamily,family,subfamily,supertribe,tribe,subtribe,genus,subgenus,species,subspecies,parent,codes,taxon_ID,images,Species List,MARINe Codes
BIOTA,SUPERDOMAIN,ACCEPTED,All of Life,1,http://www.marinespecies.org/aphia.php?p=taxdetails&id=1,https://www.marinespecies.org/rest/AphiaClassificationByAphiaID/1,urn:lsid:marinespecies.org:taxname:1,https://airtable.com/tblLqtIyuwA7rbEC3/reciqeu4Nmk0QGQZV?blocks=bli5ItEhTDGAFc32p,,,,,,,,,,,,,,,,,,,,,,,,,,,,,,,"SCUZ,unka,unka,NCCR,NCC",reciqeu4Nmk0QGQZV,,,"OTHALG,DEAINV,OTHINV,UNIDEN"
- Empty Quad -,,,,,,,,https://airtable.com/tblLqtIyuwA7rbEC3/rec9OZSf4mNzF8OV1?blocks=bli5ItEhTDGAFc32p,,,,,,,,,,,,,,,,,,,,,,,,,,,,,,OTHER,NONE,rec9OZSf4mNzF8OV1,,,
- Water -,,,,,,,,https://airtable.com/tblLqtIyuwA7rbEC3/recExUiIqqau4uqNF?blocks=bli5ItEhTDGAFc32p,,,,,,,,,,,,,,,,,,,,,,,,,,,,,,OTHER,WATER,recExUiIqqau4uqNF,,,
- Unknown Crust -,,,,,,,,https://airtable.com/tblLqtIyuwA7rbEC3/recINJrGXbcyhzaZH?blocks=bli5ItEhTDGAFc32p,,,,,,,,,,,,,,,,,,,,,,,,,,,,,,OTHER,UNCRU,recINJrGXbcyhzaZH,,,NONCRU
- Bare sand -,,,,,,,,https://airtable.com/tblLqtIyuwA7rbEC3/recJsuQuaMZstbQdu?blocks=bli5ItEhTDGAFc32p,,,,,,,,,,,,,,,,,,,,,,,,,,,,,,OTHER,SAND,recJsuQuaMZstbQdu,,,SAND
- Rock -,,,,,,,,https://airtable.com/tblLqtIyuwA7rbEC3/recUXfNnfKrEFpbws?blocks=bli5ItEhTDGAFc32p,,,,,,,,,,,,,,,,,,,,,,,,,,,,,,OTHER,ROCK,recUXfNnfKrEFpbws,,,ROCK
OTHER,,,,,,,,https://airtable.com/tblLqtIyuwA7rbEC3/recn8qz7BDvz5WpUk?blocks=bli5ItEhTDGAFc32p,,,,,,,,,,,,,,,,,,,,,,,,,,,,,,,,recn8qz7BDvz5WpUk,,,
Animalia,KINGDOM,ACCEPTED,Animals,2,http://www.marinespecies.org/aphia.php?p=taxdetails&id=2,https://www.marinespecies.org/rest/AphiaClassificationByAphiaID/2,urn:lsid:marinespecies.org:taxname:2,https://airtable.com/tblLqtIyuwA7rbEC3/recLjpocXhsyMFF4R?blocks=bli5ItEhTDGAFc32p,Animalia,,,,,,,,,,,,,,,,,,,,,,,,,,,,,BIOTA,"UNWO,unwo,CAEG,UNEG",recLjpocXhsyMFF4R,,,
Annelida,PHYLUM,ACCEPTED,,882,http://www.marinespecies.org/aphia.php?p=taxdetails&id=882,https://www.marinespecies.org/rest/AphiaClassificationByAphiaID/882,urn:lsid:marinespecies.org:taxname:882,https://airtable.com/tblLqtIyuwA7rbEC3/recMaRwFadBWgNZfL?blocks=bli5ItEhTDGAFc32p,Animalia,,,Annelida,,,,,,,,,,,,,,,,,,,,,,,,,,Animalia,,recMaRwFadBWgNZfL,,,
Clitellata,CLASS,ACCEPTED,,14165,http://www.marinespecies.org/aphia.php?p=taxdetails&id=14165,https://www.marinespecies.org/rest/AphiaClassificationByAphiaID/14165,urn:lsid:marinespecies.org:taxname:14165,https://airtable.com/tblLqtIyuwA7rbEC3/reccGyCS9UExGLlme?blocks=bli5ItEhTDGAFc32p,Animalia,,,Annelida,,,,Clitellata,,,,,,,,,,,,,,,,,,,,,,Annelida,,reccGyCS9UExGLlme,,,
Oligochaeta,SUBCLASS,ACCEPTED,,2036,http://www.marinespecies.org/aphia.php?p=taxdetails&id=2036,https://www.marinespecies.org/rest/AphiaClassificationByAphiaID/2036,urn:lsid:marinespecies.org:taxname:2036,https://airtable.com/tblLqtIyuwA7rbEC3/recLYnw8yyjyYLWFx?blocks=bli5ItEhTDGAFc32p,Animalia,,,Annelida,,,,Clitellata,Oligochaeta,,,,,,,,,,,,,,,,,,,,,Clitellata,,recLYnw8yyjyYLWFx,,,
Crassiclitellata,ORDER,ACCEPTED,,468018,http://www.marinespecies.org/aphia.php?p=taxdetails&id=468018,https://www.marinespecies.org/rest/AphiaClassificationByAphiaID/468018,urn:lsid:marinespecies.org:taxname:468018,https://airtable.com/tblLqtIyuwA7rbEC3/recbOAvEKSxkWfyXa?blocks=bli5ItEhTDGAFc32p,Animalia,,,Annelida,,,,Clitellata,Oligochaeta,,,,Crassiclitellata,,,,,,,,,,,,,,,,,Oligochaeta,,recbOAvEKSxkWfyXa,,,
Lumbricina,SUBORDER,ACCEPTED,,14164,http://www.marinespecies.org/aphia.php?p=taxdetails&id=14164,https://www.marinespecies.org/rest/AphiaClassificationByAphiaID/14164,urn:lsid:marinespecies.org:taxname:14164,https://airtable.com/tblLqtIyuwA7rbEC3/recFMPkCMVPZ8SAyG?blocks=bli5ItEhTDGAFc32p,Animalia,,,Annelida,,,,Clitellata,Oligochaeta,,,,Crassiclitellata,Lumbricina,,,,,,,,,,,,,,,,Crassiclitellata,,recFMPkCMVPZ8SAyG,,,
Lumbricidae,FAMILY,ACCEPTED,,154884,http://www.marinespecies.org/aphia.php?p=taxdetails&id=154884,https://www.marinespecies.org/rest/AphiaClassificationByAphiaID/154884,urn:lsid:marinespecies.org:taxname:154884,https://airtable.com/tblLqtIyuwA7rbEC3/rec2RJFx5K3l64Q9t?blocks=bli5ItEhTDGAFc32p,Animalia,,,Annelida,,,,Clitellata,Oligochaeta,,,,Crassiclitellata,Lumbricina,,,,,,,Lumbricidae,,,,,,,,,Lumbricina,,rec2RJFx5K3l64Q9t,,,
Lumbricus,GENUS,ACCEPTED,,154885,http://www.marinespecies.org/aphia.php?p=taxdetails&id=154885,https://www.marinespecies.org/rest/AphiaClassificationByAphiaID/154885,urn:lsid:marinespecies.org:taxname:154885,https://airtable.com/tblLqtIyuwA7rbEC3/recVShHQaplhKf8VJ?blocks=bli5ItEhTDGAFc32p,Animalia,,,Annelida,,,,Clitellata,Oligochaeta,,,,Crassiclitellata,Lumbricina,,,,,,,Lumbricidae,,,,,Lumbricus,,,,Lumbricidae,,recVShHQaplhKf8VJ,,,
Lumbricus terrestris,SPECIES,ACCEPTED,Earthworm,1069627,http://www.marinespecies.org/aphia.php?p=taxdetails&id=1069627,https://www.marinespecies.org/rest/AphiaClassificationByAphiaID/1069627,urn:lsid:marinespecies.org:taxname:1069627,https://airtable.com/tblLqtIyuwA7rbEC3/recIXOxReH92dFQZs?blocks=bli5ItEhTDGAFc32p,Animalia,,,Annelida,,,,Clitellata,Oligochaeta,,,,Crassiclitellata,Lumbricina,,,,,,,Lumbricidae,,,,,Lumbricus,,Lumbricus terrestris,,Lumbricus,LUMT,recIXOxReH92dFQZs,,,
Polychaeta,CLASS,ACCEPTED,Polychaete worm,883,http://www.marinespecies.org/aphia.php?p=taxdetails&id=883,https://www.marinespecies.org/rest/AphiaClassificationByAphiaID/883,urn:lsid:marinespecies.org:taxname:883,https://airtable.com/tblLqtIyuwA7rbEC3/receY74swTsrSHGZs?blocks=bli5ItEhTDGAFc32p,Animalia,,,Annelida,,,,Polychaeta,,,,,,,,,,,,,,,,,,,,,,Annelida,"POLY,POLY,POLY",receY74swTsrSHGZs,,,
Errantia,SUBCLASS,ACCEPTED,,754174,http://www.marinespecies.org/aphia.php?p=taxdetails&id=754174,https://www.marinespecies.org/rest/AphiaClassificationByAphiaID/754174,urn:lsid:marinespecies.org:taxname:754174,https://airtable.com/tblLqtIyuwA7rbEC3/recgVrIzrQ5O1sazI?blocks=bli5ItEhTDGAFc32p,Animalia,,,Annelida,,,,Polychaeta,Errantia,,,,,,,,,,,,,,,,,,,,,Polychaeta,,recgVrIzrQ5O1sazI,,,
Phyllodocida,ORDER,ACCEPTED,,892,http://www.marinespecies.org/aphia.php?p=taxdetails&id=892,https://www.marinespecies.org/rest/AphiaClassificationByAphiaID/892,urn:lsid:marinespecies.org:taxname:892,https://airtable.com/tblLqtIyuwA7rbEC3/recwLofyRDnXLBgSG?blocks=bli5ItEhTDGAFc32p,Animalia,,,Annelida,,,,Polychaeta,Errantia,,,,Phyllodocida,,,,,,,,,,,,,,,,,Errantia,,recwLofyRDnXLBgSG,,,
Aphroditiformia,SUBORDER,ACCEPTED,,927,http://www.marinespecies.org/aphia.php?p=taxdetails&id=927,https://www.marinespecies.org/rest/AphiaClassificationByAphiaID/927,urn:lsid:marinespecies.org:taxname:927,https://airtable.com/tblLqtIyuwA7rbEC3/rec1mRbZtSBb0ff6u?blocks=bli5ItEhTDGAFc32p,Animalia,,,Annelida,,,,Polychaeta,Errantia,,,,Phyllodocida,Aphroditiformia,,,,,,,,,,,,,,,,Phyllodocida,,rec1mRbZtSBb0ff6u,,,
Polynoidae,FAMILY,ACCEPTED,Scale worm,939,http://www.marinespecies.org/aphia.php?p=taxdetails&id=939,https://www.marinespecies.org/rest/AphiaClassificationByAphiaID/939,urn:lsid:marinespecies.org:taxname:939,https://airtable.com/tblLqtIyuwA7rbEC3/recau59fknxpUDSrJ?blocks=bli5ItEhTDGAFc32p,Animalia,,,Annelida,,,,Polychaeta,Errantia,,,,Phyllodocida,Aphroditiformia,,,,,,,Polynoidae,,,,,,,,,Aphroditiformia,POLYN,recau59fknxpUDSrJ,,,
Arctonoinae,SUBFAMILY,ACCEPTED,,767051,http://www.marinespecies.org/aphia.php?p=taxdetails&id=767051,https://www.marinespecies.org/rest/AphiaClassificationByAphiaID/767051,urn:lsid:marinespecies.org:taxname:767051,https://airtable.com/tblLqtIyuwA7rbEC3/recw1c3Q14pbf3Fr7?blocks=bli5ItEhTDGAFc32p,Animalia,,,Annelida,,,,Polychaeta,Errantia,,,,Phyllodocida,Aphroditiformia,,,,,,,Polynoidae,Arctonoinae,,,,,,,,Polynoidae,,recw1c3Q14pbf3Fr7,,,
Arctonoe,GENUS,ACCEPTED,,254300,http://www.marinespecies.org/aphia.php?p=taxdetails&id=254300,https://www.marinespecies.org/rest/AphiaClassificationByAphiaID/254300,urn:lsid:marinespecies.org:taxname:254300,https://airtable.com/tblLqtIyuwA7rbEC3/rec29cAgT1OLq1tvk?blocks=bli5ItEhTDGAFc32p,Animalia,,,Annelida,,,,Polychaeta,Errantia,,,,Phyllodocida,Aphroditiformia,,,,,,,Polynoidae,Arctonoinae,,,,Arctonoe,,,,Arctonoinae,,rec29cAgT1OLq1tvk,,,
Arctonoe fragilis,SPECIES,ACCEPTED,Frilled Commensal Scaleworm,333029,http://www.marinespecies.org/aphia.php?p=taxdetails&id=333029,https://www.marinespecies.org/rest/AphiaClassificationByAphiaID/333029,urn:lsid:marinespecies.org:taxname:333029,https://airtable.com/tblLqtIyuwA7rbEC3/recXr3Tj5TaqLZ3Ir?blocks=bli5ItEhTDGAFc32p,Animalia,,,Annelida,,,,Polychaeta,Errantia,,,,Phyllodocida,Aphroditiformia,,,,,,,Polynoidae,Arctonoinae,,,,Arctonoe,,Arctonoe fragilis,,Arctonoe,,recXr3Tj5TaqLZ3Ir,,Quadra,
Arctonoe pulchra,SPECIES,ACCEPTED,Red Commensal Scaleworm,333030,http://www.marinespecies.org/aphia.php?p=taxdetails&id=333030,https://www.marinespecies.org/rest/AphiaClassificationByAphiaID/333030,urn:lsid:marinespecies.org:taxname:333030,https://airtable.com/tblLqtIyuwA7rbEC3/recG7tPCGX7XxafHa?blocks=bli5ItEhTDGAFc32p,Animalia,,,Annelida,,,,Polychaeta,Errantia,,,,Phyllodocida,Aphroditiformia,,,,,,,Polynoidae,Arctonoinae,,,,Arctonoe,,Arctonoe pulchra,,Arctonoe,,recG7tPCGX7XxafHa,PXL_20240510_213832318.jpg (https://v5.airtableusercontent.com/v3/u/33/33/1727985600000/RlsrjWvf2Z0KvAKlm45LeA/pX_AM_HNyIkZzSewPaspkUiediwbpyCt4hWHOgyb7K0BLZSa34Rz2sDSa2PfSvvAnqrNnvtWYo6oDW1MY0dtc8ese9sf2ytHSR4GQpgsh88RRFFfM8HJT3EYzO897zmn1YqE1b9RTBu9kc7MExPxB_FL4BCNkBcxhDUb7XnYs33TQ3T7g2dE-WDUvytg6gRS/5ErYNsr30TDkP93OEdAVaefsKjXo6jKvmDoGwUNzwBE),Quadra,
Glyceriformia,SUBORDER,ACCEPTED,,929,http://www.marinespecies.org/aphia.php?p=taxdetails&id=929,https://www.marinespecies.org/rest/AphiaClassificationByAphiaID/929,urn:lsid:marinespecies.org:taxname:929,https://airtable.com/tblLqtIyuwA7rbEC3/rec0MzKsq0iShPBOu?blocks=bli5ItEhTDGAFc32p,Animalia,,,Annelida,,,,Polychaeta,Errantia,,,,Phyllodocida,Glyceriformia,,,,,,,,,,,,,,,,Phyllodocida,,rec0MzKsq0iShPBOu,,,
Glyceridae,FAMILY,ACCEPTED,,952,http://www.marinespecies.org/aphia.php?p=taxdetails&id=952,https://www.marinespecies.org/rest/AphiaClassificationByAphiaID/952,urn:lsid:marinespecies.org:taxname:952,https://airtable.com/tblLqtIyuwA7rbEC3/recmpp1ZdbBNjIczC?blocks=bli5ItEhTDGAFc32p,Animalia,,,Annelida,,,,Polychaeta,Errantia,,,,Phyllodocida,Glyceriformia,,,,,,,Glyceridae,,,,,,,,,Glyceriformia,,recmpp1ZdbBNjIczC,,,
Hemipodia,GENUS,ACCEPTED,,325818,http://www.marinespecies.org/aphia.php?p=taxdetails&id=325818,https://www.marinespecies.org/rest/AphiaClassificationByAphiaID/325818,urn:lsid:marinespecies.org:taxname:325818,https://airtable.com/tblLqtIyuwA7rbEC3/rec4ioxdoR9WHJN3v?blocks=bli5ItEhTDGAFc32p,Animalia,,,Annelida,,,,Polychaeta,Errantia,,,,Phyllodocida,Glyceriformia,,,,,,,Glyceridae,,,,,Hemipodia,,,,Glyceridae,,rec4ioxdoR9WHJN3v,,,
Hemipodia simplex,SPECIES,ACCEPTED,Coil worm,333592,http://www.marinespecies.org/aphia.php?p=taxdetails&id=333592,https://www.marinespecies.org/rest/AphiaClassificationByAphiaID/333592,urn:lsid:marinespecies.org:taxname:333592,https://airtable.com/tblLqtIyuwA7rbEC3/recHfOdtdRn0ZsFHQ?blocks=bli5ItEhTDGAFc32p,Animalia,,,Annelida,,,,Polychaeta,Errantia,,,,Phyllodocida,Glyceriformia,,,,,,,Glyceridae,,,,,Hemipodia,,Hemipodia simplex,,Hemipodia,HEMS,recHfOdtdRn0ZsFHQ,,,
Nereidiformia,SUBORDER,ACCEPTED,,928,http://www.marinespecies.org/aphia.php?p=taxdetails&id=928,https://www.marinespecies.org/rest/AphiaClassificationByAphiaID/928,urn:lsid:marinespecies.org:taxname:928,https://airtable.com/tblLqtIyuwA7rbEC3/recS5MMjnuEzYS4cD?blocks=bli5ItEhTDGAFc32p,Animalia,,,Annelida,,,,Polychaeta,Errantia,,,,Phyllodocida,Nereidiformia,,,,,,,,,,,,,,,,Phyllodocida,,recS5MMjnuEzYS4cD,,,
Nereididae,FAMILY,ACCEPTED,,22496,http://www.marinespecies.org/aphia.php?p=taxdetails&id=22496,https://www.marinespecies.org/rest/AphiaClassificationByAphiaID/22496,urn:lsid:marinespecies.org:taxname:22496,https://airtable.com/tblLqtIyuwA7rbEC3/recJIf5odAln0cZKy?blocks=bli5ItEhTDGAFc32p,Animalia,,,Annelida,,,,Polychaeta,Errantia,,,,Phyllodocida,Nereidiformia,,,,,,,Nereididae,,,,,,,,,Nereidiformia,NEREI,recJIf5odAln0cZKy,,,
Nereidinae,SUBFAMILY,ACCEPTED,,324346,http://www.marinespecies.org/aphia.php?p=taxdetails&id=324346,https://www.marinespecies.org/rest/AphiaClassificationByAphiaID/324346,urn:lsid:marinespecies.org:taxname:324346,https://airtable.com/tblLqtIyuwA7rbEC3/recWsmbXjua4YkWPf?blocks=bli5ItEhTDGAFc32p,Animalia,,,Annelida,,,,Polychaeta,Errantia,,,,Phyllodocida,Nereidiformia,,,,,,,Nereididae,Nereidinae,,,,,,,,Nereididae,,recWsmbXjua4YkWPf,,,
Nereis,GENUS,ACCEPTED,Clam worms/ragworm,129379,http://www.marinespecies.org/aphia.php?p=taxdetails&id=129379,https://www.marinespecies.org/rest/AphiaClassificationByAphiaID/129379,urn:lsid:marinespecies.org:taxname:129379,https://airtable.com/tblLqtIyuwA7rbEC3/recS9kkEl4r3Hd58H?blocks=bli5ItEhTDGAFc32p,Animalia,,,Annelida,,,,Polychaeta,Errantia,,,,Phyllodocida,Nereidiformia,,,,,,,Nereididae,Nereidinae,,,,Nereis,,,,Nereidinae,"NERE,NERE",recS9kkEl4r3Hd58H,,,
Nereis procera,SPECIES,ACCEPTED,Little sandworm,329725,http://www.marinespecies.org/aphia.php?p=taxdetails&id=329725,https://www.marinespecies.org/rest/AphiaClassificationByAphiaID/329725,urn:lsid:marinespecies.org:taxname:329725,https://airtable.com/tblLqtIyuwA7rbEC3/reckOJHDEbaL1rozX?blocks=bli5ItEhTDGAFc32p,Animalia,,,Annelida,,,,Polychaeta,Errantia,,,,Phyllodocida,Nereidiformia,,,,,,,Nereididae,Nereidinae,,,,Nereis,,Nereis procera,,Nereis,NERP,reckOJHDEbaL1rozX,,,
Nereis vexillosa,SPECIES,ACCEPTED,Mussel worm,329765,http://www.marinespecies.org/aphia.php?p=taxdetails&id=329765,https://www.marinespecies.org/rest/AphiaClassificationByAphiaID/329765,urn:lsid:marinespecies.org:taxname:329765,https://airtable.com/tblLqtIyuwA7rbEC3/recKQU0P7QxnnTIqP?blocks=bli5ItEhTDGAFc32p,Animalia,,,Annelida,,,,Polychaeta,Errantia,,,,Phyllodocida,Nereidiformia,,,,,,,Nereididae,Nereidinae,,,,Nereis,,Nereis vexillosa,,Nereis,NEVE,recKQU0P7QxnnTIqP,"Nereis_vexillosa_LACM_B0001_d00085.JPG (https://v5.airtableusercontent.com/v3/u/33/33/1727985600000/03TCVAWLuGrFtAN6eTeriA/aCQhDNfeRW6_bW2EKVO8fqAaQ_uL26mwyNvOI9hgHM__F4Sqg5V96LtWLuKelKS_VRH5w-M5ysXGtEhNgutqHN3z9vngwxi-755o8liOdHrRU7AjMo-wBWFGn3vc8AS4FUKJxse1gfSHkHFDrQHtKbFlfJiXv4rkJAPYiq4cVWuxEAPYs4VLI_C03VIoAy0B/CzoBxjHoeLfdru_jUczowJBMkv43Kt_SqII-NgzXzbg),Nereis_vexillosa_LACM_B0001_d00086.JPG (https://v5.airtableusercontent.com/v3/u/33/33/1727985600000/hPgun8l-Ix6_kj6rlXGIqg/0x9jkdnHrHQ0HOR1s2cUvXQSUkKuOcLgYaaelr-EpEQnIc1Skpua82GtfieIp39HkKZsXMAw40R_uUHi4EYT59PkOEfYLtXiqJpT-bmDk04mISWegFMQwL7HOAkB4yy3PUQFdqX8oSc7x_6MyKhtmL-kwK90PJR98k78AQAlRSumUsni8ARzbS9P9xjeYqsw/nk7mEF2ek43j2OcioK8LemL6SPVD_lL4O58rFgZSJPo)",,
Platynereis,GENUS,ACCEPTED,,129381,http://www.marinespecies.org/aphia.php?p=taxdetails&id=129381,https://www.marinespecies.org/rest/AphiaClassificationByAphiaID/129381,urn:lsid:marinespecies.org:taxname:129381,https://airtable.com/tblLqtIyuwA7rbEC3/recAOSa9Y7PaJpAZD?blocks=bli5ItEhTDGAFc32p,Animalia,,,Annelida,,,,Polychaeta,Errantia,,,,Phyllodocida,Nereidiformia,,,,,,,Nereididae,Nereidinae,,,,Platynereis,,,,Nereidinae,PLATY,recAOSa9Y7PaJpAZD,,,
Sedentaria,SUBCLASS,ACCEPTED,,754175,http://www.marinespecies.org/aphia.php?p=taxdetails&id=754175,https://www.marinespecies.org/rest/AphiaClassificationByAphiaID/754175,urn:lsid:marinespecies.org:taxname:754175,https://airtable.com/tblLqtIyuwA7rbEC3/rec17VOkY3kwb4Yav?blocks=bli5ItEhTDGAFc32p,Animalia,,,Annelida,,,,Polychaeta,Sedentaria,,,,,,,,,,,,,,,,,,,,,Polychaeta,,rec17VOkY3kwb4Yav,,,
Canalipalpata,INFRACLASS,ACCEPTED,Tube worm,154974,http://www.marinespecies.org/aphia.php?p=taxdetails&id=154974,https://www.marinespecies.org/rest/AphiaClassificationByAphiaID/154974,urn:lsid:marinespecies.org:taxname:154974,https://airtable.com/tblLqtIyuwA7rbEC3/recStk86tus56macP?blocks=bli5ItEhTDGAFc32p,Animalia,,,Annelida,,,,Polychaeta,Sedentaria,Canalipalpata,,,,,,,,,,,,,,,,,,,,Sedentaria,CANA,recStk86tus56macP,,,
Sabellariidae,FAMILY,ACCEPTED,,979,http://www.marinespecies.org/aphia.php?p=taxdetails&id=979,https://www.marinespecies.org/rest/AphiaClassificationByAphiaID/979,urn:lsid:marinespecies.org:taxname:979,https://airtable.com/tblLqtIyuwA7rbEC3/recC91aKex2hkOOaz?blocks=bli5ItEhTDGAFc32p,Animalia,,,Annelida,,,,Polychaeta,Sedentaria,Canalipalpata,,,,,,,,,,,Sabellariidae,,,,,,,,,Canalipalpata,,recC91aKex2hkOOaz,,,
Phragmatopoma,GENUS,ACCEPTED,,325241,http://www.marinespecies.org/aphia.php?p=taxdetails&id=325241,https://www.marinespecies.org/rest/AphiaClassificationByAphiaID/325241,urn:lsid:marinespecies.org:taxname:325241,https://airtable.com/tblLqtIyuwA7rbEC3/recS9vk8kBXyPzuQp?blocks=bli5ItEhTDGAFc32p,Animalia,,,Annelida,,,,Polychaeta,Sedentaria,Canalipalpata,,,,,,,,,,,Sabellariidae,,,,,Phragmatopoma,,,,Sabellariidae,,recS9vk8kBXyPzuQp,,,
Phragmatopoma californica,SPECIES,ACCEPTED,Honeycomb worm,334501,http://www.marinespecies.org/aphia.php?p=taxdetails&id=334501,https://www.marinespecies.org/rest/AphiaClassificationByAphiaID/334501,urn:lsid:marinespecies.org:taxname:334501,https://airtable.com/tblLqtIyuwA7rbEC3/receFLs8A7cfRYFeu?blocks=bli5ItEhTDGAFc32p,Animalia,,,Annelida,,,,Polychaeta,Sedentaria,Canalipalpata,,,,,,,,,,,Sabellariidae,,,,,Phragmatopoma,,Phragmatopoma californica,,Phragmatopoma,PHRC,receFLs8A7cfRYFeu,,,
Sabellida,ORDER,ACCEPTED,,901,http://www.marinespecies.org/aphia.php?p=taxdetails&id=901,https://www.marinespecies.org/rest/AphiaClassificationByAphiaID/901,urn:lsid:marinespecies.org:taxname:901,https://airtable.com/tblLqtIyuwA7rbEC3/recKdpbCxpYHZC941?blocks=bli5ItEhTDGAFc32p,Animalia,,,Annelida,,,,Polychaeta,Sedentaria,Canalipalpata,,,Sabellida,,,,,,,,,,,,,,,,,Canalipalpata,,recKdpbCxpYHZC941,,,
Sabellidae,FAMILY,ACCEPTED,,985,http://www.marinespecies.org/aphia.php?p=taxdetails&id=985,https://www.marinespecies.org/rest/AphiaClassificationByAphiaID/985,urn:lsid:marinespecies.org:taxname:985,https://airtable.com/tblLqtIyuwA7rbEC3/recfio6pUG3HczQsj?blocks=bli5ItEhTDGAFc32p,Animalia,,,Annelida,,,,Polychaeta,Sedentaria,Canalipalpata,,,Sabellida,,,,,,,,Sabellidae,,,,,,,,,Sabellida,,recfio6pUG3HczQsj,,,
Myxicolinae,SUBFAMILY,ACCEPTED,,1470421,http://www.marinespecies.org/aphia.php?p=taxdetails&id=1470421,https://www.marinespecies.org/rest/AphiaClassificationByAphiaID/1470421,urn:lsid:marinespecies.org:taxname:1470421,https://airtable.com/tblLqtIyuwA7rbEC3/recRIMm9WmALf9DLL?blocks=bli5ItEhTDGAFc32p,Animalia,,,Annelida,,,,Polychaeta,Sedentaria,Canalipalpata,,,Sabellida,,,,,,,,Sabellidae,Myxicolinae,,,,,,,,Sabellidae,,recRIMm9WmALf9DLL,,,
Myxicolini,TRIBE,ACCEPTED,,1470460,http://www.marinespecies.org/aphia.php?p=taxdetails&id=1470460,https://www.marinespecies.org/rest/AphiaClassificationByAphiaID/1470460,urn:lsid:marinespecies.org:taxname:1470460,https://airtable.com/tblLqtIyuwA7rbEC3/recQ3s1vjmyjYMqzx?blocks=bli5ItEhTDGAFc32p,Animalia,,,Annelida,,,,Polychaeta,Sedentaria,Canalipalpata,,,Sabellida,,,,,,,,Sabellidae,Myxicolinae,,Myxicolini,,,,,,Myxicolinae,,recQ3s1vjmyjYMqzx,,,
Myxicola,GENUS,ACCEPTED,,129537,http://www.marinespecies.org/aphia.php?p=taxdetails&id=129537,https://www.marinespecies.org/rest/AphiaClassificationByAphiaID/129537,urn:lsid:marinespecies.org:taxname:129537,https://airtable.com/tblLqtIyuwA7rbEC3/recFTMFng1EfdLdYE?blocks=bli5ItEhTDGAFc32p,Animalia,,,Annelida,,,,Polychaeta,Sedentaria,Canalipalpata,,,Sabellida,,,,,,,,Sabellidae,Myxicolinae,,Myxicolini,,Myxicola,,,,Myxicolini,,recFTMFng1EfdLdYE,,,
Myxicola infundibulum,SPECIES,ACCEPTED,Sand fan worm,130932,http://www.marinespecies.org/aphia.php?p=taxdetails&id=130932,https://www.marinespecies.org/rest/AphiaClassificationByAphiaID/130932,urn:lsid:marinespecies.org:taxname:130932,https://airtable.com/tblLqtIyuwA7rbEC3/recdEQtKI0idvq0oL?blocks=bli5ItEhTDGAFc32p,Animalia,,,Annelida,,,,Polychaeta,Sedentaria,Canalipalpata,,,Sabellida,,,,,,,,Sabellidae,Myxicolinae,,Myxicolini,,Myxicola,,Myxicola infundibulum,,Myxicola,,recdEQtKI0idvq0oL,,Quadra,
Sabellinae,SUBFAMILY,ACCEPTED,,154917,http://www.marinespecies.org/aphia.php?p=taxdetails&id=154917,https://www.marinespecies.org/rest/AphiaClassificationByAphiaID/154917,urn:lsid:marinespecies.org:taxname:154917,https://airtable.com/tblLqtIyuwA7rbEC3/recGG1fitHyGhw6vq?blocks=bli5ItEhTDGAFc32p,Animalia,,,Annelida,,,,Polychaeta,Sedentaria,Canalipalpata,,,Sabellida,,,,,,,,Sabellidae,Sabellinae,,,,,,,,Sabellidae,,recGG1fitHyGhw6vq,,,
Eudistylia,GENUS,ACCEPTED,,325075,http://www.marinespecies.org/aphia.php?p=taxdetails&id=325075,https://www.marinespecies.org/rest/AphiaClassificationByAphiaID/325075,urn:lsid:marinespecies.org:taxname:325075,https://airtable.com/tblLqtIyuwA7rbEC3/recixsLvMXkQfxq4C?blocks=bli5ItEhTDGAFc32p,Animalia,,,Annelida,,,,Polychaeta,Sedentaria,Canalipalpata,,,Sabellida,,,,,,,,Sabellidae,Sabellinae,,,,Eudistylia,,,,Sabellinae,,recixsLvMXkQfxq4C,,,
Eudistylia polymorpha,SPECIES,ACCEPTED,Giant Feather Duster Worm,333269,http://www.marinespecies.org/aphia.php?p=taxdetails&id=333269,https://www.marinespecies.org/rest/AphiaClassificationByAphiaID/333269,urn:lsid:marinespecies.org:taxname:333269,https://airtable.com/tblLqtIyuwA7rbEC3/recA3ElD5zTQa4PkS?blocks=bli5ItEhTDGAFc32p,Animalia,,,Annelida,,,,Polychaeta,Sedentaria,Canalipalpata,,,Sabellida,,,,,,,,Sabellidae,Sabellinae,,,,Eudistylia,,Eudistylia polymorpha,,Eudistylia,,recA3ElD5zTQa4PkS,,Quadra,
Eudistylia vancouveri,SPECIES,ACCEPTED,Northern Feather Duster Worm,333271,http://www.marinespecies.org/aphia.php?p=taxdetails&id=333271,https://www.marinespecies.org/rest/AphiaClassificationByAphiaID/333271,urn:lsid:marinespecies.org:taxname:333271,https://airtable.com/tblLqtIyuwA7rbEC3/recdyXFnaa203Ztf3?blocks=bli5ItEhTDGAFc32p,Animalia,,,Annelida,,,,Polychaeta,Sedentaria,Canalipalpata,,,Sabellida,,,,,,,,Sabellidae,Sabellinae,,,,Eudistylia,,Eudistylia vancouveri,,Eudistylia,,recdyXFnaa203Ztf3,,Quadra,
Serpulidae,FAMILY,ACCEPTED,Tube worms,988,http://www.marinespecies.org/aphia.php?p=taxdetails&id=988,https://www.marinespecies.org/rest/AphiaClassificationByAphiaID/988,urn:lsid:marinespecies.org:taxname:988,https://airtable.com/tblLqtIyuwA7rbEC3/rec5OhktcA3YgtjRx?blocks=bli5ItEhTDGAFc32p,Animalia,,,Annelida,,,,Polychaeta,Sedentaria,Canalipalpata,,,Sabellida,,,,,,,,Serpulidae,,,,,,,,,Sabellida,SERP,rec5OhktcA3YgtjRx,,,
Serpulinae,SUBFAMILY,ACCEPTED,,1636466,http://www.marinespecies.org/aphia.php?p=taxdetails&id=1636466,https://www.marinespecies.org/rest/AphiaClassificationByAphiaID/1636466,urn:lsid:marinespecies.org:taxname:1636466,https://airtable.com/tblLqtIyuwA7rbEC3/recB4zMxkV7eVZLoG?blocks=bli5ItEhTDGAFc32p,Animalia,,,Annelida,,,,Polychaeta,Sedentaria,Canalipalpata,,,Sabellida,,,,,,,,Serpulidae,Serpulinae,,,,,,,,Serpulidae,,recB4zMxkV7eVZLoG,,,
Serpulini,TRIBE,ACCEPTED,,1647419,http://www.marinespecies.org/aphia.php?p=taxdetails&id=1647419,https://www.marinespecies.org/rest/AphiaClassificationByAphiaID/1647419,urn:lsid:marinespecies.org:taxname:1647419,https://airtable.com/tblLqtIyuwA7rbEC3/recjwETmRet1kZjyN?blocks=bli5ItEhTDGAFc32p,Animalia,,,Annelida,,,,Polychaeta,Sedentaria,Canalipalpata,,,Sabellida,,,,,,,,Serpulidae,Serpulinae,,Serpulini,,,,,,Serpulinae,,recjwETmRet1kZjyN,,,
Serpula,GENUS,ACCEPTED,,129580,http://www.marinespecies.org/aphia.php?p=taxdetails&id=129580,https://www.marinespecies.org/rest/AphiaClassificationByAphiaID/129580,urn:lsid:marinespecies.org:taxname:129580,https://airtable.com/tblLqtIyuwA7rbEC3/recxk7ubTOuBcRx9X?blocks=bli5ItEhTDGAFc32p,Animalia,,,Annelida,,,,Polychaeta,Sedentaria,Canalipalpata,,,Sabellida,,,,,,,,Serpulidae,Serpulinae,,Serpulini,,Serpula,,,,Serpulini,,recxk7ubTOuBcRx9X,,,
Serpula columbiana,SPECIES,ACCEPTED,Red-trumpet tubeworm,338088,http://www.marinespecies.org/aphia.php?p=taxdetails&id=338088,https://www.marinespecies.org/rest/AphiaClassificationByAphiaID/338088,urn:lsid:marinespecies.org:taxname:338088,https://airtable.com/tblLqtIyuwA7rbEC3/recr5CVoWwIHFPYq3?blocks=bli5ItEhTDGAFc32p,Animalia,,,Annelida,,,,Polychaeta,Sedentaria,Canalipalpata,,,Sabellida,,,,,,,,Serpulidae,Serpulinae,,Serpulini,,Serpula,,Serpula columbiana,,Serpula,,recr5CVoWwIHFPYq3,,Quadra,
Serpula vermicularis,SPECIES,ACCEPTED,Red tubeworm,131051,http://www.marinespecies.org/aphia.php?p=taxdetails&id=131051,https://www.marinespecies.org/rest/AphiaClassificationByAphiaID/131051,urn:lsid:marinespecies.org:taxname:131051,https://airtable.com/tblLqtIyuwA7rbEC3/recZmU9z0QSeZGnHS?blocks=bli5ItEhTDGAFc32p,Animalia,,,Annelida,,,,Polychaeta,Sedentaria,Canalipalpata,,,Sabellida,,,,,,,,Serpulidae,Serpulinae,,Serpulini,,Serpula,,Serpula columbiana,,Serpula,,recZmU9z0QSeZGnHS,,Quadra,
Spirorbinae,SUBFAMILY,ACCEPTED,,989,http://www.marinespecies.org/aphia.php?p=taxdetails&id=989,https://www.marinespecies.org/rest/AphiaClassificationByAphiaID/989,urn:lsid:marinespecies.org:taxname:989,https://airtable.com/tblLqtIyuwA7rbEC3/recWXyOVFIknPYo0P?blocks=bli5ItEhTDGAFc32p,Animalia,,,Annelida,,,,Polychaeta,Sedentaria,Canalipalpata,,,Sabellida,,,,,,,,Serpulidae,Spirorbinae,,,,,,,,Serpulidae,,recWXyOVFIknPYo0P,,,
Spirorbini,TRIBE,ACCEPTED,,719188,http://www.marinespecies.org/aphia.php?p=taxdetails&id=719188,https://www.marinespecies.org/rest/AphiaClassificationByAphiaID/719188,urn:lsid:marinespecies.org:taxname:719188,https://airtable.com/tblLqtIyuwA7rbEC3/recMIAPMp3bkeaefa?blocks=bli5ItEhTDGAFc32p,Animalia,,,Annelida,,,,Polychaeta,Sedentaria,Canalipalpata,,,Sabellida,,,,,,,,Serpulidae,Spirorbinae,,Spirorbini,,,,,,Spirorbinae,,recMIAPMp3bkeaefa,,,
Spirorbis,GENUS,ACCEPTED,Spirorbid worm,129642,http://www.marinespecies.org/aphia.php?p=taxdetails&id=129642,https://www.marinespecies.org/rest/AphiaClassificationByAphiaID/129642,urn:lsid:marinespecies.org:taxname:129642,https://airtable.com/tblLqtIyuwA7rbEC3/recUv9S2aL3SAdFTn?blocks=bli5ItEhTDGAFc32p,Animalia,,,Annelida,,,,Polychaeta,Sedentaria,Canalipalpata,,,Sabellida,,,,,,,,Serpulidae,Spirorbinae,,Spirorbini,,Spirorbis,,,,Spirorbini,"SPIR,SPIR,SPIR",recUv9S2aL3SAdFTn,,Toby Island,
Terebellida,ORDER,ACCEPTED,,900,http://www.marinespecies.org/aphia.php?p=taxdetails&id=900,https://www.marinespecies.org/rest/AphiaClassificationByAphiaID/900,urn:lsid:marinespecies.org:taxname:900,https://airtable.com/tblLqtIyuwA7rbEC3/recKMNYCVN4wM8IpP?blocks=bli5ItEhTDGAFc32p,Animalia,,,Annelida,,,,Polychaeta,Sedentaria,Canalipalpata,,,Terebellida,,,,,,,,,,,,,,,,,Canalipalpata,,recKMNYCVN4wM8IpP,,,
Cirratuliformia,SUBORDER,ACCEPTED,,155087,http://www.marinespecies.org/aphia.php?p=taxdetails&id=155087,https://www.marinespecies.org/rest/AphiaClassificationByAphiaID/155087,urn:lsid:marinespecies.org:taxname:155087,https://airtable.com/tblLqtIyuwA7rbEC3/rec4bIStzIpYq7Jxe?blocks=bli5ItEhTDGAFc32p,Animalia,,,Annelida,,,,Polychaeta,Sedentaria,Canalipalpata,,,Terebellida,Cirratuliformia,,,,,,,,,,,,,,,,Terebellida,,rec4bIStzIpYq7Jxe,,,
Cirratulidae,FAMILY,ACCEPTED,,919,http://www.marinespecies.org/aphia.php?p=taxdetails&id=919,https://www.marinespecies.org/rest/AphiaClassificationByAphiaID/919,urn:lsid:marinespecies.org:taxname:919,https://airtable.com/tblLqtIyuwA7rbEC3/recN52rl7eOZhdX9J?blocks=bli5ItEhTDGAFc32p,Animalia,,,Annelida,,,,Polychaeta,Sedentaria,Canalipalpata,,,Terebellida,Cirratuliformia,,,,,,,Cirratulidae,,,,,,,,,Cirratuliformia,,recN52rl7eOZhdX9J,,,
Dodecaceria,GENUS,ACCEPTED,,129246,http://www.marinespecies.org/aphia.php?p=taxdetails&id=129246,https://www.marinespecies.org/rest/AphiaClassificationByAphiaID/129246,urn:lsid:marinespecies.org:taxname:129246,https://airtable.com/tblLqtIyuwA7rbEC3/recekIBzkT0FN8PY0?blocks=bli5ItEhTDGAFc32p,Animalia,,,Annelida,,,,Polychaeta,Sedentaria,Canalipalpata,,,Terebellida,Cirratuliformia,,,,,,,Cirratulidae,,,,,Dodecaceria,,,,Cirratulidae,,recekIBzkT0FN8PY0,,,
Dodecaceria concharum,SPECIES,ACCEPTED,Coralline-fringed tube worm,129967,http://www.marinespecies.org/aphia.php?p=taxdetails&id=129967,https://www.marinespecies.org/rest/AphiaClassificationByAphiaID/129967,urn:lsid:marinespecies.org:taxname:129967,https://airtable.com/tblLqtIyuwA7rbEC3/recX5T0GEYWJT7Qrd?blocks=bli5ItEhTDGAFc32p,Animalia,,,Annelida,,,,Polychaeta,Sedentaria,Canalipalpata,,,Terebellida,Cirratuliformia,,,,,,,Cirratulidae,,,,,Dodecaceria,,Dodecaceria concharum,,Dodecaceria,DOCO,recX5T0GEYWJT7Qrd,,,
Dodecaceria pacifica,SPECIES,ACCEPTED,Fringed filament worm,1580005,http://www.marinespecies.org/aphia.php?p=taxdetails&id=1580005,https://www.marinespecies.org/rest/AphiaClassificationByAphiaID/1580005,urn:lsid:marinespecies.org:taxname:1580005,https://airtable.com/tblLqtIyuwA7rbEC3/recoMF2UtPoF9kCWx?blocks=bli5ItEhTDGAFc32p,Animalia,,,Annelida,,,,Polychaeta,Sedentaria,Canalipalpata,,,Terebellida,Cirratuliformia,,,,,,,Cirratulidae,,,,,Dodecaceria,,Dodecaceria pacifica,,Dodecaceria,,recoMF2UtPoF9kCWx,PXL_20240510_213841279.jpg (https://v5.airtableusercontent.com/v3/u/33/33/1727985600000/6hwABHsLnOqap7i35er5Jg/eAP6vUC6sYYfNGCc1dWwZxbC4KNCBTCy6gK5_k3yT0HIv00V2Bw8O8gMgo-KsCxpZzcEIEU1-Ayl5JX5H5VvBdg5IyKKIhDf06w2ydOBBRenkFg2ukHtgG9_9W2JsCM2Emkzkh35FgxWslNnM9rUKsgICT15BAtsj53_iGqFclzjznRTZj1IVUp4Uqn_zJqj/o8oYU5NW5QDrnXJ9oGdaStRWFEhUfpgZngBxyYgIzp8),Quadra,
Terebelliformia,SUBORDER,ACCEPTED,,152292,http://www.marinespecies.org/aphia.php?p=taxdetails&id=152292,https://www.marinespecies.org/rest/AphiaClassificationByAphiaID/152292,urn:lsid:marinespecies.org:taxname:152292,https://airtable.com/tblLqtIyuwA7rbEC3/recWtUIMnC3Sc7oXt?blocks=bli5ItEhTDGAFc32p,Animalia,,,Annelida,,,,Polychaeta,Sedentaria,Canalipalpata,,,Terebellida,Terebelliformia,,,,,,,,,,,,,,,,Terebellida,,recWtUIMnC3Sc7oXt,,,
Pectinariidae,FAMILY,ACCEPTED,,980,http://www.marinespecies.org/aphia.php?p=taxdetails&id=980,https://www.marinespecies.org/rest/AphiaClassificationByAphiaID/980,urn:lsid:marinespecies.org:taxname:980,https://airtable.com/tblLqtIyuwA7rbEC3/reczKg6vB3rSHfNuR?blocks=bli5ItEhTDGAFc32p,Animalia,,,Annelida,,,,Polychaeta,Sedentaria,Canalipalpata,,,Terebellida,Terebelliformia,,,,,,,Pectinariidae,,,,,,,,,Terebelliformia,,reczKg6vB3rSHfNuR,,,
Cistenides,GENUS,ACCEPTED,,157316,http://www.marinespecies.org/aphia.php?p=taxdetails&id=157316,https://www.marinespecies.org/rest/AphiaClassificationByAphiaID/157316,urn:lsid:marinespecies.org:taxname:157316,https://airtable.com/tblLqtIyuwA7rbEC3/recE4NJqvf4GYrEAR?blocks=bli5ItEhTDGAFc32p,Animalia,,,Annelida,,,,Polychaeta,Sedentaria,Canalipalpata,,,Terebellida,Terebelliformia,,,,,,,Pectinariidae,,,,,Cistenides,,,,Pectinariidae,,recE4NJqvf4GYrEAR,,,
Cistenides granulata,SPECIES,ACCEPTED,,238377,http://www.marinespecies.org/aphia.php?p=taxdetails&id=238377,https://www.marinespecies.org/rest/AphiaClassificationByAphiaID/238377,urn:lsid:marinespecies.org:taxname:238377,https://airtable.com/tblLqtIyuwA7rbEC3/rec6m6JGGhDH1JnLw?blocks=bli5ItEhTDGAFc32p,Animalia,,,Annelida,,,,Polychaeta,Sedentaria,Canalipalpata,,,Terebellida,Terebelliformia,,,,,,,Pectinariidae,,,,,Cistenides,,Cistenides granulata,,Cistenides,,rec6m6JGGhDH1JnLw,,,
Pectinaria,GENUS,ACCEPTED,,129437,http://www.marinespecies.org/aphia.php?p=taxdetails&id=129437,https://www.marinespecies.org/rest/AphiaClassificationByAphiaID/129437,urn:lsid:marinespecies.org:taxname:129437,https://airtable.com/tblLqtIyuwA7rbEC3/recCAH6IhsezxVg7r?blocks=bli5ItEhTDGAFc32p,Animalia,,,Annelida,,,,Polychaeta,Sedentaria,Canalipalpata,,,Terebellida,Terebelliformia,,,,,,,Pectinariidae,,,,,Pectinaria,,,,Pectinariidae,,recCAH6IhsezxVg7r,,,
Pectinaria granulata,SPECIES,ALTERNATE REPRESENTATION,Sand tube worm,130593,http://www.marinespecies.org/aphia.php?p=taxdetails&id=130593,https://www.marinespecies.org/rest/AphiaClassificationByAphiaID/130593,urn:lsid:marinespecies.org:taxname:130593,https://airtable.com/tblLqtIyuwA7rbEC3/reczbFjMBYUHvCfeT?blocks=bli5ItEhTDGAFc32p,Animalia,,,Annelida,,,,Polychaeta,Sedentaria,Canalipalpata,,,Terebellida,Terebelliformia,,,,,,,Pectinariidae,,,,,Pectinaria,,Pectinaria granulata,,Pectinaria,PECG,reczbFjMBYUHvCfeT,,,
Terebellidae,FAMILY,ACCEPTED,,982,http://www.marinespecies.org/aphia.php?p=taxdetails&id=982,https://www.marinespecies.org/rest/AphiaClassificationByAphiaID/982,urn:lsid:marinespecies.org:taxname:982,https://airtable.com/tblLqtIyuwA7rbEC3/rec8NrpZciIgE4XoR?blocks=bli5ItEhTDGAFc32p,Animalia,,,Annelida,,,,Polychaeta,Sedentaria,Canalipalpata,,,Terebellida,Terebelliformia,,,,,,,Terebellidae,,,,,,,,,Terebelliformia,,rec8NrpZciIgE4XoR,,,
Thelepodinae,SUBFAMILY,ACCEPTED,,181511,http://www.marinespecies.org/aphia.php?p=taxdetails&id=181511,https://www.marinespecies.org/rest/AphiaClassificationByAphiaID/181511,urn:lsid:marinespecies.org:taxname:181511,https://airtable.com/tblLqtIyuwA7rbEC3/recFx6D7NtynOR6Dq?blocks=bli5ItEhTDGAFc32p,Animalia,,,Annelida,,,,Polychaeta,Sedentaria,Canalipalpata,,,Terebellida,Terebelliformia,,,,,,,Terebellidae,Thelepodinae,,,,,,,,Terebellidae,,recFx6D7NtynOR6Dq,,,
Thelepus,GENUS,ACCEPTED,,129714,http://www.marinespecies.org/aphia.php?p=taxdetails&id=129714,https://www.marinespecies.org/rest/AphiaClassificationByAphiaID/129714,urn:lsid:marinespecies.org:taxname:129714,https://airtable.com/tblLqtIyuwA7rbEC3/recuipkplNbW6GQNh?blocks=bli5ItEhTDGAFc32p,Animalia,,,Annelida,,,,Polychaeta,Sedentaria,Canalipalpata,,,Terebellida,Terebelliformia,,,,,,,Terebellidae,Thelepodinae,,,,Thelepus,,,,Thelepodinae,,recuipkplNbW6GQNh,,,
Thelepus crispus,SPECIES,ACCEPTED,Spaghetti worm,332560,http://www.marinespecies.org/aphia.php?p=taxdetails&id=332560,https://www.marinespecies.org/rest/AphiaClassificationByAphiaID/332560,urn:lsid:marinespecies.org:taxname:332560,https://airtable.com/tblLqtIyuwA7rbEC3/rec53Cm8kspByIWqt?blocks=bli5ItEhTDGAFc32p,Animalia,,,Annelida,,,,Polychaeta,Sedentaria,Canalipalpata,,,Terebellida,Terebelliformia,,,,,,,Terebellidae,Thelepodinae,,,,Thelepus,,Thelepus crispus,,Thelepus,THCR,rec53Cm8kspByIWqt,,,
Scolecida,INFRACLASS,ACCEPTED,,183607,http://www.marinespecies.org/aphia.php?p=taxdetails&id=183607,https://www.marinespecies.org/rest/AphiaClassificationByAphiaID/183607,urn:lsid:marinespecies.org:taxname:183607,https://airtable.com/tblLqtIyuwA7rbEC3/recA470z2gbX3M2Lr?blocks=bli5ItEhTDGAFc32p,Animalia,,,Annelida,,,,Polychaeta,Sedentaria,Scolecida,,,,,,,,,,,,,,,,,,,,Sedentaria,,recA470z2gbX3M2Lr,,,
Capitellidae,FAMILY,ACCEPTED,,921,http://www.marinespecies.org/aphia.php?p=taxdetails&id=921,https://www.marinespecies.org/rest/AphiaClassificationByAphiaID/921,urn:lsid:marinespecies.org:taxname:921,https://airtable.com/tblLqtIyuwA7rbEC3/recVYMZj9cyngK6lN?blocks=bli5ItEhTDGAFc32p,Animalia,,,Annelida,,,,Polychaeta,Sedentaria,Scolecida,,,,,,,,,,,Capitellidae,,,,,,,,,Scolecida,,recVYMZj9cyngK6lN,,,
Notomastus,GENUS,ACCEPTED,,129220,http://www.marinespecies.org/aphia.php?p=taxdetails&id=129220,https://www.marinespecies.org/rest/AphiaClassificationByAphiaID/129220,urn:lsid:marinespecies.org:taxname:129220,https://airtable.com/tblLqtIyuwA7rbEC3/recvRtP62wx4EhvdE?blocks=bli5ItEhTDGAFc32p,Animalia,,,Annelida,,,,Polychaeta,Sedentaria,Scolecida,,,,,,,,,,,Capitellidae,,,,,Notomastus,,,,Capitellidae,,recvRtP62wx4EhvdE,,,
Notomastus tenuis,SPECIES,ACCEPTED,Thread worm,334241,http://www.marinespecies.org/aphia.php?p=taxdetails&id=334241,https://www.marinespecies.org/rest/AphiaClassificationByAphiaID/334241,urn:lsid:marinespecies.org:taxname:334241,https://airtable.com/tblLqtIyuwA7rbEC3/recFjyMLI4hd4K4WR?blocks=bli5ItEhTDGAFc32p,Animalia,,,Annelida,,,,Polychaeta,Sedentaria,Scolecida,,,,,,,,,,,Capitellidae,,,,,Notomastus,,Notomastus tenuis,,Notomastus,NOTT,recFjyMLI4hd4K4WR,,,
Arthropoda,PHYLUM,ACCEPTED,,1065,http://www.marinespecies.org/aphia.php?p=taxdetails&id=1065,https://www.marinespecies.org/rest/AphiaClassificationByAphiaID/1065,urn:lsid:marinespecies.org:taxname:1065,https://airtable.com/tblLqtIyuwA7rbEC3/recUDGsMWHSKGUek7?blocks=bli5ItEhTDGAFc32p,Animalia,,,Arthropoda,,,,,,,,,,,,,,,,,,,,,,,,,,Animalia,,recUDGsMWHSKGUek7,,,
Chelicerata,SUBPHYLUM,ACCEPTED,,1274,http://www.marinespecies.org/aphia.php?p=taxdetails&id=1274,https://www.marinespecies.org/rest/AphiaClassificationByAphiaID/1274,urn:lsid:marinespecies.org:taxname:1274,https://airtable.com/tblLqtIyuwA7rbEC3/recEmfRWFreI9WCNA?blocks=bli5ItEhTDGAFc32p,Animalia,,,Arthropoda,Chelicerata,,,,,,,,,,,,,,,,,,,,,,,,,Arthropoda,,recEmfRWFreI9WCNA,,,
Arachnida,CLASS,ACCEPTED,,1300,http://www.marinespecies.org/aphia.php?p=taxdetails&id=1300,https://www.marinespecies.org/rest/AphiaClassificationByAphiaID/1300,urn:lsid:marinespecies.org:taxname:1300,https://airtable.com/tblLqtIyuwA7rbEC3/recjBInZPgXJZirW7?blocks=bli5ItEhTDGAFc32p,Animalia,,,Arthropoda,Chelicerata,,,Arachnida,,,,,,,,,,,,,,,,,,,,,,Chelicerata,,recjBInZPgXJZirW7,,,
Acari,SUBCLASS,ACCEPTED,,292684,http://www.marinespecies.org/aphia.php?p=taxdetails&id=292684,https://www.marinespecies.org/rest/AphiaClassificationByAphiaID/292684,urn:lsid:marinespecies.org:taxname:292684,https://airtable.com/tblLqtIyuwA7rbEC3/recx7cVtCN28P85G0?blocks=bli5ItEhTDGAFc32p,Animalia,,,Arthropoda,Chelicerata,,,Arachnida,Acari,,,,,,,,,,,,,,,,,,,,,Arachnida,,recx7cVtCN28P85G0,,,
Acariformes,SUPERORDER,ACCEPTED,,760683,http://www.marinespecies.org/aphia.php?p=taxdetails&id=760683,https://www.marinespecies.org/rest/AphiaClassificationByAphiaID/760683,urn:lsid:marinespecies.org:taxname:760683,https://airtable.com/tblLqtIyuwA7rbEC3/recx9zdEHh8Whmt23?blocks=bli5ItEhTDGAFc32p,Animalia,,,Arthropoda,Chelicerata,,,Arachnida,Acari,,,Acariformes,,,,,,,,,,,,,,,,,,Acari,,recx9zdEHh8Whmt23,,,
Trombidiformes,ORDER,ACCEPTED,,182702,http://www.marinespecies.org/aphia.php?p=taxdetails&id=182702,https://www.marinespecies.org/rest/AphiaClassificationByAphiaID/182702,urn:lsid:marinespecies.org:taxname:182702,https://airtable.com/tblLqtIyuwA7rbEC3/rec0TuishzH0xJuMW?blocks=bli5ItEhTDGAFc32p,Animalia,,,Arthropoda,Chelicerata,,,Arachnida,Acari,,,Acariformes,Trombidiformes,,,,,,,,,,,,,,,,,Acariformes,,rec0TuishzH0xJuMW,,,
Prostigmata,SUBORDER,ACCEPTED,,1414,http://www.marinespecies.org/aphia.php?p=taxdetails&id=1414,https://www.marinespecies.org/rest/AphiaClassificationByAphiaID/1414,urn:lsid:marinespecies.org:taxname:1414,https://airtable.com/tblLqtIyuwA7rbEC3/recSyCvEte5EkkptU?blocks=bli5ItEhTDGAFc32p,Animalia,,,Arthropoda,Chelicerata,,,Arachnida,Acari,,,Acariformes,Trombidiformes,Prostigmata,,,,,,,,,,,,,,,,Trombidiformes,,recSyCvEte5EkkptU,,,
Bdelloidea,SUPERFAMILY,ACCEPTED,,762069,http://www.marinespecies.org/aphia.php?p=taxdetails&id=762069,https://www.marinespecies.org/rest/AphiaClassificationByAphiaID/762069,urn:lsid:marinespecies.org:taxname:762069,https://airtable.com/tblLqtIyuwA7rbEC3/recRBUAWFGiOiPtoc?blocks=bli5ItEhTDGAFc32p,Animalia,,,Arthropoda,Chelicerata,,,Arachnida,Acari,,,Acariformes,Trombidiformes,Prostigmata,,,,,Bdelloidea,,,,,,,,,,,Prostigmata,,recRBUAWFGiOiPtoc,,,
Bdellidae,FAMILY,ACCEPTED,,150433,http://www.marinespecies.org/aphia.php?p=taxdetails&id=150433,https://www.marinespecies.org/rest/AphiaClassificationByAphiaID/150433,urn:lsid:marinespecies.org:taxname:150433,https://airtable.com/tblLqtIyuwA7rbEC3/recxbWCrMWqmG7Opo?blocks=bli5ItEhTDGAFc32p,Animalia,,,Arthropoda,Chelicerata,,,Arachnida,Acari,,,Acariformes,Trombidiformes,Prostigmata,,,,,Bdelloidea,,Bdellidae,,,,,,,,,Bdelloidea,,recxbWCrMWqmG7Opo,,,
Neomolgus,GENUS,ACCEPTED,,150444,http://www.marinespecies.org/aphia.php?p=taxdetails&id=150444,https://www.marinespecies.org/rest/AphiaClassificationByAphiaID/150444,urn:lsid:marinespecies.org:taxname:150444,https://airtable.com/tblLqtIyuwA7rbEC3/recqbViYgqOlwzP1S?blocks=bli5ItEhTDGAFc32p,Animalia,,,Arthropoda,Chelicerata,,,Arachnida,Acari,,,Acariformes,Trombidiformes,Prostigmata,,,,,Bdelloidea,,Bdellidae,,,,,Neomolgus,,,,Bdellidae,,recqbViYgqOlwzP1S,,,
Neomolgus littoralis,SPECIES,ACCEPTED,Red velvet mite,231986,http://www.marinespecies.org/aphia.php?p=taxdetails&id=231986,https://www.marinespecies.org/rest/AphiaClassificationByAphiaID/231986,urn:lsid:marinespecies.org:taxname:231986,https://airtable.com/tblLqtIyuwA7rbEC3/recn1oI9UsTBOi08F?blocks=bli5ItEhTDGAFc32p,Animalia,,,Arthropoda,Chelicerata,,,Arachnida,Acari,,,Acariformes,Trombidiformes,Prostigmata,,,,,Bdelloidea,,Bdellidae,,,,,Neomolgus,,Neomolgus littoralis,,Neomolgus,NELI,recn1oI9UsTBOi08F,,,
Pycnogonida,CLASS,ACCEPTED,Sea spider,1302,http://www.marinespecies.org/aphia.php?p=taxdetails&id=1302,https://www.marinespecies.org/rest/AphiaClassificationByAphiaID/1302,urn:lsid:marinespecies.org:taxname:1302,https://airtable.com/tblLqtIyuwA7rbEC3/recOpkkqFvdjxymO2?blocks=bli5ItEhTDGAFc32p,Animalia,,,Arthropoda,Chelicerata,,,Pycnogonida,,,,,,,,,,,,,,,,,,,,,,Chelicerata,PYCN,recOpkkqFvdjxymO2,,,
Crustacea,SUBPHYLUM,ACCEPTED,Crustacean,1066,http://www.marinespecies.org/aphia.php?p=taxdetails&id=1066,https://www.marinespecies.org/rest/AphiaClassificationByAphiaID/1066,urn:lsid:marinespecies.org:taxname:1066,https://airtable.com/tblLqtIyuwA7rbEC3/rec3R6i2fFQlXKpbt?blocks=bli5ItEhTDGAFc32p,Animalia,,,Arthropoda,Crustacea,,,,,,,,,,,,,,,,,,,,,,,,,Arthropoda,UNSH,rec3R6i2fFQlXKpbt,,,
Multicrustacea,SUPERCLASS,ACCEPTED,,845959,http://www.marinespecies.org/aphia.php?p=taxdetails&id=845959,https://www.marinespecies.org/rest/AphiaClassificationByAphiaID/845959,urn:lsid:marinespecies.org:taxname:845959,https://airtable.com/tblLqtIyuwA7rbEC3/recsUJeVgpRqOFPEm?blocks=bli5ItEhTDGAFc32p,Animalia,,,Arthropoda,Crustacea,,Multicrustacea,,,,,,,,,,,,,,,,,,,,,,,Crustacea,,recsUJeVgpRqOFPEm,,,
Hexanauplia,CLASS,ACCEPTED,,889925,http://www.marinespecies.org/aphia.php?p=taxdetails&id=889925,https://www.marinespecies.org/rest/AphiaClassificationByAphiaID/889925,urn:lsid:marinespecies.org:taxname:889925,https://airtable.com/tblLqtIyuwA7rbEC3/recQZL3tccFhsJ53Z?blocks=bli5ItEhTDGAFc32p,Animalia,,,Arthropoda,Crustacea,,Multicrustacea,Hexanauplia,,,,,,,,,,,,,,,,,,,,,,Multicrustacea,,recQZL3tccFhsJ53Z,,,
Thecostraca,SUBCLASS,ACCEPTED,,22388,http://www.marinespecies.org/aphia.php?p=taxdetails&id=22388,https://www.marinespecies.org/rest/AphiaClassificationByAphiaID/22388,urn:lsid:marinespecies.org:taxname:22388,https://airtable.com/tblLqtIyuwA7rbEC3/recm22tL8UNRSvKMJ?blocks=bli5ItEhTDGAFc32p,Animalia,,,Arthropoda,Crustacea,,Multicrustacea,Hexanauplia,Thecostraca,,,,,,,,,,,,,,,,,,,,,Hexanauplia,,recm22tL8UNRSvKMJ,,,
Cirripedia,INFRACLASS,ACCEPTED,,1082,http://www.marinespecies.org/aphia.php?p=taxdetails&id=1082,https://www.marinespecies.org/rest/AphiaClassificationByAphiaID/1082,urn:lsid:marinespecies.org:taxname:1082,https://airtable.com/tblLqtIyuwA7rbEC3/rec4LP9Bqoz0t5uvq?blocks=bli5ItEhTDGAFc32p,Animalia,,,Arthropoda,Crustacea,,Multicrustacea,Hexanauplia,Thecostraca,Cirripedia,,,,,,,,,,,,,,,,,,,,Thecostraca,"BARN,barn,BARN",rec4LP9Bqoz0t5uvq,,,OTHBAR
Thoracica,SUPERORDER,ACCEPTED,,1107,http://www.marinespecies.org/aphia.php?p=taxdetails&id=1107,https://www.marinespecies.org/rest/AphiaClassificationByAphiaID/1107,urn:lsid:marinespecies.org:taxname:1107,https://airtable.com/tblLqtIyuwA7rbEC3/recOXOd36pjyoEdlw?blocks=bli5ItEhTDGAFc32p,Animalia,,,Arthropoda,Crustacea,,Multicrustacea,Hexanauplia,Thecostraca,Cirripedia,,Thoracica,,,,,,,,,,,,,,,,,,Cirripedia,,recOXOd36pjyoEdlw,,,
Scalpelliformes,ORDER,ACCEPTED,,534760,http://www.marinespecies.org/aphia.php?p=taxdetails&id=534760,https://www.marinespecies.org/rest/AphiaClassificationByAphiaID/534760,urn:lsid:marinespecies.org:taxname:534760,https://airtable.com/tblLqtIyuwA7rbEC3/recbRvvahMCgFCZak?blocks=bli5ItEhTDGAFc32p,Animalia,,,Arthropoda,Crustacea,,Multicrustacea,Hexanauplia,Thecostraca,Cirripedia,,Thoracica,Scalpelliformes,,,,,,,,,,,,,,,,,Thoracica,,recbRvvahMCgFCZak,,,
Pollicipedidae,FAMILY,ACCEPTED,,106054,http://www.marinespecies.org/aphia.php?p=taxdetails&id=106054,https://www.marinespecies.org/rest/AphiaClassificationByAphiaID/106054,urn:lsid:marinespecies.org:taxname:106054,https://airtable.com/tblLqtIyuwA7rbEC3/recItxfUnYbohyXVc?blocks=bli5ItEhTDGAFc32p,Animalia,,,Arthropoda,Crustacea,,Multicrustacea,Hexanauplia,Thecostraca,Cirripedia,,Thoracica,Scalpelliformes,,,,,,,,Pollicipedidae,,,,,,,,,Scalpelliformes,,recItxfUnYbohyXVc,,,
Pollicipes,GENUS,ACCEPTED,,106101,http://www.marinespecies.org/aphia.php?p=taxdetails&id=106101,https://www.marinespecies.org/rest/AphiaClassificationByAphiaID/106101,urn:lsid:marinespecies.org:taxname:106101,https://airtable.com/tblLqtIyuwA7rbEC3/rec0uyNOtpVBYMckB?blocks=bli5ItEhTDGAFc32p,Animalia,,,Arthropoda,Crustacea,,Multicrustacea,Hexanauplia,Thecostraca,Cirripedia,,Thoracica,Scalpelliformes,,,,,,,,Pollicipedidae,,,,,Pollicipes,,,,Pollicipedidae,,rec0uyNOtpVBYMckB,,,
Pollicipes polymerus,SPECIES,ACCEPTED,Gooseneck barnacle,535329,http://www.marinespecies.org/aphia.php?p=taxdetails&id=535329,https://www.marinespecies.org/rest/AphiaClassificationByAphiaID/535329,urn:lsid:marinespecies.org:taxname:535329,https://airtable.com/tblLqtIyuwA7rbEC3/rec1gLwWlY2hboHwF?blocks=bli5ItEhTDGAFc32p,Animalia,,,Arthropoda,Crustacea,,Multicrustacea,Hexanauplia,Thecostraca,Cirripedia,,Thoracica,Scalpelliformes,,,,,,,,Pollicipedidae,,,,,Pollicipes,,Pollicipes polymerus,,Pollicipes,"POPO,DPOPO",rec1gLwWlY2hboHwF,"Pollicipes_polymerus_47757_B3429_d07703.JPG (https://v5.airtableusercontent.com/v3/u/33/33/1727985600000/gX1azN5rTrhT8SDzZmbaIg/JNCJUFZs4kZ0LZ3iHRajpXpGy7qgy29p-Hvzgi8JzJezRrZfmC6vMDIi5xU4Fx_07IhbBNVMHrWa2t7mJfF_FbSxoZ3WMWfpfxyFOiIjCPFzE1f5Fh1fW1INfofhTCJmxpiTA-5WeB3yG0VeAWfYhz3kVPiI3A19Ygm4DlaxlJfVpAiD5j3bzBw1E1jEp_rF/6Kagc629eNHyoeWESE5KpvRKRyUWnh5Lk0w5dzRp0c4),Pollicipes_polymerus_47758_B3430_d07705.JPG (https://v5.airtableusercontent.com/v3/u/33/33/1727985600000/ZkacFV5BD-eQTXmCKlhI_w/9_TnZvNCtZfSTbq6SbvdA1CtNmNBolu39ezeCEvimA-G4Zha2YOJ61i7CQ1NgfiFN-EVFyNK3Ssu-lCLXMxoqsaP5uOP-Dssk9RfgucOr4L_8PwZIHKo8dpJNvSk0akIw_TuEkGbe5PJAApEZeLSmtL3Y9V7Axb4BQMW-2AVHdNs13ZJwOX9hRANR_5-Xeh7/S-8Ew4OjmUKD1ANEP5p99pgfU8WDsAXR_yvCid5GjSY)",,POLPOL
Sessilia,ORDER,ACCEPTED,,106033,http://www.marinespecies.org/aphia.php?p=taxdetails&id=106033,https://www.marinespecies.org/rest/AphiaClassificationByAphiaID/106033,urn:lsid:marinespecies.org:taxname:106033,https://airtable.com/tblLqtIyuwA7rbEC3/recnZZPfquHScLCao?blocks=bli5ItEhTDGAFc32p,Animalia,,,Arthropoda,Crustacea,,Multicrustacea,Hexanauplia,Thecostraca,Cirripedia,,Thoracica,Sessilia,,,,,,,,,,,,,,,,,Thoracica,,recnZZPfquHScLCao,,,
Balanomorpha,SUBORDER,ACCEPTED,,106039,http://www.marinespecies.org/aphia.php?p=taxdetails&id=106039,https://www.marinespecies.org/rest/AphiaClassificationByAphiaID/106039,urn:lsid:marinespecies.org:taxname:106039,https://airtable.com/tblLqtIyuwA7rbEC3/recBKZ45niRy4UOEJ?blocks=bli5ItEhTDGAFc32p,Animalia,,,Arthropoda,Crustacea,,Multicrustacea,Hexanauplia,Thecostraca,Cirripedia,,Thoracica,Sessilia,Balanomorpha,,,,,,,,,,,,,,,,Sessilia,,recBKZ45niRy4UOEJ,,,"CHTBAL,DEADCB"
Balanoidea,SUPERFAMILY,ACCEPTED,,106041,http://www.marinespecies.org/aphia.php?p=taxdetails&id=106041,https://www.marinespecies.org/rest/AphiaClassificationByAphiaID/106041,urn:lsid:marinespecies.org:taxname:106041,https://airtable.com/tblLqtIyuwA7rbEC3/rec3iWvGP08FrS7cf?blocks=bli5ItEhTDGAFc32p,Animalia,,,Arthropoda,Crustacea,,Multicrustacea,Hexanauplia,Thecostraca,Cirripedia,,Thoracica,Sessilia,Balanomorpha,,,,,Balanoidea,,,,,,,,,,,Balanomorpha,,rec3iWvGP08FrS7cf,,,"BALSEM,DEASBB"
Archaeobalanidae,FAMILY,ACCEPTED,,106056,http://www.marinespecies.org/aphia.php?p=taxdetails&id=106056,https://www.marinespecies.org/rest/AphiaClassificationByAphiaID/106056,urn:lsid:marinespecies.org:taxname:106056,https://airtable.com/tblLqtIyuwA7rbEC3/recTZNy1pNgDr4h0i?blocks=bli5ItEhTDGAFc32p,Animalia,,,Arthropoda,Crustacea,,Multicrustacea,Hexanauplia,Thecostraca,Cirripedia,,Thoracica,Sessilia,Balanomorpha,,,,,Balanoidea,,Archaeobalanidae,,,,,,,,,Balanoidea,,recTZNy1pNgDr4h0i,,,
Semibalaninae,SUBFAMILY,ACCEPTED,,106072,http://www.marinespecies.org/aphia.php?p=taxdetails&id=106072,https://www.marinespecies.org/rest/AphiaClassificationByAphiaID/106072,urn:lsid:marinespecies.org:taxname:106072,https://airtable.com/tblLqtIyuwA7rbEC3/recpiDJl18s8URtSS?blocks=bli5ItEhTDGAFc32p,Animalia,,,Arthropoda,Crustacea,,Multicrustacea,Hexanauplia,Thecostraca,Cirripedia,,Thoracica,Sessilia,Balanomorpha,,,,,Balanoidea,,Archaeobalanidae,Semibalaninae,,,,,,,,Archaeobalanidae,,recpiDJl18s8URtSS,,,
Semibalanus,GENUS,ACCEPTED,Semibalanus,106121,http://www.marinespecies.org/aphia.php?p=taxdetails&id=106121,https://www.marinespecies.org/rest/AphiaClassificationByAphiaID/106121,urn:lsid:marinespecies.org:taxname:106121,https://airtable.com/tblLqtIyuwA7rbEC3/receqltcO2PAY3VKV?blocks=bli5ItEhTDGAFc32p,Animalia,,,Arthropoda,Crustacea,,Multicrustacea,Hexanauplia,Thecostraca,Cirripedia,,Thoracica,Sessilia,Balanomorpha,,,,,Balanoidea,,Archaeobalanidae,Semibalaninae,,,,Semibalanus,,,,Semibalaninae,SEMI,receqltcO2PAY3VKV,,,
Semibalanus cariosus,SPECIES,ACCEPTED,Thatched barnacle,594746,http://www.marinespecies.org/aphia.php?p=taxdetails&id=594746,https://www.marinespecies.org/rest/AphiaClassificationByAphiaID/594746,urn:lsid:marinespecies.org:taxname:594746,https://airtable.com/tblLqtIyuwA7rbEC3/reclVyJjof5Gfty9Z?blocks=bli5ItEhTDGAFc32p,Animalia,,,Arthropoda,Crustacea,,Multicrustacea,Hexanauplia,Thecostraca,Cirripedia,,Thoracica,Sessilia,Balanomorpha,,,,,Balanoidea,,Archaeobalanidae,Semibalaninae,,,,Semibalanus,,Semibalanus cariosus,,Semibalanus,"SECA,DSECA",reclVyJjof5Gfty9Z,"SECA_BHAK3479.jpg (https://v5.airtableusercontent.com/v3/u/33/33/1727985600000/YDNFkTk2pTFH2djsUnRRTA/bxr3XBhgXTWVEwloI2FyhdQEQiyUSQyRzelVuN0NdQxrCxaNN5B4wSd_DPG3CtRoOJEmNhQwEo-5Cvw-1VCEiMI0vVAK337XtwaXi0RZDMkLd9ez2njES8nmTIpFeL6GAMilFb9N-tGRJZ8ux57-rw/4O1zLTmeP1CW7MKbxfowcTnSHTYeXALWzlyqDpwpnLQ),SECA_BHAK3478.jpg (https://v5.airtableusercontent.com/v3/u/33/33/1727985600000/np-eWSK1zCVwc9AmQXFbsA/CHzOXL4dzcEtpeoThfJYefzf2Z2KJmxQAKaF4c2KHfxR_OpNz_f71iwZIAefiVYpzeOUmWz4CWgBQZ6k7rNAcC06FO9VWc6Kxf62kXbUZ3FCqNHBM1SMl2I95HvIOBbehkRRPEmX4L7lO2QxaZZQAA/Cqyqr9roztgixy-yPeJCRNNXaYIwLX3VxbCb-hmQK-Q)","Quadra,Toby Island","DEASEM,SEMCAR"
Semibalanus balanoides,SPECIES,ACCEPTED,Northern acorn barnacle,106210,http://www.marinespecies.org/aphia.php?p=taxdetails&id=106210,https://www.marinespecies.org/rest/AphiaClassificationByAphiaID/106210,urn:lsid:marinespecies.org:taxname:106210,https://airtable.com/tblLqtIyuwA7rbEC3/rec3yQTvpyyklTccl?blocks=bli5ItEhTDGAFc32p,Animalia,,,Arthropoda,Crustacea,,Multicrustacea,Hexanauplia,Thecostraca,Cirripedia,,Thoracica,Sessilia,Balanomorpha,,,,,Balanoidea,,Archaeobalanidae,Semibalaninae,,,,Semibalanus,,Semibalanus cariosus,,Semibalanus,,rec3yQTvpyyklTccl,,Quadra,
Balanidae,FAMILY,ACCEPTED,,106057,http://www.marinespecies.org/aphia.php?p=taxdetails&id=106057,https://www.marinespecies.org/rest/AphiaClassificationByAphiaID/106057,urn:lsid:marinespecies.org:taxname:106057,https://airtable.com/tblLqtIyuwA7rbEC3/rec3yZhiTPdZUbFLL?blocks=bli5ItEhTDGAFc32p,Animalia,,,Arthropoda,Crustacea,,Multicrustacea,Hexanauplia,Thecostraca,Cirripedia,,Thoracica,Sessilia,Balanomorpha,,,,,Balanoidea,,Balanidae,,,,,,,,,Balanoidea,,rec3yZhiTPdZUbFLL,,,
Balaninae,SUBFAMILY,ACCEPTED,,106073,http://www.marinespecies.org/aphia.php?p=taxdetails&id=106073,https://www.marinespecies.org/rest/AphiaClassificationByAphiaID/106073,urn:lsid:marinespecies.org:taxname:106073,https://airtable.com/tblLqtIyuwA7rbEC3/recYVfhmSa61LHgXc?blocks=bli5ItEhTDGAFc32p,Animalia,,,Arthropoda,Crustacea,,Multicrustacea,Hexanauplia,Thecostraca,Cirripedia,,Thoracica,Sessilia,Balanomorpha,,,,,Balanoidea,,Balanidae,Balaninae,,,,,,,,Balanidae,,recYVfhmSa61LHgXc,,,
Balanus,GENUS,ACCEPTED,Balanus barnacle,106122,http://www.marinespecies.org/aphia.php?p=taxdetails&id=106122,https://www.marinespecies.org/rest/AphiaClassificationByAphiaID/106122,urn:lsid:marinespecies.org:taxname:106122,https://airtable.com/tblLqtIyuwA7rbEC3/recs4vVww23ZjKZ7c?blocks=bli5ItEhTDGAFc32p,Animalia,,,Arthropoda,Crustacea,,Multicrustacea,Hexanauplia,Thecostraca,Cirripedia,,Thoracica,Sessilia,Balanomorpha,,,,,Balanoidea,,Balanidae,Balaninae,,,,Balanus,,,,Balaninae,BALA,recs4vVww23ZjKZ7c,,,
Balanus crenatus,SPECIES,ACCEPTED,Crenate barnacle,106215,http://www.marinespecies.org/aphia.php?p=taxdetails&id=106215,https://www.marinespecies.org/rest/AphiaClassificationByAphiaID/106215,urn:lsid:marinespecies.org:taxname:106215,https://airtable.com/tblLqtIyuwA7rbEC3/rec5PU1Gybs6gW621?blocks=bli5ItEhTDGAFc32p,Animalia,,,Arthropoda,Crustacea,,Multicrustacea,Hexanauplia,Thecostraca,Cirripedia,,Thoracica,Sessilia,Balanomorpha,,,,,Balanoidea,,Balanidae,Balaninae,,,,Balanus,,Balanus crenatus,,Balanus,BACR,rec5PU1Gybs6gW621,"BACR_BHAK3450.jpg (https://v5.airtableusercontent.com/v3/u/33/33/1727985600000/GHbNmWke0BU0X_etP7V7Dw/5lcTymP_fzbSg4qEaXea42EU9yAuNkLBeDnto7OXHG38chuyvx_rQc6CT_mBiKdYdM-OZUUtMfzLfGU-U2WgALZHwPAhL_-j1JnmTT2wwKh-KLNKo4oAuL0crGq-aHvQ2a86P3Mkq17t3CzlVjpsdw/F96RFthZvg8dYcPX6FqfYCVSes9OjS3eWeh6JMSEi2k),A_Balanus crenatus_47428BHAK-0755dHAK_01793.JPG (https://v5.airtableusercontent.com/v3/u/33/33/1727985600000/FNsCJb-0WutPWsgULpdlJg/vZ65o4npT8FI3JhuVHSdOMKGq-nCFwQljSp6YBepZ3iDYE_C_BvO0obopETX93ddJGWVpX6hOi6SYhgaYWkS8J3_6qkaXdrjMRPmyjZyZXuvt31T5sKzzwHlmYNX6uGPuTACjCghuBg6AFykyBjK37sWbrO9MXa79nKc8i_JKPBVGzMW-HyxUVchrffuCj4XDokpY7HDqlkfAyzfVyeOqA/SOm69KlQ5voui3-b2l6Ga4OWVc0-zInGih8UsyVxNtM),1000015898.jpg (https://v5.airtableusercontent.com/v3/u/33/33/1727985600000/83Z2x_PBcYlTCinqQr5x1A/6PrJZx8H385B-E9GlvGwmD85e4LkEWWaaYR9IMcQh4GLXn34kMqDi2NbpYgnjjRQtZkGPgmK2CEZGlNfkwu8v4GER953P2LJEROXgQaexrB6Ta1FUqYveGb9eiBfn-IPGT_Lhh79oC9Joxy5H2ywvez6X_V-_zBnylr2LNT2DaU/lEIVi0lYtx7lOPxR7rbY8FH-g7kFJsy2Wjo9n2_nrIU)","Quadra,Toby Island",BALCRE
Balanus glandula,SPECIES,ACCEPTED,Acorn barnacle,394848,http://www.marinespecies.org/aphia.php?p=taxdetails&id=394848,https://www.marinespecies.org/rest/AphiaClassificationByAphiaID/394848,urn:lsid:marinespecies.org:taxname:394848,https://airtable.com/tblLqtIyuwA7rbEC3/recVq4OqNAPA0BLKg?blocks=bli5ItEhTDGAFc32p,Animalia,,,Arthropoda,Crustacea,,Multicrustacea,Hexanauplia,Thecostraca,Cirripedia,,Thoracica,Sessilia,Balanomorpha,,,,,Balanoidea,,Balanidae,Balaninae,,,,Balanus,,Balanus glandula,,Balanus,"BAGL,BALG,DBAGL",recVq4OqNAPA0BLKg,"BAGL_BHAK-3617.jpg (https://v5.airtableusercontent.com/v3/u/33/33/1727985600000/jjNMXCyhPtGHgliOT6GOPQ/6i4Q1oPehnlMcv_VEA6ckbGtGzbkXgOC13FcPjZWSx-Wkeqos5pl1RTKp3rB9_ETSMcWPrYBc26A_V2_yOUQiWXGqN9acwKsvKfgzLcgpfTQYe17uyV-8OpS1Tl7T2RLU896suDAiq9jG43iXr5n6w/ZBPjdDqH-Bckz5MV5KoO_9xFjxcoLyiMNZaGAXLKWzo),BAGL_BHAK-3618.jpg (https://v5.airtableusercontent.com/v3/u/33/33/1727985600000/2Hrm7sI8W9UvmsPTYuZxRg/XoECyAat6sSy-ZCDhHHfBZasemuvFPQrO8SIcXgBIlQlI9QJ9k0kZK83dfz4dhkE6M_AoZNQd-IZBk36Ewuu1RISaJM9VMBAtQ3kPJPr0Kok9qV-7lNQWwpNfx9st5Y8u5w9aZr0zcl0q1PHXdNRKg/Fmhz6n4csnu9OKFGsHWmZGTi7DEtgX95RznWD9TXIkE),BAGL_BHAK-3616.jpg (https://v5.airtableusercontent.com/v3/u/33/33/1727985600000/rh-HjwOB4n0otf1PLbR6OA/rU9wu8lPH-n_rKDHCx9Weo6WjvcuGXuMkBK9TqUiHLQ0ghHCETNVu-3TcZxSYy37TwYeqKTEB7GkSbQrXPKC1-GlMppjbftqDcDGV8IVgq2mqZHM4_yFZF2Ypwrsyn8MYjUf1OJPKWg19yOJs4Fshg/c9nx4gOvQ-qPiSXrFVfZJPxmTTtxkBGYiEWVwQytnGo)","Quadra,Toby Island","BALGLA,DEABAL"
Chthamaloidea,SUPERFAMILY,ACCEPTED,,106042,http://www.marinespecies.org/aphia.php?p=taxdetails&id=106042,https://www.marinespecies.org/rest/AphiaClassificationByAphiaID/106042,urn:lsid:marinespecies.org:taxname:106042,https://airtable.com/tblLqtIyuwA7rbEC3/recHlbPRwtv4DvbW2?blocks=bli5ItEhTDGAFc32p,Animalia,,,Arthropoda,Crustacea,,Multicrustacea,Hexanauplia,Thecostraca,Cirripedia,,Thoracica,Sessilia,Balanomorpha,,,,,Chthamaloidea,,,,,,,,,,,Balanomorpha,,recHlbPRwtv4DvbW2,,,
Chthamalidae,FAMILY,ACCEPTED,,106059,http://www.marinespecies.org/aphia.php?p=taxdetails&id=106059,https://www.marinespecies.org/rest/AphiaClassificationByAphiaID/106059,urn:lsid:marinespecies.org:taxname:106059,https://airtable.com/tblLqtIyuwA7rbEC3/recgFXOSXi5gtGVrh?blocks=bli5ItEhTDGAFc32p,Animalia,,,Arthropoda,Crustacea,,Multicrustacea,Hexanauplia,Thecostraca,Cirripedia,,Thoracica,Sessilia,Balanomorpha,,,,,Chthamaloidea,,Chthamalidae,,,,,,,,,Chthamaloidea,,recgFXOSXi5gtGVrh,,,
Chthamalinae,SUBFAMILY,ACCEPTED,,106076,http://www.marinespecies.org/aphia.php?p=taxdetails&id=106076,https://www.marinespecies.org/rest/AphiaClassificationByAphiaID/106076,urn:lsid:marinespecies.org:taxname:106076,https://airtable.com/tblLqtIyuwA7rbEC3/recTVfGeHEhyX1vtZ?blocks=bli5ItEhTDGAFc32p,Animalia,,,Arthropoda,Crustacea,,Multicrustacea,Hexanauplia,Thecostraca,Cirripedia,,Thoracica,Sessilia,Balanomorpha,,,,,Chthamaloidea,,Chthamalidae,Chthamalinae,,,,,,,,Chthamalidae,,recTVfGeHEhyX1vtZ,,,
Chthamalus,GENUS,ACCEPTED,Little brown barnacle,106126,http://www.marinespecies.org/aphia.php?p=taxdetails&id=106126,https://www.marinespecies.org/rest/AphiaClassificationByAphiaID/106126,urn:lsid:marinespecies.org:taxname:106126,https://airtable.com/tblLqtIyuwA7rbEC3/recVbpDMfAYmsDv9t?blocks=bli5ItEhTDGAFc32p,Animalia,,,Arthropoda,Crustacea,,Multicrustacea,Hexanauplia,Thecostraca,Cirripedia,,Thoracica,Sessilia,Balanomorpha,,,,,Chthamaloidea,,Chthamalidae,Chthamalinae,,,,Chthamalus,,,,Chthamalinae,CHTH,recVbpDMfAYmsDv9t,,,"CHTDAL,DEACHT"
Chthamalus dalli,SPECIES,ACCEPTED,Little brown barnacle,423276,http://www.marinespecies.org/aphia.php?p=taxdetails&id=423276,https://www.marinespecies.org/rest/AphiaClassificationByAphiaID/423276,urn:lsid:marinespecies.org:taxname:423276,https://airtable.com/tblLqtIyuwA7rbEC3/rec2D7OfHBN3U2Av3?blocks=bli5ItEhTDGAFc32p,Animalia,,,Arthropoda,Crustacea,,Multicrustacea,Hexanauplia,Thecostraca,Cirripedia,,Thoracica,Sessilia,Balanomorpha,,,,,Chthamaloidea,,Chthamalidae,Chthamalinae,,,,Chthamalus,,Chthamalus dalli,,Chthamalus,"CHDA,CHTD,DCHDA",rec2D7OfHBN3U2Av3,CHDA_BHAK2843.jpg (https://v5.airtableusercontent.com/v3/u/33/33/1727985600000/jlhg8PqM8_O-WvfjdbCzwA/s77mNua9kO4Ekcb8ugcLEvlE2NJmA9WmYSxc_Khky760JA_fBiEx2g3lDgsUTcZefCuU4S1gKrfFP-7krV47sjkmgAcpukP27SWQ4OixBjDojkVBshKQxipIHMdh-ofYiyIODwszwvp3Q8uiSaFzcQ/N8fvjZoURhqQAxupQqa_rWUMmaSwG__WJfD7rxqx93A),"Quadra,Toby Island",
Malacostraca,CLASS,ACCEPTED,,1071,http://www.marinespecies.org/aphia.php?p=taxdetails&id=1071,https://www.marinespecies.org/rest/AphiaClassificationByAphiaID/1071,urn:lsid:marinespecies.org:taxname:1071,https://airtable.com/tblLqtIyuwA7rbEC3/recjGpf5Ouxwx0xPP?blocks=bli5ItEhTDGAFc32p,Animalia,,,Arthropoda,Crustacea,,Multicrustacea,Malacostraca,,,,,,,,,,,,,,,,,,,,,,Multicrustacea,,recjGpf5Ouxwx0xPP,,,
Eumalacostraca,SUBCLASS,ACCEPTED,,1086,http://www.marinespecies.org/aphia.php?p=taxdetails&id=1086,https://www.marinespecies.org/rest/AphiaClassificationByAphiaID/1086,urn:lsid:marinespecies.org:taxname:1086,https://airtable.com/tblLqtIyuwA7rbEC3/recepwNRjV4AgT7Y6?blocks=bli5ItEhTDGAFc32p,Animalia,,,Arthropoda,Crustacea,,Multicrustacea,Malacostraca,Eumalacostraca,,,,,,,,,,,,,,,,,,,,,Malacostraca,,recepwNRjV4AgT7Y6,,,
Eucarida,SUPERORDER,ACCEPTED,,1089,http://www.marinespecies.org/aphia.php?p=taxdetails&id=1089,https://www.marinespecies.org/rest/AphiaClassificationByAphiaID/1089,urn:lsid:marinespecies.org:taxname:1089,https://airtable.com/tblLqtIyuwA7rbEC3/recnWKSU2F0SFfgk9?blocks=bli5ItEhTDGAFc32p,Animalia,,,Arthropoda,Crustacea,,Multicrustacea,Malacostraca,Eumalacostraca,,,Eucarida,,,,,,,,,,,,,,,,,,Eumalacostraca,,recnWKSU2F0SFfgk9,,,
Decapoda,ORDER,ACCEPTED,,1130,http://www.marinespecies.org/aphia.php?p=taxdetails&id=1130,https://www.marinespecies.org/rest/AphiaClassificationByAphiaID/1130,urn:lsid:marinespecies.org:taxname:1130,https://airtable.com/tblLqtIyuwA7rbEC3/recW5khD0zKDQxh39?blocks=bli5ItEhTDGAFc32p,Animalia,,,Arthropoda,Crustacea,,Multicrustacea,Malacostraca,Eumalacostraca,,,Eucarida,Decapoda,,,,,,,,,,,,,,,,,Eucarida,,recW5khD0zKDQxh39,,,
Pleocyemata,SUBORDER,ACCEPTED,,106670,http://www.marinespecies.org/aphia.php?p=taxdetails&id=106670,https://www.marinespecies.org/rest/AphiaClassificationByAphiaID/106670,urn:lsid:marinespecies.org:taxname:106670,https://airtable.com/tblLqtIyuwA7rbEC3/rec1nrnBkWsE17w4G?blocks=bli5ItEhTDGAFc32p,Animalia,,,Arthropoda,Crustacea,,Multicrustacea,Malacostraca,Eumalacostraca,,,Eucarida,Decapoda,Pleocyemata,,,,,,,,,,,,,,,,Decapoda,,rec1nrnBkWsE17w4G,,,
Anomura,INFRAORDER,ACCEPTED,Porcelain crabs,106671,http://www.marinespecies.org/aphia.php?p=taxdetails&id=106671,https://www.marinespecies.org/rest/AphiaClassificationByAphiaID/106671,urn:lsid:marinespecies.org:taxname:106671,https://airtable.com/tblLqtIyuwA7rbEC3/rec5uPJgL1IsM46kF?blocks=bli5ItEhTDGAFc32p,Animalia,,,Arthropoda,Crustacea,,Multicrustacea,Malacostraca,Eumalacostraca,,,Eucarida,Decapoda,Pleocyemata,Anomura,,,,,,,,,,,,,,,Pleocyemata,,rec5uPJgL1IsM46kF,,,
Galatheoidea,SUPERFAMILY,ACCEPTED,,106685,http://www.marinespecies.org/aphia.php?p=taxdetails&id=106685,https://www.marinespecies.org/rest/AphiaClassificationByAphiaID/106685,urn:lsid:marinespecies.org:taxname:106685,https://airtable.com/tblLqtIyuwA7rbEC3/recfvTLdMz6wejNIs?blocks=bli5ItEhTDGAFc32p,Animalia,,,Arthropoda,Crustacea,,Multicrustacea,Malacostraca,Eumalacostraca,,,Eucarida,Decapoda,Pleocyemata,Anomura,,,,Galatheoidea,,,,,,,,,,,Anomura,,recfvTLdMz6wejNIs,,,
Porcellanidae,FAMILY,ACCEPTED,Porcelain crab,106734,http://www.marinespecies.org/aphia.php?p=taxdetails&id=106734,https://www.marinespecies.org/rest/AphiaClassificationByAphiaID/106734,urn:lsid:marinespecies.org:taxname:106734,https://airtable.com/tblLqtIyuwA7rbEC3/recmRDCbCRgNwg2v2?blocks=bli5ItEhTDGAFc32p,Animalia,,,Arthropoda,Crustacea,,Multicrustacea,Malacostraca,Eumalacostraca,,,Eucarida,Decapoda,Pleocyemata,Anomura,,,,Galatheoidea,,Porcellanidae,,,,,,,,,Galatheoidea,PORC,recmRDCbCRgNwg2v2,,,
Pachycheles,GENUS,ACCEPTED,,205958,http://www.marinespecies.org/aphia.php?p=taxdetails&id=205958,https://www.marinespecies.org/rest/AphiaClassificationByAphiaID/205958,urn:lsid:marinespecies.org:taxname:205958,https://airtable.com/tblLqtIyuwA7rbEC3/recLSH6k5lWkA1Yrn?blocks=bli5ItEhTDGAFc32p,Animalia,,,Arthropoda,Crustacea,,Multicrustacea,Malacostraca,Eumalacostraca,,,Eucarida,Decapoda,Pleocyemata,Anomura,,,,Galatheoidea,,Porcellanidae,,,,,Pachycheles,,,,Porcellanidae,,recLSH6k5lWkA1Yrn,,,
Pachycheles rudis,SPECIES,ACCEPTED,Thickclaw Porcelain crab,492861,http://www.marinespecies.org/aphia.php?p=taxdetails&id=492861,https://www.marinespecies.org/rest/AphiaClassificationByAphiaID/492861,urn:lsid:marinespecies.org:taxname:492861,https://airtable.com/tblLqtIyuwA7rbEC3/reclulDOFiFpoEGie?blocks=bli5ItEhTDGAFc32p,Animalia,,,Arthropoda,Crustacea,,Multicrustacea,Malacostraca,Eumalacostraca,,,Eucarida,Decapoda,Pleocyemata,Anomura,,,,Galatheoidea,,Porcellanidae,,,,,Pachycheles,,Pachycheles rudis,,Pachycheles,PARU,reclulDOFiFpoEGie,"Pachycheles_rudis_47395_B0498_d01285.JPG (https://v5.airtableusercontent.com/v3/u/33/33/1727985600000/1hdtxWHn5jwDlO1zWND1qQ/nmmBhs2jd3eGbQTHaiyGyvCzi3ov29kku-ekJj_1FrcHFiL3KPuxRk34BMKXX_BTFeC_9j5Bn0oKGatUsN33R4lh6OTJx3lV7tom4wKKaOVXUX-WGVVGEtjJY6Lwj7QANRSpkP0aGxVdGVk71eu1YbqNFvm9EWIMXxnv9hZyQP0H4UXiH5Xj7uMtGP6WbgMa/bXwMvGuX7lHNzzMzw3d4BgfrTkbxcUR04X5lDk_-ynE),Pachycheles_rudis_47642_B2203_d04980.JPG (https://v5.airtableusercontent.com/v3/u/33/33/1727985600000/zIHQ-ti0zCLy6nOYWdTr9Q/Sd3e4oqKo5f3TACLEWZ_RNkIlVrTh4jlh5BkAbuhxz5X-Fs0W_DLWqw0l8TpbSGcwiqIiKyrZrURVcXlhuE-lbWNAf3ZY_tssp4vCxexqa3rZMhm_FgEiZWbm2FU5buj7R-BVMi77LxyEgkNeMx2FQHlrElCxpu-TC3E2lpjb60rJKVHsDJiAzTIZO85B7yh/91b4uUAEJMGKq--mhWT2dCX9mK0pG424uFgE48ercS4)",,
Petrolisthes,GENUS,ACCEPTED,Petrolisthes porcelain crab,206848,http://www.marinespecies.org/aphia.php?p=taxdetails&id=206848,https://www.marinespecies.org/rest/AphiaClassificationByAphiaID/206848,urn:lsid:marinespecies.org:taxname:206848,https://airtable.com/tblLqtIyuwA7rbEC3/recGGRZ73d8DrqxLl?blocks=bli5ItEhTDGAFc32p,Animalia,,,Arthropoda,Crustacea,,Multicrustacea,Malacostraca,Eumalacostraca,,,Eucarida,Decapoda,Pleocyemata,Anomura,,,,Galatheoidea,,Porcellanidae,,,,,Petrolisthes,,,,Porcellanidae,PEPO,recGGRZ73d8DrqxLl,,,
Petrolisthes cinctipes,SPECIES,ACCEPTED,Flat porcelain crab,431841,http://www.marinespecies.org/aphia.php?p=taxdetails&id=431841,https://www.marinespecies.org/rest/AphiaClassificationByAphiaID/431841,urn:lsid:marinespecies.org:taxname:431841,https://airtable.com/tblLqtIyuwA7rbEC3/recnsq1PnjFkj0F2j?blocks=bli5ItEhTDGAFc32p,Animalia,,,Arthropoda,Crustacea,,Multicrustacea,Malacostraca,Eumalacostraca,,,Eucarida,Decapoda,Pleocyemata,Anomura,,,,Galatheoidea,,Porcellanidae,,,,,Petrolisthes,,Petrolisthes cinctipes,,Petrolisthes,PECI,recnsq1PnjFkj0F2j,"Petrolisthes_cinctipes_47432_B0772_d01844.JPG (https://v5.airtableusercontent.com/v3/u/33/33/1727985600000/ZvqS5uvfxOelk2ctt86-zA/VQKlvwsXJp9RMlmeAUrrNRBmv_yz4jHQu9E2Q2FVxlevYHnoBSgm9v2jmy16QbQ6E6jlrX3pzI1r4Ij8QcSe74zZJDo261VNyk1CCMalxIaQggUDaa8mBfiDQK3K42q7kCK3nWMnNlMYy6STxX2H3Tcghl4buXN4Xth00gTV2b61RtWVy-1iARAmhnCgQuf7/Yx7LVbTTSiNOsQowpgrU1gHp1HHjWKOxUXkG4-UsKNo),Petrolisthes_cinctipes_47437_B0850_d02030.JPG (https://v5.airtableusercontent.com/v3/u/33/33/1727985600000/0393LbKiMxChlWvx_i8YJw/xxyKulDeQPYIAt0niyYqv5VjDRxPZHwciOBJT8eozRH22aK34MgWiIjH7tHCubOCbCz-qTeu9Ydyjl7RNTk9jcxIUo_4FoYp-dM-gLraZ7WKMM4lZdc12-ODI9kIXoiqDwjnHr-sDwTakQiVwpyuBDtIvYkgcMcSL1zLl7LbKkKlIEjRp6FBBNn_Y78IMiun/cCGMKOCPKxM6GJGUusJ9TVPKDk6tgH35E4DWWB9ldOE)",Quadra,
Petrolisthes eriomerus,SPECIES,ACCEPTED,Flattop crab,431847,http://www.marinespecies.org/aphia.php?p=taxdetails&id=431847,https://www.marinespecies.org/rest/AphiaClassificationByAphiaID/431847,urn:lsid:marinespecies.org:taxname:431847,https://airtable.com/tblLqtIyuwA7rbEC3/rec63ehbsLHpBssAY?blocks=bli5ItEhTDGAFc32p,Animalia,,,Arthropoda,Crustacea,,Multicrustacea,Malacostraca,Eumalacostraca,,,Eucarida,Decapoda,Pleocyemata,Anomura,,,,Galatheoidea,,Porcellanidae,,,,,Petrolisthes,,Petrolisthes eriomerus,,Petrolisthes,PEER,rec63ehbsLHpBssAY,"Petrolisthes_eriomerus_47342_B0094_d00182.JPG (https://v5.airtableusercontent.com/v3/u/33/33/1727985600000/2TjBKJFAu_69sPYiQ-1IOw/mOX_8tvw6ITP-nPT_NOvICyAHELJbjokfyX_kF5sfVCDjHC-bsP9cOgcjpvb9m3Zkwi9lrw7TrEKVugYkyYZoaz_bLusstPLzzYHMa5oplFeknY72hi6N4By72-ZRX1qRzGE7qQP8cJhI6F94CWv6_JLcYl-Rqpa7eCpWen_Mrm5Kh1NYNO4mPnbVdC2rYQQ/cP2oPUzfm-poXb8Qt3JibjzLV-oj_Nur058wQ1HtABs),Petrolisthes_eriomerus_47466_B1016_d02590.JPG (https://v5.airtableusercontent.com/v3/u/33/33/1727985600000/JWmF-6FOO6SteXOVWoRO1g/7uJceMVyoYtGZ_P8mhhfmyh4laxJSa_wgJdUcLgBQk7dzSHb8KMEkzg8ahUi3xxuV8W28hGTDd6pZ3FGXVIN_E4qc3zoUWEzaYivmyPA7zU7DG4kyn511RSNERZ4A_TWAkdYw66WV9n-ypdmxuweIWNvwnsrEjOgQBeCnxyn9c9HPkInhoOwM-n-CvEpeQ4N/d0WiAJ0uIWQmeuQsGGm71mOl_MuzVy7S4FgrgwQfZAk),Petrolisthes_eriomerus_47543_B1426_d03618.JPG (https://v5.airtableusercontent.com/v3/u/33/33/1727985600000/oQOBXBQjYkZNSxonMDC2lg/z0oXwzLRzqQABQPD7ZaZV_jXJoHQ66TPMVmsBopiaH88fxUVUqEcqH4C9lCFv6U8MmT2vngWCow4sfMeWmNArvVgi9GEBG8xMsoVY07M712CFncwj2yV520ky9p-UikYwUU11SwF7OFnbet_eJ_N1lB889_juvYiO-Nalgm7ncX_mqiM8vsiuGEx5wgVYYOa/80vk9l_yhhZRol8povekkVUd8tkzWSql-mo4gv0H_1g)",Quadra,
Hippoidea,SUPERFAMILY,ACCEPTED,,106686,http://www.marinespecies.org/aphia.php?p=taxdetails&id=106686,https://www.marinespecies.org/rest/AphiaClassificationByAphiaID/106686,urn:lsid:marinespecies.org:taxname:106686,https://airtable.com/tblLqtIyuwA7rbEC3/recQzC9WwwM9kRzQq?blocks=bli5ItEhTDGAFc32p,Animalia,,,Arthropoda,Crustacea,,Multicrustacea,Malacostraca,Eumalacostraca,,,Eucarida,Decapoda,Pleocyemata,Anomura,,,,Hippoidea,,,,,,,,,,,Anomura,,recQzC9WwwM9kRzQq,,,
Hippidae,FAMILY,ACCEPTED,,158390,http://www.marinespecies.org/aphia.php?p=taxdetails&id=158390,https://www.marinespecies.org/rest/AphiaClassificationByAphiaID/158390,urn:lsid:marinespecies.org:taxname:158390,https://airtable.com/tblLqtIyuwA7rbEC3/recw9K9FaGtrg24Z9?blocks=bli5ItEhTDGAFc32p,Animalia,,,Arthropoda,Crustacea,,Multicrustacea,Malacostraca,Eumalacostraca,,,Eucarida,Decapoda,Pleocyemata,Anomura,,,,Hippoidea,,Hippidae,,,,,,,,,Hippoidea,,recw9K9FaGtrg24Z9,,,
Emerita,GENUS,ACCEPTED,,158392,http://www.marinespecies.org/aphia.php?p=taxdetails&id=158392,https://www.marinespecies.org/rest/AphiaClassificationByAphiaID/158392,urn:lsid:marinespecies.org:taxname:158392,https://airtable.com/tblLqtIyuwA7rbEC3/rec3UGHgTQcL85Kmi?blocks=bli5ItEhTDGAFc32p,Animalia,,,Arthropoda,Crustacea,,Multicrustacea,Malacostraca,Eumalacostraca,,,Eucarida,Decapoda,Pleocyemata,Anomura,,,,Hippoidea,,Hippidae,,,,,Emerita,,,,Hippidae,,rec3UGHgTQcL85Kmi,,,
Emerita analoga,SPECIES,ACCEPTED,Pacific Mole Crab,467695,http://www.marinespecies.org/aphia.php?p=taxdetails&id=467695,https://www.marinespecies.org/rest/AphiaClassificationByAphiaID/467695,urn:lsid:marinespecies.org:taxname:467695,https://airtable.com/tblLqtIyuwA7rbEC3/reczlgedP8CqrGP71?blocks=bli5ItEhTDGAFc32p,Animalia,,,Arthropoda,Crustacea,,Multicrustacea,Malacostraca,Eumalacostraca,,,Eucarida,Decapoda,Pleocyemata,Anomura,,,,Hippoidea,,Hippidae,,,,,Emerita,,Emerita analoga,,Emerita,EMEA,reczlgedP8CqrGP71,,,
Lithodoidea,SUPERFAMILY,ACCEPTED,,366102,http://www.marinespecies.org/aphia.php?p=taxdetails&id=366102,https://www.marinespecies.org/rest/AphiaClassificationByAphiaID/366102,urn:lsid:marinespecies.org:taxname:366102,https://airtable.com/tblLqtIyuwA7rbEC3/receH0bsm6lxrwWSL?blocks=bli5ItEhTDGAFc32p,Animalia,,,Arthropoda,Crustacea,,Multicrustacea,Malacostraca,Eumalacostraca,,,Eucarida,Decapoda,Pleocyemata,Anomura,,,,Lithodoidea,,,,,,,,,,,Anomura,,receH0bsm6lxrwWSL,,,
Hapalogastridae,FAMILY,ACCEPTED,,590101,http://www.marinespecies.org/aphia.php?p=taxdetails&id=590101,https://www.marinespecies.org/rest/AphiaClassificationByAphiaID/590101,urn:lsid:marinespecies.org:taxname:590101,https://airtable.com/tblLqtIyuwA7rbEC3/reczZVi27uJjWU0IY?blocks=bli5ItEhTDGAFc32p,Animalia,,,Arthropoda,Crustacea,,Multicrustacea,Malacostraca,Eumalacostraca,,,Eucarida,Decapoda,Pleocyemata,Anomura,,,,Lithodoidea,,Hapalogastridae,,,,,,,,,Lithodoidea,,reczZVi27uJjWU0IY,,,
Acantholithodes,GENUS,ACCEPTED,,590102,http://www.marinespecies.org/aphia.php?p=taxdetails&id=590102,https://www.marinespecies.org/rest/AphiaClassificationByAphiaID/590102,urn:lsid:marinespecies.org:taxname:590102,https://airtable.com/tblLqtIyuwA7rbEC3/recPiLE3X07wvzYtu?blocks=bli5ItEhTDGAFc32p,Animalia,,,Arthropoda,Crustacea,,Multicrustacea,Malacostraca,Eumalacostraca,,,Eucarida,Decapoda,Pleocyemata,Anomura,,,,Lithodoidea,,Hapalogastridae,,,,,Acantholithodes,,,,Hapalogastridae,,recPiLE3X07wvzYtu,,,
Acantholithodes hispidus,SPECIES,ACCEPTED,Hairy Spined Crab,590103,http://www.marinespecies.org/aphia.php?p=taxdetails&id=590103,https://www.marinespecies.org/rest/AphiaClassificationByAphiaID/590103,urn:lsid:marinespecies.org:taxname:590103,https://airtable.com/tblLqtIyuwA7rbEC3/recgSBLoHYOer4TX0?blocks=bli5ItEhTDGAFc32p,Animalia,,,Arthropoda,Crustacea,,Multicrustacea,Malacostraca,Eumalacostraca,,,Eucarida,Decapoda,Pleocyemata,Anomura,,,,Lithodoidea,,Hapalogastridae,,,,,Acantholithodes,,Acantholithodes hispidus,,Acantholithodes,ACAH,recgSBLoHYOer4TX0,Acantholithodes_hispidus_@Hakai_B2961_d06830.JPG (https://v5.airtableusercontent.com/v3/u/33/33/1727985600000/CCAq-HY184hqbkaWtQXDoA/RntatvDXgS7PkPDiacBcG7QkEhSaSRM-RAhDR-h8Fop3-kYK6Iu-z4pR9gDSLu7Jxgd6rWqQd4wfcwJZUylXFxRLceH2Gei3nDxt0JVrHS4kbizgkOagRnnA-Ls7XMolRiaR_6GwXDeGVZQaw1WHUfrXmrU4_31_k2H_IuPhrfxPaVnhUloehHOgrdUK_wVr/vG8lofGQjaJ1_jeqqXdnWWWy5AajXDjgR2zn0wBynkk),,
Hapalogaster,GENUS,ACCEPTED,,254338,http://www.marinespecies.org/aphia.php?p=taxdetails&id=254338,https://www.marinespecies.org/rest/AphiaClassificationByAphiaID/254338,urn:lsid:marinespecies.org:taxname:254338,https://airtable.com/tblLqtIyuwA7rbEC3/recWGzSrzUAiK6B4i?blocks=bli5ItEhTDGAFc32p,Animalia,,,Arthropoda,Crustacea,,Multicrustacea,Malacostraca,Eumalacostraca,,,Eucarida,Decapoda,Pleocyemata,Anomura,,,,Lithodoidea,,Hapalogastridae,,,,,Hapalogaster,,,,Hapalogastridae,,recWGzSrzUAiK6B4i,,,
Hapalogaster mertensii,SPECIES,ACCEPTED,Bristly crab/hairy crab,590107,http://www.marinespecies.org/aphia.php?p=taxdetails&id=590107,https://www.marinespecies.org/rest/AphiaClassificationByAphiaID/590107,urn:lsid:marinespecies.org:taxname:590107,https://airtable.com/tblLqtIyuwA7rbEC3/rectA8axIJ5nZJQiM?blocks=bli5ItEhTDGAFc32p,Animalia,,,Arthropoda,Crustacea,,Multicrustacea,Malacostraca,Eumalacostraca,,,Eucarida,Decapoda,Pleocyemata,Anomura,,,,Lithodoidea,,Hapalogastridae,,,,,Hapalogaster,,Hapalogaster mertensii,,Hapalogaster,HAPM,rectA8axIJ5nZJQiM,"Hapalogaster_mertensii_47650_B2289_d05034.JPG (https://v5.airtableusercontent.com/v3/u/33/33/1727985600000/vm47nP9V7lBmhA740KyYyA/b5LRWQyX7GjYkUAFVh-mv4NjwskpfbwETMhWGKBnNAmhoKh3PL7_6brOxSr4CLn3kMyLwHTNFqidao-rzf7h_cWG6pv1AETH1Z_Xfeu0BJnGdVsaDsfspsDQXPhAY6y9yoz4qCQVvxH3imRcpyHuXjJLN61gbayl_UNrocS_UkGVKpUDoq2z_TiJrMznjglM/H9JW6BZGOA6SlwUFvlLPaw1TaKNAexHTjz5vzwDvTLw),Hapalogaster_mertensii_47654_B2314_d05233.JPG (https://v5.airtableusercontent.com/v3/u/33/33/1727985600000/PvPOtiiG8byr6H_ekLRA4A/2TgxJS9RoOP3Uk1DaRJn4reRP1CrpMkOI6e7TjMyA0kOZLUXkq-4gXZCixEHRtZvFTy4UmTNxJSCygfhjTVWJ4JrJm-BdM2-rX4Fm3MWMQdBOaXnnToGZBlNEphGiy_In9PCOlKIW4WdtckF456eV0gYk02p7fHFT9pe5LSHy8S13q6w_8vjo0P16idOnCHX/LOzBbVCrTFylkgc9P5JK2ZkU1vwyYw9s_eEwZbofRCE)",Quadra,
Oedignathus,GENUS,ACCEPTED,,590111,http://www.marinespecies.org/aphia.php?p=taxdetails&id=590111,https://www.marinespecies.org/rest/AphiaClassificationByAphiaID/590111,urn:lsid:marinespecies.org:taxname:590111,https://airtable.com/tblLqtIyuwA7rbEC3/recjYtIj5EkSBi1yH?blocks=bli5ItEhTDGAFc32p,Animalia,,,Arthropoda,Crustacea,,Multicrustacea,Malacostraca,Eumalacostraca,,,Eucarida,Decapoda,Pleocyemata,Anomura,,,,Lithodoidea,,Hapalogastridae,,,,,Oedignathus,,,,Hapalogastridae,,recjYtIj5EkSBi1yH,,,
Oedignathus inermis,SPECIES,ACCEPTED,Granular-claw crab,590112,http://www.marinespecies.org/aphia.php?p=taxdetails&id=590112,https://www.marinespecies.org/rest/AphiaClassificationByAphiaID/590112,urn:lsid:marinespecies.org:taxname:590112,https://airtable.com/tblLqtIyuwA7rbEC3/recrRJetfLcXe8cOr?blocks=bli5ItEhTDGAFc32p,Animalia,,,Arthropoda,Crustacea,,Multicrustacea,Malacostraca,Eumalacostraca,,,Eucarida,Decapoda,Pleocyemata,Anomura,,,,Lithodoidea,,Hapalogastridae,,,,,Oedignathus,,Oedignathus inermis,,Oedignathus,OEIN,recrRJetfLcXe8cOr,"Oedignathus_inermis_@Hakai_B0103_d00223.JPG (https://v5.airtableusercontent.com/v3/u/33/33/1727985600000/PDUDSNJyUPcb33bll7b4sg/EBnghga43di5rLsIpyNnyw3f0HblVcZATIFeuYNbTlzGm3N0k1N2DVdhXwASAnpYREO8CE0Oq8aJ1uJhrQGiytjlAKOmt8gqKeQGnRm5Y2U0BNUSLqvCS5fekUsNEvb8GvsvyK5XMYu_SB2mw5YlwQ4LMEkz2FIYqB6KFj60bRlVbLOL0HUbiI4p99Ubt0v5/u-OkKmL2Ko6kOqOO13kQqQqnrsnkoe0w-PuGCMOUM6M),Oedignathus_inermis_47351_B0212_d00428.JPG (https://v5.airtableusercontent.com/v3/u/33/33/1727985600000/Fps_4psMDabfgUjxhAvPHw/147ZeNFtVd1SQrUblpC9oMmhoMkl_g2N379M1gxPfPNxtgtyNirFodm1VlCm_JmXRXHvl-5qZGh2-tpwAlCDJAeIYWhnau_wICs3oVjB0CZozU-GFZqggP-pn0X6WF4XF_Y4N6uFJRoxXHFmLiDVdqrdHDZWE3sJx4xHf1OsukS6obyWqZcVbk_3HhJz9y5J/UYRQGMwnf3M9r0xfpiNclFTEnUi5cIWEhFIzMNKGooA)",,
Lithodidae,FAMILY,ACCEPTED,,106737,http://www.marinespecies.org/aphia.php?p=taxdetails&id=106737,https://www.marinespecies.org/rest/AphiaClassificationByAphiaID/106737,urn:lsid:marinespecies.org:taxname:106737,https://airtable.com/tblLqtIyuwA7rbEC3/recjYe0ez3NYantl7?blocks=bli5ItEhTDGAFc32p,Animalia,,,Arthropoda,Crustacea,,Multicrustacea,Malacostraca,Eumalacostraca,,,Eucarida,Decapoda,Pleocyemata,Anomura,,,,Lithodoidea,,Lithodidae,,,,,,,,,Lithodoidea,,recjYe0ez3NYantl7,,,
Cryptolithodes,GENUS,ACCEPTED,Cryptolithodes,550614,http://www.marinespecies.org/aphia.php?p=taxdetails&id=550614,https://www.marinespecies.org/rest/AphiaClassificationByAphiaID/550614,urn:lsid:marinespecies.org:taxname:550614,https://airtable.com/tblLqtIyuwA7rbEC3/recaQyjOjsJkbhjz0?blocks=bli5ItEhTDGAFc32p,Animalia,,,Arthropoda,Crustacea,,Multicrustacea,Malacostraca,Eumalacostraca,,,Eucarida,Decapoda,Pleocyemata,Anomura,,,,Lithodoidea,,Lithodidae,,,,,Cryptolithodes,,,,Lithodidae,CRYO,recaQyjOjsJkbhjz0,,,
Cryptolithodes sitchensis,SPECIES,ACCEPTED,Umbrella Crab,550616,http://www.marinespecies.org/aphia.php?p=taxdetails&id=550616,https://www.marinespecies.org/rest/AphiaClassificationByAphiaID/550616,urn:lsid:marinespecies.org:taxname:550616,https://airtable.com/tblLqtIyuwA7rbEC3/recbRlSnjpGyLiX4E?blocks=bli5ItEhTDGAFc32p,Animalia,,,Arthropoda,Crustacea,,Multicrustacea,Malacostraca,Eumalacostraca,,,Eucarida,Decapoda,Pleocyemata,Anomura,,,,Lithodoidea,,Lithodidae,,,,,Cryptolithodes,,Cryptolithodes sitchensis,,Cryptolithodes,CRYI,recbRlSnjpGyLiX4E,"Cryptolithodes_sitchensis_47629_B2066_d04738.JPG (https://v5.airtableusercontent.com/v3/u/33/33/1727985600000/gkU-5b8VqMGxZBuqV52FSA/mzJa9cF0_tA2h1GLctdrZcZ2DY3ieN_04QZ-SlEcvgpCF5iRKlq6xWMcDeOE3NalaAZ9OjvnGIzq7X_Sx-1xFg04B5k9HII9ITIxg2PrDafgQDsgSJljH3uTsu0GtDFOS_CC3sFLoFCJOQekXf3fGhH9JLD8B7BsdA36H5V6yfcFwvzJUAElyOGWE8QHSWeD/tQ6ajtaudm_eYVVagfLVRhNUj1NWCo6il0JYv_OD0nI),Cryptolithodes_sitchensis_47641_B2187_d04969.JPG (https://v5.airtableusercontent.com/v3/u/33/33/1727985600000/p_YqsueYXrLKnSbGZILXQg/i0uoUBMn8oEFf6JvO53BVXs0e7KjPCgpXa2wKeiOaWJc_AV2qF2XFtde2qf3SwcI_BzLCqUJX9IRqldtcKBQ0ax7pweOaV98fir0Jsmfw_zr71xmLyiiEV0JcC6qshYlQ_CKzUZt27_FlSBLuLjL5rB0xSmdMRG4ftufjEMmvzqEGhZSCPb4QS0cfrpvDTg7/ha-CENpRtboi2_GbMtZJiM4rzEgF5mHG2Q1-tuc4RRg),Cryptolithodes_sitchensis_47726_B3224_d07569.JPG (https://v5.airtableusercontent.com/v3/u/33/33/1727985600000/NwR80n8PmmNsVNE9D-EjhA/W2XrGyw4_7TRr-5YKFey4BiSbOEMgSkIZVmWFAZxjNZ4reuFqbZBFxX-gc4DZYqGDZgD1Uo1fbfswIRv6wXwAX5zSX8g71jgFZd_iAM2urxISXPpoX7syV7SbzL2jwlbLia6FBFVPUCahOPSzwc45bc-iQfEz0-ae7nw2P035duFZphKZHARxbcTV1XoFfLl/TB0xn2BgHFQb6h7IbyGzgLzhIEMnftSviWx9LfKytrM)",,
Cryptolithodes typicus,SPECIES,ACCEPTED,Butterfly crab,550617,http://www.marinespecies.org/aphia.php?p=taxdetails&id=550617,https://www.marinespecies.org/rest/AphiaClassificationByAphiaID/550617,urn:lsid:marinespecies.org:taxname:550617,https://airtable.com/tblLqtIyuwA7rbEC3/recOpF4DEtSUYgCtP?blocks=bli5ItEhTDGAFc32p,Animalia,,,Arthropoda,Crustacea,,Multicrustacea,Malacostraca,Eumalacostraca,,,Eucarida,Decapoda,Pleocyemata,Anomura,,,,Lithodoidea,,Lithodidae,,,,,Cryptolithodes,,Cryptolithodes typicus,,Cryptolithodes,"CRYT,CRTY",recOpF4DEtSUYgCtP,"Cryptolithodes_typicus_47551_B1482_d03308.JPG (https://v5.airtableusercontent.com/v3/u/33/33/1727985600000/NZX-aVYp9tjKvSADjJy9LA/qlzhD60krk0BCxxWz6RwEuJ4ShvRVEv9npqSuPq3wVCaQfNoCXng8C4fbHTqSlVQlNTbGvQPfx-_F2PU2dfUllfCwWVdYakphH4uW6jHw4LzS38OLmlRb7XThzGHZ6wq7fjM9Jgrl7JTKt3WZ3b2_y4j1bvA9ejoZxZfyIxILEks-g07ZHN4jR1cjPImCJt2/vi2qQcoftdKSMoYT6pY3kmQS5cOSX7OW1HNYL0609ic),Cryptolithodes_typicus_47762_B3441_d07721.JPG (https://v5.airtableusercontent.com/v3/u/33/33/1727985600000/FW3IFwL5YMHmefSfKbWbhw/dxiDkJ58ATyKQ3ZPNCB1bBrbvwGJYcwRO0Xyx2JOKDCTDOtsCeczp3kDpn7BKsfowiz4k69jDLqEj-bR0yJ3owTz2VEmzqohMCFrZ6BSp2imW9yfJ00clByQ9bQsMQvvKmJ-j4-kTXegaJJX_7rNuexFMfBt--9wA3lvWEOAny8HBbHal8aM8VLHZEVjyFms/Nz42mvGz74FSuloRQbaYJfcrPgphZyE1xyB51tXhZ3Y)",,
Lopholithodes,GENUS,ACCEPTED,,378124,http://www.marinespecies.org/aphia.php?p=taxdetails&id=378124,https://www.marinespecies.org/rest/AphiaClassificationByAphiaID/378124,urn:lsid:marinespecies.org:taxname:378124,https://airtable.com/tblLqtIyuwA7rbEC3/recQCwHn6bWFVIe7Q?blocks=bli5ItEhTDGAFc32p,Animalia,,,Arthropoda,Crustacea,,Multicrustacea,Malacostraca,Eumalacostraca,,,Eucarida,Decapoda,Pleocyemata,Anomura,,,,Lithodoidea,,Lithodidae,,,,,Lopholithodes,,,,Lithodidae,,recQCwHn6bWFVIe7Q,,,
Lopholithodes mandtii,SPECIES,ACCEPTED,Puget Sound King Crab,550635,http://www.marinespecies.org/aphia.php?p=taxdetails&id=550635,https://www.marinespecies.org/rest/AphiaClassificationByAphiaID/550635,urn:lsid:marinespecies.org:taxname:550635,https://airtable.com/tblLqtIyuwA7rbEC3/recGpVLyA9PLHyw3U?blocks=bli5ItEhTDGAFc32p,Animalia,,,Arthropoda,Crustacea,,Multicrustacea,Malacostraca,Eumalacostraca,,,Eucarida,Decapoda,Pleocyemata,Anomura,,,,Lithodoidea,,Lithodidae,,,,,Lopholithodes,,Lopholithodes mandtii,,Lopholithodes,LOPM,recGpVLyA9PLHyw3U,Lopholithodes_mandtii_47604_B1966_d04206.JPG (https://v5.airtableusercontent.com/v3/u/33/33/1727985600000/VfDRM24alSAl8k7YUaz0HA/B8_ml4rTx-8pqSapElYUaTig3TmlUNHRtlGgzLfViqgW-DrDx2FWXws2kvEhD47JXZq-R7J84gCybUXJ5ANkzg_h-GMiNTzZSnQ5dvI8amdEZcj1FsK6WjGYSDbydW_zTY_mFrviQmypVLLHvyaIC9gr2f885TZxk0iLhhK04PERBd0DPaDicFmw-Nqyoye9/IKCiXxIbz99enT_aKyb2_skZIo0iUBkvTs1ezCI8t3E),,
Phyllolithodes,GENUS,ACCEPTED,,550605,http://www.marinespecies.org/aphia.php?p=taxdetails&id=550605,https://www.marinespecies.org/rest/AphiaClassificationByAphiaID/550605,urn:lsid:marinespecies.org:taxname:550605,https://airtable.com/tblLqtIyuwA7rbEC3/recmeBh1dhJJo4LRQ?blocks=bli5ItEhTDGAFc32p,Animalia,,,Arthropoda,Crustacea,,Multicrustacea,Malacostraca,Eumalacostraca,,,Eucarida,Decapoda,Pleocyemata,Anomura,,,,Lithodoidea,,Lithodidae,,,,,Phyllolithodes,,,,Lithodidae,,recmeBh1dhJJo4LRQ,,,
Phyllolithodes papillosus,SPECIES,ACCEPTED,Heart Crab,550606,http://www.marinespecies.org/aphia.php?p=taxdetails&id=550606,https://www.marinespecies.org/rest/AphiaClassificationByAphiaID/550606,urn:lsid:marinespecies.org:taxname:550606,https://airtable.com/tblLqtIyuwA7rbEC3/recVTx2TV971hnmtJ?blocks=bli5ItEhTDGAFc32p,Animalia,,,Arthropoda,Crustacea,,Multicrustacea,Malacostraca,Eumalacostraca,,,Eucarida,Decapoda,Pleocyemata,Anomura,,,,Lithodoidea,,Lithodidae,,,,,Phyllolithodes,,Phyllolithodes papillosus,,Phyllolithodes,PHYO,recVTx2TV971hnmtJ,"Phyllolithodes_papillosus_47587_B1820_d03782.JPG (https://v5.airtableusercontent.com/v3/u/33/33/1727985600000/rXwUGXX4K4-AdzRGgdc9nw/06JbOLkiKh-Q0EHZJdWw-bwZITGewBaZqz0iWFPiPV3MslkX74paJSBGbAG66070l3p4RFF_Mif33CRNMdwYwlZxm8CH_4-fCjxxu4ywWEFdox04AC9eccJQhoYhLgTDCMGDFdmYqv56kJWOLLjD0tBihroiKjpDSL0RI5P9l1rmHSkxuM4U0l58V9Q3tql5/A-cw61MQLwgzGPvT_GT3Q2fzDDBAVKuPrcssyjo53qs),Phyllolithodes_papillosus_47647_B2281_d05152.JPG (https://v5.airtableusercontent.com/v3/u/33/33/1727985600000/s8tJT7k4hCBQGr3il3TV7A/4RQ8xsq8SckHE9fD93ppUF-1pDHBIvFPQNlCfOfBhc1q1YgZCi07fsmdCHFyuva0TQ8kIJYTdxf0NlVRIj3oT4Isi3jJvLOdwuldScYunoAoxcbSRqMrnCygbrx2y_CRFs2CaeDaQhawciAyWdQpFRh3lB-amLw-JxBATLBZLOKiSPqml4uASdILr1W66pM3/d0SFz6ivQrgcndu5jG9bkdEWJt-L50IbIpvlKQgDRYc),Phyllolithodes_papillosus_47664_B2331_d05264.JPG (https://v5.airtableusercontent.com/v3/u/33/33/1727985600000/UMFpOjVIyQV0e_WcezSUEA/Z8NfeIEEdJfOJqfUAP6NqfuIF86qKzQpTf4K6VdAVtWs5WF2HKFhrfWeJ5Be4DoowRzGRhCeaXQ4csTveidwICF5qPMiDUl3SLT1B5eSulqFn4es9r-80Mv4O6zEo93ZaesxX6GA-o8eZGYqKvslnZcLSKy0bxiU2dBokpGw4iVXRjIUxgh40fT66x4ph06g/GdHN0MrsUDC2V9oswRYbe70_bJITaN13ysAPOXz6KzI)",Quadra,
Paguroidea,SUPERFAMILY,ACCEPTED,,106687,http://www.marinespecies.org/aphia.php?p=taxdetails&id=106687,https://www.marinespecies.org/rest/AphiaClassificationByAphiaID/106687,urn:lsid:marinespecies.org:taxname:106687,https://airtable.com/tblLqtIyuwA7rbEC3/rec9jd1ORagbHWQAY?blocks=bli5ItEhTDGAFc32p,Animalia,,,Arthropoda,Crustacea,,Multicrustacea,Malacostraca,Eumalacostraca,,,Eucarida,Decapoda,Pleocyemata,Anomura,,,,Paguroidea,,,,,,,,,,,Anomura,,rec9jd1ORagbHWQAY,,,
Paguridae,FAMILY,ACCEPTED,,106738,http://www.marinespecies.org/aphia.php?p=taxdetails&id=106738,https://www.marinespecies.org/rest/AphiaClassificationByAphiaID/106738,urn:lsid:marinespecies.org:taxname:106738,https://airtable.com/tblLqtIyuwA7rbEC3/recWYh0LNCqrd8YD1?blocks=bli5ItEhTDGAFc32p,Animalia,,,Arthropoda,Crustacea,,Multicrustacea,Malacostraca,Eumalacostraca,,,Eucarida,Decapoda,Pleocyemata,Anomura,,,,Paguroidea,,Paguridae,,,,,,,,,Paguroidea,,recWYh0LNCqrd8YD1,,,
Discorsopagurus,GENUS,ACCEPTED,,366307,http://www.marinespecies.org/aphia.php?p=taxdetails&id=366307,https://www.marinespecies.org/rest/AphiaClassificationByAphiaID/366307,urn:lsid:marinespecies.org:taxname:366307,https://airtable.com/tblLqtIyuwA7rbEC3/rec2az2HqANG2C6JO?blocks=bli5ItEhTDGAFc32p,Animalia,,,Arthropoda,Crustacea,,Multicrustacea,Malacostraca,Eumalacostraca,,,Eucarida,Decapoda,Pleocyemata,Anomura,,,,Paguroidea,,Paguridae,,,,,Discorsopagurus,,,,Paguridae,,rec2az2HqANG2C6JO,,,
Discorsopagurus schmitti,SPECIES,ACCEPTED,Tubeworm hermit crab,366310,http://www.marinespecies.org/aphia.php?p=taxdetails&id=366310,https://www.marinespecies.org/rest/AphiaClassificationByAphiaID/366310,urn:lsid:marinespecies.org:taxname:366310,https://airtable.com/tblLqtIyuwA7rbEC3/recpkurmAK1TwO9tN?blocks=bli5ItEhTDGAFc32p,Animalia,,,Arthropoda,Crustacea,,Multicrustacea,Malacostraca,Eumalacostraca,,,Eucarida,Decapoda,Pleocyemata,Anomura,,,,Paguroidea,,Paguridae,,,,,Discorsopagurus,,Discorsopagurus schmitti,,Discorsopagurus,,recpkurmAK1TwO9tN,,Quadra,
Pagurus,GENUS,ACCEPTED,Pagurus hermit crab,106854,http://www.marinespecies.org/aphia.php?p=taxdetails&id=106854,https://www.marinespecies.org/rest/AphiaClassificationByAphiaID/106854,urn:lsid:marinespecies.org:taxname:106854,https://airtable.com/tblLqtIyuwA7rbEC3/recYl4tP9LCfY516Y?blocks=bli5ItEhTDGAFc32p,Animalia,,,Arthropoda,Crustacea,,Multicrustacea,Malacostraca,Eumalacostraca,,,Eucarida,Decapoda,Pleocyemata,Anomura,,,,Paguroidea,,Paguridae,,,,,Pagurus,,,,Paguridae,"PAGU,PAGU,PAGU,PAGU,pagu",recYl4tP9LCfY516Y,,,
Pagurus beringanus,SPECIES,ACCEPTED,Bering hermit crab,366657,http://www.marinespecies.org/aphia.php?p=taxdetails&id=366657,https://www.marinespecies.org/rest/AphiaClassificationByAphiaID/366657,urn:lsid:marinespecies.org:taxname:366657,https://airtable.com/tblLqtIyuwA7rbEC3/recSPsGMRjnwz1EAf?blocks=bli5ItEhTDGAFc32p,Animalia,,,Arthropoda,Crustacea,,Multicrustacea,Malacostraca,Eumalacostraca,,,Eucarida,Decapoda,Pleocyemata,Anomura,,,,Paguroidea,,Paguridae,,,,,Pagurus,,Pagurus beringanus,,Pagurus,PABE,recSPsGMRjnwz1EAf,"PABE_BHAK2060.jpg (https://v5.airtableusercontent.com/v3/u/33/33/1727985600000/gBRMBBttQJcJdMTrDM3Sig/iTToShYPzrb0IVB-HQt2vv3yj_0LtJaqlaDjhjSSI8Peqp75vlj3WhznsVHMs_YgcqjEeWEZkdZ9-cKNf-UQXwAvRPWAVujsxodC7xRNTbRFkelahGuy6ika-WBs-2ygY9UCyswLh8ZgscPMJugthg/_C-Bd1jiEunRv-uiMBhYb3Od2UtTAOX2UkyoMdoXmic),PABE_BHAK-2211.jpg (https://v5.airtableusercontent.com/v3/u/33/33/1727985600000/sgMrF3gMZFehK8W-gP8JkA/WxNhejXLtnqaNnAE3OAqWyPpiMjRpQItNsRr5qdUuzApKr6a8r_32-OvaQOuRCWc2xXFnzwvMg63WbJhJWUK9GJZrqNQK7NGTT48KOeS1GR7nPP67jTsHmg0TJdYhQED4w995mSDLglw8jm2VmiejA/ILYpXN2Fkp_t_fxSvCYWlaeFfY-KqbJKHvNjlZSSUbQ),PABE_BHAK1989.jpg (https://v5.airtableusercontent.com/v3/u/33/33/1727985600000/jX4cgM1HltcOiBrwyUhdkw/4VrVttefkd4nMuX3UYNMskr8MksKeG1fSLhAcqJ_TluT0cfhLcVP4ENQuoUcNVY1M2hYpvsyIH4ASXg0heQuIl1yxTs7p9U-kvA59NSHbbkFuDVLE9DWfiQbdPX6Lk21NSAz6fmVXeMX-1OgUVWnqA/u3DkDiXcK5VC9pGfqzqF3V6RSS64zi-nPmAP_qEQKYs),A_Pagurus beringanus_47714BHAK-3127dHAK_07197.JPG (https://v5.airtableusercontent.com/v3/u/33/33/1727985600000/AbpCAbwiwG8ABJsufcJ2bQ/kg-Jh4W1lWj6ISBqzJBrDJsN5cTh7aUWc_0b4GiP495xnGf6JjZrB57CmC-4jsyuS1HdAq_1oGmgJK-FCM_LAtDKv5N8wD-mMh1Em9CMpoy3SjUChqS7QY1j7hBEDZUar3SZdz9bIjcClEIzJZ77fTijpYgCknufNu4P3dS-2OpuNRLyD79Np6zf5Dn9Iv5rmXjkvjz7y9BVEKrfO28EhA/ILzIPejxWy2pLkO6eso54ei438xL6q_If1w8qTSvgWQ)",Quadra,
Pagurus caurinus,SPECIES,ACCEPTED,,366667,http://www.marinespecies.org/aphia.php?p=taxdetails&id=366667,https://www.marinespecies.org/rest/AphiaClassificationByAphiaID/366667,urn:lsid:marinespecies.org:taxname:366667,https://airtable.com/tblLqtIyuwA7rbEC3/recy6IsOR3B1gages?blocks=bli5ItEhTDGAFc32p,Animalia,,,Arthropoda,Crustacea,,Multicrustacea,Malacostraca,Eumalacostraca,,,Eucarida,Decapoda,Pleocyemata,Anomura,,,,Paguroidea,,Paguridae,,,,,Pagurus,,Pagurus caurinus,,Pagurus,PACA,recy6IsOR3B1gages,"Pagurus_caurinus_47681_B2682_d06276.JPG (https://v5.airtableusercontent.com/v3/u/33/33/1727985600000/VU8REvAbvRETNxJqpsRiLA/7sBDIBdYJy60vbm3D8VB4Rg4-frUMK_Q7NKndZ9rwgdf7pJsChNNB1mvnl5LgrWowIlZvPhHJP_ooUDVtqsly9_TKUhaYoHtB7a37NkRDgH20Sns-TkgC8OgYhQPM_KMuxALP9D-cx7_9ba47N3TsNtVOb9j51cujzNhtdxx6dIc6lBrZlODa1tDV0zxeFpe/mt-vhprDbLwSZ2ZayeNgg3jS26Xio0sP-kgjuAJk6bY),Pagurus_caurinus_47681_B2682_d07695.JPG (https://v5.airtableusercontent.com/v3/u/33/33/1727985600000/WBza9eoUVo8K_XkmrK4LRg/aKDmp6i90gTdSzvVRGqing-D1u5f8OyB0nXEdwYwiQgs2fCHanUMNk9Ril7TbInVy_jIE7snAilwe1cN0lfiPRayLQNheZvuFAHmIBo-eHse-13JFQwmhf3dag0b5yu8c_WTir_hsb5Gk_GnEhOj2HpaKsAR2YQoxsBNY_4ynpCGxL6SubxrGsEfOp3tTH8b/kw0GqQfiMtmOQGafNKo8u1qntofDIDXMAu59iopExIE),Pagurus_caurinus_47681_B2682_d06274.JPG (https://v5.airtableusercontent.com/v3/u/33/33/1727985600000/P8K0HfKGCAOZaXR_Y_cWEw/lZHmjBgiAOq_yz3uPGC1VyXlTDuktoDIouhuqxgGFhzv9j2KuocIPU1cPW9CAsiWhbNyZv98l5JT0LoF9N307y3H89-ttNzHAqnvty3FOgHsfDgRbYC21a7fcntlPLQcglBURjVzaMYxxQug3T1R2zI28BwwpoLz0UFiawBY7_0pcApnuHNO2czDnnr0JVPA/hqmgulA28v9c0zrIOHQBMOlV3avrYyIIKGFiO0uYLcI)",,
Pagurus granosimanus,SPECIES,ACCEPTED,Granular hermit crab,366694,http://www.marinespecies.org/aphia.php?p=taxdetails&id=366694,https://www.marinespecies.org/rest/AphiaClassificationByAphiaID/366694,urn:lsid:marinespecies.org:taxname:366694,https://airtable.com/tblLqtIyuwA7rbEC3/recD8HzVTDE4kk3c1?blocks=bli5ItEhTDGAFc32p,Animalia,,,Arthropoda,Crustacea,,Multicrustacea,Malacostraca,Eumalacostraca,,,Eucarida,Decapoda,Pleocyemata,Anomura,,,,Paguroidea,,Paguridae,,,,,Pagurus,,Pagurus granosimanus,,Pagurus,PAGR,recD8HzVTDE4kk3c1,"PAGR_BHAK3553.jpg (https://v5.airtableusercontent.com/v3/u/33/33/1727985600000/XDsOThwBoL0cbYmIZfatUw/eMc4ucgf45uHuOwaehDkZvj8i2P6mFN7IXTCp1Vq7rJIuxnt_avFIhOZOoBl2YCMsxfipJj4PMHyx4ZN-Rxp5F99IxTUVZMXLHovn6gKwWvoF-T29Ytxro8Vjr5YQSq8KHPBONzleXG728Lb3E0mng/n2jDE4l7fkh5XSpCuJcTX-eUJtmc1d8qrGFh8ew4MSU),PAGR_BHAK228.jpg (https://v5.airtableusercontent.com/v3/u/33/33/1727985600000/d1iRGhXUT10w3MRSD9dLdQ/uz9toqdf8GTrU4M2n9tY8GLmxpcpnqorEfuMAQw3scRS0a6_Ed81vEV3VH5h7lpKRUAmFpx7WqdS7ezTOfU_5mX5lQnCNMxW3_b0obEdJ7X75l-ggZ-dUK4Sp6CGyhgzUcnpSdVfFhybNNAg7738Ug/DWHyYGFa8kIHzsADAs_BCIZUw_LXM4_igZBRv5AYfzE)","Quadra,Toby Island",
Pagurus hemphilli,SPECIES,ACCEPTED,Maroon hermit crab,366698,http://www.marinespecies.org/aphia.php?p=taxdetails&id=366698,https://www.marinespecies.org/rest/AphiaClassificationByAphiaID/366698,urn:lsid:marinespecies.org:taxname:366698,https://airtable.com/tblLqtIyuwA7rbEC3/recbylGKWFZ1Kirnp?blocks=bli5ItEhTDGAFc32p,Animalia,,,Arthropoda,Crustacea,,Multicrustacea,Malacostraca,Eumalacostraca,,,Eucarida,Decapoda,Pleocyemata,Anomura,,,,Paguroidea,,Paguridae,,,,,Pagurus,,Pagurus hemphilli,,Pagurus,PAHE,recbylGKWFZ1Kirnp,"Pagurus_hemphilli_47379_B0371_d00768.JPG (https://v5.airtableusercontent.com/v3/u/33/33/1727985600000/3K1J9QLMPfI401qoyRtWlQ/Z9_VDZME2iAUeeDtxNd_j9cLTYzYLtXDpNSiVLW1SHFI_t7xnYljzBhBy7hjaCyRuPQcSQ2jMdIuHEeB7LmDYKkxy6WkeQYauWpKriH8K8nIRSM85bNOLnPeq0A0WAOubaQsLwfC3zQPWxGbcXI-vV8QvjZkSPMcy6pZbIw8M_HJPdM_bM1CnUwf5OMGUK0d/uxjDrkCkf0RoFfexmFxx4V-fU5NnwSnmnKLM05nysF4),Pagurus_hemphilli_47380_B0372_d00798.JPG (https://v5.airtableusercontent.com/v3/u/33/33/1727985600000/eHCc-VXauwUqieBKOCKDgw/vvma9xDorUp4lVaiSYUUe_HPMLpRbvUSkJTeTfwZIgemo_mXZhmdH_6jQ3AZs1ATyQmobi0Je4rT2_5aCGJPRyldyqWnM12js6yNcv6iX3KYhnStapNPxl5DuV5_RCrL5udsiktHmRc_Rw997r0ozjTNBhRoO7LsSFZGDbiW1FFhemJgHy3sJU3YDiSa4hPM/gWK87wmrDnHJMwZFdc8AyipvMagPrA38_MPSQtJI4iQ),Pagurus_hemphilli_47378_B0370_d00813.JPG (https://v5.airtableusercontent.com/v3/u/33/33/1727985600000/2SNwt1T8DQI4aNOpyKuZoQ/-schlwj3Wh8se3lpL_n8WSDxX9PDHUP3Edkthr_Q6VKtKbiYVKY0HsweTILu7BWUCpfm2bX2ov1O5dRl45W70FFrSdIJqXw-LRsAPrB8zsDwFlmq4cZnymmwL7fJHBMX6S7hKBzymzDKlZMG_ZbmDOt0gSa31J1J62Ehq4NPLG_sbfswYTRgSIdEZJxvMp0j/48YnQV-TrmAmQZNZMCFVjEf03jQKhAr6W2vOQRCei2A)",,
Pagurus hirsutiusculus,SPECIES,ACCEPTED,Hairy hermit crab,366699,http://www.marinespecies.org/aphia.php?p=taxdetails&id=366699,https://www.marinespecies.org/rest/AphiaClassificationByAphiaID/366699,urn:lsid:marinespecies.org:taxname:366699,https://airtable.com/tblLqtIyuwA7rbEC3/rece8oHvHS1oolTKZ?blocks=bli5ItEhTDGAFc32p,Animalia,,,Arthropoda,Crustacea,,Multicrustacea,Malacostraca,Eumalacostraca,,,Eucarida,Decapoda,Pleocyemata,Anomura,,,,Paguroidea,,Paguridae,,,,,Pagurus,,Pagurus hirsutiusculus,,Pagurus,PAHI,rece8oHvHS1oolTKZ,"PAHI_BHAK101.jpg (https://v5.airtableusercontent.com/v3/u/33/33/1727985600000/uPzpnsF3IiVRsOex8fb5ng/q0vsYy-POwv3Xo3N70CgyYOnqUToU_F4vg0C5bvdFrEI--tZe2WJa0v9HWF3PqRrq12do_EbttvZB1xQW_Tu07VM9xemWuTtMXGsUdxnnZ94xGNQd7FLuVJVHM5IYDNsw1vKodAedpdh4qjmT6oXxg/yhL4Ku7iZvYg3n1y93fDq36FxlR0XaP3o3DR6RpAkQc),PAHI_BHAK2319.jpg (https://v5.airtableusercontent.com/v3/u/33/33/1727985600000/qvpstOWOxPXstt4G6Y9Azw/BlNEvjwEh7ZLc3ubV-ZBaIvmVh2XJTgIiEbr2F0WUfVv-n9anA6eirr3gn7pV5p8AGXhaPNps7-gfG_0SOYpDzeQvDfxB-pVMtNs_i3ls1HKOkvZOpdBYayX_Vbe98AMzu0Gb2bcAfzP-EPDKxuqSQ/Oel6igCIzcgKhaBsczp4YFbq9D9_rQyujNAL_6QBL88),PAHI_BHAK3167.jpg (https://v5.airtableusercontent.com/v3/u/33/33/1727985600000/f4nLPXZWQscthLTQ9JR2tA/qS1KMQOV7fS78VkhR41BAPIywKmpf8LJtKouCFoApvNnFUHrb5lkIdK-D3LYQZAEi6x4rh5agVnA0KQLqWyT95xiWs1GDwoxvxI_9cMlOcvzjeK7dA4L3AyqGvTdREbwz-F6sdmbUodRUqTHsXVHNA/dwsQVjRTnb1ppXAYK502S5ZCErA6UhRWJrOOFUxWsgU)","Quadra,Toby Island",
Pagurus samuelis,SPECIES,ACCEPTED,Blueband hermit crab,366786,http://www.marinespecies.org/aphia.php?p=taxdetails&id=366786,https://www.marinespecies.org/rest/AphiaClassificationByAphiaID/366786,urn:lsid:marinespecies.org:taxname:366786,https://airtable.com/tblLqtIyuwA7rbEC3/rec1IRy2fLpB6qRWn?blocks=bli5ItEhTDGAFc32p,Animalia,,,Arthropoda,Crustacea,,Multicrustacea,Malacostraca,Eumalacostraca,,,Eucarida,Decapoda,Pleocyemata,Anomura,,,,Paguroidea,,Paguridae,,,,,Pagurus,,Pagurus samuelis,,Pagurus,PASAM,rec1IRy2fLpB6qRWn,"PASAM_BHAK-3571.jpg (https://v5.airtableusercontent.com/v3/u/33/33/1727985600000/q2KdfjrW2ULUn1Mfv4VuCg/FF-91ElkqVh0tEuSTQINKcIXD7hL3aRWnH984qzZc6Wp-VgUIjzXff5OKHaOaz6mcIHGFu7BrPSE8cgnPpa24MxSiiUpfk1YsZoB2yiycj7_mDpGq5zrbyUXOD_Jqyduy_6IGmucnLWO5KNm36Xp2Q/7wP5FlVbFg8NfX_GIBWdYRe4_fSSfTzu4dwrBk75NZI),PASAM_BHAK3457.jpg (https://v5.airtableusercontent.com/v3/u/33/33/1727985600000/3_Qqzux9D9BK78XZoXk96A/2dd16AzFY6hTG69SUQNWIwzwH3RZB5tKrV9pWxV-_aQao4cG_mlpIf0VZJ7nx9MUkKsEbIK06nkNdUEFCQSOK-a5XNhKou76xXNt3LaqCorxyegNFwseCW_EiOxXI9CdgHG33FpCtMeQsAe2ilVr8A/fhMSI1UHrqHetolVUmczuQyBmHIeyBH2sHNAf0fDBLU)",,
Brachyura,INFRAORDER,ACCEPTED,Crabs,106673,http://www.marinespecies.org/aphia.php?p=taxdetails&id=106673,https://www.marinespecies.org/rest/AphiaClassificationByAphiaID/106673,urn:lsid:marinespecies.org:taxname:106673,https://airtable.com/tblLqtIyuwA7rbEC3/recU3h2zhScn7bAtQ?blocks=bli5ItEhTDGAFc32p,Animalia,,,Arthropoda,Crustacea,,Multicrustacea,Malacostraca,Eumalacostraca,,,Eucarida,Decapoda,Pleocyemata,Brachyura,,,,,,,,,,,,,,,Pleocyemata,"LACR,UNCR,UNCR,UNCR",recU3h2zhScn7bAtQ,,,
Eubrachyura,SECTION,ACCEPTED,,106679,http://www.marinespecies.org/aphia.php?p=taxdetails&id=106679,https://www.marinespecies.org/rest/AphiaClassificationByAphiaID/106679,urn:lsid:marinespecies.org:taxname:106679,https://airtable.com/tblLqtIyuwA7rbEC3/recG4Yz0RjadtuyZh?blocks=bli5ItEhTDGAFc32p,Animalia,,,Arthropoda,Crustacea,,Multicrustacea,Malacostraca,Eumalacostraca,,,Eucarida,Decapoda,Pleocyemata,Brachyura,,Eubrachyura,,,,,,,,,,,,,Brachyura,,recG4Yz0RjadtuyZh,,,
Heterotremata,SUBSECTION,ACCEPTED,,106680,http://www.marinespecies.org/aphia.php?p=taxdetails&id=106680,https://www.marinespecies.org/rest/AphiaClassificationByAphiaID/106680,urn:lsid:marinespecies.org:taxname:106680,https://airtable.com/tblLqtIyuwA7rbEC3/recPXNiJsg3Mf7nQF?blocks=bli5ItEhTDGAFc32p,Animalia,,,Arthropoda,Crustacea,,Multicrustacea,Malacostraca,Eumalacostraca,,,Eucarida,Decapoda,Pleocyemata,Brachyura,,Eubrachyura,Heterotremata,,,,,,,,,,,,Eubrachyura,,recPXNiJsg3Mf7nQF,,,
Cancroidea,SUPERFAMILY,ACCEPTED,,106695,http://www.marinespecies.org/aphia.php?p=taxdetails&id=106695,https://www.marinespecies.org/rest/AphiaClassificationByAphiaID/106695,urn:lsid:marinespecies.org:taxname:106695,https://airtable.com/tblLqtIyuwA7rbEC3/recb9pWuQ6QCnTBXo?blocks=bli5ItEhTDGAFc32p,Animalia,,,Arthropoda,Crustacea,,Multicrustacea,Malacostraca,Eumalacostraca,,,Eucarida,Decapoda,Pleocyemata,Brachyura,,Eubrachyura,Heterotremata,Cancroidea,,,,,,,,,,,Heterotremata,,recb9pWuQ6QCnTBXo,,,
Cancridae,FAMILY,ACCEPTED,,106749,http://www.marinespecies.org/aphia.php?p=taxdetails&id=106749,https://www.marinespecies.org/rest/AphiaClassificationByAphiaID/106749,urn:lsid:marinespecies.org:taxname:106749,https://airtable.com/tblLqtIyuwA7rbEC3/recnQ12AffqPB6U3I?blocks=bli5ItEhTDGAFc32p,Animalia,,,Arthropoda,Crustacea,,Multicrustacea,Malacostraca,Eumalacostraca,,,Eucarida,Decapoda,Pleocyemata,Brachyura,,Eubrachyura,Heterotremata,Cancroidea,,Cancridae,,,,,,,,,Cancroidea,,recnQ12AffqPB6U3I,,,
Cancer,GENUS,ACCEPTED,Rock Crab,106876,http://www.marinespecies.org/aphia.php?p=taxdetails&id=106876,https://www.marinespecies.org/rest/AphiaClassificationByAphiaID/106876,urn:lsid:marinespecies.org:taxname:106876,https://airtable.com/tblLqtIyuwA7rbEC3/recx6YN08mppR8ssp?blocks=bli5ItEhTDGAFc32p,Animalia,,,Arthropoda,Crustacea,,Multicrustacea,Malacostraca,Eumalacostraca,,,Eucarida,Decapoda,Pleocyemata,Brachyura,,Eubrachyura,Heterotremata,Cancroidea,,Cancridae,,,,,Cancer,,,,Cancridae,"CANC,CANC,canc,canc",recx6YN08mppR8ssp,,,
Cancer gracilis,SPECIES,UNACCEPTED,Graceful crab,452220,http://www.marinespecies.org/aphia.php?p=taxdetails&id=452220,https://www.marinespecies.org/rest/AphiaClassificationByAphiaID/452220,urn:lsid:marinespecies.org:taxname:452220,https://airtable.com/tblLqtIyuwA7rbEC3/recgXiZ3ZnSE3k7PY?blocks=bli5ItEhTDGAFc32p,Animalia,,,Arthropoda,Crustacea,,Multicrustacea,Malacostraca,Eumalacostraca,,,Eucarida,Decapoda,Pleocyemata,Brachyura,,Eubrachyura,Heterotremata,Cancroidea,,Cancridae,,,,,Cancer,,Cancer gracilis,,Cancer,CANG,recgXiZ3ZnSE3k7PY,,,
Cancer magister,SPECIES,UNACCEPTED,Dungeness crab,452271,http://www.marinespecies.org/aphia.php?p=taxdetails&id=452271,https://www.marinespecies.org/rest/AphiaClassificationByAphiaID/452271,urn:lsid:marinespecies.org:taxname:452271,https://airtable.com/tblLqtIyuwA7rbEC3/recyVr1YvIB7yzm1O?blocks=bli5ItEhTDGAFc32p,Animalia,,,Arthropoda,Crustacea,,Multicrustacea,Malacostraca,Eumalacostraca,,,Eucarida,Decapoda,Pleocyemata,Brachyura,,Eubrachyura,Heterotremata,Cancroidea,,Cancridae,,,,,Cancer,,Cancer magister,,Cancer,"CANM,CANM,canm,canm",recyVr1YvIB7yzm1O,,,
Cancer productus,SPECIES,ACCEPTED,Red Rock Crab,440382,http://www.marinespecies.org/aphia.php?p=taxdetails&id=440382,https://www.marinespecies.org/rest/AphiaClassificationByAphiaID/440382,urn:lsid:marinespecies.org:taxname:440382,https://airtable.com/tblLqtIyuwA7rbEC3/rec023G4SvBm0JBSm?blocks=bli5ItEhTDGAFc32p,Animalia,,,Arthropoda,Crustacea,,Multicrustacea,Malacostraca,Eumalacostraca,,,Eucarida,Decapoda,Pleocyemata,Brachyura,,Eubrachyura,Heterotremata,Cancroidea,,Cancridae,,,,,Cancer,,Cancer productus,,Cancer,"CANP,CANP,canp,canp",rec023G4SvBm0JBSm,"Cancer_productus_47622_B2050_d04675.JPG (https://v5.airtableusercontent.com/v3/u/33/33/1727985600000/QoDx0zQXoyn8nkkPbKEfGA/y2dlKkSkPR15cEYZaJhjBfG2uYaaWgS7h_w82ntjj66XyufASPzidWzb0afwOnF72hyWdDWCKesQO-LD7d6fTqOyKhqjiUuYAJobPpZWLgCLHy8rlGHLSGaZp6HQk-LcRkDtsSQJ1JiiJmkRrUIK699mSiwOhyjUuTvhS5_9qz4x8KqtSz9DYUwl4nYFJN2N/aunmnZXHR-1_AjUlfXXU7-r_xYolwIcZFoRp7UQtyzY),Cancer_productus_47676_B2641_d05972.JPG (https://v5.airtableusercontent.com/v3/u/33/33/1727985600000/J5z6wwllvhDMOHxUWu01og/VzU7jctW-DAfki0LSDQlXeRTA-Z7Kb7zl-wXTIPZRjplr-irCGbRXSrd-rzF-6Si-KAa7GlAzzrBJSjM-lTl_lRvh1ZRKTYd3Xa9IVduq5nQVbdORKjYLn2C7zVR1s_PbxfDMNU5UDYcyZb4AMlwX0ZR5g2_XWZARPLxbVu7HJ3ilu1X8vMyX5p0XI0lswOV/GYM0vOG4fJ-56wT_q8gSxrjQqdIlZKdcxcZLillIaq4),PXL_20240505_175349531.jpg (https://v5.airtableusercontent.com/v3/u/33/33/1727985600000/rBo8tTYQ9lB-4qndv9rckA/loAAZJsvDBMkG3h5VrieZl5hVnkZflC6CFZWVOE7DGFC2JQ5e0plfq1h3JvooKkMAjfaOa38OmT-xYmUlMoAMqNk_bcAgPxTNdh2n-PZMZ9h59jeKALU4049YvtDfwL9MtQ5t3H21zi16zJqw6luvKa_bVaQA7tji_LgJFRzuUUTDytp7T2jtZo7GwjWgTHy/X15njxO0HQlYQtyTfpDlbtFd0AFvQhJjCLmAXLpxOCo)","Quadra,Toby Island",
Glebocarcinus,GENUS,ACCEPTED,,439212,http://www.marinespecies.org/aphia.php?p=taxdetails&id=439212,https://www.marinespecies.org/rest/AphiaClassificationByAphiaID/439212,urn:lsid:marinespecies.org:taxname:439212,https://airtable.com/tblLqtIyuwA7rbEC3/recyGII4dR4xC3mFX?blocks=bli5ItEhTDGAFc32p,Animalia,,,Arthropoda,Crustacea,,Multicrustacea,Malacostraca,Eumalacostraca,,,Eucarida,Decapoda,Pleocyemata,Brachyura,,Eubrachyura,Heterotremata,Cancroidea,,Cancridae,,,,,Glebocarcinus,,,,Cancridae,,recyGII4dR4xC3mFX,,,
Glebocarcinus oregonensis,SPECIES,ACCEPTED,Pygmy rock crab,440384,http://www.marinespecies.org/aphia.php?p=taxdetails&id=440384,https://www.marinespecies.org/rest/AphiaClassificationByAphiaID/440384,urn:lsid:marinespecies.org:taxname:440384,https://airtable.com/tblLqtIyuwA7rbEC3/rec5XXNvpnTdi6OlV?blocks=bli5ItEhTDGAFc32p,Animalia,,,Arthropoda,Crustacea,,Multicrustacea,Malacostraca,Eumalacostraca,,,Eucarida,Decapoda,Pleocyemata,Brachyura,,Eubrachyura,Heterotremata,Cancroidea,,Cancridae,,,,,Glebocarcinus,,Glebocarcinus oregonensis,,Glebocarcinus,"GLOR,CANO,CANO",rec5XXNvpnTdi6OlV,"Glebocarcinus_oregonensis_47526_B1306_d02750.JPG (https://v5.airtableusercontent.com/v3/u/33/33/1727985600000/saj9_ujHugSii0i2S7dTHg/8DGSKZD5t0hriNkaXehsr_0UJnyfFw68Hk3P39Uzpz86yTs6X0TJqi8AMyooYektYXQSgfA18TO7toKtzGiIpmeSVDDlSEqcKBEoUKPA11kX79LBvmZex9NF97VKU66bygA5VDbawwgOTNJ_scJ9O22mjc4JzgMhyI4igSZo3HLPSx9TcRMOorHnHtS08tCN/uxyccenSR16Gv3AuQ4mzJeXdME4wwVi-7JsM1gs3TK0),Glebocarcinus_oregonensis_47552_B1483_d03314.JPG (https://v5.airtableusercontent.com/v3/u/33/33/1727985600000/SvK1v84T75ZO2lKC0wS1Ug/VOizY6Ojioo4--R1dBo1YfeRAJpJYWne4_GPxkkFOfQe6TbCFh6yHgPTmnbC4uNWxwhtdBh9mqzmU4oAkDD1Cy6kPryXVIWRIbWfAY72S9p40XHWX1woGG_eR7T3BPkyK4ZvYa5X_ULVybamTZ4_UVd-b5OiWcnMR38Sx750OVMHpdKOFji5h_tNal5opAOZ/PVe8izG2CTUYNcU9kQnD4GzmtOjo2517NhFl3TM61t0),Glebocarcinus_oregonensis_47761_B3440_d07737.JPG (https://v5.airtableusercontent.com/v3/u/33/33/1727985600000/U35XwAblli59VeeE11teyg/1-UfMZFBpNKgTrBUibfSX8gsWzqxbgidgPuFvpcdYl8u_l-YW-V_CaFA_cAjn6-t5psn8K3sF0K770t26DLf0afXA6AlTMG7Ei6LMhtEbB4q_hUP_ZDmqfaSw6aJ6pT-dG9m3n1cATi_py2vBnKl5YLVcaHGZYQ33zDjXn0ckqR_ohK9UnnvOFepS7uReWWW/JQndulTlpGQCPgMX_m3LYBCqYIbj9ZvDcbMFFIZn5kU)",Quadra,
Metacarcinus,GENUS,ACCEPTED,,439213,http://www.marinespecies.org/aphia.php?p=taxdetails&id=439213,https://www.marinespecies.org/rest/AphiaClassificationByAphiaID/439213,urn:lsid:marinespecies.org:taxname:439213,https://airtable.com/tblLqtIyuwA7rbEC3/recxzkcXd4Qh6ipaL?blocks=bli5ItEhTDGAFc32p,Animalia,,,Arthropoda,Crustacea,,Multicrustacea,Malacostraca,Eumalacostraca,,,Eucarida,Decapoda,Pleocyemata,Brachyura,,Eubrachyura,Heterotremata,Cancroidea,,Cancridae,,,,,Metacarcinus,,,,Cancridae,,recxzkcXd4Qh6ipaL,,,
Metacarcinus gracilis,SPECIES,ACCEPTED,Graceful crab,440387,http://www.marinespecies.org/aphia.php?p=taxdetails&id=440387,https://www.marinespecies.org/rest/AphiaClassificationByAphiaID/440387,urn:lsid:marinespecies.org:taxname:440387,https://airtable.com/tblLqtIyuwA7rbEC3/recy2i8eSAKaS7IQr?blocks=bli5ItEhTDGAFc32p,Animalia,,,Arthropoda,Crustacea,,Multicrustacea,Malacostraca,Eumalacostraca,,,Eucarida,Decapoda,Pleocyemata,Brachyura,,Eubrachyura,Heterotremata,Cancroidea,,Cancridae,,,,,Metacarcinus,,Metacarcinus gracilis,,Metacarcinus,,recy2i8eSAKaS7IQr,Metacarcinus_gracilis_47399_B0522_d01427.JPG (https://v5.airtableusercontent.com/v3/u/33/33/1727985600000/R6IPHOIufYIwKdS15NPPZg/RpSGH-Eu6TlzT4ZAP20aaEAWNG3NDNn1N9IClpZVjRB7N94q1VWC5Bm4g9QsMjEic7du3j5LpkdSWzF19dgY4Fc0BfuNlhAsKmz_Yu5YZaOVN9kmTu534rBt8yp-Yz3iGoRwtAJauyK0yl01_yq5Hz3YBp1m2FU1bI8Tt0iKQTjK45nYZu4Rf9H2gQTAXDuE/XDxSLkmzOu3HAHKOFx2UPFdOlOoyXDQCehY-zDxPKFA),Quadra,
Metacarcinus magister,SPECIES,ACCEPTED,Dungeness crab,440388,http://www.marinespecies.org/aphia.php?p=taxdetails&id=440388,https://www.marinespecies.org/rest/AphiaClassificationByAphiaID/440388,urn:lsid:marinespecies.org:taxname:440388,https://airtable.com/tblLqtIyuwA7rbEC3/recnGwgJGPwdMtJe9?blocks=bli5ItEhTDGAFc32p,Animalia,,,Arthropoda,Crustacea,,Multicrustacea,Malacostraca,Eumalacostraca,,,Eucarida,Decapoda,Pleocyemata,Brachyura,,Eubrachyura,Heterotremata,Cancroidea,,Cancridae,,,,,Metacarcinus,,Metacarcinus magister,,Metacarcinus,,recnGwgJGPwdMtJe9,Metacarcinus_magister_47387_B0401_d01038.JPG (https://v5.airtableusercontent.com/v3/u/33/33/1727985600000/lM7FdsUUgZ6sfs9xaCMvbA/9aUOwMLF52a2MuRxmX1wyNrwbZpyaiYxxzWSWpjpoRjvwgtGyThSM7zX2ccskCk-FVoblewNlHZfVD1vllPm3aYYijQ6NNUaKUNNl6krfH-P8S7fLjcUzYdbTadbAJiWNSphomTKhTyfPDw3gNSR9rQoDNAWAOUGwk1lhsdvE7srQmncW0l59enqItuS7BOU/_NmjcbgkpQlu0dBmtsv7MxdXA7HrzX0dliNpLj0Tviw),Quadra,
Cheiragonoidea,SUPERFAMILY,ACCEPTED,,439023,http://www.marinespecies.org/aphia.php?p=taxdetails&id=439023,https://www.marinespecies.org/rest/AphiaClassificationByAphiaID/439023,urn:lsid:marinespecies.org:taxname:439023,https://airtable.com/tblLqtIyuwA7rbEC3/recoGlnewIWMuwKWD?blocks=bli5ItEhTDGAFc32p,Animalia,,,Arthropoda,Crustacea,,Multicrustacea,Malacostraca,Eumalacostraca,,,Eucarida,Decapoda,Pleocyemata,Brachyura,,Eubrachyura,Heterotremata,Cheiragonoidea,,,,,,,,,,,Heterotremata,,recoGlnewIWMuwKWD,,,
Cheiragonidae,FAMILY,ACCEPTED,,254358,http://www.marinespecies.org/aphia.php?p=taxdetails&id=254358,https://www.marinespecies.org/rest/AphiaClassificationByAphiaID/254358,urn:lsid:marinespecies.org:taxname:254358,https://airtable.com/tblLqtIyuwA7rbEC3/rec81uywEyGrVn229?blocks=bli5ItEhTDGAFc32p,Animalia,,,Arthropoda,Crustacea,,Multicrustacea,Malacostraca,Eumalacostraca,,,Eucarida,Decapoda,Pleocyemata,Brachyura,,Eubrachyura,Heterotremata,Cheiragonoidea,,Cheiragonidae,,,,,,,,,Cheiragonoidea,,rec81uywEyGrVn229,,,
Telmessus,GENUS,ACCEPTED,,254359,http://www.marinespecies.org/aphia.php?p=taxdetails&id=254359,https://www.marinespecies.org/rest/AphiaClassificationByAphiaID/254359,urn:lsid:marinespecies.org:taxname:254359,https://airtable.com/tblLqtIyuwA7rbEC3/recZ2oW0jyoWlpG90?blocks=bli5ItEhTDGAFc32p,Animalia,,,Arthropoda,Crustacea,,Multicrustacea,Malacostraca,Eumalacostraca,,,Eucarida,Decapoda,Pleocyemata,Brachyura,,Eubrachyura,Heterotremata,Cheiragonoidea,,Cheiragonidae,,,,,Telmessus,,,,Cheiragonidae,,recZ2oW0jyoWlpG90,,,
Telmessus cheiragonus,SPECIES,ACCEPTED,Helmet crab,254360,http://www.marinespecies.org/aphia.php?p=taxdetails&id=254360,https://www.marinespecies.org/rest/AphiaClassificationByAphiaID/254360,urn:lsid:marinespecies.org:taxname:254360,https://airtable.com/tblLqtIyuwA7rbEC3/recxTrvMx9AAIStyy?blocks=bli5ItEhTDGAFc32p,Animalia,,,Arthropoda,Crustacea,,Multicrustacea,Malacostraca,Eumalacostraca,,,Eucarida,Decapoda,Pleocyemata,Brachyura,,Eubrachyura,Heterotremata,Cheiragonoidea,,Cheiragonidae,,,,,Telmessus,,Telmessus cheiragonus,,Telmessus,"TELC,telc",recxTrvMx9AAIStyy,,Quadra,
Majoidea,SUPERFAMILY,ACCEPTED,,106700,http://www.marinespecies.org/aphia.php?p=taxdetails&id=106700,https://www.marinespecies.org/rest/AphiaClassificationByAphiaID/106700,urn:lsid:marinespecies.org:taxname:106700,https://airtable.com/tblLqtIyuwA7rbEC3/rec4KquADNm7sBimk?blocks=bli5ItEhTDGAFc32p,Animalia,,,Arthropoda,Crustacea,,Multicrustacea,Malacostraca,Eumalacostraca,,,Eucarida,Decapoda,Pleocyemata,Brachyura,,Eubrachyura,Heterotremata,Majoidea,,,,,,,,,,,Heterotremata,,rec4KquADNm7sBimk,,,
Epialtidae,FAMILY,ACCEPTED,,196143,http://www.marinespecies.org/aphia.php?p=taxdetails&id=196143,https://www.marinespecies.org/rest/AphiaClassificationByAphiaID/196143,urn:lsid:marinespecies.org:taxname:196143,https://airtable.com/tblLqtIyuwA7rbEC3/recAjfFz7bMG5flu6?blocks=bli5ItEhTDGAFc32p,Animalia,,,Arthropoda,Crustacea,,Multicrustacea,Malacostraca,Eumalacostraca,,,Eucarida,Decapoda,Pleocyemata,Brachyura,,Eubrachyura,Heterotremata,Majoidea,,Epialtidae,,,,,,,,,Majoidea,,recAjfFz7bMG5flu6,,,
Epialtinae,SUBFAMILY,ACCEPTED,,439052,http://www.marinespecies.org/aphia.php?p=taxdetails&id=439052,https://www.marinespecies.org/rest/AphiaClassificationByAphiaID/439052,urn:lsid:marinespecies.org:taxname:439052,https://airtable.com/tblLqtIyuwA7rbEC3/rec7xbsvagy792ZJm?blocks=bli5ItEhTDGAFc32p,Animalia,,,Arthropoda,Crustacea,,Multicrustacea,Malacostraca,Eumalacostraca,,,Eucarida,Decapoda,Pleocyemata,Brachyura,,Eubrachyura,Heterotremata,Majoidea,,Epialtidae,Epialtinae,,,,,,,,Epialtidae,,rec7xbsvagy792ZJm,,,
Pugettia,GENUS,ACCEPTED,kelp crab,240779,http://www.marinespecies.org/aphia.php?p=taxdetails&id=240779,https://www.marinespecies.org/rest/AphiaClassificationByAphiaID/240779,urn:lsid:marinespecies.org:taxname:240779,https://airtable.com/tblLqtIyuwA7rbEC3/recAzZc5DIfVf5LJP?blocks=bli5ItEhTDGAFc32p,Animalia,,,Arthropoda,Crustacea,,Multicrustacea,Malacostraca,Eumalacostraca,,,Eucarida,Decapoda,Pleocyemata,Brachyura,,Eubrachyura,Heterotremata,Majoidea,,Epialtidae,Epialtinae,,,,Pugettia,,,,Epialtinae,"PUGE,PUGE,puge,portal",recAzZc5DIfVf5LJP,,,
Pugettia gracilis,SPECIES,ACCEPTED,Graceful kelp crab,441478,http://www.marinespecies.org/aphia.php?p=taxdetails&id=441478,https://www.marinespecies.org/rest/AphiaClassificationByAphiaID/441478,urn:lsid:marinespecies.org:taxname:441478,https://airtable.com/tblLqtIyuwA7rbEC3/recxdzrWQVZkX7CFa?blocks=bli5ItEhTDGAFc32p,Animalia,,,Arthropoda,Crustacea,,Multicrustacea,Malacostraca,Eumalacostraca,,,Eucarida,Decapoda,Pleocyemata,Brachyura,,Eubrachyura,Heterotremata,Majoidea,,Epialtidae,Epialtinae,,,,Pugettia,,Pugettia gracilis,,Pugettia,PUGR,recxdzrWQVZkX7CFa,Telmessus_cheiragonus_47613_B2003_d04613.JPG (https://v5.airtableusercontent.com/v3/u/33/33/1727985600000/takIAiT1hAVd0zErD5YSeA/N7GDd8Mfw4L4lMcS3Ka99O3gCLWSNQ9GyMWlv7qFOvoPKoB5oCVZMaGBmg0hiRZth3Hp7DiZHRt1FlUjUiHSle3HoQuX433GpPEEWrTue-8OaoV3lt2exT8ltGLs8jxjRLSX7rWgtzveFhFkZv32Rg8W6YjvhDq6q06OkJVTyA7Tnzi0DnKYiYilfDeQnuzi/31HtPh-We4B6HLYdbikFPtjG_A3zd5mq5-TK5FM3Bkc),Quadra,
Pugettia producta,SPECIES,ACCEPTED,Northern kelp crab,240780,http://www.marinespecies.org/aphia.php?p=taxdetails&id=240780,https://www.marinespecies.org/rest/AphiaClassificationByAphiaID/240780,urn:lsid:marinespecies.org:taxname:240780,https://airtable.com/tblLqtIyuwA7rbEC3/recWDbHMT3VqCzknd?blocks=bli5ItEhTDGAFc32p,Animalia,,,Arthropoda,Crustacea,,Multicrustacea,Malacostraca,Eumalacostraca,,,Eucarida,Decapoda,Pleocyemata,Brachyura,,Eubrachyura,Heterotremata,Majoidea,,Epialtidae,Epialtinae,,,,Pugettia,,Pugettia producta,,Pugettia,"PUPR,pugp",recWDbHMT3VqCzknd,"Pugettia_producta_47464_B1009_d02362.JPG (https://v5.airtableusercontent.com/v3/u/33/33/1727985600000/5Q4PUdNCUD9r-xGdn_za5g/y81QaadXk5XZaIIvNt3G0uQMC8-hjTuEjevc7kJhXmTHIZAf8uRazDz86ovyTdZwnU66O92jsT8iJdORUySx6FdBV7M_inyCH1PaCkpPIa2iliJ9yWAW_m0UHBx6iTn69TW01KCkVf0AnOTfm2ojlui89MkZyQ2KMXPF__5haXwCjH5YPNfuEpn1xovDPjug/Z-plaHXC92K4Q44W2VmFkUgow64IOlenMb9Ud1EDPiE),Pugettia_producta_47465_B1010_d02365.JPG (https://v5.airtableusercontent.com/v3/u/33/33/1727985600000/4fW5NZm-39QYxsctvgdZPw/AzFiD8oIOazMIeNTHkybuNGnKw__Ep_5vo3puxXXom72nsl3CqqcK77WOFd-UReUeSOUmr_c8Itd8KpnKzR-mfYKsZ6OgSHTQbccOKMyir8b_mp8-4e9Texe4ZgP0DTjTFzRHeDLA6y_b1X1sDfVjTiqs1uy0U25nZaEsebdCZbDyMo35k9gMwoR18OVjA3M/rg7qtV7PKc9GA6u1LYuPYqQTECA96ljpE7jUL034UkY),Pugettia_producta_47358_B0219_d00422.JPG (https://v5.airtableusercontent.com/v3/u/33/33/1727985600000/rrnSGik6Zdg2WDyoTkkj3A/rXWW7slbOrioZPq-XQiaxSAVB6VKZk9JNqMU933B_o1Ozc1uwwsgvWcqLoTwFAf4BZzsImlODce4hZ1fADGVUTmMl-PDuse2X_h0KrpF4xTGWsj4gU8-p73pabJyFBBpWhM54cypuKRJVpyKOQlB1xgRGmnU-NAh2OdRZr4cmzglEn0ikBydCv33ooRZsGS_/k5kbMb3v9XMLXrKoCskBTuCS-1kj7uRV6MlrcFuhMC0)","Quadra,Toby Island",
Pugettia richii,SPECIES,ACCEPTED,Cryptic kelp crab,441490,http://www.marinespecies.org/aphia.php?p=taxdetails&id=441490,https://www.marinespecies.org/rest/AphiaClassificationByAphiaID/441490,urn:lsid:marinespecies.org:taxname:441490,https://airtable.com/tblLqtIyuwA7rbEC3/rec3ZoinJkoFdP8PG?blocks=bli5ItEhTDGAFc32p,Animalia,,,Arthropoda,Crustacea,,Multicrustacea,Malacostraca,Eumalacostraca,,,Eucarida,Decapoda,Pleocyemata,Brachyura,,Eubrachyura,Heterotremata,Majoidea,,Epialtidae,Epialtinae,,,,Pugettia,,Pugettia richii,,Pugettia,PURI,rec3ZoinJkoFdP8PG,"Pugettia_richii_47518_B1270_d02687.JPG (https://v5.airtableusercontent.com/v3/u/33/33/1727985600000/rpqVzw3KJs83omd_sFo3aQ/r-9X50AIh6Hn88Yt5A6ntmWMkm_5njTHj4QjUC1JjmLbYg6denrc4X1T1Ekyb87FG2biDyiBAC7yHr7ZHGOuUElfzvWHPUqWvinsm4VWIPGqI7kzZJrENNIWqQNAHPsDmGxXzMM9afYmVLV6Ck9K3Q3_Nfx0Lx2wTdiboitstYLPRyuOv_mcyQ2uu32-bpWI/19__7wvchUorU_JswPtzFxL2GT9vYWupIEFg_AuU6Gs),Pugettia_richii_47596_B1924_d03958.JPG (https://v5.airtableusercontent.com/v3/u/33/33/1727985600000/krtYdIHdZIh7Bg7PvirmBg/3eJyzGN6JrLFE_x8p0F8znl4YfnFwhHOmTKfuoLB42JUtB0ITOrU__UvO0hLDBoPI-ao9sbjHfvvqQr5qT3T7jRo0vAPv7uV4TmXTe0clS23eUJclVc2zJ68JGHfzXE5Kq807X_M0ULw4Y2eqeDOzDUQXzUHeiK2aOqwOPRyRB81icHaJz1xSG91rNi52nWj/JEcCFdy9kI8T4a6Wg1wLrfLYUbd8svP3okWnV0oab68),Pugettia_richii_47596_B1924_d04427.JPG (https://v5.airtableusercontent.com/v3/u/33/33/1727985600000/l1eaWknJTCh8ctYeSF6wrA/4lvx_f9gY6665b1ElJ2sx_HK85AOGt6ReI7kGYh2NPzDHWfaa8FsfTINjsSuWsjYs-GWkypMg_J3PwYO_cQg_RUl3EK43YaxWad112ydTs48NdSTXs3rViZKUEUXvsQKBYG18LEhJHCdl7woAdTK3cxNaequ1D6CIi7u1eqxId-AW2J3rnWJqj264Rps6jCi/fz4-4pHDI-Pld-4YfJ7pz2U_dehu1gUZ9S6ErmDRyiM),Pugettia_richii_47610_B1998_d04529.JPG (https://v5.airtableusercontent.com/v3/u/33/33/1727985600000/K8CEnPlEyc_iF7QliOdYNg/1HOEy0RbR4ZVjF3Zm35WUU9QTgzoQvixn-HvPQZGwYwfmJtpIegRDjNyETM4J0hsJgg_T2VHDiwkBI12kFmIiuMCrMOJ3WwRn1eZqwOX8zW7EsHNL5iuiNo--tmJ3EDSwNRCPNkVGE3MXtfNS_tuhAXeK1LsMyCl2b5SC4LmPGZPhh05i73t2C43e0WEvXUO/nGqkXxwfPUwvwEiEEx05gtvw6tF5Zw2_GU3NaPxL-kQ),Pugettia_richii_47644_B2209_d04985.JPG (https://v5.airtableusercontent.com/v3/u/33/33/1727985600000/kMjiK18nxiqoY9zsLcTSUQ/PnbFmqLXi-IrzPfpmRtoUsbXgvvkvYSuIdCMPsP9cTmBQXHfj6EB4VRyjg2Wqm4DJdu3U02lgZqlb-ijGc0UT9eAsdftE2cz5fhFOqVhT4BnI_uMeKbsFuetarBrPcS8ulTaO3V1lX7hmBPvFqHAcdxOPOp5z4sYB8S1sMiDtQaj9CVPk2cU5i5QRFyleCW3/oReh_gFZH18bX8UwRzn7taLm_C-OAZ--Jxrm_Ehzu38)",Quadra,
Pisinae,SUBFAMILY,ACCEPTED,,148431,http://www.marinespecies.org/aphia.php?p=taxdetails&id=148431,https://www.marinespecies.org/rest/AphiaClassificationByAphiaID/148431,urn:lsid:marinespecies.org:taxname:148431,https://airtable.com/tblLqtIyuwA7rbEC3/recA54HNMHCbUUEnu?blocks=bli5ItEhTDGAFc32p,Animalia,,,Arthropoda,Crustacea,,Multicrustacea,Malacostraca,Eumalacostraca,,,Eucarida,Decapoda,Pleocyemata,Brachyura,,Eubrachyura,Heterotremata,Majoidea,,Epialtidae,Pisinae,,,,,,,,Epialtidae,,recA54HNMHCbUUEnu,,,
Scyra,GENUS,ACCEPTED,,439320,http://www.marinespecies.org/aphia.php?p=taxdetails&id=439320,https://www.marinespecies.org/rest/AphiaClassificationByAphiaID/439320,urn:lsid:marinespecies.org:taxname:439320,https://airtable.com/tblLqtIyuwA7rbEC3/recaODS7zsO0kJnAQ?blocks=bli5ItEhTDGAFc32p,Animalia,,,Arthropoda,Crustacea,,Multicrustacea,Malacostraca,Eumalacostraca,,,Eucarida,Decapoda,Pleocyemata,Brachyura,,Eubrachyura,Heterotremata,Majoidea,,Epialtidae,Pisinae,,,,Scyra,,,,Pisinae,,recaODS7zsO0kJnAQ,,,
Scyra acutifrons,SPECIES,ACCEPTED,Sharpnose crab,441698,http://www.marinespecies.org/aphia.php?p=taxdetails&id=441698,https://www.marinespecies.org/rest/AphiaClassificationByAphiaID/441698,urn:lsid:marinespecies.org:taxname:441698,https://airtable.com/tblLqtIyuwA7rbEC3/recFMDubM1MHAK6w2?blocks=bli5ItEhTDGAFc32p,Animalia,,,Arthropoda,Crustacea,,Multicrustacea,Malacostraca,Eumalacostraca,,,Eucarida,Decapoda,Pleocyemata,Brachyura,,Eubrachyura,Heterotremata,Majoidea,,Epialtidae,Pisinae,,,,Scyra,,Scyra acutifrons,,Scyra,,recFMDubM1MHAK6w2,,Quadra,
Oregoniidae,FAMILY,ACCEPTED,,368557,http://www.marinespecies.org/aphia.php?p=taxdetails&id=368557,https://www.marinespecies.org/rest/AphiaClassificationByAphiaID/368557,urn:lsid:marinespecies.org:taxname:368557,https://airtable.com/tblLqtIyuwA7rbEC3/recxe9K650PjvzvjS?blocks=bli5ItEhTDGAFc32p,Animalia,,,Arthropoda,Crustacea,,Multicrustacea,Malacostraca,Eumalacostraca,,,Eucarida,Decapoda,Pleocyemata,Brachyura,,Eubrachyura,Heterotremata,Majoidea,,Oregoniidae,,,,,,,,,Majoidea,,recxe9K650PjvzvjS,,,
Oregoniinae,SUBFAMILY,ACCEPTED,,148428,http://www.marinespecies.org/aphia.php?p=taxdetails&id=148428,https://www.marinespecies.org/rest/AphiaClassificationByAphiaID/148428,urn:lsid:marinespecies.org:taxname:148428,https://airtable.com/tblLqtIyuwA7rbEC3/recVTHRQnYP2jmY7L?blocks=bli5ItEhTDGAFc32p,Animalia,,,Arthropoda,Crustacea,,Multicrustacea,Malacostraca,Eumalacostraca,,,Eucarida,Decapoda,Pleocyemata,Brachyura,,Eubrachyura,Heterotremata,Majoidea,,Oregoniidae,Oregoniinae,,,,,,,,Oregoniidae,,recVTHRQnYP2jmY7L,,,
Oregonia,GENUS,ACCEPTED,,439494,http://www.marinespecies.org/aphia.php?p=taxdetails&id=439494,https://www.marinespecies.org/rest/AphiaClassificationByAphiaID/439494,urn:lsid:marinespecies.org:taxname:439494,https://airtable.com/tblLqtIyuwA7rbEC3/recpBEvKjDQrn6jnj?blocks=bli5ItEhTDGAFc32p,Animalia,,,Arthropoda,Crustacea,,Multicrustacea,Malacostraca,Eumalacostraca,,,Eucarida,Decapoda,Pleocyemata,Brachyura,,Eubrachyura,Heterotremata,Majoidea,,Oregoniidae,Oregoniinae,,,,Oregonia,,,,Oregoniinae,,recpBEvKjDQrn6jnj,,,
Oregonia gracilis,SPECIES,ACCEPTED,Graceful Decorator Crab,442171,http://www.marinespecies.org/aphia.php?p=taxdetails&id=442171,https://www.marinespecies.org/rest/AphiaClassificationByAphiaID/442171,urn:lsid:marinespecies.org:taxname:442171,https://airtable.com/tblLqtIyuwA7rbEC3/rec60DsB7erHecShi?blocks=bli5ItEhTDGAFc32p,Animalia,,,Arthropoda,Crustacea,,Multicrustacea,Malacostraca,Eumalacostraca,,,Eucarida,Decapoda,Pleocyemata,Brachyura,,Eubrachyura,Heterotremata,Majoidea,,Oregoniidae,Oregoniinae,,,,Oregonia,,Oregonia gracilis,,Oregonia,"OREG,OREG,oreg,oreg",rec60DsB7erHecShi,"Oregonia_gracilis_47548_B1466_d03268.JPG (https://v5.airtableusercontent.com/v3/u/33/33/1727985600000/t0FtKIptO5J0KEW76JctFw/t5jHCIKSz1LWCV7hNK5xEb7MX_PhCQzvhLGfFQO6WzUXtwKF3inY9ZPsq9nfrn0c6Sa-wnmB2H5XAOlqFVKK_M2ZnlJ2OE9phg9ybiRSOoj3NEAbk6AaMKOzLZJpOW8q9vyP7-hXA-UIRDaMOUTj2Z5Eu0wQV1mxmKI8IXNAXf67CiMcSA9uCpyT9Fwwk4YZ/NR3VwLegKOJ0RiWX4r1tjihDgGywPe0Q5Q4hLFGQMfg),Oregonia_gracilis_47668_B2581_d05588.JPG (https://v5.airtableusercontent.com/v3/u/33/33/1727985600000/sMgACHVKfTvAoeA3MdmTUA/DPJ6bMJQ0ZTpbaIaWCYSm6N8NBLgtuRAX7Kp7Qr4g6ckFW3a-e4EZFGUdw2yoMtVO1v2uqj7in4mKNGoOI60qMnjLo-21vWSBYa0fXET5SlNr0vkfBwMgvp1k6wEAAtmPZOglAo799aIA-xdhCBqxxFMPT-lA_WxsKrX3rOVSFi_TQZ3cNTJv-8DzxisbDyS/UpfLXSt5B6y2TQGJrJsVV6N1oct5Xaei-c6LZ8OnJM0)",Quadra,
Portunoidea,SUPERFAMILY,ACCEPTED,,106702,http://www.marinespecies.org/aphia.php?p=taxdetails&id=106702,https://www.marinespecies.org/rest/AphiaClassificationByAphiaID/106702,urn:lsid:marinespecies.org:taxname:106702,https://airtable.com/tblLqtIyuwA7rbEC3/recG8opYp8kMeAhOI?blocks=bli5ItEhTDGAFc32p,Animalia,,,Arthropoda,Crustacea,,Multicrustacea,Malacostraca,Eumalacostraca,,,Eucarida,Decapoda,Pleocyemata,Brachyura,,Eubrachyura,Heterotremata,Portunoidea,,,,,,,,,,,Heterotremata,,recG8opYp8kMeAhOI,,,
Carcinidae,FAMILY,ACCEPTED,,557511,http://www.marinespecies.org/aphia.php?p=taxdetails&id=557511,https://www.marinespecies.org/rest/AphiaClassificationByAphiaID/557511,urn:lsid:marinespecies.org:taxname:557511,https://airtable.com/tblLqtIyuwA7rbEC3/recZlAfDfOydMluWs?blocks=bli5ItEhTDGAFc32p,Animalia,,,Arthropoda,Crustacea,,Multicrustacea,Malacostraca,Eumalacostraca,,,Eucarida,Decapoda,Pleocyemata,Brachyura,,Eubrachyura,Heterotremata,Portunoidea,,Carcinidae,,,,,,,,,Portunoidea,,recZlAfDfOydMluWs,,,
Carcininae,SUBFAMILY,ACCEPTED,,148432,http://www.marinespecies.org/aphia.php?p=taxdetails&id=148432,https://www.marinespecies.org/rest/AphiaClassificationByAphiaID/148432,urn:lsid:marinespecies.org:taxname:148432,https://airtable.com/tblLqtIyuwA7rbEC3/recvER2qOndiLizut?blocks=bli5ItEhTDGAFc32p,Animalia,,,Arthropoda,Crustacea,,Multicrustacea,Malacostraca,Eumalacostraca,,,Eucarida,Decapoda,Pleocyemata,Brachyura,,Eubrachyura,Heterotremata,Portunoidea,,Carcinidae,Carcininae,,,,,,,,Carcinidae,,recvER2qOndiLizut,,,
Carcinus,GENUS,ACCEPTED,,106922,http://www.marinespecies.org/aphia.php?p=taxdetails&id=106922,https://www.marinespecies.org/rest/AphiaClassificationByAphiaID/106922,urn:lsid:marinespecies.org:taxname:106922,https://airtable.com/tblLqtIyuwA7rbEC3/recrGMRdf0okKxo1j?blocks=bli5ItEhTDGAFc32p,Animalia,,,Arthropoda,Crustacea,,Multicrustacea,Malacostraca,Eumalacostraca,,,Eucarida,Decapoda,Pleocyemata,Brachyura,,Eubrachyura,Heterotremata,Portunoidea,,Carcinidae,Carcininae,,,,Carcinus,,,,Carcininae,,recrGMRdf0okKxo1j,,,
Carcinus maenas,SPECIES,ACCEPTED,Green Crab,107381,http://www.marinespecies.org/aphia.php?p=taxdetails&id=107381,https://www.marinespecies.org/rest/AphiaClassificationByAphiaID/107381,urn:lsid:marinespecies.org:taxname:107381,https://airtable.com/tblLqtIyuwA7rbEC3/reclH2BRxx63j2Gqh?blocks=bli5ItEhTDGAFc32p,Animalia,,,Arthropoda,Crustacea,,Multicrustacea,Malacostraca,Eumalacostraca,,,Eucarida,Decapoda,Pleocyemata,Brachyura,,Eubrachyura,Heterotremata,Portunoidea,,Carcinidae,Carcininae,,,,Carcinus,,Carcinus maenas,,Carcinus,CARM,reclH2BRxx63j2Gqh,Carcinus_maenas_47555_B1577_d03473.JPG (https://v5.airtableusercontent.com/v3/u/33/33/1727985600000/yVNEMj2bvEGsZa_T9wNQXQ/Z8_zZp2G_Z4Q6utCJS2iVpx4g_aVJW1Ehy3oZ6zVGkIMl4XQA0-LUAJGssXfQyuB__QqKpUOvAEd5dfNG4DxxHw7uuXFjVY_-S2iu9bE5atUAbhEpqkvymA2hQq6E2mnqOX1-5vRZ8cB_dGB5wz_fu0tMGcDHQgYcRfEXpbA-ECj1TpXUPwBRzAKI-dRMuNS/S7t2RVK3xheKAYr2vwtf8L5iXTtrg5Mvr3T5puiZX3s),,
Xanthoidea,SUPERFAMILY,ACCEPTED,,106703,http://www.marinespecies.org/aphia.php?p=taxdetails&id=106703,https://www.marinespecies.org/rest/AphiaClassificationByAphiaID/106703,urn:lsid:marinespecies.org:taxname:106703,https://airtable.com/tblLqtIyuwA7rbEC3/receXT12tEbpYfEnR?blocks=bli5ItEhTDGAFc32p,Animalia,,,Arthropoda,Crustacea,,Multicrustacea,Malacostraca,Eumalacostraca,,,Eucarida,Decapoda,Pleocyemata,Brachyura,,Eubrachyura,Heterotremata,Xanthoidea,,,,,,,,,,,Heterotremata,,receXT12tEbpYfEnR,,,
Panopeidae,FAMILY,ACCEPTED,,106765,http://www.marinespecies.org/aphia.php?p=taxdetails&id=106765,https://www.marinespecies.org/rest/AphiaClassificationByAphiaID/106765,urn:lsid:marinespecies.org:taxname:106765,https://airtable.com/tblLqtIyuwA7rbEC3/recBRuSo8IGpPj5FH?blocks=bli5ItEhTDGAFc32p,Animalia,,,Arthropoda,Crustacea,,Multicrustacea,Malacostraca,Eumalacostraca,,,Eucarida,Decapoda,Pleocyemata,Brachyura,,Eubrachyura,Heterotremata,Xanthoidea,,Panopeidae,,,,,,,,,Xanthoidea,,recBRuSo8IGpPj5FH,,,
Lophopanopeus,GENUS,ACCEPTED,,439514,http://www.marinespecies.org/aphia.php?p=taxdetails&id=439514,https://www.marinespecies.org/rest/AphiaClassificationByAphiaID/439514,urn:lsid:marinespecies.org:taxname:439514,https://airtable.com/tblLqtIyuwA7rbEC3/rec9RZnHg2XpDPIcG?blocks=bli5ItEhTDGAFc32p,Animalia,,,Arthropoda,Crustacea,,Multicrustacea,Malacostraca,Eumalacostraca,,,Eucarida,Decapoda,Pleocyemata,Brachyura,,Eubrachyura,Heterotremata,Xanthoidea,,Panopeidae,,,,,Lophopanopeus,,,,Panopeidae,,rec9RZnHg2XpDPIcG,,,
Lophopanopeus bellus,SPECIES,ACCEPTED,Blackclaw crab,443976,http://www.marinespecies.org/aphia.php?p=taxdetails&id=443976,https://www.marinespecies.org/rest/AphiaClassificationByAphiaID/443976,urn:lsid:marinespecies.org:taxname:443976,https://airtable.com/tblLqtIyuwA7rbEC3/recLRKC3b76hUWW0e?blocks=bli5ItEhTDGAFc32p,Animalia,,,Arthropoda,Crustacea,,Multicrustacea,Malacostraca,Eumalacostraca,,,Eucarida,Decapoda,Pleocyemata,Brachyura,,Eubrachyura,Heterotremata,Xanthoidea,,Panopeidae,,,,,Lophopanopeus,,Lophopanopeus bellus,,Lophopanopeus,LOBE,recLRKC3b76hUWW0e,PXL_20240509_203906815.jpg (https://v5.airtableusercontent.com/v3/u/33/33/1727985600000/R0s_SPznZrYHRKkN-6mmnA/4gWa3s01pSHHMm8I1SIqrCKPEtIZiN8pcsgvJVTo3h8VjFgeqUXZXJ6XtdFAckiG76OtljIGKXQiSjUZB7PezspoEhpLF5SHyWbsHKQYDeeF04BcWAcikhCs9y0fWdNCVqCav7VycdMdQXdsKW9BE9ZtrD29oGJRY8SYDUyAr4eC7Y_fTI25WPC_DqMkhLP7/lorhOHxsNa_JOZkHv0ZCtAXNzex9lHHAMs5KE3z_Zb0),Quadra,
Thoracotremata,SUBSECTION,ACCEPTED,,106682,http://www.marinespecies.org/aphia.php?p=taxdetails&id=106682,https://www.marinespecies.org/rest/AphiaClassificationByAphiaID/106682,urn:lsid:marinespecies.org:taxname:106682,https://airtable.com/tblLqtIyuwA7rbEC3/receMzGJbIAAZk4R2?blocks=bli5ItEhTDGAFc32p,Animalia,,,Arthropoda,Crustacea,,Multicrustacea,Malacostraca,Eumalacostraca,,,Eucarida,Decapoda,Pleocyemata,Brachyura,,Eubrachyura,Thoracotremata,,,,,,,,,,,,Eubrachyura,,receMzGJbIAAZk4R2,,,
Grapsoidea,SUPERFAMILY,ACCEPTED,,106706,http://www.marinespecies.org/aphia.php?p=taxdetails&id=106706,https://www.marinespecies.org/rest/AphiaClassificationByAphiaID/106706,urn:lsid:marinespecies.org:taxname:106706,https://airtable.com/tblLqtIyuwA7rbEC3/rec8w4X2NAKNbB3tt?blocks=bli5ItEhTDGAFc32p,Animalia,,,Arthropoda,Crustacea,,Multicrustacea,Malacostraca,Eumalacostraca,,,Eucarida,Decapoda,Pleocyemata,Brachyura,,Eubrachyura,Thoracotremata,Grapsoidea,,,,,,,,,,,Thoracotremata,,rec8w4X2NAKNbB3tt,,,
Grapsidae,FAMILY,ACCEPTED,,106772,http://www.marinespecies.org/aphia.php?p=taxdetails&id=106772,https://www.marinespecies.org/rest/AphiaClassificationByAphiaID/106772,urn:lsid:marinespecies.org:taxname:106772,https://airtable.com/tblLqtIyuwA7rbEC3/recuTinfTHS9vVTCL?blocks=bli5ItEhTDGAFc32p,Animalia,,,Arthropoda,Crustacea,,Multicrustacea,Malacostraca,Eumalacostraca,,,Eucarida,Decapoda,Pleocyemata,Brachyura,,Eubrachyura,Thoracotremata,Grapsoidea,,Grapsidae,,,,,,,,,Grapsoidea,,recuTinfTHS9vVTCL,,,
Pachygrapsus,GENUS,ACCEPTED,,106965,http://www.marinespecies.org/aphia.php?p=taxdetails&id=106965,https://www.marinespecies.org/rest/AphiaClassificationByAphiaID/106965,urn:lsid:marinespecies.org:taxname:106965,https://airtable.com/tblLqtIyuwA7rbEC3/recGjCht7piXZOITk?blocks=bli5ItEhTDGAFc32p,Animalia,,,Arthropoda,Crustacea,,Multicrustacea,Malacostraca,Eumalacostraca,,,Eucarida,Decapoda,Pleocyemata,Brachyura,,Eubrachyura,Thoracotremata,Grapsoidea,,Grapsidae,,,,,Pachygrapsus,,,,Grapsidae,,recGjCht7piXZOITk,,,
Pachygrapsus crassipes,SPECIES,ACCEPTED,Striped Shore crab,395016,http://www.marinespecies.org/aphia.php?p=taxdetails&id=395016,https://www.marinespecies.org/rest/AphiaClassificationByAphiaID/395016,urn:lsid:marinespecies.org:taxname:395016,https://airtable.com/tblLqtIyuwA7rbEC3/recLtHSoFQ3eV2PiE?blocks=bli5ItEhTDGAFc32p,Animalia,,,Arthropoda,Crustacea,,Multicrustacea,Malacostraca,Eumalacostraca,,,Eucarida,Decapoda,Pleocyemata,Brachyura,,Eubrachyura,Thoracotremata,Grapsoidea,,Grapsidae,,,,,Pachygrapsus,,Pachygrapsus crassipes,,Pachygrapsus,PACR,recLtHSoFQ3eV2PiE,,,
Varunidae,FAMILY,ACCEPTED,,439140,http://www.marinespecies.org/aphia.php?p=taxdetails&id=439140,https://www.marinespecies.org/rest/AphiaClassificationByAphiaID/439140,urn:lsid:marinespecies.org:taxname:439140,https://airtable.com/tblLqtIyuwA7rbEC3/recPBv2z7mv4iFqGg?blocks=bli5ItEhTDGAFc32p,Animalia,,,Arthropoda,Crustacea,,Multicrustacea,Malacostraca,Eumalacostraca,,,Eucarida,Decapoda,Pleocyemata,Brachyura,,Eubrachyura,Thoracotremata,Grapsoidea,,Varunidae,,,,,,,,,Grapsoidea,,recPBv2z7mv4iFqGg,,,
Varuninae,SUBFAMILY,ACCEPTED,,439146,http://www.marinespecies.org/aphia.php?p=taxdetails&id=439146,https://www.marinespecies.org/rest/AphiaClassificationByAphiaID/439146,urn:lsid:marinespecies.org:taxname:439146,https://airtable.com/tblLqtIyuwA7rbEC3/recMpbRLrFuiuaoCb?blocks=bli5ItEhTDGAFc32p,Animalia,,,Arthropoda,Crustacea,,Multicrustacea,Malacostraca,Eumalacostraca,,,Eucarida,Decapoda,Pleocyemata,Brachyura,,Eubrachyura,Thoracotremata,Grapsoidea,,Varunidae,Varuninae,,,,,,,,Varunidae,,recMpbRLrFuiuaoCb,,,
Hemigrapsus,GENUS,ACCEPTED,Shore crab,106964,http://www.marinespecies.org/aphia.php?p=taxdetails&id=106964,https://www.marinespecies.org/rest/AphiaClassificationByAphiaID/106964,urn:lsid:marinespecies.org:taxname:106964,https://airtable.com/tblLqtIyuwA7rbEC3/recKn7rXv7kyTIbyP?blocks=bli5ItEhTDGAFc32p,Animalia,,,Arthropoda,Crustacea,,Multicrustacea,Malacostraca,Eumalacostraca,,,Eucarida,Decapoda,Pleocyemata,Brachyura,,Eubrachyura,Thoracotremata,Grapsoidea,,Varunidae,Varuninae,,,,Hemigrapsus,,,,Varuninae,HEMI,recKn7rXv7kyTIbyP,,,
Hemigrapsus nudus,SPECIES,ACCEPTED,Purple Shore Crab,444776,http://www.marinespecies.org/aphia.php?p=taxdetails&id=444776,https://www.marinespecies.org/rest/AphiaClassificationByAphiaID/444776,urn:lsid:marinespecies.org:taxname:444776,https://airtable.com/tblLqtIyuwA7rbEC3/rec6oNd6Zz1aWSIv4?blocks=bli5ItEhTDGAFc32p,Animalia,,,Arthropoda,Crustacea,,Multicrustacea,Malacostraca,Eumalacostraca,,,Eucarida,Decapoda,Pleocyemata,Brachyura,,Eubrachyura,Thoracotremata,Grapsoidea,,Varunidae,Varuninae,,,,Hemigrapsus,,Hemigrapsus nudus,,Hemigrapsus,"HEMN,HENU,HEMN",rec6oNd6Zz1aWSIv4,Hemigrapsus_nudus_47615_B2043_d04627.JPG (https://v5.airtableusercontent.com/v3/u/33/33/1727985600000/t91x5nwqvRDjtmT8xwLXww/T4YYgXRFIRtU1FoBphs3Fq7OOprJ3XQx8-f-JEspz1Zf2j0-c5PHsrsuYQDk-OXbRlUngyKnOBm4X3z3vhog9D-sM4NZx7tHdHi9lJ71mXJGVAwkEK1L3O38GAZ2LAG6DTEZtzSDLb1JMWYemHvJRkT8TYCR7BWqALFDmDuyKK3AaZ_u-0HEo22K8t74KLhd/r9h4HZSM4gw2mV80lUdDvIcg1xkHgb0BpDWVk-NUnzU),"Quadra,Toby Island",
Hemigrapsus oregonensis,SPECIES,ACCEPTED,Hairy shore crab,444778,http://www.marinespecies.org/aphia.php?p=taxdetails&id=444778,https://www.marinespecies.org/rest/AphiaClassificationByAphiaID/444778,urn:lsid:marinespecies.org:taxname:444778,https://airtable.com/tblLqtIyuwA7rbEC3/recPIJ8cL316v7zpA?blocks=bli5ItEhTDGAFc32p,Animalia,,,Arthropoda,Crustacea,,Multicrustacea,Malacostraca,Eumalacostraca,,,Eucarida,Decapoda,Pleocyemata,Brachyura,,Eubrachyura,Thoracotremata,Grapsoidea,,Varunidae,Varuninae,,,,Hemigrapsus,,Hemigrapsus oregonensis,,Hemigrapsus,"HEMO,HEMO",recPIJ8cL316v7zpA,Hemigrapsus_oregonensis_47618_B2046_d04644.JPG (https://v5.airtableusercontent.com/v3/u/33/33/1727985600000/hw42_GDkr8k8J63a0-GTOg/MagoahuIc853jEkLY7uLCu1AvM19V__T9Cp7KKF51QucsIe0VkDec99zkswlS9hT526FRrgjY5za9QvDRZOGBMCpAyIa4Wri4wdSQgtILpp2W3aEhcZ0I09lgBe_MrScowSM_hwOeqnAV7hPlkEJlsCqU9WksXO68OrJt-HchQsXyyUN5G-fsAZwRdq5MDax/tRN5f6Ojt5f3js7YpYwTRKK8NEunRRv8_5tmUGst61A),Quadra,
Pinnotheroidea,SUPERFAMILY,ACCEPTED,,106708,http://www.marinespecies.org/aphia.php?p=taxdetails&id=106708,https://www.marinespecies.org/rest/AphiaClassificationByAphiaID/106708,urn:lsid:marinespecies.org:taxname:106708,https://airtable.com/tblLqtIyuwA7rbEC3/recDCXMe7I8trlbbf?blocks=bli5ItEhTDGAFc32p,Animalia,,,Arthropoda,Crustacea,,Multicrustacea,Malacostraca,Eumalacostraca,,,Eucarida,Decapoda,Pleocyemata,Brachyura,,Eubrachyura,Thoracotremata,Pinnotheroidea,,,,,,,,,,,Thoracotremata,,recDCXMe7I8trlbbf,,,
Pinnotheridae,FAMILY,ACCEPTED,,106775,http://www.marinespecies.org/aphia.php?p=taxdetails&id=106775,https://www.marinespecies.org/rest/AphiaClassificationByAphiaID/106775,urn:lsid:marinespecies.org:taxname:106775,https://airtable.com/tblLqtIyuwA7rbEC3/recqhDXi3vl1N0R7y?blocks=bli5ItEhTDGAFc32p,Animalia,,,Arthropoda,Crustacea,,Multicrustacea,Malacostraca,Eumalacostraca,,,Eucarida,Decapoda,Pleocyemata,Brachyura,,Eubrachyura,Thoracotremata,Pinnotheroidea,,Pinnotheridae,,,,,,,,,Pinnotheroidea,,recqhDXi3vl1N0R7y,,,
Pinnixinae,SUBFAMILY,ACCEPTED,,1361092,http://www.marinespecies.org/aphia.php?p=taxdetails&id=1361092,https://www.marinespecies.org/rest/AphiaClassificationByAphiaID/1361092,urn:lsid:marinespecies.org:taxname:1361092,https://airtable.com/tblLqtIyuwA7rbEC3/recCv1mimR5xGfLTY?blocks=bli5ItEhTDGAFc32p,Animalia,,,Arthropoda,Crustacea,,Multicrustacea,Malacostraca,Eumalacostraca,,,Eucarida,Decapoda,Pleocyemata,Brachyura,,Eubrachyura,Thoracotremata,Pinnotheroidea,,Pinnotheridae,Pinnixinae,,,,,,,,Pinnotheridae,,recCv1mimR5xGfLTY,,,
Pinnixa,GENUS,ACCEPTED,,158444,http://www.marinespecies.org/aphia.php?p=taxdetails&id=158444,https://www.marinespecies.org/rest/AphiaClassificationByAphiaID/158444,urn:lsid:marinespecies.org:taxname:158444,https://airtable.com/tblLqtIyuwA7rbEC3/recVkGMSzXIJLySEJ?blocks=bli5ItEhTDGAFc32p,Animalia,,,Arthropoda,Crustacea,,Multicrustacea,Malacostraca,Eumalacostraca,,,Eucarida,Decapoda,Pleocyemata,Brachyura,,Eubrachyura,Thoracotremata,Pinnotheroidea,,Pinnotheridae,Pinnixinae,,,,Pinnixa,,,,Pinnixinae,,recVkGMSzXIJLySEJ,,,
Pinnixa chaetopterana,SPECIES,UNACCEPTED,Tube pea crab,158445,http://www.marinespecies.org/aphia.php?p=taxdetails&id=158445,https://www.marinespecies.org/rest/AphiaClassificationByAphiaID/158445,urn:lsid:marinespecies.org:taxname:158445,https://airtable.com/tblLqtIyuwA7rbEC3/recaXNPdrI8R65inY?blocks=bli5ItEhTDGAFc32p,Animalia,,,Arthropoda,Crustacea,,Multicrustacea,Malacostraca,Eumalacostraca,,,Eucarida,Decapoda,Pleocyemata,Brachyura,,Eubrachyura,Thoracotremata,Pinnotheroidea,,Pinnotheridae,Pinnixinae,,,,Pinnixa,,Pinnixa chaetopterana,,Pinnixa,PINC,recaXNPdrI8R65inY,,,
Pinnotherinae,SUBFAMILY,ACCEPTED,,439165,http://www.marinespecies.org/aphia.php?p=taxdetails&id=439165,https://www.marinespecies.org/rest/AphiaClassificationByAphiaID/439165,urn:lsid:marinespecies.org:taxname:439165,https://airtable.com/tblLqtIyuwA7rbEC3/recMZKoWGaOJH7Bo6?blocks=bli5ItEhTDGAFc32p,Animalia,,,Arthropoda,Crustacea,,Multicrustacea,Malacostraca,Eumalacostraca,,,Eucarida,Decapoda,Pleocyemata,Brachyura,,Eubrachyura,Thoracotremata,Pinnotheroidea,,Pinnotheridae,Pinnotherinae,,,,,,,,Pinnotheridae,,recMZKoWGaOJH7Bo6,,,
Fabia,GENUS,ACCEPTED,,377866,http://www.marinespecies.org/aphia.php?p=taxdetails&id=377866,https://www.marinespecies.org/rest/AphiaClassificationByAphiaID/377866,urn:lsid:marinespecies.org:taxname:377866,https://airtable.com/tblLqtIyuwA7rbEC3/rec4cvM06RrnbGvFE?blocks=bli5ItEhTDGAFc32p,Animalia,,,Arthropoda,Crustacea,,Multicrustacea,Malacostraca,Eumalacostraca,,,Eucarida,Decapoda,Pleocyemata,Brachyura,,Eubrachyura,Thoracotremata,Pinnotheroidea,,Pinnotheridae,Pinnotherinae,,,,Fabia,,,,Pinnotherinae,,rec4cvM06RrnbGvFE,,,
Fabia subquadrata,SPECIES,ACCEPTED,Grooved mussel crab,445132,http://www.marinespecies.org/aphia.php?p=taxdetails&id=445132,https://www.marinespecies.org/rest/AphiaClassificationByAphiaID/445132,urn:lsid:marinespecies.org:taxname:445132,https://airtable.com/tblLqtIyuwA7rbEC3/recpFuo1T8lEDlSt7?blocks=bli5ItEhTDGAFc32p,Animalia,,,Arthropoda,Crustacea,,Multicrustacea,Malacostraca,Eumalacostraca,,,Eucarida,Decapoda,Pleocyemata,Brachyura,,Eubrachyura,Thoracotremata,Pinnotheroidea,,Pinnotheridae,Pinnotherinae,,,,Fabia,,Fabia subquadrata,,Fabia,FASU,recpFuo1T8lEDlSt7,,,
Caridea,INFRAORDER,ACCEPTED,Caridean shrimp,106674,http://www.marinespecies.org/aphia.php?p=taxdetails&id=106674,https://www.marinespecies.org/rest/AphiaClassificationByAphiaID/106674,urn:lsid:marinespecies.org:taxname:106674,https://airtable.com/tblLqtIyuwA7rbEC3/recc55Ycr7OALcG5U?blocks=bli5ItEhTDGAFc32p,Animalia,,,Arthropoda,Crustacea,,Multicrustacea,Malacostraca,Eumalacostraca,,,Eucarida,Decapoda,Pleocyemata,Caridea,,,,,,,,,,,,,,,Pleocyemata,"CARI,CARI",recc55Ycr7OALcG5U,,,
Alpheoidea,SUPERFAMILY,ACCEPTED,,106709,http://www.marinespecies.org/aphia.php?p=taxdetails&id=106709,https://www.marinespecies.org/rest/AphiaClassificationByAphiaID/106709,urn:lsid:marinespecies.org:taxname:106709,https://airtable.com/tblLqtIyuwA7rbEC3/recVDDTM8NH4hICZ2?blocks=bli5ItEhTDGAFc32p,Animalia,,,Arthropoda,Crustacea,,Multicrustacea,Malacostraca,Eumalacostraca,,,Eucarida,Decapoda,Pleocyemata,Caridea,,,,Alpheoidea,,,,,,,,,,,Caridea,,recVDDTM8NH4hICZ2,,,
Hippolytidae,FAMILY,ACCEPTED,,106777,http://www.marinespecies.org/aphia.php?p=taxdetails&id=106777,https://www.marinespecies.org/rest/AphiaClassificationByAphiaID/106777,urn:lsid:marinespecies.org:taxname:106777,https://airtable.com/tblLqtIyuwA7rbEC3/recmxNjEjo6oiFkFT?blocks=bli5ItEhTDGAFc32p,Animalia,,,Arthropoda,Crustacea,,Multicrustacea,Malacostraca,Eumalacostraca,,,Eucarida,Decapoda,Pleocyemata,Caridea,,,,Alpheoidea,,Hippolytidae,,,,,,,,,Alpheoidea,,recmxNjEjo6oiFkFT,,,
Thoridae,FAMILY,ACCEPTED,,883967,http://www.marinespecies.org/aphia.php?p=taxdetails&id=883967,https://www.marinespecies.org/rest/AphiaClassificationByAphiaID/883967,urn:lsid:marinespecies.org:taxname:883967,https://airtable.com/tblLqtIyuwA7rbEC3/rec7vI7wHcZxPsscH?blocks=bli5ItEhTDGAFc32p,Animalia,,,Arthropoda,Crustacea,,Multicrustacea,Malacostraca,Eumalacostraca,,,Eucarida,Decapoda,Pleocyemata,Caridea,,,,Alpheoidea,,Thoridae,,,,,,,,,Alpheoidea,,rec7vI7wHcZxPsscH,,,
Heptacarpus,GENUS,ACCEPTED,,248339,http://www.marinespecies.org/aphia.php?p=taxdetails&id=248339,https://www.marinespecies.org/rest/AphiaClassificationByAphiaID/248339,urn:lsid:marinespecies.org:taxname:248339,https://airtable.com/tblLqtIyuwA7rbEC3/rec4qJNLYhdlNsysp?blocks=bli5ItEhTDGAFc32p,Animalia,,,Arthropoda,Crustacea,,Multicrustacea,Malacostraca,Eumalacostraca,,,Eucarida,Decapoda,Pleocyemata,Caridea,,,,Alpheoidea,,Thoridae,,,,,Heptacarpus,,,,Thoridae,,rec4qJNLYhdlNsysp,,,
Heptacarpus brevirostris,SPECIES,ACCEPTED,Stout coastal shrimp,515244,http://www.marinespecies.org/aphia.php?p=taxdetails&id=515244,https://www.marinespecies.org/rest/AphiaClassificationByAphiaID/515244,urn:lsid:marinespecies.org:taxname:515244,https://airtable.com/tblLqtIyuwA7rbEC3/recVbvyiNX7pez1SR?blocks=bli5ItEhTDGAFc32p,Animalia,,,Arthropoda,Crustacea,,Multicrustacea,Malacostraca,Eumalacostraca,,,Eucarida,Decapoda,Pleocyemata,Caridea,,,,Alpheoidea,,Thoridae,,,,,Heptacarpus,,Heptacarpus brevirostris,,Heptacarpus,,recVbvyiNX7pez1SR,,Quadra,
Heptacarpus sitchensis,SPECIES,ACCEPTED,Red-banded transparent shrimp,515266,http://www.marinespecies.org/aphia.php?p=taxdetails&id=515266,https://www.marinespecies.org/rest/AphiaClassificationByAphiaID/515266,urn:lsid:marinespecies.org:taxname:515266,https://airtable.com/tblLqtIyuwA7rbEC3/recILUsnMY943WKdD?blocks=bli5ItEhTDGAFc32p,Animalia,,,Arthropoda,Crustacea,,Multicrustacea,Malacostraca,Eumalacostraca,,,Eucarida,Decapoda,Pleocyemata,Caridea,,,,Alpheoidea,,Thoridae,,,,,Heptacarpus,,Heptacarpus sitchensis,,Heptacarpus,,recILUsnMY943WKdD,,Quadra,
Heptacarpus stylus,SPECIES,ACCEPTED,Stiletto Shrimp,515268,http://www.marinespecies.org/aphia.php?p=taxdetails&id=515268,https://www.marinespecies.org/rest/AphiaClassificationByAphiaID/515268,urn:lsid:marinespecies.org:taxname:515268,https://airtable.com/tblLqtIyuwA7rbEC3/recHFVgUR9wGi35ZU?blocks=bli5ItEhTDGAFc32p,Animalia,,,Arthropoda,Crustacea,,Multicrustacea,Malacostraca,Eumalacostraca,,,Eucarida,Decapoda,Pleocyemata,Caridea,,,,Alpheoidea,,Thoridae,,,,,Heptacarpus,,Heptacarpus stylus,,Heptacarpus,HEPS,recHFVgUR9wGi35ZU,,Quadra,
Crangonoidea,SUPERFAMILY,ACCEPTED,,106712,http://www.marinespecies.org/aphia.php?p=taxdetails&id=106712,https://www.marinespecies.org/rest/AphiaClassificationByAphiaID/106712,urn:lsid:marinespecies.org:taxname:106712,https://airtable.com/tblLqtIyuwA7rbEC3/rec5OQt66Tdfnj9O6?blocks=bli5ItEhTDGAFc32p,Animalia,,,Arthropoda,Crustacea,,Multicrustacea,Malacostraca,Eumalacostraca,,,Eucarida,Decapoda,Pleocyemata,Caridea,,,,Crangonoidea,,,,,,,,,,,Caridea,,rec5OQt66Tdfnj9O6,,,
Crangonidae,FAMILY,ACCEPTED,,106782,http://www.marinespecies.org/aphia.php?p=taxdetails&id=106782,https://www.marinespecies.org/rest/AphiaClassificationByAphiaID/106782,urn:lsid:marinespecies.org:taxname:106782,https://airtable.com/tblLqtIyuwA7rbEC3/recj7DMjl6YHbh1UG?blocks=bli5ItEhTDGAFc32p,Animalia,,,Arthropoda,Crustacea,,Multicrustacea,Malacostraca,Eumalacostraca,,,Eucarida,Decapoda,Pleocyemata,Caridea,,,,Crangonoidea,,Crangonidae,,,,,,,,,Crangonoidea,,recj7DMjl6YHbh1UG,,,
Crangon,GENUS,ACCEPTED,Crangon Shrimp,107007,http://www.marinespecies.org/aphia.php?p=taxdetails&id=107007,https://www.marinespecies.org/rest/AphiaClassificationByAphiaID/107007,urn:lsid:marinespecies.org:taxname:107007,https://airtable.com/tblLqtIyuwA7rbEC3/recrV2UQFQCX3Mjb5?blocks=bli5ItEhTDGAFc32p,Animalia,,,Arthropoda,Crustacea,,Multicrustacea,Malacostraca,Eumalacostraca,,,Eucarida,Decapoda,Pleocyemata,Caridea,,,,Crangonoidea,,Crangonidae,,,,,Crangon,,,,Crangonidae,"CRAN,CRAN",recrV2UQFQCX3Mjb5,,,
Pandaloidea,SUPERFAMILY,ACCEPTED,,106716,http://www.marinespecies.org/aphia.php?p=taxdetails&id=106716,https://www.marinespecies.org/rest/AphiaClassificationByAphiaID/106716,urn:lsid:marinespecies.org:taxname:106716,https://airtable.com/tblLqtIyuwA7rbEC3/reczTLiuIg5qxaQFF?blocks=bli5ItEhTDGAFc32p,Animalia,,,Arthropoda,Crustacea,,Multicrustacea,Malacostraca,Eumalacostraca,,,Eucarida,Decapoda,Pleocyemata,Caridea,,,,Pandaloidea,,,,,,,,,,,Caridea,,reczTLiuIg5qxaQFF,,,
Pandalidae,FAMILY,ACCEPTED,,106789,http://www.marinespecies.org/aphia.php?p=taxdetails&id=106789,https://www.marinespecies.org/rest/AphiaClassificationByAphiaID/106789,urn:lsid:marinespecies.org:taxname:106789,https://airtable.com/tblLqtIyuwA7rbEC3/rec1tX8pKT5kccmpX?blocks=bli5ItEhTDGAFc32p,Animalia,,,Arthropoda,Crustacea,,Multicrustacea,Malacostraca,Eumalacostraca,,,Eucarida,Decapoda,Pleocyemata,Caridea,,,,Pandaloidea,,Pandalidae,,,,,,,,,Pandaloidea,,rec1tX8pKT5kccmpX,,,
Pandalus,GENUS,ACCEPTED,Pandalus shrimp,107044,http://www.marinespecies.org/aphia.php?p=taxdetails&id=107044,https://www.marinespecies.org/rest/AphiaClassificationByAphiaID/107044,urn:lsid:marinespecies.org:taxname:107044,https://airtable.com/tblLqtIyuwA7rbEC3/recyMDVcrtKEalYZs?blocks=bli5ItEhTDGAFc32p,Animalia,,,Arthropoda,Crustacea,,Multicrustacea,Malacostraca,Eumalacostraca,,,Eucarida,Decapoda,Pleocyemata,Caridea,,,,Pandaloidea,,Pandalidae,,,,,Pandalus,,,,Pandalidae,PAND,recyMDVcrtKEalYZs,,,
Pandalus danae,SPECIES,ACCEPTED,Coonstripe shrimp,515462,http://www.marinespecies.org/aphia.php?p=taxdetails&id=515462,https://www.marinespecies.org/rest/AphiaClassificationByAphiaID/515462,urn:lsid:marinespecies.org:taxname:515462,https://airtable.com/tblLqtIyuwA7rbEC3/reciWioZeRdXOhvTP?blocks=bli5ItEhTDGAFc32p,Animalia,,,Arthropoda,Crustacea,,Multicrustacea,Malacostraca,Eumalacostraca,,,Eucarida,Decapoda,Pleocyemata,Caridea,,,,Pandaloidea,,Pandalidae,,,,,Pandalus,,Pandalus danae,,Pandalus,PAND,reciWioZeRdXOhvTP,Pandalus_danae_47536_B1407_d03097.JPG (https://v5.airtableusercontent.com/v3/u/33/33/1727985600000/OEPiWiNF-EuQ6aEkrYHUZw/nRjzSAmGBaqMF0UObp7P-Fh4N5VDJ91UgfTqzGJ5Ip8lM35TBrrptGkgoZyIQrwTmRT2xH261VQmsDLedDobSKfmoOkMZzEwcrK2VJM7FyDiJiw7-bVy2JMJC7UdqQrocJKmSpZpTbjtIsFoqW3kJ1N7S34VdNp0ODgYTxqz0yjQ7fRUxcirsMD_umGNltFZ/kXBegTG1Sau94fXfyeXz0rYewmgvKefEniFWFIRiPfw),Quadra,
Pandalus platyceros,SPECIES,ACCEPTED,Spot Prawn,423632,http://www.marinespecies.org/aphia.php?p=taxdetails&id=423632,https://www.marinespecies.org/rest/AphiaClassificationByAphiaID/423632,urn:lsid:marinespecies.org:taxname:423632,https://airtable.com/tblLqtIyuwA7rbEC3/reccULihPJHxh0mUn?blocks=bli5ItEhTDGAFc32p,Animalia,,,Arthropoda,Crustacea,,Multicrustacea,Malacostraca,Eumalacostraca,,,Eucarida,Decapoda,Pleocyemata,Caridea,,,,Pandaloidea,,Pandalidae,,,,,Pandalus,,Pandalus platyceros,,Pandalus,"PANP,PANP",reccULihPJHxh0mUn,"Pandalus_platyceros_47419_B0596_d01666.JPG (https://v5.airtableusercontent.com/v3/u/33/33/1727985600000/a9GdeJAUS-GOf38a4wm2iA/zUYplyusprch95SaWQX2nyie8YIORiHjacVsfO5IJeaB_SeaPTDBnCeE49Zi1yDlP_w0kSmrpkA6L8aNHfTdD6i32roe_m4pnsui4hes-ltF6ZvTN3c0wAJS07yPZSY81fMfZ4oLxzxHbKZcJr5g1Cf0l_9CWlxQUMMQGKYnmKeOuQDMmh5JM0_7wGBgv6DS/8x6VgZoP1JC7tIgBQNuP5wFXN1AlJ_og1-dNlJ2yrMo),Pandalus_platyceros_47521_B1275_d02584.JPG (https://v5.airtableusercontent.com/v3/u/33/33/1727985600000/DCBSPOFWAl5hbzX2q0V3Rw/anhSqhejRN1LRJdaAw5PChyCc078w1TIEo3eOdCDkKQnN145yHoGBi8EcymhTckTmYzmDrU5_cdN8Co304V3r1dWAeNb8L5T9bIZKW7pesgzdCqT9y84SVJYD064xQ716BbWF9wlIpfHvO27Bi4hM2Ze0Nk8eNfY7l1z9tclCmyAEzd9fTo5DZjCUDmet2Gk/UHjuTYbTrJU2adjRzfw6mk3oz664kzlPwxSLd9SJ_EI),Pandalus_platyceros_47357_B0218_d00420.JPG (https://v5.airtableusercontent.com/v3/u/33/33/1727985600000/-SO2ptM9kcS7SoodqdwO1A/fpTXlB8NApmF6VyrS9lGdZApJQhMjfgqKmLxBTVFHuBJPiSQSDlkpp058EFPcZgeXu5pe30GQFWq-OqVIy9CNKWaQz38C35KWxFHvMpd4JmoZDg9yQj2aHfNZ7W_XK6J51Kx31EwHFIBAHjcUOlo8gq4QhapvjAD3yfOzeDz4bKF1T96GGKK5a-hMM6uYSqu/AsJ4pjeDgdQIhj3idRZYVoX_aknGTvV5FjXbRlCzv1Q)",,
Euphausiacea,ORDER,ACCEPTED,Krill,1128,http://www.marinespecies.org/aphia.php?p=taxdetails&id=1128,https://www.marinespecies.org/rest/AphiaClassificationByAphiaID/1128,urn:lsid:marinespecies.org:taxname:1128,https://airtable.com/tblLqtIyuwA7rbEC3/recqfdxObiCQjDt0I?blocks=bli5ItEhTDGAFc32p,Animalia,,,Arthropoda,Crustacea,,Multicrustacea,Malacostraca,Eumalacostraca,,,Eucarida,Euphausiacea,,,,,,,,,,,,,,,,,Eucarida,EUPH,recqfdxObiCQjDt0I,,,
Peracarida,SUPERORDER,ACCEPTED,,1090,http://www.marinespecies.org/aphia.php?p=taxdetails&id=1090,https://www.marinespecies.org/rest/AphiaClassificationByAphiaID/1090,urn:lsid:marinespecies.org:taxname:1090,https://airtable.com/tblLqtIyuwA7rbEC3/recGlAbz0TjAtngQG?blocks=bli5ItEhTDGAFc32p,Animalia,,,Arthropoda,Crustacea,,Multicrustacea,Malacostraca,Eumalacostraca,,,Peracarida,,,,,,,,,,,,,,,,,,Eumalacostraca,,recGlAbz0TjAtngQG,,,
Amphipoda,ORDER,ACCEPTED,Amphipod,1135,http://www.marinespecies.org/aphia.php?p=taxdetails&id=1135,https://www.marinespecies.org/rest/AphiaClassificationByAphiaID/1135,urn:lsid:marinespecies.org:taxname:1135,https://airtable.com/tblLqtIyuwA7rbEC3/reczjEduBXPIwhxY0?blocks=bli5ItEhTDGAFc32p,Animalia,,,Arthropoda,Crustacea,,Multicrustacea,Malacostraca,Eumalacostraca,,,Peracarida,Amphipoda,,,,,,,,,,,,,,,,,Peracarida,"AMPH,AMPH,AMPH",reczjEduBXPIwhxY0,,,
Gammaridea,SUBORDER,UNACCEPTED,Gammarid Amphipods,1207,http://www.marinespecies.org/aphia.php?p=taxdetails&id=1207,https://www.marinespecies.org/rest/AphiaClassificationByAphiaID/1207,urn:lsid:marinespecies.org:taxname:1207,https://airtable.com/tblLqtIyuwA7rbEC3/recMpDSBpbzFaSTHq?blocks=bli5ItEhTDGAFc32p,Animalia,,,Arthropoda,Crustacea,,Multicrustacea,Malacostraca,Eumalacostraca,,,Peracarida,Amphipoda,Gammaridea,,,,,,,,,,,,,,,,Amphipoda,"GAMM,GAMM,GAMM,GAMM",recMpDSBpbzFaSTHq,,,
Hyperiidea,SUBORDER,ACCEPTED,,1205,http://www.marinespecies.org/aphia.php?p=taxdetails&id=1205,https://www.marinespecies.org/rest/AphiaClassificationByAphiaID/1205,urn:lsid:marinespecies.org:taxname:1205,https://airtable.com/tblLqtIyuwA7rbEC3/recr9x6m0iBdO2lvQ?blocks=bli5ItEhTDGAFc32p,Animalia,,,Arthropoda,Crustacea,,Multicrustacea,Malacostraca,Eumalacostraca,,,Peracarida,Amphipoda,Hyperiidea,,,,,,,,,,,,,,,,Amphipoda,,recr9x6m0iBdO2lvQ,,,
Physocephalata,INFRAORDER,ACCEPTED,,155692,http://www.marinespecies.org/aphia.php?p=taxdetails&id=155692,https://www.marinespecies.org/rest/AphiaClassificationByAphiaID/155692,urn:lsid:marinespecies.org:taxname:155692,https://airtable.com/tblLqtIyuwA7rbEC3/recfyifbugnBOba4x?blocks=bli5ItEhTDGAFc32p,Animalia,,,Arthropoda,Crustacea,,Multicrustacea,Malacostraca,Eumalacostraca,,,Peracarida,Amphipoda,Hyperiidea,Physocephalata,,,,,,,,,,,,,,,Hyperiidea,,recfyifbugnBOba4x,,,
Physocephalatidira,PARVORDER,ACCEPTED,,1055272,http://www.marinespecies.org/aphia.php?p=taxdetails&id=1055272,https://www.marinespecies.org/rest/AphiaClassificationByAphiaID/1055272,urn:lsid:marinespecies.org:taxname:1055272,https://airtable.com/tblLqtIyuwA7rbEC3/recEdGylGpSfKsHMq?blocks=bli5ItEhTDGAFc32p,Animalia,,,Arthropoda,Crustacea,,Multicrustacea,Malacostraca,Eumalacostraca,,,Peracarida,Amphipoda,Hyperiidea,Physocephalata,Physocephalatidira,,,,,,,,,,,,,,Physocephalata,,recEdGylGpSfKsHMq,,,
Phronimoidea,SUPERFAMILY,ACCEPTED,,155696,http://www.marinespecies.org/aphia.php?p=taxdetails&id=155696,https://www.marinespecies.org/rest/AphiaClassificationByAphiaID/155696,urn:lsid:marinespecies.org:taxname:155696,https://airtable.com/tblLqtIyuwA7rbEC3/recCDyZGXpfxg2Cet?blocks=bli5ItEhTDGAFc32p,Animalia,,,Arthropoda,Crustacea,,Multicrustacea,Malacostraca,Eumalacostraca,,,Peracarida,Amphipoda,Hyperiidea,Physocephalata,Physocephalatidira,,,Phronimoidea,,,,,,,,,,,Physocephalatidira,,recCDyZGXpfxg2Cet,,,
Hyperiidae,FAMILY,ACCEPTED,Hyperiid amphipod,101417,http://www.marinespecies.org/aphia.php?p=taxdetails&id=101417,https://www.marinespecies.org/rest/AphiaClassificationByAphiaID/101417,urn:lsid:marinespecies.org:taxname:101417,https://airtable.com/tblLqtIyuwA7rbEC3/recvKcJgmBRlO6vKG?blocks=bli5ItEhTDGAFc32p,Animalia,,,Arthropoda,Crustacea,,Multicrustacea,Malacostraca,Eumalacostraca,,,Peracarida,Amphipoda,Hyperiidea,Physocephalata,Physocephalatidira,,,Phronimoidea,,Hyperiidae,,,,,,,,,Phronimoidea,HYPE,recvKcJgmBRlO6vKG,,,
Senticaudata,SUBORDER,ACCEPTED,,719424,http://www.marinespecies.org/aphia.php?p=taxdetails&id=719424,https://www.marinespecies.org/rest/AphiaClassificationByAphiaID/719424,urn:lsid:marinespecies.org:taxname:719424,https://airtable.com/tblLqtIyuwA7rbEC3/recoqGcGU6qq051no?blocks=bli5ItEhTDGAFc32p,Animalia,,,Arthropoda,Crustacea,,Multicrustacea,Malacostraca,Eumalacostraca,,,Peracarida,Amphipoda,Senticaudata,,,,,,,,,,,,,,,,Amphipoda,,recoqGcGU6qq051no,,,
Corophiida,INFRAORDER,ACCEPTED,,719474,http://www.marinespecies.org/aphia.php?p=taxdetails&id=719474,https://www.marinespecies.org/rest/AphiaClassificationByAphiaID/719474,urn:lsid:marinespecies.org:taxname:719474,https://airtable.com/tblLqtIyuwA7rbEC3/rece19Gd3zE1knRBM?blocks=bli5ItEhTDGAFc32p,Animalia,,,Arthropoda,Crustacea,,Multicrustacea,Malacostraca,Eumalacostraca,,,Peracarida,Amphipoda,Senticaudata,Corophiida,,,,,,,,,,,,,,,Senticaudata,,rece19Gd3zE1knRBM,,,
Caprellidira,PARVORDER,ACCEPTED,,719478,http://www.marinespecies.org/aphia.php?p=taxdetails&id=719478,https://www.marinespecies.org/rest/AphiaClassificationByAphiaID/719478,urn:lsid:marinespecies.org:taxname:719478,https://airtable.com/tblLqtIyuwA7rbEC3/recYEZKLLjq165fqT?blocks=bli5ItEhTDGAFc32p,Animalia,,,Arthropoda,Crustacea,,Multicrustacea,Malacostraca,Eumalacostraca,,,Peracarida,Amphipoda,Senticaudata,Corophiida,Caprellidira,,,,,,,,,,,,,,Corophiida,,recYEZKLLjq165fqT,,,
Caprelloidea,SUPERFAMILY,ACCEPTED,,196121,http://www.marinespecies.org/aphia.php?p=taxdetails&id=196121,https://www.marinespecies.org/rest/AphiaClassificationByAphiaID/196121,urn:lsid:marinespecies.org:taxname:196121,https://airtable.com/tblLqtIyuwA7rbEC3/rec0o1b7PKuXNQg99?blocks=bli5ItEhTDGAFc32p,Animalia,,,Arthropoda,Crustacea,,Multicrustacea,Malacostraca,Eumalacostraca,,,Peracarida,Amphipoda,Senticaudata,Corophiida,Caprellidira,,,Caprelloidea,,,,,,,,,,,Caprellidira,,rec0o1b7PKuXNQg99,,,
Caprellidae,FAMILY,ACCEPTED,Skeleton shrimp,101361,http://www.marinespecies.org/aphia.php?p=taxdetails&id=101361,https://www.marinespecies.org/rest/AphiaClassificationByAphiaID/101361,urn:lsid:marinespecies.org:taxname:101361,https://airtable.com/tblLqtIyuwA7rbEC3/recJiHO3bvpGrAeEv?blocks=bli5ItEhTDGAFc32p,Animalia,,,Arthropoda,Crustacea,,Multicrustacea,Malacostraca,Eumalacostraca,,,Peracarida,Amphipoda,Senticaudata,Corophiida,Caprellidira,,,Caprelloidea,,Caprellidae,,,,,,,,,Caprelloidea,CAPR,recJiHO3bvpGrAeEv,,,
Caprellinae,SUBFAMILY,ACCEPTED,,430770,http://www.marinespecies.org/aphia.php?p=taxdetails&id=430770,https://www.marinespecies.org/rest/AphiaClassificationByAphiaID/430770,urn:lsid:marinespecies.org:taxname:430770,https://airtable.com/tblLqtIyuwA7rbEC3/recxJVpcaQmqPy8qj?blocks=bli5ItEhTDGAFc32p,Animalia,,,Arthropoda,Crustacea,,Multicrustacea,Malacostraca,Eumalacostraca,,,Peracarida,Amphipoda,Senticaudata,Corophiida,Caprellidira,,,Caprelloidea,,Caprellidae,Caprellinae,,,,,,,,Caprellidae,,recxJVpcaQmqPy8qj,,,
Caprella,GENUS,ACCEPTED,,101430,http://www.marinespecies.org/aphia.php?p=taxdetails&id=101430,https://www.marinespecies.org/rest/AphiaClassificationByAphiaID/101430,urn:lsid:marinespecies.org:taxname:101430,https://airtable.com/tblLqtIyuwA7rbEC3/recrnZ6ERdaprnI28?blocks=bli5ItEhTDGAFc32p,Animalia,,,Arthropoda,Crustacea,,Multicrustacea,Malacostraca,Eumalacostraca,,,Peracarida,Amphipoda,Senticaudata,Corophiida,Caprellidira,,,Caprelloidea,,Caprellidae,Caprellinae,,,,Caprella,,,,Caprellinae,,recrnZ6ERdaprnI28,,,
Caprella alaskana,SPECIES,ACCEPTED,Alaskan skeleton Shrimp,430787,http://www.marinespecies.org/aphia.php?p=taxdetails&id=430787,https://www.marinespecies.org/rest/AphiaClassificationByAphiaID/430787,urn:lsid:marinespecies.org:taxname:430787,https://airtable.com/tblLqtIyuwA7rbEC3/recNEWzHfSWVNaccI?blocks=bli5ItEhTDGAFc32p,Animalia,,,Arthropoda,Crustacea,,Multicrustacea,Malacostraca,Eumalacostraca,,,Peracarida,Amphipoda,Senticaudata,Corophiida,Caprellidira,,,Caprelloidea,,Caprellidae,Caprellinae,,,,Caprella,,Caprella alaskana,,Caprella,"CAPA,CAPA,CAPA",recNEWzHfSWVNaccI,,,
Dulichiidae,FAMILY,ACCEPTED,,236746,http://www.marinespecies.org/aphia.php?p=taxdetails&id=236746,https://www.marinespecies.org/rest/AphiaClassificationByAphiaID/236746,urn:lsid:marinespecies.org:taxname:236746,https://airtable.com/tblLqtIyuwA7rbEC3/recVRSu2k8uRvPLmK?blocks=bli5ItEhTDGAFc32p,Animalia,,,Arthropoda,Crustacea,,Multicrustacea,Malacostraca,Eumalacostraca,,,Peracarida,Amphipoda,Senticaudata,Corophiida,Caprellidira,,,Caprelloidea,,Dulichiidae,,,,,,,,,Caprelloidea,,recVRSu2k8uRvPLmK,,,
Dulichia,GENUS,ACCEPTED,,101734,http://www.marinespecies.org/aphia.php?p=taxdetails&id=101734,https://www.marinespecies.org/rest/AphiaClassificationByAphiaID/101734,urn:lsid:marinespecies.org:taxname:101734,https://airtable.com/tblLqtIyuwA7rbEC3/rec01KFuMuPei1PV7?blocks=bli5ItEhTDGAFc32p,Animalia,,,Arthropoda,Crustacea,,Multicrustacea,Malacostraca,Eumalacostraca,,,Peracarida,Amphipoda,Senticaudata,Corophiida,Caprellidira,,,Caprelloidea,,Dulichiidae,,,,,Dulichia,,,,Dulichiidae,,rec01KFuMuPei1PV7,,,
Dulichia rhabdoplastis,SPECIES,ACCEPTED,,489641,http://www.marinespecies.org/aphia.php?p=taxdetails&id=489641,https://www.marinespecies.org/rest/AphiaClassificationByAphiaID/489641,urn:lsid:marinespecies.org:taxname:489641,https://airtable.com/tblLqtIyuwA7rbEC3/recc7k0gyUQCKOrCc?blocks=bli5ItEhTDGAFc32p,Animalia,,,Arthropoda,Crustacea,,Multicrustacea,Malacostraca,Eumalacostraca,,,Peracarida,Amphipoda,Senticaudata,Corophiida,Caprellidira,,,Caprelloidea,,Dulichiidae,,,,,Dulichia,,Dulichia rhabdoplastis,,Dulichia,,recc7k0gyUQCKOrCc,,Quadra,
Corophiidira,PARVORDER,ACCEPTED,,719477,http://www.marinespecies.org/aphia.php?p=taxdetails&id=719477,https://www.marinespecies.org/rest/AphiaClassificationByAphiaID/719477,urn:lsid:marinespecies.org:taxname:719477,https://airtable.com/tblLqtIyuwA7rbEC3/recn8Vu9ytjmp8Bnp?blocks=bli5ItEhTDGAFc32p,Animalia,,,Arthropoda,Crustacea,,Multicrustacea,Malacostraca,Eumalacostraca,,,Peracarida,Amphipoda,Senticaudata,Corophiida,Corophiidira,,,,,,,,,,,,,,Corophiida,,recn8Vu9ytjmp8Bnp,,,
Corophioidea,SUPERFAMILY,ACCEPTED,,716535,http://www.marinespecies.org/aphia.php?p=taxdetails&id=716535,https://www.marinespecies.org/rest/AphiaClassificationByAphiaID/716535,urn:lsid:marinespecies.org:taxname:716535,https://airtable.com/tblLqtIyuwA7rbEC3/rech2IXihv0UgGNxv?blocks=bli5ItEhTDGAFc32p,Animalia,,,Arthropoda,Crustacea,,Multicrustacea,Malacostraca,Eumalacostraca,,,Peracarida,Amphipoda,Senticaudata,Corophiida,Corophiidira,,,Corophioidea,,,,,,,,,,,Corophiidira,,rech2IXihv0UgGNxv,,,
Corophiidae,FAMILY,ACCEPTED,,101376,http://www.marinespecies.org/aphia.php?p=taxdetails&id=101376,https://www.marinespecies.org/rest/AphiaClassificationByAphiaID/101376,urn:lsid:marinespecies.org:taxname:101376,https://airtable.com/tblLqtIyuwA7rbEC3/recbdBSNMl0n1N4MW?blocks=bli5ItEhTDGAFc32p,Animalia,,,Arthropoda,Crustacea,,Multicrustacea,Malacostraca,Eumalacostraca,,,Peracarida,Amphipoda,Senticaudata,Corophiida,Corophiidira,,,Corophioidea,,Corophiidae,,,,,,,,,Corophioidea,,recbdBSNMl0n1N4MW,,,
Corophiinae,SUBFAMILY,ACCEPTED,,431322,http://www.marinespecies.org/aphia.php?p=taxdetails&id=431322,https://www.marinespecies.org/rest/AphiaClassificationByAphiaID/431322,urn:lsid:marinespecies.org:taxname:431322,https://airtable.com/tblLqtIyuwA7rbEC3/rec8ZMZiCj4m6VPag?blocks=bli5ItEhTDGAFc32p,Animalia,,,Arthropoda,Crustacea,,Multicrustacea,Malacostraca,Eumalacostraca,,,Peracarida,Amphipoda,Senticaudata,Corophiida,Corophiidira,,,Corophioidea,,Corophiidae,Corophiinae,,,,,,,,Corophiidae,,rec8ZMZiCj4m6VPag,,,
Corophiini,TRIBE,ACCEPTED,,431323,http://www.marinespecies.org/aphia.php?p=taxdetails&id=431323,https://www.marinespecies.org/rest/AphiaClassificationByAphiaID/431323,urn:lsid:marinespecies.org:taxname:431323,https://airtable.com/tblLqtIyuwA7rbEC3/recH877y0X8ruPOJu?blocks=bli5ItEhTDGAFc32p,Animalia,,,Arthropoda,Crustacea,,Multicrustacea,Malacostraca,Eumalacostraca,,,Peracarida,Amphipoda,Senticaudata,Corophiida,Corophiidira,,,Corophioidea,,Corophiidae,Corophiinae,,Corophiini,,,,,,Corophiinae,,recH877y0X8ruPOJu,,,
Corophium,GENUS,ACCEPTED,,101489,http://www.marinespecies.org/aphia.php?p=taxdetails&id=101489,https://www.marinespecies.org/rest/AphiaClassificationByAphiaID/101489,urn:lsid:marinespecies.org:taxname:101489,https://airtable.com/tblLqtIyuwA7rbEC3/rec3BUqUf1Yk4eAAH?blocks=bli5ItEhTDGAFc32p,Animalia,,,Arthropoda,Crustacea,,Multicrustacea,Malacostraca,Eumalacostraca,,,Peracarida,Amphipoda,Senticaudata,Corophiida,Corophiidira,,,Corophioidea,,Corophiidae,Corophiinae,,Corophiini,,Corophium,,,,Corophiini,,rec3BUqUf1Yk4eAAH,,,
Corophium volutator,SPECIES,ACCEPTED,Amphipod,102101,http://www.marinespecies.org/aphia.php?p=taxdetails&id=102101,https://www.marinespecies.org/rest/AphiaClassificationByAphiaID/102101,urn:lsid:marinespecies.org:taxname:102101,https://airtable.com/tblLqtIyuwA7rbEC3/recWwnNsypnFMmjg9?blocks=bli5ItEhTDGAFc32p,Animalia,,,Arthropoda,Crustacea,,Multicrustacea,Malacostraca,Eumalacostraca,,,Peracarida,Amphipoda,Senticaudata,Corophiida,Corophiidira,,,Corophioidea,,Corophiidae,Corophiinae,,Corophiini,,Corophium,,Corophium volutator,,Corophium,"CORV,CORV",recWwnNsypnFMmjg9,,,
Isopoda,ORDER,ACCEPTED,Isopod,1131,http://www.marinespecies.org/aphia.php?p=taxdetails&id=1131,https://www.marinespecies.org/rest/AphiaClassificationByAphiaID/1131,urn:lsid:marinespecies.org:taxname:1131,https://airtable.com/tblLqtIyuwA7rbEC3/recDJmyVojiafjITi?blocks=bli5ItEhTDGAFc32p,Animalia,,,Arthropoda,Crustacea,,Multicrustacea,Malacostraca,Eumalacostraca,,,Peracarida,Isopoda,,,,,,,,,,,,,,,,,Peracarida,"ISOP,ISOP",recDJmyVojiafjITi,,,
Oniscidea,SUBORDER,ACCEPTED,,146505,http://www.marinespecies.org/aphia.php?p=taxdetails&id=146505,https://www.marinespecies.org/rest/AphiaClassificationByAphiaID/146505,urn:lsid:marinespecies.org:taxname:146505,https://airtable.com/tblLqtIyuwA7rbEC3/recfAzS4yy4dDHzSQ?blocks=bli5ItEhTDGAFc32p,Animalia,,,Arthropoda,Crustacea,,Multicrustacea,Malacostraca,Eumalacostraca,,,Peracarida,Isopoda,Oniscidea,,,,,,,,,,,,,,,,Isopoda,,recfAzS4yy4dDHzSQ,,,
Diplocheta,PARVORDER,ACCEPTED,,155741,http://www.marinespecies.org/aphia.php?p=taxdetails&id=155741,https://www.marinespecies.org/rest/AphiaClassificationByAphiaID/155741,urn:lsid:marinespecies.org:taxname:155741,https://airtable.com/tblLqtIyuwA7rbEC3/recVvgoBfkop1UlNt?blocks=bli5ItEhTDGAFc32p,Animalia,,,Arthropoda,Crustacea,,Multicrustacea,Malacostraca,Eumalacostraca,,,Peracarida,Isopoda,Oniscidea,,Diplocheta,,,,,,,,,,,,,,Oniscidea,,recVvgoBfkop1UlNt,,,
Ligiidae,FAMILY,ACCEPTED,,146997,http://www.marinespecies.org/aphia.php?p=taxdetails&id=146997,https://www.marinespecies.org/rest/AphiaClassificationByAphiaID/146997,urn:lsid:marinespecies.org:taxname:146997,https://airtable.com/tblLqtIyuwA7rbEC3/recmDVD6Q7OrLnUtD?blocks=bli5ItEhTDGAFc32p,Animalia,,,Arthropoda,Crustacea,,Multicrustacea,Malacostraca,Eumalacostraca,,,Peracarida,Isopoda,Oniscidea,,Diplocheta,,,,,Ligiidae,,,,,,,,,Diplocheta,,recmDVD6Q7OrLnUtD,,,
Ligia,GENUS,ACCEPTED,,146998,http://www.marinespecies.org/aphia.php?p=taxdetails&id=146998,https://www.marinespecies.org/rest/AphiaClassificationByAphiaID/146998,urn:lsid:marinespecies.org:taxname:146998,https://airtable.com/tblLqtIyuwA7rbEC3/recOYNF8IK2hEyCLS?blocks=bli5ItEhTDGAFc32p,Animalia,,,Arthropoda,Crustacea,,Multicrustacea,Malacostraca,Eumalacostraca,,,Peracarida,Isopoda,Oniscidea,,Diplocheta,,,,,Ligiidae,,,,,Ligia,,,,Ligiidae,,recOYNF8IK2hEyCLS,,,
Ligia occidentalis,SPECIES,ACCEPTED,Western sea slater,257557,http://www.marinespecies.org/aphia.php?p=taxdetails&id=257557,https://www.marinespecies.org/rest/AphiaClassificationByAphiaID/257557,urn:lsid:marinespecies.org:taxname:257557,https://airtable.com/tblLqtIyuwA7rbEC3/recJ6XcleNk8DGT2f?blocks=bli5ItEhTDGAFc32p,Animalia,,,Arthropoda,Crustacea,,Multicrustacea,Malacostraca,Eumalacostraca,,,Peracarida,Isopoda,Oniscidea,,Diplocheta,,,,,Ligiidae,,,,,Ligia,,Ligia occidentalis,,Ligia,,recJ6XcleNk8DGT2f,PXL_20240510_215424630.jpg (https://v5.airtableusercontent.com/v3/u/33/33/1727985600000/nEXkbSqOt_3iCLA-CDuUPA/V4Y56LLsciDgQLWfTvPvEMRbAh8EKwEKQL6wIEhcfGF07jSNye9sBc7f2Wn61ZMHgKMKNDjoCpTIVcWb3kcRT_Vh7u6g4xE0C0b0HfAt8QFTkMt_1fZ8m_edPN_BKvrECoHs7YUrinZfXH_xqViFfwWwPBvqr2FpKJVqNwGoFhfNNoruxB9KbwdupPUScOPM/gXk5UVAvr4NzX7PyO0knDhdOWmmR2o4RUYvTz01ccGI),Quadra,
Sphaeromatidea,SUBORDER,ACCEPTED,,292949,http://www.marinespecies.org/aphia.php?p=taxdetails&id=292949,https://www.marinespecies.org/rest/AphiaClassificationByAphiaID/292949,urn:lsid:marinespecies.org:taxname:292949,https://airtable.com/tblLqtIyuwA7rbEC3/recih3bLHOrfC2pPr?blocks=bli5ItEhTDGAFc32p,Animalia,,,Arthropoda,Crustacea,,Multicrustacea,Malacostraca,Eumalacostraca,,,Peracarida,Isopoda,Sphaeromatidea,,,,,,,,,,,,,,,,Isopoda,,recih3bLHOrfC2pPr,,,
Sphaeromatoidea,SUPERFAMILY,ACCEPTED,,292950,http://www.marinespecies.org/aphia.php?p=taxdetails&id=292950,https://www.marinespecies.org/rest/AphiaClassificationByAphiaID/292950,urn:lsid:marinespecies.org:taxname:292950,https://airtable.com/tblLqtIyuwA7rbEC3/rec7OIaDN7WDkzOuw?blocks=bli5ItEhTDGAFc32p,Animalia,,,Arthropoda,Crustacea,,Multicrustacea,Malacostraca,Eumalacostraca,,,Peracarida,Isopoda,Sphaeromatidea,,,,,Sphaeromatoidea,,,,,,,,,,,Sphaeromatidea,,rec7OIaDN7WDkzOuw,,,
Sphaeromatidae,FAMILY,ACCEPTED,,118277,http://www.marinespecies.org/aphia.php?p=taxdetails&id=118277,https://www.marinespecies.org/rest/AphiaClassificationByAphiaID/118277,urn:lsid:marinespecies.org:taxname:118277,https://airtable.com/tblLqtIyuwA7rbEC3/reci3P9LyeL4aQsD9?blocks=bli5ItEhTDGAFc32p,Animalia,,,Arthropoda,Crustacea,,Multicrustacea,Malacostraca,Eumalacostraca,,,Peracarida,Isopoda,Sphaeromatidea,,,,,Sphaeromatoidea,,Sphaeromatidae,,,,,,,,,Sphaeromatoidea,,reci3P9LyeL4aQsD9,,,
Gnorimosphaeroma,GENUS,ACCEPTED,,248784,http://www.marinespecies.org/aphia.php?p=taxdetails&id=248784,https://www.marinespecies.org/rest/AphiaClassificationByAphiaID/248784,urn:lsid:marinespecies.org:taxname:248784,https://airtable.com/tblLqtIyuwA7rbEC3/rec93cDk3u4jBKGQ6?blocks=bli5ItEhTDGAFc32p,Animalia,,,Arthropoda,Crustacea,,Multicrustacea,Malacostraca,Eumalacostraca,,,Peracarida,Isopoda,Sphaeromatidea,,,,,Sphaeromatoidea,,Sphaeromatidae,,,,,Gnorimosphaeroma,,,,Sphaeromatidae,,rec93cDk3u4jBKGQ6,,,
Gnorimosphaeroma oregonense,SPECIES,ACCEPTED,,1264222,http://www.marinespecies.org/aphia.php?p=taxdetails&id=1264222,https://www.marinespecies.org/rest/AphiaClassificationByAphiaID/1264222,urn:lsid:marinespecies.org:taxname:1264222,https://airtable.com/tblLqtIyuwA7rbEC3/recR4T95V8j2RgDpE?blocks=bli5ItEhTDGAFc32p,Animalia,,,Arthropoda,Crustacea,,Multicrustacea,Malacostraca,Eumalacostraca,,,Peracarida,Isopoda,Sphaeromatidea,,,,,Sphaeromatoidea,,Sphaeromatidae,,,,,Gnorimosphaeroma,,Gnorimosphaeroma oregonense,,Gnorimosphaeroma,GNOO,recR4T95V8j2RgDpE,"Gnorimosphaeroma_oregonensis_47488_B1168_d02683.JPG (https://v5.airtableusercontent.com/v3/u/33/33/1727985600000/BVyIPcRbxq6_cO3fKTMC5A/CxBBC-OLdfdlxeui4nA6meYmUoIbJlw_F8fiB09aauLO4lrdLeXYO0pfDaVzD9fYP4QgaRHvnt3YmmKrT0mr_ZkBRyH_Xa9wHorgt7GvLM_FN2tonn79euYsgn5lkm1KCvvpuixDd2utZUm2UsqNwEWhHHyWMDLZaCVJYjURipRHYkdZndlSFlBZu_Uxvqma/hDEyP4turjRmTvhjMJXB7PwqJ-EcPyNpGhwucgspfwE),Gnorimosphaeroma_oregonensis_47489_B1169_d02715.JPG (https://v5.airtableusercontent.com/v3/u/33/33/1727985600000/qtsO-vIEOcsH568Etz31Sg/xcSg9hegQMU8pPpEKK2dRq0VqOjoGKyVudvYuy-V4gUNylFM6TqCJ5h6mdPtV7vy5w9qpWVlmr1P_aFN1bRDkA-kID_exxu1xmjai7hyvpMs9ixNZhJQDxXDXJ4ZBoLKIxrNl2dajyIt9faYFCPVOYbt23smujoBbsVR742EYLKbldDkuZgce2w8lQN4Bxxa/xkVPSLoaxNI0ZY0EyN1esFsIYBbVUqy1XoCu_CVQ12c),Gnorimosphaeroma_oregonensis_47808_B3728_d08375.JPG (https://v5.airtableusercontent.com/v3/u/33/33/1727985600000/Hmo29a_T_f8-WDKd0Zbl9Q/P5lLy9BVzu63gSnJwRseW7jrFvoakN-4S5Ep2-_vclntekIDQiCeIm65YGDn8pjwL4IHwt1dOKmLIkC1WopkG9U3Eva-zn8hB-HVOrqeOIzK5Q2z0VKkF2htr2cAXRVD2X7cZmYoB_8ZPRYqgdIKdX97GBaJFrxhLOgrBma4fJcsXOKNZDKdaWkH1vi7ztaY/lmX6yhxd-k8eGe-5bp_qeu0hPfm55TC7cd2uHuPIoNg),Gnorimosphaeroma_oregonensis_47809_B3729_d08385.JPG (https://v5.airtableusercontent.com/v3/u/33/33/1727985600000/xvVZnK2MReyvivDKPpQqeQ/OgRxN47FR0G81Nxm_rGUUuFBzBEXmJG4gMNJXCUgdzc3STmmFctkfDqts6YIwdoU9yvZfk-27bW8onzTN8RWLglOqtDYp6jXjI3amjf9UxItrjia26M4Yvcc6t7SwQ_KQi3wRD5zl56R18unIUV8ut1TnWtXcdGHt_d8Wbydl_tdWCjf5BkmGAzlFhUKUc1y/7St46Sz3EecQAT7ey9Lbkk69PD1ZekKkOgxe1CRVn-I)",,
Valvifera,SUBORDER,ACCEPTED,,13800,http://www.marinespecies.org/aphia.php?p=taxdetails&id=13800,https://www.marinespecies.org/rest/AphiaClassificationByAphiaID/13800,urn:lsid:marinespecies.org:taxname:13800,https://airtable.com/tblLqtIyuwA7rbEC3/rec9rhgRFCuT8qKJS?blocks=bli5ItEhTDGAFc32p,Animalia,,,Arthropoda,Crustacea,,Multicrustacea,Malacostraca,Eumalacostraca,,,Peracarida,Isopoda,Valvifera,,,,,,,,,,,,,,,,Isopoda,,rec9rhgRFCuT8qKJS,,,
Idoteidae,FAMILY,ACCEPTED,,118283,http://www.marinespecies.org/aphia.php?p=taxdetails&id=118283,https://www.marinespecies.org/rest/AphiaClassificationByAphiaID/118283,urn:lsid:marinespecies.org:taxname:118283,https://airtable.com/tblLqtIyuwA7rbEC3/rec5Hc1wWbNwoFzpv?blocks=bli5ItEhTDGAFc32p,Animalia,,,Arthropoda,Crustacea,,Multicrustacea,Malacostraca,Eumalacostraca,,,Peracarida,Isopoda,Valvifera,,,,,,,Idoteidae,,,,,,,,,Valvifera,,rec5Hc1wWbNwoFzpv,,,
Pentidotea,GENUS,ACCEPTED,,249157,http://www.marinespecies.org/aphia.php?p=taxdetails&id=249157,https://www.marinespecies.org/rest/AphiaClassificationByAphiaID/249157,urn:lsid:marinespecies.org:taxname:249157,https://airtable.com/tblLqtIyuwA7rbEC3/recxlGa1zZSxcTujF?blocks=bli5ItEhTDGAFc32p,Animalia,,,Arthropoda,Crustacea,,Multicrustacea,Malacostraca,Eumalacostraca,,,Peracarida,Isopoda,Valvifera,,,,,,,Idoteidae,,,,,Pentidotea,,,,Idoteidae,"IDOT,IDOT,PENT,IDOT",recxlGa1zZSxcTujF,,,
Pentidotea kirchanskii,SPECIES,ACCEPTED,,261975,http://www.marinespecies.org/aphia.php?p=taxdetails&id=261975,https://www.marinespecies.org/rest/AphiaClassificationByAphiaID/261975,urn:lsid:marinespecies.org:taxname:261975,https://airtable.com/tblLqtIyuwA7rbEC3/rec1is7jZ2hULQK0l?blocks=bli5ItEhTDGAFc32p,Animalia,,,Arthropoda,Crustacea,,Multicrustacea,Malacostraca,Eumalacostraca,,,Peracarida,Isopoda,Valvifera,,,,,,,Idoteidae,,,,,Pentidotea,,Pentidotea kirchanskii,,Pentidotea,"PEKI,IDKI",rec1is7jZ2hULQK0l,,,
Pentidotea montereyensis,SPECIES,ACCEPTED,Monterey isopod,261976,http://www.marinespecies.org/aphia.php?p=taxdetails&id=261976,https://www.marinespecies.org/rest/AphiaClassificationByAphiaID/261976,urn:lsid:marinespecies.org:taxname:261976,https://airtable.com/tblLqtIyuwA7rbEC3/recXjtOZDmDruznzH?blocks=bli5ItEhTDGAFc32p,Animalia,,,Arthropoda,Crustacea,,Multicrustacea,Malacostraca,Eumalacostraca,,,Peracarida,Isopoda,Valvifera,,,,,,,Idoteidae,,,,,Pentidotea,,Pentidotea montereyensis,,Pentidotea,,recXjtOZDmDruznzH,"A_Pentidotea montereyensis_53148BHAK-5816dHAKB_01351.JPG (https://v5.airtableusercontent.com/v3/u/33/33/1727985600000/6hIims9YJ3M0KYCbA8gtkg/7Ut7OJHV7_ONg07kfcAbnKnJ3CGGLMa9FcTtAnkAhVI_kJPApgssfEG8vMmLAKIDcQEgwEMJqDfoSeyd3gPHdiu0KUoNmj7BfkTQ74orViifpx4OXO0DJH3VI7_6sdvvPHpYtSVQ_j0bNwXx95IOAoCUp3pnjVKviT2o6oM-SB6EyLmaLMYMeiLgntSWuBkoGJG8iiiVTqjJicEGd-_09w/8J5ET8Ph95jw6xvLdDeGAE6kMFXHmQuvhuQRhF0jAP0),A_Pentidotea montereyensis_53144BHAK-5812dHAKB_01353.JPG (https://v5.airtableusercontent.com/v3/u/33/33/1727985600000/x4ohZKUtYSKGXS6aTtjPBA/Yjq9oRCZKmqDxqSnYJ_AM_BuF5gz8AUJYm8nDEW4kRfxj40_ydY6YuCBjWJ4R3qEH6iwx-AEGf-u_oUEJnvLRiEy1QePMbuF9W693lWCk_Ds1nSUJUr0hwtbe_EkOs_CCLMtlmRR3-6XfKxJWYJoJeopqy7sbZm-l1ITV8InjYCVKwAtdtL2iSLxQQqPLrkYJU2OEcuUdNkBcScv62AgIg/sNDgcDaHtkmlRL5aVSuk9tHrfZhR-1GokX26Nb8Ea_Y),A_Pentidotea montereyensis_53145BHAK-5813dHAKB_01357.JPG (https://v5.airtableusercontent.com/v3/u/33/33/1727985600000/pJp8X6nRJe3ISNnAI864JQ/hNOHva1qmdx4L4R7-B-j9Pbmxz3qJZ40HsUQyB9UFatOr4bzS8oSDt45aSSozirY4Dffz3gJ7Kt_VEarilK9Qpnbw2WIwLMOwwDRuASVyRW3o_0znorNN0ubma2AuCXUUa_ki7gBCCdib5wX9vVZgsZqOKN-65aj5JlRA2R7hY5dGSmNyj4JmWg1vK4yfYGDb_f8cU7xZZ-oAYMv0t6HDQ/eeZYKnOfUH-YAMgRJ92ho9HsAQ9tavIMFwMDBDyO5Pw),A_Pentidotea montereyensis_53146BHAK-5814dHAKB_01355.JPG (https://v5.airtableusercontent.com/v3/u/33/33/1727985600000/pWIOr7uxXtqf3h8x6OozfQ/DxA7SJBJH0vmyNAus4LibW_e5Jm6qfCdufQNR8Lw1tPlpnCsvLW_YmH7nrpMWv6rvR9i57eek32Qg4xBbrGZUSP8OZr7Arj6uEwwPitqvkQjssIqS-pK7xfJ3fRHgLJQfApJ6nmHijIN3FA19a6ywWQy-gPQwEzX5mK3DklloRbiPawyLLperzqO8Jolg3kNJ5nW8OJNpRueoLPwcDjNBw/WqIn9t4ExWOXmUsJ2uVjRD7IzZlPAsiTz9z-dEBRfg4),A_Pentidotea montereyensis_53147BHAK-5815dHAKB_01359.JPG (https://v5.airtableusercontent.com/v3/u/33/33/1727985600000/1yH0D_EEdXCXY043kI_RyQ/5XgpIJHXsCgZSnnVPpig6CeA23AWpJe5JdtdVMv3VeEQh1cFjULadNOBztDyMtHcgBtlSpwmbklpCPHzPDFh6NTlQGm_gD-0qc-2zYybe6RAlaJ0dt0T8mR5e-CvfpQ7_OMUtpVm07xbIGh0jTh8YSzpTt_pv0DEwHcf-VwsghlyJmCD2y0YNp2XvJj_RGDRLc59GRTy_ukFvHUG81GMAg/tDBmwHkBppbZG9IUxo2NiZrQG4V7Cg9VdaLdcy7TJ2U)",,
Pentidotea resecata,SPECIES,ACCEPTED,,261978,http://www.marinespecies.org/aphia.php?p=taxdetails&id=261978,https://www.marinespecies.org/rest/AphiaClassificationByAphiaID/261978,urn:lsid:marinespecies.org:taxname:261978,https://airtable.com/tblLqtIyuwA7rbEC3/recbBhf6kixJeJRGb?blocks=bli5ItEhTDGAFc32p,Animalia,,,Arthropoda,Crustacea,,Multicrustacea,Malacostraca,Eumalacostraca,,,Peracarida,Isopoda,Valvifera,,,,,,,Idoteidae,,,,,Pentidotea,,Pentidotea resecata,,Pentidotea,"PERE,IDRE",recbBhf6kixJeJRGb,"A_Pentidotea resecata_47698BHAK-2863dHAK_06459.JPG (https://v5.airtableusercontent.com/v3/u/33/33/1727985600000/LVzE5hZuKYna5Kvyq5z8zg/kTLRSWUPlte_IdF3p8rCij2jp-S2FatO-R51x2G0wXyqYkI42MEgpCO2ojhrzBXsMrKogIbIB-MuwMOoR8YNOnVuwaidLmefU596bL_N9RgKKSBQkSPPSDr98k5eWc0X-5cGmyx27DaVNpFuWkd36rTHm7pRd-QKLBy1nJVHjAzmaz3w1LTz2vzP_uGBc23oPqNILOL99oq0JKyaMl0g3g/CPP8Fn1AJed35YdsJ7mJIM6wWiq6U-ccOtCY8N692B8),A_Pentidotea resecata_49479BHAK-2785dHAK_06490.JPG (https://v5.airtableusercontent.com/v3/u/33/33/1727985600000/MUa1QB2Xme8dxWDgPHVBPg/dW4Q6roRjoqJD_WvEGikn2sOdWM2o0H1pQ_jU722egJkZ-GR22NlVdvghHs3caayVCof78k_e_oRC9ONAe8KIWoAFbqHKZAFo9uAK2aM9DyrjF2LuXpEsc9GOh5OixUYLVHepL_7ZRrQ2cYyE3HQv25L6jwb9BNS7ftFKlOlpP6ytpYttKTz3SB3wu42k6Us4aiL9VpwwyydZXTQ4BgGwA/oY_y19T91LTBlYBgWfNYkDqDVCiHIbbfgasG-fjFPWI),A_Pentidotea resecata_49544BHAK-2656dHAK_06101.JPG (https://v5.airtableusercontent.com/v3/u/33/33/1727985600000/SOCvmebuHxi7Lec2KJozmg/KydVhIP7CtcX3atVhZ7EceSqKY8gi-N26XdxSK2yrFBo72swFgUAJbkkxuLci2mD7lAPAA2hfozRcSALEw1lHZLBitGMJ_FqQ8B4Q2z_dIPDSm15P6QiWK-hOr7-Psg501zC2rg7XPLIUDhucdsqKuVrVk0Sslrr-MSZ7S-fy6D7JawFwXSC8DJBKh4d9Nth4AOfiIspGqsfkXyRyZBEkQ/PfSQziYAMllnRqCr15xy-YI_WCILNJ79qt4DqOdOP4s)",,
Pentidotea wosnesenskii,SPECIES,ACCEPTED,Rockweed isopod,261982,http://www.marinespecies.org/aphia.php?p=taxdetails&id=261982,https://www.marinespecies.org/rest/AphiaClassificationByAphiaID/261982,urn:lsid:marinespecies.org:taxname:261982,https://airtable.com/tblLqtIyuwA7rbEC3/recYjTcAsvkvEStMn?blocks=bli5ItEhTDGAFc32p,Animalia,,,Arthropoda,Crustacea,,Multicrustacea,Malacostraca,Eumalacostraca,,,Peracarida,Isopoda,Valvifera,,,,,,,Idoteidae,,,,,Pentidotea,,Pentidotea wosnesenskii,,Pentidotea,PEWO,recYjTcAsvkvEStMn,"A_Pentidotea wosnesenskii_47368BHAK-0311dHAK_00645.JPG (https://v5.airtableusercontent.com/v3/u/33/33/1727985600000/VscmyJwUQYusfQl_owCJFg/Oy9mgWlDzorJ1H5CMJJaIawl5mkQ0h2WfOagL0uO9rLFDxV1oVgtawWwmNy2XjRMQg80hmi1HD70mrIFOLmsSgmlnfnS5GMvVPHI2RxMEUup_e18gwlt3MuOJVWj392Bxgbz-v2RI8RlyKubsJHdUCwdLmnlQwvIRj8vTRBSAGPZLIYw5-LiokC8v4dWX9OyJ33PHBtyTxhJ6qRd-_mrhw/PIoL6HbGl7Q6oc4VRQqZJocdatQ7azlwMxCMUsBbXok),A_Pentidotea wosnesenskii_47445BHAK-0887dHAK_02202.JPG (https://v5.airtableusercontent.com/v3/u/33/33/1727985600000/ur5hkS8S4v-oJaBFj6WXrQ/_vVy4WWVSHORBP_34b3Yh_UPRzl4gGtiflsOBk84fm6h4QTXvSshbAQC8LkB1QZEl5_UHp9Orq6oUJXwjfvOc_eQ0c-bJldlqLZDXdLQ-0BgFw7bxo3NeZ2qtqEHCGlAUBebCBBE7ETf0uFfow68S8fGyvzF4GovK90k5tWk9zHwMDI6jzBMk2YHhStFPXcNr5bC_SwrtA75c1f_kv0Rhw/Oi-z6K53o3TmCa7Mt6oj5-jI2D1iTsMv-EqVFi35cs0),A_Pentidotea wosnesenskii_47523BHAK-1278dHAK_02655.JPG (https://v5.airtableusercontent.com/v3/u/33/33/1727985600000/fuFaooBLHB9_PeewidR4YA/4n6TLkexh8OOvBF4cJKewTKW7sfUuHx5jfME3v0GGH5Xt_yyuab1aH0BUJsFP14tspnr-JPRMsSYpezrEURGAfMMz5v7xNmLOMkrQ4vHSFb5kOYqlf753exm2S9iQP_AdpWVOF2bi4XP_C1ZgQbDiMMQjVNuOAfzhZddZTFL6lkFE8C-aWB8TmT_NGAZ_j4_LELFiKd7WIf7oqJ8W0XXdQ/N_XCKpnQMs7qF37V3Z_kjhY4oY-E_zPQ04izxIANiZg)",Quadra,
Mysida,ORDER,ACCEPTED,Opossum shrimps,149668,http://www.marinespecies.org/aphia.php?p=taxdetails&id=149668,https://www.marinespecies.org/rest/AphiaClassificationByAphiaID/149668,urn:lsid:marinespecies.org:taxname:149668,https://airtable.com/tblLqtIyuwA7rbEC3/recUPA6khW8xon3Ul?blocks=bli5ItEhTDGAFc32p,Animalia,,,Arthropoda,Crustacea,,Multicrustacea,Malacostraca,Eumalacostraca,,,Peracarida,Mysida,,,,,,,,,,,,,,,,,Peracarida,MYSI,recUPA6khW8xon3Ul,,,
Hexapoda,SUBPHYLUM,ACCEPTED,,1278,http://www.marinespecies.org/aphia.php?p=taxdetails&id=1278,https://www.marinespecies.org/rest/AphiaClassificationByAphiaID/1278,urn:lsid:marinespecies.org:taxname:1278,https://airtable.com/tblLqtIyuwA7rbEC3/recvfwhaVtOwXCL7N?blocks=bli5ItEhTDGAFc32p,Animalia,,,Arthropoda,Hexapoda,,,,,,,,,,,,,,,,,,,,,,,,,Arthropoda,,recvfwhaVtOwXCL7N,,,
Insecta,CLASS,ACCEPTED,,1307,http://www.marinespecies.org/aphia.php?p=taxdetails&id=1307,https://www.marinespecies.org/rest/AphiaClassificationByAphiaID/1307,urn:lsid:marinespecies.org:taxname:1307,https://airtable.com/tblLqtIyuwA7rbEC3/recShvvrbLmhOrL3s?blocks=bli5ItEhTDGAFc32p,Animalia,,,Arthropoda,Hexapoda,,,Insecta,,,,,,,,,,,,,,,,,,,,,,Hexapoda,,recShvvrbLmhOrL3s,,,
Pterygota,SUBCLASS,ACCEPTED,,151152,http://www.marinespecies.org/aphia.php?p=taxdetails&id=151152,https://www.marinespecies.org/rest/AphiaClassificationByAphiaID/151152,urn:lsid:marinespecies.org:taxname:151152,https://airtable.com/tblLqtIyuwA7rbEC3/recyVPrHgCwmUJAqT?blocks=bli5ItEhTDGAFc32p,Animalia,,,Arthropoda,Hexapoda,,,Insecta,Pterygota,,,,,,,,,,,,,,,,,,,,,Insecta,,recyVPrHgCwmUJAqT,,,
Coleoptera,ORDER,ACCEPTED,,118085,http://www.marinespecies.org/aphia.php?p=taxdetails&id=118085,https://www.marinespecies.org/rest/AphiaClassificationByAphiaID/118085,urn:lsid:marinespecies.org:taxname:118085,https://airtable.com/tblLqtIyuwA7rbEC3/rec73XWuZoYRHQgqt?blocks=bli5ItEhTDGAFc32p,Animalia,,,Arthropoda,Hexapoda,,,Insecta,Pterygota,,,,Coleoptera,,,,,,,,,,,,,,,,,Pterygota,,rec73XWuZoYRHQgqt,,,
Staphylinidae,FAMILY,ACCEPTED,Rove Beetle,118093,http://www.marinespecies.org/aphia.php?p=taxdetails&id=118093,https://www.marinespecies.org/rest/AphiaClassificationByAphiaID/118093,urn:lsid:marinespecies.org:taxname:118093,https://airtable.com/tblLqtIyuwA7rbEC3/recJxBZcptijn1q0K?blocks=bli5ItEhTDGAFc32p,Animalia,,,Arthropoda,Hexapoda,,,Insecta,Pterygota,,,,Coleoptera,,,,,,,,Staphylinidae,,,,,,,,,Coleoptera,ROVE,recJxBZcptijn1q0K,,,
Brachiopoda,PHYLUM,ACCEPTED,,1803,http://www.marinespecies.org/aphia.php?p=taxdetails&id=1803,https://www.marinespecies.org/rest/AphiaClassificationByAphiaID/1803,urn:lsid:marinespecies.org:taxname:1803,https://airtable.com/tblLqtIyuwA7rbEC3/rec1bQwKd1mmLWY7p?blocks=bli5ItEhTDGAFc32p,Animalia,,,Brachiopoda,,,,,,,,,,,,,,,,,,,,,,,,,,Animalia,,rec1bQwKd1mmLWY7p,,,
Rhynchonelliformea,SUBPHYLUM,ACCEPTED,,104018,http://www.marinespecies.org/aphia.php?p=taxdetails&id=104018,https://www.marinespecies.org/rest/AphiaClassificationByAphiaID/104018,urn:lsid:marinespecies.org:taxname:104018,https://airtable.com/tblLqtIyuwA7rbEC3/reckyJR7eZvLLtYZB?blocks=bli5ItEhTDGAFc32p,Animalia,,,Brachiopoda,Rhynchonelliformea,,,,,,,,,,,,,,,,,,,,,,,,,Brachiopoda,,reckyJR7eZvLLtYZB,,,
Rhynchonellata,CLASS,ACCEPTED,,104020,http://www.marinespecies.org/aphia.php?p=taxdetails&id=104020,https://www.marinespecies.org/rest/AphiaClassificationByAphiaID/104020,urn:lsid:marinespecies.org:taxname:104020,https://airtable.com/tblLqtIyuwA7rbEC3/recjlank3tgkt8Ghc?blocks=bli5ItEhTDGAFc32p,Animalia,,,Brachiopoda,Rhynchonelliformea,,,Rhynchonellata,,,,,,,,,,,,,,,,,,,,,,Rhynchonelliformea,,recjlank3tgkt8Ghc,,,
Terebratulida,ORDER,ACCEPTED,,104023,http://www.marinespecies.org/aphia.php?p=taxdetails&id=104023,https://www.marinespecies.org/rest/AphiaClassificationByAphiaID/104023,urn:lsid:marinespecies.org:taxname:104023,https://airtable.com/tblLqtIyuwA7rbEC3/recSKpoRmSr89L9Ug?blocks=bli5ItEhTDGAFc32p,Animalia,,,Brachiopoda,Rhynchonelliformea,,,Rhynchonellata,,,,,Terebratulida,,,,,,,,,,,,,,,,,Rhynchonellata,,recSKpoRmSr89L9Ug,,,
Terebratellidina,SUBORDER,ACCEPTED,,235251,http://www.marinespecies.org/aphia.php?p=taxdetails&id=235251,https://www.marinespecies.org/rest/AphiaClassificationByAphiaID/235251,urn:lsid:marinespecies.org:taxname:235251,https://airtable.com/tblLqtIyuwA7rbEC3/recPtkC7fTs2nOH2x?blocks=bli5ItEhTDGAFc32p,Animalia,,,Brachiopoda,Rhynchonelliformea,,,Rhynchonellata,,,,,Terebratulida,Terebratellidina,,,,,,,,,,,,,,,,Terebratulida,,recPtkC7fTs2nOH2x,,,
Laqueoidea,SUPERFAMILY,ACCEPTED,,235263,http://www.marinespecies.org/aphia.php?p=taxdetails&id=235263,https://www.marinespecies.org/rest/AphiaClassificationByAphiaID/235263,urn:lsid:marinespecies.org:taxname:235263,https://airtable.com/tblLqtIyuwA7rbEC3/rechK7AC8915NIB3d?blocks=bli5ItEhTDGAFc32p,Animalia,,,Brachiopoda,Rhynchonelliformea,,,Rhynchonellata,,,,,Terebratulida,Terebratellidina,,,,,Laqueoidea,,,,,,,,,,,Terebratellidina,,rechK7AC8915NIB3d,,,
Terebrataliidae,FAMILY,ACCEPTED,,235275,http://www.marinespecies.org/aphia.php?p=taxdetails&id=235275,https://www.marinespecies.org/rest/AphiaClassificationByAphiaID/235275,urn:lsid:marinespecies.org:taxname:235275,https://airtable.com/tblLqtIyuwA7rbEC3/recbZqtjKjah8FTIa?blocks=bli5ItEhTDGAFc32p,Animalia,,,Brachiopoda,Rhynchonelliformea,,,Rhynchonellata,,,,,Terebratulida,Terebratellidina,,,,,Laqueoidea,,Terebrataliidae,,,,,,,,,Laqueoidea,,recbZqtjKjah8FTIa,,,
Terebrataliinae,SUBFAMILY,ACCEPTED,,235276,http://www.marinespecies.org/aphia.php?p=taxdetails&id=235276,https://www.marinespecies.org/rest/AphiaClassificationByAphiaID/235276,urn:lsid:marinespecies.org:taxname:235276,https://airtable.com/tblLqtIyuwA7rbEC3/recOfZFKh8WQorw7U?blocks=bli5ItEhTDGAFc32p,Animalia,,,Brachiopoda,Rhynchonelliformea,,,Rhynchonellata,,,,,Terebratulida,Terebratellidina,,,,,Laqueoidea,,Terebrataliidae,Terebrataliinae,,,,,,,,Terebrataliidae,,recOfZFKh8WQorw7U,,,
Terebratalia,GENUS,ACCEPTED,,235277,http://www.marinespecies.org/aphia.php?p=taxdetails&id=235277,https://www.marinespecies.org/rest/AphiaClassificationByAphiaID/235277,urn:lsid:marinespecies.org:taxname:235277,https://airtable.com/tblLqtIyuwA7rbEC3/recganl9p8WW9xsKT?blocks=bli5ItEhTDGAFc32p,Animalia,,,Brachiopoda,Rhynchonelliformea,,,Rhynchonellata,,,,,Terebratulida,Terebratellidina,,,,,Laqueoidea,,Terebrataliidae,Terebrataliinae,,,,Terebratalia,,,,Terebrataliinae,,recganl9p8WW9xsKT,,,
Terebratalia transversa,SPECIES,ACCEPTED,North Pacific lampshell,235615,http://www.marinespecies.org/aphia.php?p=taxdetails&id=235615,https://www.marinespecies.org/rest/AphiaClassificationByAphiaID/235615,urn:lsid:marinespecies.org:taxname:235615,https://airtable.com/tblLqtIyuwA7rbEC3/recvbzPxGbtEoNXoF?blocks=bli5ItEhTDGAFc32p,Animalia,,,Brachiopoda,Rhynchonelliformea,,,Rhynchonellata,,,,,Terebratulida,Terebratellidina,,,,,Laqueoidea,,Terebrataliidae,Terebrataliinae,,,,Terebratalia,,Terebratalia transversa,,Terebratalia,,recvbzPxGbtEoNXoF,large.jpg (https://v5.airtableusercontent.com/v3/u/33/33/1727985600000/fl64MwKDaD95HZUlIVRP5w/k-kaYA8ymZ2naciwJRaVrTv_NWHNONwjw58qzg3BrSrB9hozjUE8MkmqLyrV97X9qbACDJG0u3U_h3xhUnOx_NaC0tfml-XCC2j2LWplh7wYc_2EkL2bfplzmR6V4WccD3ib7c8bCD0ToQf9zrS0EA/UQmUzuE5QsyG9UtOZACoO09YRWTyZ5DIRyWDGyWVfpg),Quadra,
Terebratulidina,SUBORDER,ACCEPTED,,235210,http://www.marinespecies.org/aphia.php?p=taxdetails&id=235210,https://www.marinespecies.org/rest/AphiaClassificationByAphiaID/235210,urn:lsid:marinespecies.org:taxname:235210,https://airtable.com/tblLqtIyuwA7rbEC3/recEMVFmtWCSgdYFQ?blocks=bli5ItEhTDGAFc32p,Animalia,,,Brachiopoda,Rhynchonelliformea,,,Rhynchonellata,,,,,Terebratulida,Terebratulidina,,,,,,,,,,,,,,,,Terebratulida,,recEMVFmtWCSgdYFQ,,,
Cancellothyridoidea,SUPERFAMILY,ACCEPTED,,235234,http://www.marinespecies.org/aphia.php?p=taxdetails&id=235234,https://www.marinespecies.org/rest/AphiaClassificationByAphiaID/235234,urn:lsid:marinespecies.org:taxname:235234,https://airtable.com/tblLqtIyuwA7rbEC3/recBc8qSWaRBErwwr?blocks=bli5ItEhTDGAFc32p,Animalia,,,Brachiopoda,Rhynchonelliformea,,,Rhynchonellata,,,,,Terebratulida,Terebratulidina,,,,,Cancellothyridoidea,,,,,,,,,,,Terebratulidina,,recBc8qSWaRBErwwr,,,
Cancellothyrididae,FAMILY,ACCEPTED,,104028,http://www.marinespecies.org/aphia.php?p=taxdetails&id=104028,https://www.marinespecies.org/rest/AphiaClassificationByAphiaID/104028,urn:lsid:marinespecies.org:taxname:104028,https://airtable.com/tblLqtIyuwA7rbEC3/recLPhzQ3idayIgU9?blocks=bli5ItEhTDGAFc32p,Animalia,,,Brachiopoda,Rhynchonelliformea,,,Rhynchonellata,,,,,Terebratulida,Terebratulidina,,,,,Cancellothyridoidea,,Cancellothyrididae,,,,,,,,,Cancellothyridoidea,,recLPhzQ3idayIgU9,,,
Cancellothyridinae,SUBFAMILY,ACCEPTED,,235235,http://www.marinespecies.org/aphia.php?p=taxdetails&id=235235,https://www.marinespecies.org/rest/AphiaClassificationByAphiaID/235235,urn:lsid:marinespecies.org:taxname:235235,https://airtable.com/tblLqtIyuwA7rbEC3/rec7pYVL1npYOxm1b?blocks=bli5ItEhTDGAFc32p,Animalia,,,Brachiopoda,Rhynchonelliformea,,,Rhynchonellata,,,,,Terebratulida,Terebratulidina,,,,,Cancellothyridoidea,,Cancellothyrididae,Cancellothyridinae,,,,,,,,Cancellothyrididae,,rec7pYVL1npYOxm1b,,,
Terebratulina,GENUS,ACCEPTED,,104040,http://www.marinespecies.org/aphia.php?p=taxdetails&id=104040,https://www.marinespecies.org/rest/AphiaClassificationByAphiaID/104040,urn:lsid:marinespecies.org:taxname:104040,https://airtable.com/tblLqtIyuwA7rbEC3/recD860MIOvD7RQeT?blocks=bli5ItEhTDGAFc32p,Animalia,,,Brachiopoda,Rhynchonelliformea,,,Rhynchonellata,,,,,Terebratulida,Terebratulidina,,,,,Cancellothyridoidea,,Cancellothyrididae,Cancellothyridinae,,,,Terebratulina,,,,Cancellothyridinae,,recD860MIOvD7RQeT,,,
Terebratulina unguicula,SPECIES,ACCEPTED,Snake-head lampshell,235529,http://www.marinespecies.org/aphia.php?p=taxdetails&id=235529,https://www.marinespecies.org/rest/AphiaClassificationByAphiaID/235529,urn:lsid:marinespecies.org:taxname:235529,https://airtable.com/tblLqtIyuwA7rbEC3/recQ4Ez2NRf3J3WEW?blocks=bli5ItEhTDGAFc32p,Animalia,,,Brachiopoda,Rhynchonelliformea,,,Rhynchonellata,,,,,Terebratulida,Terebratulidina,,,,,Cancellothyridoidea,,Cancellothyrididae,Cancellothyridinae,,,,Terebratulina,,Terebratulina unguicula,,Terebratulina,,recQ4Ez2NRf3J3WEW,,Quadra,
Bryozoa,PHYLUM,ACCEPTED,Bryozoan,146142,http://www.marinespecies.org/aphia.php?p=taxdetails&id=146142,https://www.marinespecies.org/rest/AphiaClassificationByAphiaID/146142,urn:lsid:marinespecies.org:taxname:146142,https://airtable.com/tblLqtIyuwA7rbEC3/recflTSL0JMFgjdVY?blocks=bli5ItEhTDGAFc32p,Animalia,,,Bryozoa,,,,,,,,,,,,,,,,,,,,,,,,,,Animalia,"BRYO,BRYO,bryo",recflTSL0JMFgjdVY,,,
Gymnolaemata,CLASS,ACCEPTED,,1795,http://www.marinespecies.org/aphia.php?p=taxdetails&id=1795,https://www.marinespecies.org/rest/AphiaClassificationByAphiaID/1795,urn:lsid:marinespecies.org:taxname:1795,https://airtable.com/tblLqtIyuwA7rbEC3/recSFWY3D69RQVfJ3?blocks=bli5ItEhTDGAFc32p,Animalia,,,Bryozoa,,,,Gymnolaemata,,,,,,,,,,,,,,,,,,,,,,Bryozoa,,recSFWY3D69RQVfJ3,,,
Cheilostomatida,ORDER,ACCEPTED,,110722,http://www.marinespecies.org/aphia.php?p=taxdetails&id=110722,https://www.marinespecies.org/rest/AphiaClassificationByAphiaID/110722,urn:lsid:marinespecies.org:taxname:110722,https://airtable.com/tblLqtIyuwA7rbEC3/recN1JJp9XSz0yDN6?blocks=bli5ItEhTDGAFc32p,Animalia,,,Bryozoa,,,,Gymnolaemata,,,,,Cheilostomatida,,,,,,,,,,,,,,,,,Gymnolaemata,,recN1JJp9XSz0yDN6,,,
Flustrina,SUBORDER,ACCEPTED,,153575,http://www.marinespecies.org/aphia.php?p=taxdetails&id=153575,https://www.marinespecies.org/rest/AphiaClassificationByAphiaID/153575,urn:lsid:marinespecies.org:taxname:153575,https://airtable.com/tblLqtIyuwA7rbEC3/recc2aiP3S221gBko?blocks=bli5ItEhTDGAFc32p,Animalia,,,Bryozoa,,,,Gymnolaemata,,,,,Cheilostomatida,Flustrina,,,,,,,,,,,,,,,,Cheilostomatida,,recc2aiP3S221gBko,,,
Buguloidea,SUPERFAMILY,ACCEPTED,,153582,http://www.marinespecies.org/aphia.php?p=taxdetails&id=153582,https://www.marinespecies.org/rest/AphiaClassificationByAphiaID/153582,urn:lsid:marinespecies.org:taxname:153582,https://airtable.com/tblLqtIyuwA7rbEC3/rec6qhtcS7iIsFpft?blocks=bli5ItEhTDGAFc32p,Animalia,,,Bryozoa,,,,Gymnolaemata,,,,,Cheilostomatida,Flustrina,,,,,Buguloidea,,,,,,,,,,,Flustrina,,rec6qhtcS7iIsFpft,,,
Bugulidae,FAMILY,ACCEPTED,,110731,http://www.marinespecies.org/aphia.php?p=taxdetails&id=110731,https://www.marinespecies.org/rest/AphiaClassificationByAphiaID/110731,urn:lsid:marinespecies.org:taxname:110731,https://airtable.com/tblLqtIyuwA7rbEC3/recB8B6aynjFpZsLw?blocks=bli5ItEhTDGAFc32p,Animalia,,,Bryozoa,,,,Gymnolaemata,,,,,Cheilostomatida,Flustrina,,,,,Buguloidea,,Bugulidae,,,,,,,,,Buguloidea,,recB8B6aynjFpZsLw,,,
Bugula,GENUS,ACCEPTED,Bugula,110839,http://www.marinespecies.org/aphia.php?p=taxdetails&id=110839,https://www.marinespecies.org/rest/AphiaClassificationByAphiaID/110839,urn:lsid:marinespecies.org:taxname:110839,https://airtable.com/tblLqtIyuwA7rbEC3/recl3ZpVj85gJ66sz?blocks=bli5ItEhTDGAFc32p,Animalia,,,Bryozoa,,,,Gymnolaemata,,,,,Cheilostomatida,Flustrina,,,,,Buguloidea,,Bugulidae,,,,,Bugula,,,,Bugulidae,BUGU,recl3ZpVj85gJ66sz,,,
Catenicelloidea,SUPERFAMILY,ACCEPTED,,393231,http://www.marinespecies.org/aphia.php?p=taxdetails&id=393231,https://www.marinespecies.org/rest/AphiaClassificationByAphiaID/393231,urn:lsid:marinespecies.org:taxname:393231,https://airtable.com/tblLqtIyuwA7rbEC3/recVi0xgxWBkW71pN?blocks=bli5ItEhTDGAFc32p,Animalia,,,Bryozoa,,,,Gymnolaemata,,,,,Cheilostomatida,Flustrina,,,,,Catenicelloidea,,,,,,,,,,,Flustrina,,recVi0xgxWBkW71pN,,,
Eurystomellidae,FAMILY,ACCEPTED,,391544,http://www.marinespecies.org/aphia.php?p=taxdetails&id=391544,https://www.marinespecies.org/rest/AphiaClassificationByAphiaID/391544,urn:lsid:marinespecies.org:taxname:391544,https://airtable.com/tblLqtIyuwA7rbEC3/rec18oSzUNiEgCMIs?blocks=bli5ItEhTDGAFc32p,Animalia,,,Bryozoa,,,,Gymnolaemata,,,,,Cheilostomatida,Flustrina,,,,,Catenicelloidea,,Eurystomellidae,,,,,,,,,Catenicelloidea,,rec18oSzUNiEgCMIs,,,
Eurystomella,GENUS,ACCEPTED,,391546,http://www.marinespecies.org/aphia.php?p=taxdetails&id=391546,https://www.marinespecies.org/rest/AphiaClassificationByAphiaID/391546,urn:lsid:marinespecies.org:taxname:391546,https://airtable.com/tblLqtIyuwA7rbEC3/rec4rNKDco6VgZcMk?blocks=bli5ItEhTDGAFc32p,Animalia,,,Bryozoa,,,,Gymnolaemata,,,,,Cheilostomatida,Flustrina,,,,,Catenicelloidea,,Eurystomellidae,,,,,Eurystomella,,,,Eurystomellidae,,rec4rNKDco6VgZcMk,,,
Eurystomella bilabiata,SPECIES,UNACCEPTED,Derby hat bryozoan,711851,http://www.marinespecies.org/aphia.php?p=taxdetails&id=711851,https://www.marinespecies.org/rest/AphiaClassificationByAphiaID/711851,urn:lsid:marinespecies.org:taxname:711851,https://airtable.com/tblLqtIyuwA7rbEC3/reclrx8CYj8E6OQZm?blocks=bli5ItEhTDGAFc32p,Animalia,,,Bryozoa,,,,Gymnolaemata,,,,,Cheilostomatida,Flustrina,,,,,Catenicelloidea,,Eurystomellidae,,,,,Eurystomella,,Eurystomella bilabiata,,Eurystomella,EURB,reclrx8CYj8E6OQZm,,,
Integripelta,GENUS,ACCEPTED,,391545,http://www.marinespecies.org/aphia.php?p=taxdetails&id=391545,https://www.marinespecies.org/rest/AphiaClassificationByAphiaID/391545,urn:lsid:marinespecies.org:taxname:391545,https://airtable.com/tblLqtIyuwA7rbEC3/recVvIBaxJXHYlSby?blocks=bli5ItEhTDGAFc32p,Animalia,,,Bryozoa,,,,Gymnolaemata,,,,,Cheilostomatida,Flustrina,,,,,Catenicelloidea,,Eurystomellidae,,,,,Integripelta,,,,Eurystomellidae,,recVvIBaxJXHYlSby,,,
Integripelta bilabiata,SPECIES,ACCEPTED,,466975,http://www.marinespecies.org/aphia.php?p=taxdetails&id=466975,https://www.marinespecies.org/rest/AphiaClassificationByAphiaID/466975,urn:lsid:marinespecies.org:taxname:466975,https://airtable.com/tblLqtIyuwA7rbEC3/recxf3TlfT1WXfUkM?blocks=bli5ItEhTDGAFc32p,Animalia,,,Bryozoa,,,,Gymnolaemata,,,,,Cheilostomatida,Flustrina,,,,,Catenicelloidea,,Eurystomellidae,,,,,Integripelta,,Integripelta bilabiata,,Integripelta,,recxf3TlfT1WXfUkM,,Quadra,
Lepralielloidea,SUPERFAMILY,ACCEPTED,,152299,http://www.marinespecies.org/aphia.php?p=taxdetails&id=152299,https://www.marinespecies.org/rest/AphiaClassificationByAphiaID/152299,urn:lsid:marinespecies.org:taxname:152299,https://airtable.com/tblLqtIyuwA7rbEC3/recSManp7i9fQ20Ly?blocks=bli5ItEhTDGAFc32p,Animalia,,,Bryozoa,,,,Gymnolaemata,,,,,Cheilostomatida,Flustrina,,,,,Lepralielloidea,,,,,,,,,,,Flustrina,,recSManp7i9fQ20Ly,,,
Bryocryptellidae,FAMILY,ACCEPTED,,110730,http://www.marinespecies.org/aphia.php?p=taxdetails&id=110730,https://www.marinespecies.org/rest/AphiaClassificationByAphiaID/110730,urn:lsid:marinespecies.org:taxname:110730,https://airtable.com/tblLqtIyuwA7rbEC3/recn3HMCTfbkucIyr?blocks=bli5ItEhTDGAFc32p,Animalia,,,Bryozoa,,,,Gymnolaemata,,,,,Cheilostomatida,Flustrina,,,,,Lepralielloidea,,Bryocryptellidae,,,,,,,,,Lepralielloidea,,recn3HMCTfbkucIyr,,,
Hippodiplosia,GENUS,UNACCEPTED,,146979,http://www.marinespecies.org/aphia.php?p=taxdetails&id=146979,https://www.marinespecies.org/rest/AphiaClassificationByAphiaID/146979,urn:lsid:marinespecies.org:taxname:146979,https://airtable.com/tblLqtIyuwA7rbEC3/recomy3UZbjJw3xbe?blocks=bli5ItEhTDGAFc32p,Animalia,,,Bryozoa,,,,Gymnolaemata,,,,,Cheilostomatida,Flustrina,,,,,Lepralielloidea,,Bryocryptellidae,,,,,Hippodiplosia,,,,Bryocryptellidae,,recomy3UZbjJw3xbe,,,
Hippodiplosia insculpta,SPECIES,UNACCEPTED,Fluted Bryozoan,711849,http://www.marinespecies.org/aphia.php?p=taxdetails&id=711849,https://www.marinespecies.org/rest/AphiaClassificationByAphiaID/711849,urn:lsid:marinespecies.org:taxname:711849,https://airtable.com/tblLqtIyuwA7rbEC3/recRLr4kFd0nTEHoa?blocks=bli5ItEhTDGAFc32p,Animalia,,,Bryozoa,,,,Gymnolaemata,,,,,Cheilostomatida,Flustrina,,,,,Lepralielloidea,,Bryocryptellidae,,,,,Hippodiplosia,,Hippodiplosia insculpta,,Hippodiplosia,HIPI,recRLr4kFd0nTEHoa,,,
Schizoporelloidea,SUPERFAMILY,ACCEPTED,,153661,http://www.marinespecies.org/aphia.php?p=taxdetails&id=153661,https://www.marinespecies.org/rest/AphiaClassificationByAphiaID/153661,urn:lsid:marinespecies.org:taxname:153661,https://airtable.com/tblLqtIyuwA7rbEC3/recUHa2C9wWnrZ4G9?blocks=bli5ItEhTDGAFc32p,Animalia,,,Bryozoa,,,,Gymnolaemata,,,,,Cheilostomatida,Flustrina,,,,,Schizoporelloidea,,,,,,,,,,,Flustrina,,recUHa2C9wWnrZ4G9,,,
Pacificincolidae,FAMILY,ACCEPTED,,408258,http://www.marinespecies.org/aphia.php?p=taxdetails&id=408258,https://www.marinespecies.org/rest/AphiaClassificationByAphiaID/408258,urn:lsid:marinespecies.org:taxname:408258,https://airtable.com/tblLqtIyuwA7rbEC3/recUIiw2XbI9gvwF7?blocks=bli5ItEhTDGAFc32p,Animalia,,,Bryozoa,,,,Gymnolaemata,,,,,Cheilostomatida,Flustrina,,,,,Schizoporelloidea,,Pacificincolidae,,,,,,,,,Schizoporelloidea,,recUIiw2XbI9gvwF7,,,
Primavelans,GENUS,ACCEPTED,,468539,http://www.marinespecies.org/aphia.php?p=taxdetails&id=468539,https://www.marinespecies.org/rest/AphiaClassificationByAphiaID/468539,urn:lsid:marinespecies.org:taxname:468539,https://airtable.com/tblLqtIyuwA7rbEC3/rec0xA6RZeKYGtJkV?blocks=bli5ItEhTDGAFc32p,Animalia,,,Bryozoa,,,,Gymnolaemata,,,,,Cheilostomatida,Flustrina,,,,,Schizoporelloidea,,Pacificincolidae,,,,,Primavelans,,,,Pacificincolidae,,rec0xA6RZeKYGtJkV,,,
Primavelans insculpta,SPECIES,ACCEPTED,,472023,http://www.marinespecies.org/aphia.php?p=taxdetails&id=472023,https://www.marinespecies.org/rest/AphiaClassificationByAphiaID/472023,urn:lsid:marinespecies.org:taxname:472023,https://airtable.com/tblLqtIyuwA7rbEC3/recbPww0EsT4JI1kb?blocks=bli5ItEhTDGAFc32p,Animalia,,,Bryozoa,,,,Gymnolaemata,,,,,Cheilostomatida,Flustrina,,,,,Schizoporelloidea,,Pacificincolidae,,,,,Primavelans,,Primavelans insculpta,,Primavelans,,recbPww0EsT4JI1kb,,,
Membraniporina,SUBORDER,ACCEPTED,,1371726,http://www.marinespecies.org/aphia.php?p=taxdetails&id=1371726,https://www.marinespecies.org/rest/AphiaClassificationByAphiaID/1371726,urn:lsid:marinespecies.org:taxname:1371726,https://airtable.com/tblLqtIyuwA7rbEC3/reclgs1gZLBXV8cND?blocks=bli5ItEhTDGAFc32p,Animalia,,,Bryozoa,,,,Gymnolaemata,,,,,Cheilostomatida,Membraniporina,,,,,,,,,,,,,,,,Cheilostomatida,,reclgs1gZLBXV8cND,,,
Membraniporoidea,SUPERFAMILY,ACCEPTED,,153579,http://www.marinespecies.org/aphia.php?p=taxdetails&id=153579,https://www.marinespecies.org/rest/AphiaClassificationByAphiaID/153579,urn:lsid:marinespecies.org:taxname:153579,https://airtable.com/tblLqtIyuwA7rbEC3/recM7oad4WCqouRLn?blocks=bli5ItEhTDGAFc32p,Animalia,,,Bryozoa,,,,Gymnolaemata,,,,,Cheilostomatida,Membraniporina,,,,,Membraniporoidea,,,,,,,,,,,Membraniporina,,recM7oad4WCqouRLn,,,
Electridae,FAMILY,ACCEPTED,,110746,http://www.marinespecies.org/aphia.php?p=taxdetails&id=110746,https://www.marinespecies.org/rest/AphiaClassificationByAphiaID/110746,urn:lsid:marinespecies.org:taxname:110746,https://airtable.com/tblLqtIyuwA7rbEC3/rec5TV5kDUnKG2wbN?blocks=bli5ItEhTDGAFc32p,Animalia,,,Bryozoa,,,,Gymnolaemata,,,,,Cheilostomatida,Membraniporina,,,,,Membraniporoidea,,Electridae,,,,,,,,,Membraniporoidea,,rec5TV5kDUnKG2wbN,,,
Conopeum,GENUS,ACCEPTED,,110903,http://www.marinespecies.org/aphia.php?p=taxdetails&id=110903,https://www.marinespecies.org/rest/AphiaClassificationByAphiaID/110903,urn:lsid:marinespecies.org:taxname:110903,https://airtable.com/tblLqtIyuwA7rbEC3/recxDNhOVelW6rWz7?blocks=bli5ItEhTDGAFc32p,Animalia,,,Bryozoa,,,,Gymnolaemata,,,,,Cheilostomatida,Membraniporina,,,,,Membraniporoidea,,Electridae,,,,,Conopeum,,,,Electridae,,recxDNhOVelW6rWz7,,,
Conopeum reticulum,SPECIES,ACCEPTED,,111351,http://www.marinespecies.org/aphia.php?p=taxdetails&id=111351,https://www.marinespecies.org/rest/AphiaClassificationByAphiaID/111351,urn:lsid:marinespecies.org:taxname:111351,https://airtable.com/tblLqtIyuwA7rbEC3/rec6WB16lUs4P2sX6?blocks=bli5ItEhTDGAFc32p,Animalia,,,Bryozoa,,,,Gymnolaemata,,,,,Cheilostomatida,Membraniporina,,,,,Membraniporoidea,,Electridae,,,,,Conopeum,,Conopeum reticulum,,Conopeum,,rec6WB16lUs4P2sX6,,Quadra,
Ctenostomatida,ORDER,ACCEPTED,,110723,http://www.marinespecies.org/aphia.php?p=taxdetails&id=110723,https://www.marinespecies.org/rest/AphiaClassificationByAphiaID/110723,urn:lsid:marinespecies.org:taxname:110723,https://airtable.com/tblLqtIyuwA7rbEC3/recSMbG8tmXAHywXF?blocks=bli5ItEhTDGAFc32p,Animalia,,,Bryozoa,,,,Gymnolaemata,,,,,Ctenostomatida,,,,,,,,,,,,,,,,,Gymnolaemata,,recSMbG8tmXAHywXF,,,
Flustrellidrina,SUBORDER,ACCEPTED,,827146,http://www.marinespecies.org/aphia.php?p=taxdetails&id=827146,https://www.marinespecies.org/rest/AphiaClassificationByAphiaID/827146,urn:lsid:marinespecies.org:taxname:827146,https://airtable.com/tblLqtIyuwA7rbEC3/recgL2TKLmPvvjtO0?blocks=bli5ItEhTDGAFc32p,Animalia,,,Bryozoa,,,,Gymnolaemata,,,,,Ctenostomatida,Flustrellidrina,,,,,,,,,,,,,,,,Ctenostomatida,,recgL2TKLmPvvjtO0,,,
Flustrellidroidea,SUPERFAMILY,ACCEPTED,,827147,http://www.marinespecies.org/aphia.php?p=taxdetails&id=827147,https://www.marinespecies.org/rest/AphiaClassificationByAphiaID/827147,urn:lsid:marinespecies.org:taxname:827147,https://airtable.com/tblLqtIyuwA7rbEC3/recPBxnaj1TBS7xhm?blocks=bli5ItEhTDGAFc32p,Animalia,,,Bryozoa,,,,Gymnolaemata,,,,,Ctenostomatida,Flustrellidrina,,,,,Flustrellidroidea,,,,,,,,,,,Flustrellidrina,,recPBxnaj1TBS7xhm,,,
Flustrellidridae,FAMILY,ACCEPTED,,110789,http://www.marinespecies.org/aphia.php?p=taxdetails&id=110789,https://www.marinespecies.org/rest/AphiaClassificationByAphiaID/110789,urn:lsid:marinespecies.org:taxname:110789,https://airtable.com/tblLqtIyuwA7rbEC3/recQ4yS3poEg7bu0b?blocks=bli5ItEhTDGAFc32p,Animalia,,,Bryozoa,,,,Gymnolaemata,,,,,Ctenostomatida,Flustrellidrina,,,,,Flustrellidroidea,,Flustrellidridae,,,,,,,,,Flustrellidroidea,,recQ4yS3poEg7bu0b,,,
Flustrellidra,GENUS,ACCEPTED,,111003,http://www.marinespecies.org/aphia.php?p=taxdetails&id=111003,https://www.marinespecies.org/rest/AphiaClassificationByAphiaID/111003,urn:lsid:marinespecies.org:taxname:111003,https://airtable.com/tblLqtIyuwA7rbEC3/reczPnpzFwfx7eIvk?blocks=bli5ItEhTDGAFc32p,Animalia,,,Bryozoa,,,,Gymnolaemata,,,,,Ctenostomatida,Flustrellidrina,,,,,Flustrellidroidea,,Flustrellidridae,,,,,Flustrellidra,,,,Flustrellidridae,,reczPnpzFwfx7eIvk,,,
Flustrellidra corniculata,SPECIES,ACCEPTED,Spiny leather bryozoan,111620,http://www.marinespecies.org/aphia.php?p=taxdetails&id=111620,https://www.marinespecies.org/rest/AphiaClassificationByAphiaID/111620,urn:lsid:marinespecies.org:taxname:111620,https://airtable.com/tblLqtIyuwA7rbEC3/rec2sYzPic79FNQe8?blocks=bli5ItEhTDGAFc32p,Animalia,,,Bryozoa,,,,Gymnolaemata,,,,,Ctenostomatida,Flustrellidrina,,,,,Flustrellidroidea,,Flustrellidridae,,,,,Flustrellidra,,Flustrellidra corniculata,,Flustrellidra,FLUC,rec2sYzPic79FNQe8,,,
Chordata,PHYLUM,ACCEPTED,,1821,http://www.marinespecies.org/aphia.php?p=taxdetails&id=1821,https://www.marinespecies.org/rest/AphiaClassificationByAphiaID/1821,urn:lsid:marinespecies.org:taxname:1821,https://airtable.com/tblLqtIyuwA7rbEC3/recdXwHRVQzaEQlGW?blocks=bli5ItEhTDGAFc32p,Animalia,,,Chordata,,,,,,,,,,,,,,,,,,,,,,,,,,Animalia,"unla,UNLA,unla,UNLA,UNLA",recdXwHRVQzaEQlGW,,,
Tunicata,SUBPHYLUM,ACCEPTED,Tunicate,146420,http://www.marinespecies.org/aphia.php?p=taxdetails&id=146420,https://www.marinespecies.org/rest/AphiaClassificationByAphiaID/146420,urn:lsid:marinespecies.org:taxname:146420,https://airtable.com/tblLqtIyuwA7rbEC3/recufLXjxgLeJje7j?blocks=bli5ItEhTDGAFc32p,Animalia,,,Chordata,Tunicata,,,,,,,,,,,,,,,,,,,,,,,,,Chordata,TUNI,recufLXjxgLeJje7j,,,
Ascidiacea,CLASS,ACCEPTED,,1839,http://www.marinespecies.org/aphia.php?p=taxdetails&id=1839,https://www.marinespecies.org/rest/AphiaClassificationByAphiaID/1839,urn:lsid:marinespecies.org:taxname:1839,https://airtable.com/tblLqtIyuwA7rbEC3/recUVTLbWjiqKHkRP?blocks=bli5ItEhTDGAFc32p,Animalia,,,Chordata,Tunicata,,,Ascidiacea,,,,,,,,,,,,,,,,,,,,,,Tunicata,,recUVTLbWjiqKHkRP,,,
Aplousobranchia,ORDER,ACCEPTED,,103434,http://www.marinespecies.org/aphia.php?p=taxdetails&id=103434,https://www.marinespecies.org/rest/AphiaClassificationByAphiaID/103434,urn:lsid:marinespecies.org:taxname:103434,https://airtable.com/tblLqtIyuwA7rbEC3/rec9fPkHK3rx0l715?blocks=bli5ItEhTDGAFc32p,Animalia,,,Chordata,Tunicata,,,Ascidiacea,,,,,Aplousobranchia,,,,,,,,,,,,,,,,,Ascidiacea,,rec9fPkHK3rx0l715,,,
Clavelinidae,FAMILY,ACCEPTED,,103438,http://www.marinespecies.org/aphia.php?p=taxdetails&id=103438,https://www.marinespecies.org/rest/AphiaClassificationByAphiaID/103438,urn:lsid:marinespecies.org:taxname:103438,https://airtable.com/tblLqtIyuwA7rbEC3/reclwvJ7AXO9wmjNH?blocks=bli5ItEhTDGAFc32p,Animalia,,,Chordata,Tunicata,,,Ascidiacea,,,,,Aplousobranchia,,,,,,,,Clavelinidae,,,,,,,,,Aplousobranchia,,reclwvJ7AXO9wmjNH,,,
Clavelina,GENUS,ACCEPTED,,103453,http://www.marinespecies.org/aphia.php?p=taxdetails&id=103453,https://www.marinespecies.org/rest/AphiaClassificationByAphiaID/103453,urn:lsid:marinespecies.org:taxname:103453,https://airtable.com/tblLqtIyuwA7rbEC3/recn8kM9LwAfGOZIn?blocks=bli5ItEhTDGAFc32p,Animalia,,,Chordata,Tunicata,,,Ascidiacea,,,,,Aplousobranchia,,,,,,,,Clavelinidae,,,,,Clavelina,,,,Clavelinidae,,recn8kM9LwAfGOZIn,,,
Clavelina huntsmani,SPECIES,ACCEPTED,Light-Bulb Tunicate,250311,http://www.marinespecies.org/aphia.php?p=taxdetails&id=250311,https://www.marinespecies.org/rest/AphiaClassificationByAphiaID/250311,urn:lsid:marinespecies.org:taxname:250311,https://airtable.com/tblLqtIyuwA7rbEC3/recMrE01RmHvzBQ9E?blocks=bli5ItEhTDGAFc32p,Animalia,,,Chordata,Tunicata,,,Ascidiacea,,,,,Aplousobranchia,,,,,,,,Clavelinidae,,,,,Clavelina,,Clavelina huntsmani,,Clavelina,CLAH,recMrE01RmHvzBQ9E,"Clavelina_huntsmani_2456_B0514_d01304.JPG (https://v5.airtableusercontent.com/v3/u/33/33/1727985600000/Se-pQGRoWI8hJH60otcwCQ/hlfiXn4RwpvcTNbuBwI7heptYNzJ8pnB6GKb3cpnnka_FVcFkn-eKDU9pkD0GYGcimt27sHzBZveDMLX0fZ16js1iRA7AkAkJC2V5fhKVdESLyk7ylj3ihKbqu30LHhI4BKDqPErVwFhE6AR7ADkhbdso0rnHxrxMvhWvYjTjvPwLCPF3ZuXHHAKKvOB8d1h/zaBAljQ63oRXNJQ4GF2dcrcTCbc5fHho4b6HUOkVqT0),Clavelina_huntsmani_2517_B1690_d04046.JPG (https://v5.airtableusercontent.com/v3/u/33/33/1727985600000/McJufBGFKpyXBGH9e4b3Qw/M3eLrw0D1dTlQ-zXatXCzW0xufyYKt-FUM32Gbv2wa4rjr50e_5dMaVoLj66aIS_N6BNJUHkuDJMdil67SksM1vovf_WTl1dLaI6hAWaeGffy1L-r8mFvqhKLxbFVy-td_bOB7D1Hxch1ZBgPAFWHi2kupTGKJ60LwITIIBfel8PjBIF3zRUrAZ4f7x0nxzt/yHQhoyyJcXfMCKK3nXzuHUGpM00CCR7DhNsH0u7SI6A),Clavelina_huntsmani_2447_B0079_d00077.JPG (https://v5.airtableusercontent.com/v3/u/33/33/1727985600000/UQXE0UiyFnxNuwp2Fuz5PA/3Rkz_QILn_i1eidFKgepVQd9DlcgiT-60wpPUDZ7gFwztVjCb8VHtZo5s3uBPoPtsvJHyHQC3HK4cd6Hxqbf5y1Nr88TIdyFiBuOwB00Xt5BfDwbQAWinW266K8CHm67rkrZ7KxzLN9Pm2x0SRs9bKDNuGC2u99am0eCFA3c5jpmwXK48vgstCdMjaVv-Jdv/jaOBDpDmZyi-tJrSDfplGuzInCVehJ5epecQYO3C8pA)",,
Holozoidae,FAMILY,ACCEPTED,,154135,http://www.marinespecies.org/aphia.php?p=taxdetails&id=154135,https://www.marinespecies.org/rest/AphiaClassificationByAphiaID/154135,urn:lsid:marinespecies.org:taxname:154135,https://airtable.com/tblLqtIyuwA7rbEC3/recL9knIwQzoYLoA3?blocks=bli5ItEhTDGAFc32p,Animalia,,,Chordata,Tunicata,,,Ascidiacea,,,,,Aplousobranchia,,,,,,,,Holozoidae,,,,,,,,,Aplousobranchia,,recL9knIwQzoYLoA3,,,
Distaplia,GENUS,ACCEPTED,,103464,http://www.marinespecies.org/aphia.php?p=taxdetails&id=103464,https://www.marinespecies.org/rest/AphiaClassificationByAphiaID/103464,urn:lsid:marinespecies.org:taxname:103464,https://airtable.com/tblLqtIyuwA7rbEC3/recozbHfMUd3BUx8m?blocks=bli5ItEhTDGAFc32p,Animalia,,,Chordata,Tunicata,,,Ascidiacea,,,,,Aplousobranchia,,,,,,,,Holozoidae,,,,,Distaplia,,,,Holozoidae,DIST,recozbHfMUd3BUx8m,,,
Distaplia occidentalis,SPECIES,ACCEPTED,Mushroom tunicate,250152,http://www.marinespecies.org/aphia.php?p=taxdetails&id=250152,https://www.marinespecies.org/rest/AphiaClassificationByAphiaID/250152,urn:lsid:marinespecies.org:taxname:250152,https://airtable.com/tblLqtIyuwA7rbEC3/recdNONUQGLCVsaRF?blocks=bli5ItEhTDGAFc32p,Animalia,,,Chordata,Tunicata,,,Ascidiacea,,,,,Aplousobranchia,,,,,,,,Holozoidae,,,,,Distaplia,,Distaplia occidentalis,,Distaplia,,recdNONUQGLCVsaRF,,Quadra,
Polycitoridae,FAMILY,ACCEPTED,,103440,http://www.marinespecies.org/aphia.php?p=taxdetails&id=103440,https://www.marinespecies.org/rest/AphiaClassificationByAphiaID/103440,urn:lsid:marinespecies.org:taxname:103440,https://airtable.com/tblLqtIyuwA7rbEC3/recA6GBFk9mpXzy3C?blocks=bli5ItEhTDGAFc32p,Animalia,,,Chordata,Tunicata,,,Ascidiacea,,,,,Aplousobranchia,,,,,,,,Polycitoridae,,,,,,,,,Aplousobranchia,,recA6GBFk9mpXzy3C,,,
Archidistoma,GENUS,ACCEPTED,,103452,http://www.marinespecies.org/aphia.php?p=taxdetails&id=103452,https://www.marinespecies.org/rest/AphiaClassificationByAphiaID/103452,urn:lsid:marinespecies.org:taxname:103452,https://airtable.com/tblLqtIyuwA7rbEC3/recFWS8VL9EziJLYX?blocks=bli5ItEhTDGAFc32p,Animalia,,,Chordata,Tunicata,,,Ascidiacea,,,,,Aplousobranchia,,,,,,,,Polycitoridae,,,,,Archidistoma,,,,Polycitoridae,,recFWS8VL9EziJLYX,,,
Archidistoma psammion,SPECIES,UNACCEPTED,Archidistoma psammion,251982,http://www.marinespecies.org/aphia.php?p=taxdetails&id=251982,https://www.marinespecies.org/rest/AphiaClassificationByAphiaID/251982,urn:lsid:marinespecies.org:taxname:251982,https://airtable.com/tblLqtIyuwA7rbEC3/recdBF3wYx9YWj3bn?blocks=bli5ItEhTDGAFc32p,Animalia,,,Chordata,Tunicata,,,Ascidiacea,,,,,Aplousobranchia,,,,,,,,Polycitoridae,,,,,Archidistoma,,Archidistoma psammion,,Archidistoma,ARCP,recdBF3wYx9YWj3bn,,,
Eudistoma,GENUS,ACCEPTED,,103465,http://www.marinespecies.org/aphia.php?p=taxdetails&id=103465,https://www.marinespecies.org/rest/AphiaClassificationByAphiaID/103465,urn:lsid:marinespecies.org:taxname:103465,https://airtable.com/tblLqtIyuwA7rbEC3/recAr4WJL87PkFdrv?blocks=bli5ItEhTDGAFc32p,Animalia,,,Chordata,Tunicata,,,Ascidiacea,,,,,Aplousobranchia,,,,,,,,Polycitoridae,,,,,Eudistoma,,,,Polycitoridae,,recAr4WJL87PkFdrv,,,
Eudistoma psammion,SPECIES,ACCEPTED,,250242,http://www.marinespecies.org/aphia.php?p=taxdetails&id=250242,https://www.marinespecies.org/rest/AphiaClassificationByAphiaID/250242,urn:lsid:marinespecies.org:taxname:250242,https://airtable.com/tblLqtIyuwA7rbEC3/recFcl54R8VoEHh6r?blocks=bli5ItEhTDGAFc32p,Animalia,,,Chordata,Tunicata,,,Ascidiacea,,,,,Aplousobranchia,,,,,,,,Polycitoridae,,,,,Eudistoma,,Eudistoma psammion,,Eudistoma,,recFcl54R8VoEHh6r,,,
Polyclinidae,FAMILY,ACCEPTED,,103441,http://www.marinespecies.org/aphia.php?p=taxdetails&id=103441,https://www.marinespecies.org/rest/AphiaClassificationByAphiaID/103441,urn:lsid:marinespecies.org:taxname:103441,https://airtable.com/tblLqtIyuwA7rbEC3/rec1WIJiwDEfGhl98?blocks=bli5ItEhTDGAFc32p,Animalia,,,Chordata,Tunicata,,,Ascidiacea,,,,,Aplousobranchia,,,,,,,,Polyclinidae,,,,,,,,,Aplousobranchia,,rec1WIJiwDEfGhl98,,,
Aplidium,GENUS,ACCEPTED,,103471,http://www.marinespecies.org/aphia.php?p=taxdetails&id=103471,https://www.marinespecies.org/rest/AphiaClassificationByAphiaID/103471,urn:lsid:marinespecies.org:taxname:103471,https://airtable.com/tblLqtIyuwA7rbEC3/recFVEc5SUxGY9Jh2?blocks=bli5ItEhTDGAFc32p,Animalia,,,Chordata,Tunicata,,,Ascidiacea,,,,,Aplousobranchia,,,,,,,,Polyclinidae,,,,,Aplidium,,,,Polyclinidae,,recFVEc5SUxGY9Jh2,,,
Aplidium solidum,SPECIES,ACCEPTED,Sea Pork,215889,http://www.marinespecies.org/aphia.php?p=taxdetails&id=215889,https://www.marinespecies.org/rest/AphiaClassificationByAphiaID/215889,urn:lsid:marinespecies.org:taxname:215889,https://airtable.com/tblLqtIyuwA7rbEC3/rec9QY1sXdIPIpd6q?blocks=bli5ItEhTDGAFc32p,Animalia,,,Chordata,Tunicata,,,Ascidiacea,,,,,Aplousobranchia,,,,,,,,Polyclinidae,,,,,Aplidium,,Aplidium solidum,,Aplidium,APSO,rec9QY1sXdIPIpd6q,"Aplidium_solidum_2459_B0540_d01338.JPG (https://v5.airtableusercontent.com/v3/u/33/33/1727985600000/pAYZu9YUpAsgDTHl8p4rWg/lkP805sgSHB2Lwj8LaNghkkcuQ9_ki4YSBhSK-ZVpKzZaqNMATFSyX4x_FLOfVAfZ--2cCeyd_bqUMZLoaHmdrFoKqD_rCIC6DmEYTo3iOrs9HU6Y49_CbzGc5qVbYirAAjq9Nl0RT8mbad2TYX8yhrUFsWXPXGkv-rFKWpB477amOd-Yr1ryqActHWFdqW9/jtNR4vIm7TZbV6tCAeCWuh-AY-n3OK4tXGx3542ZLC4),Aplidium_solidum_2480_B0629_d02056.JPG (https://v5.airtableusercontent.com/v3/u/33/33/1727985600000/Taqa9ggTb2IgeUi98bdqpA/6ZYVrKR9wsX_dIvBOa3gKOr_Bk7CBRnM4l4z6OZMKyQx5W4hb38t80HxTiZOd5e00SlWufgdjuL-I175d7O-2bPIaUAumUjb2UN1xBkWpEclX7ZP18FaTjlIzGTDWi8hVXXO_P82jBtDSuTPlC1XenZoa-rVX8xhNtpu70t5I-2nNq05YxO9CJfNkEDeIhsX/3BQUawbC-Cd3E9rH4qa4bybTp6TTbhYzpB8waXEgV1I)",,
Ritterellidae,FAMILY,ACCEPTED,,248203,http://www.marinespecies.org/aphia.php?p=taxdetails&id=248203,https://www.marinespecies.org/rest/AphiaClassificationByAphiaID/248203,urn:lsid:marinespecies.org:taxname:248203,https://airtable.com/tblLqtIyuwA7rbEC3/recaqAditTSPLRHyj?blocks=bli5ItEhTDGAFc32p,Animalia,,,Chordata,Tunicata,,,Ascidiacea,,,,,Aplousobranchia,,,,,,,,Ritterellidae,,,,,,,,,Aplousobranchia,,recaqAditTSPLRHyj,,,
Ritterella,GENUS,ACCEPTED,Tunicate,103476,http://www.marinespecies.org/aphia.php?p=taxdetails&id=103476,https://www.marinespecies.org/rest/AphiaClassificationByAphiaID/103476,urn:lsid:marinespecies.org:taxname:103476,https://airtable.com/tblLqtIyuwA7rbEC3/recsiYejFSFfFozg7?blocks=bli5ItEhTDGAFc32p,Animalia,,,Chordata,Tunicata,,,Ascidiacea,,,,,Aplousobranchia,,,,,,,,Ritterellidae,,,,,Ritterella,,,,Ritterellidae,RITT,recsiYejFSFfFozg7,,,
Ritterella rubra,SPECIES,ACCEPTED,Red mushroom compound tunicate,251340,http://www.marinespecies.org/aphia.php?p=taxdetails&id=251340,https://www.marinespecies.org/rest/AphiaClassificationByAphiaID/251340,urn:lsid:marinespecies.org:taxname:251340,https://airtable.com/tblLqtIyuwA7rbEC3/recKuLcS1p8JbYyaY?blocks=bli5ItEhTDGAFc32p,Animalia,,,Chordata,Tunicata,,,Ascidiacea,,,,,Aplousobranchia,,,,,,,,Ritterellidae,,,,,Ritterella,,Ritterella rubra,,Ritterella,RITR,recKuLcS1p8JbYyaY,,,
Phlebobranchia,ORDER,ACCEPTED,,103435,http://www.marinespecies.org/aphia.php?p=taxdetails&id=103435,https://www.marinespecies.org/rest/AphiaClassificationByAphiaID/103435,urn:lsid:marinespecies.org:taxname:103435,https://airtable.com/tblLqtIyuwA7rbEC3/rec7QLOsBd8iqJzRA?blocks=bli5ItEhTDGAFc32p,Animalia,,,Chordata,Tunicata,,,Ascidiacea,,,,,Phlebobranchia,,,,,,,,,,,,,,,,,Ascidiacea,,rec7QLOsBd8iqJzRA,,,
Ascidiidae,FAMILY,ACCEPTED,,103443,http://www.marinespecies.org/aphia.php?p=taxdetails&id=103443,https://www.marinespecies.org/rest/AphiaClassificationByAphiaID/103443,urn:lsid:marinespecies.org:taxname:103443,https://airtable.com/tblLqtIyuwA7rbEC3/rec4Q51MSyfdeaPa3?blocks=bli5ItEhTDGAFc32p,Animalia,,,Chordata,Tunicata,,,Ascidiacea,,,,,Phlebobranchia,,,,,,,,Ascidiidae,,,,,,,,,Phlebobranchia,,rec4Q51MSyfdeaPa3,,,
Ascidia,GENUS,ACCEPTED,Ascidian,103483,http://www.marinespecies.org/aphia.php?p=taxdetails&id=103483,https://www.marinespecies.org/rest/AphiaClassificationByAphiaID/103483,urn:lsid:marinespecies.org:taxname:103483,https://airtable.com/tblLqtIyuwA7rbEC3/recBBauxvbzQzVri0?blocks=bli5ItEhTDGAFc32p,Animalia,,,Chordata,Tunicata,,,Ascidiacea,,,,,Phlebobranchia,,,,,,,,Ascidiidae,,,,,Ascidia,,,,Ascidiidae,ASCI,recBBauxvbzQzVri0,,,
Ascidia paratropa,SPECIES,ACCEPTED,Glassy tunicate,250022,http://www.marinespecies.org/aphia.php?p=taxdetails&id=250022,https://www.marinespecies.org/rest/AphiaClassificationByAphiaID/250022,urn:lsid:marinespecies.org:taxname:250022,https://airtable.com/tblLqtIyuwA7rbEC3/recFruMfB0Cf1hsKr?blocks=bli5ItEhTDGAFc32p,Animalia,,,Chordata,Tunicata,,,Ascidiacea,,,,,Phlebobranchia,,,,,,,,Ascidiidae,,,,,Ascidia,,Ascidia paratropa,,Ascidia,,recFruMfB0Cf1hsKr,,Quadra,
Perophoridae,FAMILY,ACCEPTED,,103447,http://www.marinespecies.org/aphia.php?p=taxdetails&id=103447,https://www.marinespecies.org/rest/AphiaClassificationByAphiaID/103447,urn:lsid:marinespecies.org:taxname:103447,https://airtable.com/tblLqtIyuwA7rbEC3/recGaCJBnLWqGmNd9?blocks=bli5ItEhTDGAFc32p,Animalia,,,Chordata,Tunicata,,,Ascidiacea,,,,,Phlebobranchia,,,,,,,,Perophoridae,,,,,,,,,Phlebobranchia,,recGaCJBnLWqGmNd9,,,
Perophora,GENUS,ACCEPTED,,103504,http://www.marinespecies.org/aphia.php?p=taxdetails&id=103504,https://www.marinespecies.org/rest/AphiaClassificationByAphiaID/103504,urn:lsid:marinespecies.org:taxname:103504,https://airtable.com/tblLqtIyuwA7rbEC3/recId1iOPxjI0pS63?blocks=bli5ItEhTDGAFc32p,Animalia,,,Chordata,Tunicata,,,Ascidiacea,,,,,Phlebobranchia,,,,,,,,Perophoridae,,,,,Perophora,,,,Perophoridae,,recId1iOPxjI0pS63,,,
Perophora annectens,SPECIES,ACCEPTED,Yellow social tunicate,250979,http://www.marinespecies.org/aphia.php?p=taxdetails&id=250979,https://www.marinespecies.org/rest/AphiaClassificationByAphiaID/250979,urn:lsid:marinespecies.org:taxname:250979,https://airtable.com/tblLqtIyuwA7rbEC3/reczNzMlkukpaOtjj?blocks=bli5ItEhTDGAFc32p,Animalia,,,Chordata,Tunicata,,,Ascidiacea,,,,,Phlebobranchia,,,,,,,,Perophoridae,,,,,Perophora,,Perophora annectens,,Perophora,PERA,reczNzMlkukpaOtjj,Perophora_annectens_2522_B1705_d05043.JPG (https://v5.airtableusercontent.com/v3/u/33/33/1727985600000/VkBV4b1zNnsb7fQ8jzfXQA/F5UF9-QUzc1GIFxKglWrSUEZmRxOmInSkVkiJPX8T7FiFkRUgRkNII8vkC45Zzb5dZsYPBjKfhN2Bt1PShbuED432gnJfxRnjvj0cTeW-ibH2Pnjb5XPAgDrzUizNlMYDitBdJkKbisxt5yS-1F61KMasWTd5BQYEHMoHBXKQwyyFArc3WXSAFYnFF_aMDUH/gf6brXUBHX61KwDOXr3Sx4jn2xPfagU-jQSBF3XYYqo),,
Stolidobranchia,ORDER,ACCEPTED,,103436,http://www.marinespecies.org/aphia.php?p=taxdetails&id=103436,https://www.marinespecies.org/rest/AphiaClassificationByAphiaID/103436,urn:lsid:marinespecies.org:taxname:103436,https://airtable.com/tblLqtIyuwA7rbEC3/recJf1tnkaRe3TVjs?blocks=bli5ItEhTDGAFc32p,Animalia,,,Chordata,Tunicata,,,Ascidiacea,,,,,Stolidobranchia,,,,,,,,,,,,,,,,,Ascidiacea,,recJf1tnkaRe3TVjs,,,
Styelidae,FAMILY,ACCEPTED,,103450,http://www.marinespecies.org/aphia.php?p=taxdetails&id=103450,https://www.marinespecies.org/rest/AphiaClassificationByAphiaID/103450,urn:lsid:marinespecies.org:taxname:103450,https://airtable.com/tblLqtIyuwA7rbEC3/recxLa1aLaOAbjBHl?blocks=bli5ItEhTDGAFc32p,Animalia,,,Chordata,Tunicata,,,Ascidiacea,,,,,Stolidobranchia,,,,,,,,Styelidae,,,,,,,,,Stolidobranchia,,recxLa1aLaOAbjBHl,,,
Botrylloides,GENUS,ACCEPTED,,103528,http://www.marinespecies.org/aphia.php?p=taxdetails&id=103528,https://www.marinespecies.org/rest/AphiaClassificationByAphiaID/103528,urn:lsid:marinespecies.org:taxname:103528,https://airtable.com/tblLqtIyuwA7rbEC3/recfNX7hABfs0cYKp?blocks=bli5ItEhTDGAFc32p,Animalia,,,Chordata,Tunicata,,,Ascidiacea,,,,,Stolidobranchia,,,,,,,,Styelidae,,,,,Botrylloides,,,,Styelidae,,recfNX7hABfs0cYKp,,,
Botrylloides violaceus,SPECIES,ACCEPTED,Chain tunicate,148715,http://www.marinespecies.org/aphia.php?p=taxdetails&id=148715,https://www.marinespecies.org/rest/AphiaClassificationByAphiaID/148715,urn:lsid:marinespecies.org:taxname:148715,https://airtable.com/tblLqtIyuwA7rbEC3/recKwawGSPrNz6iZx?blocks=bli5ItEhTDGAFc32p,Animalia,,,Chordata,Tunicata,,,Ascidiacea,,,,,Stolidobranchia,,,,,,,,Styelidae,,,,,Botrylloides,,Botrylloides violaceus,,Botrylloides,,recKwawGSPrNz6iZx,,Quadra,
Cnemidocarpa,GENUS,ACCEPTED,,103530,http://www.marinespecies.org/aphia.php?p=taxdetails&id=103530,https://www.marinespecies.org/rest/AphiaClassificationByAphiaID/103530,urn:lsid:marinespecies.org:taxname:103530,https://airtable.com/tblLqtIyuwA7rbEC3/recB4sVMc6uFFjViH?blocks=bli5ItEhTDGAFc32p,Animalia,,,Chordata,Tunicata,,,Ascidiacea,,,,,Stolidobranchia,,,,,,,,Styelidae,,,,,Cnemidocarpa,,,,Styelidae,,recB4sVMc6uFFjViH,,,
Cnemidocarpa finmarkiensis,SPECIES,ACCEPTED,Shiny red sea squirt,103870,http://www.marinespecies.org/aphia.php?p=taxdetails&id=103870,https://www.marinespecies.org/rest/AphiaClassificationByAphiaID/103870,urn:lsid:marinespecies.org:taxname:103870,https://airtable.com/tblLqtIyuwA7rbEC3/recDn0vIT4B5aoZ8L?blocks=bli5ItEhTDGAFc32p,Animalia,,,Chordata,Tunicata,,,Ascidiacea,,,,,Stolidobranchia,,,,,,,,Styelidae,,,,,Cnemidocarpa,,Cnemidocarpa finmarkiensis,,Cnemidocarpa,,recDn0vIT4B5aoZ8L,large.jpeg (https://v5.airtableusercontent.com/v3/u/33/33/1727985600000/11DPtFfxl8TbYTKEvLiPjw/2hejgazuP8DJJ5CqyaJatnpeQTbuQfBUQVr1kzFxjJc7nWoEGPmj3qg-dYxJCKZgeIBxr0zSwR6LFKr_KLZ1aPFQI_E0nzyltV_dofTdeDAGLuwXp2W2Xn6N-_GkzB71-U_KnKAs8aQ93Rlr5F59K6FQqzyJ3chfcz3CVh7OcJU/dXd4xZhUoqHFJBzb9Kgt6dlTPj5Srz13VcR9i9AxIG8),Quadra,
Metandrocarpa,GENUS,ACCEPTED,,206494,http://www.marinespecies.org/aphia.php?p=taxdetails&id=206494,https://www.marinespecies.org/rest/AphiaClassificationByAphiaID/206494,urn:lsid:marinespecies.org:taxname:206494,https://airtable.com/tblLqtIyuwA7rbEC3/recuajvXMgUTvhFeJ?blocks=bli5ItEhTDGAFc32p,Animalia,,,Chordata,Tunicata,,,Ascidiacea,,,,,Stolidobranchia,,,,,,,,Styelidae,,,,,Metandrocarpa,,,,Styelidae,,recuajvXMgUTvhFeJ,,,
Metandrocarpa taylori,SPECIES,ACCEPTED,Taylor's social tunicate,250836,http://www.marinespecies.org/aphia.php?p=taxdetails&id=250836,https://www.marinespecies.org/rest/AphiaClassificationByAphiaID/250836,urn:lsid:marinespecies.org:taxname:250836,https://airtable.com/tblLqtIyuwA7rbEC3/recYHN9Pc6MsnUAZ5?blocks=bli5ItEhTDGAFc32p,Animalia,,,Chordata,Tunicata,,,Ascidiacea,,,,,Stolidobranchia,,,,,,,,Styelidae,,,,,Metandrocarpa,,Metandrocarpa taylori,,Metandrocarpa,,recYHN9Pc6MsnUAZ5,,Quadra,
Styela,GENUS,ACCEPTED,Styela tunicate,103543,http://www.marinespecies.org/aphia.php?p=taxdetails&id=103543,https://www.marinespecies.org/rest/AphiaClassificationByAphiaID/103543,urn:lsid:marinespecies.org:taxname:103543,https://airtable.com/tblLqtIyuwA7rbEC3/recbwRamiuxIoIXLX?blocks=bli5ItEhTDGAFc32p,Animalia,,,Chordata,Tunicata,,,Ascidiacea,,,,,Stolidobranchia,,,,,,,,Styelidae,,,,,Styela,,,,Styelidae,STYE,recbwRamiuxIoIXLX,,,
Styela montereyensis,SPECIES,ACCEPTED,,240756,http://www.marinespecies.org/aphia.php?p=taxdetails&id=240756,https://www.marinespecies.org/rest/AphiaClassificationByAphiaID/240756,urn:lsid:marinespecies.org:taxname:240756,https://airtable.com/tblLqtIyuwA7rbEC3/rec9gRhlKFFRKz5YE?blocks=bli5ItEhTDGAFc32p,Animalia,,,Chordata,Tunicata,,,Ascidiacea,,,,,Stolidobranchia,,,,,,,,Styelidae,,,,,Styela,,Styela montereyensis,,Styela,STMO,rec9gRhlKFFRKz5YE,"Styela_montereyensis_2451_B0188_d00354.JPG (https://v5.airtableusercontent.com/v3/u/33/33/1727985600000/2_ra2HLUdWKbgBmoPkgTdA/vQJ8h6Jv9jDNmhGY1sgNZT5l5eIUDrP3x3XRzmPCOe_a0q1GY_gcDgMqX4d_3GcFZK8Wjr7h6SKKP56ei4IAHylvDeL34nhe5IcgNIge43_R7I6WQroC7sbUxLZiA4wtC8g7DgNHKMAKULieHanysXJjgBgOmOzryxvAYXoczQamlkQICXGqLFWrGaFu5-9t/eCURLoj1Bs1vmlN3lu_LirTS-nlqiLVFHKr4LUQYd5M),Styela_montereyensis_2452_B0189_d00357.JPG (https://v5.airtableusercontent.com/v3/u/33/33/1727985600000/3qpxpPIlnX02e_ues_t7KQ/S7kUy8LLv49TCE2y1urJIc5mU3ALXPpfLNX1SnwTU4SwoSWDfR5tg8YuYlnC8kyoKEy3TOZUa47C9SSd6NhC7EcaUArYDm9Y9EQTtNH3RojQeT43OIyqP3V2p0or5YNLf2RT_TsFhuVvAHTsgnUz7uhkoeZnTa5i5uZSAldMcn4uX1ONPKYNB7bTnG6Rnklh/sSNFNGR_7j7wQiPhZQYd24D_phzhrq4_uoj5jfC514E)",,
Styela yakutatensis,SPECIES,ACCEPTED,Club Tunicate,251422,http://www.marinespecies.org/aphia.php?p=taxdetails&id=251422,https://www.marinespecies.org/rest/AphiaClassificationByAphiaID/251422,urn:lsid:marinespecies.org:taxname:251422,https://airtable.com/tblLqtIyuwA7rbEC3/recfCTQNyC7KNfvQ5?blocks=bli5ItEhTDGAFc32p,Animalia,,,Chordata,Tunicata,,,Ascidiacea,,,,,Stolidobranchia,,,,,,,,Styelidae,,,,,Styela,,Styela yakutatensis,,Styela,STYY,recfCTQNyC7KNfvQ5,,,
Vertebrata ,SUBPHYLUM,ACCEPTED,,146419,http://www.marinespecies.org/aphia.php?p=taxdetails&id=146419,https://www.marinespecies.org/rest/AphiaClassificationByAphiaID/146419,urn:lsid:marinespecies.org:taxname:146419,https://airtable.com/tblLqtIyuwA7rbEC3/recmxEe8mOzGBaD66?blocks=bli5ItEhTDGAFc32p,Animalia,,,Chordata,Vertebrata ,,,,,,,,,,,,,,,,,,,,,,,,,Chordata,,recmxEe8mOzGBaD66,,,
Gnathostomata,INFRAPHYLUM,ACCEPTED,,1828,http://www.marinespecies.org/aphia.php?p=taxdetails&id=1828,https://www.marinespecies.org/rest/AphiaClassificationByAphiaID/1828,urn:lsid:marinespecies.org:taxname:1828,https://airtable.com/tblLqtIyuwA7rbEC3/recz5AK5PFjCW5o95?blocks=bli5ItEhTDGAFc32p,Animalia,,,Chordata,Vertebrata ,Gnathostomata,,,,,,,,,,,,,,,,,,,,,,,,Vertebrata ,,recz5AK5PFjCW5o95,,,
Pisces,SUPERCLASS,ACCEPTED,,11676,http://www.marinespecies.org/aphia.php?p=taxdetails&id=11676,https://www.marinespecies.org/rest/AphiaClassificationByAphiaID/11676,urn:lsid:marinespecies.org:taxname:11676,https://airtable.com/tblLqtIyuwA7rbEC3/recSWFEQX85HqnTTV?blocks=bli5ItEhTDGAFc32p,Animalia,,,Chordata,Vertebrata ,Gnathostomata,Pisces,,,,,,,,,,,,,,,,,,,,,,,Gnathostomata,,recSWFEQX85HqnTTV,,,
Actinopterygii,CLASS,ACCEPTED,,10194,http://www.marinespecies.org/aphia.php?p=taxdetails&id=10194,https://www.marinespecies.org/rest/AphiaClassificationByAphiaID/10194,urn:lsid:marinespecies.org:taxname:10194,https://airtable.com/tblLqtIyuwA7rbEC3/recioPhVwcfgkidob?blocks=bli5ItEhTDGAFc32p,Animalia,,,Chordata,Vertebrata ,Gnathostomata,Pisces,Actinopterygii,,,,,,,,,,,,,,,,,,,,,,Pisces,,recioPhVwcfgkidob,,,
Clupeiformes,ORDER,ACCEPTED,,10297,http://www.marinespecies.org/aphia.php?p=taxdetails&id=10297,https://www.marinespecies.org/rest/AphiaClassificationByAphiaID/10297,urn:lsid:marinespecies.org:taxname:10297,https://airtable.com/tblLqtIyuwA7rbEC3/recUsj5TsBNnUmKpi?blocks=bli5ItEhTDGAFc32p,Animalia,,,Chordata,Vertebrata ,Gnathostomata,Pisces,Actinopterygii,,,,,Clupeiformes,,,,,,,,,,,,,,,,,Actinopterygii,,recUsj5TsBNnUmKpi,,,
Clupeidae,FAMILY,ACCEPTED,,125464,http://www.marinespecies.org/aphia.php?p=taxdetails&id=125464,https://www.marinespecies.org/rest/AphiaClassificationByAphiaID/125464,urn:lsid:marinespecies.org:taxname:125464,https://airtable.com/tblLqtIyuwA7rbEC3/recY5XgrJkYSxlyMf?blocks=bli5ItEhTDGAFc32p,Animalia,,,Chordata,Vertebrata ,Gnathostomata,Pisces,Actinopterygii,,,,,Clupeiformes,,,,,,,,Clupeidae,,,,,,,,,Clupeiformes,,recY5XgrJkYSxlyMf,,,
Alosa,GENUS,ACCEPTED,,125715,http://www.marinespecies.org/aphia.php?p=taxdetails&id=125715,https://www.marinespecies.org/rest/AphiaClassificationByAphiaID/125715,urn:lsid:marinespecies.org:taxname:125715,https://airtable.com/tblLqtIyuwA7rbEC3/recsTp5oRuY0r8QEi?blocks=bli5ItEhTDGAFc32p,Animalia,,,Chordata,Vertebrata ,Gnathostomata,Pisces,Actinopterygii,,,,,Clupeiformes,,,,,,,,Clupeidae,,,,,Alosa,,,,Clupeidae,,recsTp5oRuY0r8QEi,,,
Alosa sapidissima,SPECIES,ACCEPTED,American shad,158670,http://www.marinespecies.org/aphia.php?p=taxdetails&id=158670,https://www.marinespecies.org/rest/AphiaClassificationByAphiaID/158670,urn:lsid:marinespecies.org:taxname:158670,https://airtable.com/tblLqtIyuwA7rbEC3/recCNJhxcBKuuFNek?blocks=bli5ItEhTDGAFc32p,Animalia,,,Chordata,Vertebrata ,Gnathostomata,Pisces,Actinopterygii,,,,,Clupeiformes,,,,,,,,Clupeidae,,,,,Alosa,,Alosa sapidissima,,Alosa,"AMSH,AMSH,AMSH,amsh,amsh",recCNJhxcBKuuFNek,,,
Clupea,GENUS,ACCEPTED,,125716,http://www.marinespecies.org/aphia.php?p=taxdetails&id=125716,https://www.marinespecies.org/rest/AphiaClassificationByAphiaID/125716,urn:lsid:marinespecies.org:taxname:125716,https://airtable.com/tblLqtIyuwA7rbEC3/reclTflv2xI6sFutf?blocks=bli5ItEhTDGAFc32p,Animalia,,,Chordata,Vertebrata ,Gnathostomata,Pisces,Actinopterygii,,,,,Clupeiformes,,,,,,,,Clupeidae,,,,,Clupea,,,,Clupeidae,,reclTflv2xI6sFutf,,,
Clupea pallasii,SPECIES,ACCEPTED,Herring,151159,http://www.marinespecies.org/aphia.php?p=taxdetails&id=151159,https://www.marinespecies.org/rest/AphiaClassificationByAphiaID/151159,urn:lsid:marinespecies.org:taxname:151159,https://airtable.com/tblLqtIyuwA7rbEC3/recXlPWWXXkzUhBkv?blocks=bli5ItEhTDGAFc32p,Animalia,,,Chordata,Vertebrata ,Gnathostomata,Pisces,Actinopterygii,,,,,Clupeiformes,,,,,,,,Clupeidae,,,,,Clupea,,Clupea pallasii,,Clupea,"HERR,herr,HERR,herr,HERR",recXlPWWXXkzUhBkv,,,
Sardinops,GENUS,ACCEPTED,,203974,http://www.marinespecies.org/aphia.php?p=taxdetails&id=203974,https://www.marinespecies.org/rest/AphiaClassificationByAphiaID/203974,urn:lsid:marinespecies.org:taxname:203974,https://airtable.com/tblLqtIyuwA7rbEC3/rec0n3VxD48A3VYzU?blocks=bli5ItEhTDGAFc32p,Animalia,,,Chordata,Vertebrata ,Gnathostomata,Pisces,Actinopterygii,,,,,Clupeiformes,,,,,,,,Clupeidae,,,,,Sardinops,,,,Clupeidae,,rec0n3VxD48A3VYzU,,,
Sardinops sagax,SPECIES,ACCEPTED,Pacific sardine,217452,http://www.marinespecies.org/aphia.php?p=taxdetails&id=217452,https://www.marinespecies.org/rest/AphiaClassificationByAphiaID/217452,urn:lsid:marinespecies.org:taxname:217452,https://airtable.com/tblLqtIyuwA7rbEC3/recALuHXCIAtmASBV?blocks=bli5ItEhTDGAFc32p,Animalia,,,Chordata,Vertebrata ,Gnathostomata,Pisces,Actinopterygii,,,,,Clupeiformes,,,,,,,,Clupeidae,,,,,Sardinops,,Sardinops sagax,,Sardinops,"SARD,SARD,SARD,sard,sard",recALuHXCIAtmASBV,,,
Engraulidae,FAMILY,ACCEPTED,,125465,http://www.marinespecies.org/aphia.php?p=taxdetails&id=125465,https://www.marinespecies.org/rest/AphiaClassificationByAphiaID/125465,urn:lsid:marinespecies.org:taxname:125465,https://airtable.com/tblLqtIyuwA7rbEC3/rectGwCo13JSBduwp?blocks=bli5ItEhTDGAFc32p,Animalia,,,Chordata,Vertebrata ,Gnathostomata,Pisces,Actinopterygii,,,,,Clupeiformes,,,,,,,,Engraulidae,,,,,,,,,Clupeiformes,,rectGwCo13JSBduwp,,,
Engraulis,GENUS,ACCEPTED,,125724,http://www.marinespecies.org/aphia.php?p=taxdetails&id=125724,https://www.marinespecies.org/rest/AphiaClassificationByAphiaID/125724,urn:lsid:marinespecies.org:taxname:125724,https://airtable.com/tblLqtIyuwA7rbEC3/recmIN7RLVxkVoMT4?blocks=bli5ItEhTDGAFc32p,Animalia,,,Chordata,Vertebrata ,Gnathostomata,Pisces,Actinopterygii,,,,,Clupeiformes,,,,,,,,Engraulidae,,,,,Engraulis,,,,Engraulidae,,recmIN7RLVxkVoMT4,,,
Engraulis mordax,SPECIES,ACCEPTED,Northern anchovy,272286,http://www.marinespecies.org/aphia.php?p=taxdetails&id=272286,https://www.marinespecies.org/rest/AphiaClassificationByAphiaID/272286,urn:lsid:marinespecies.org:taxname:272286,https://airtable.com/tblLqtIyuwA7rbEC3/recHvtzhpxOGfTjN4?blocks=bli5ItEhTDGAFc32p,Animalia,,,Chordata,Vertebrata ,Gnathostomata,Pisces,Actinopterygii,,,,,Clupeiformes,,,,,,,,Engraulidae,,,,,Engraulis,,Engraulis mordax,,Engraulis,"NOAN,NOAN,NOAN,noan,noan",recHvtzhpxOGfTjN4,,,
Gadiformes,ORDER,ACCEPTED,,10313,http://www.marinespecies.org/aphia.php?p=taxdetails&id=10313,https://www.marinespecies.org/rest/AphiaClassificationByAphiaID/10313,urn:lsid:marinespecies.org:taxname:10313,https://airtable.com/tblLqtIyuwA7rbEC3/rectfJPT7E7Jw7oUs?blocks=bli5ItEhTDGAFc32p,Animalia,,,Chordata,Vertebrata ,Gnathostomata,Pisces,Actinopterygii,,,,,Gadiformes,,,,,,,,,,,,,,,,,Actinopterygii,,rectfJPT7E7Jw7oUs,,,
Gadidae,FAMILY,ACCEPTED,,125469,http://www.marinespecies.org/aphia.php?p=taxdetails&id=125469,https://www.marinespecies.org/rest/AphiaClassificationByAphiaID/125469,urn:lsid:marinespecies.org:taxname:125469,https://airtable.com/tblLqtIyuwA7rbEC3/rec9664ppimDg9g72?blocks=bli5ItEhTDGAFc32p,Animalia,,,Chordata,Vertebrata ,Gnathostomata,Pisces,Actinopterygii,,,,,Gadiformes,,,,,,,,Gadidae,,,,,,,,,Gadiformes,,rec9664ppimDg9g72,,,
Gadus,GENUS,ACCEPTED,,125732,http://www.marinespecies.org/aphia.php?p=taxdetails&id=125732,https://www.marinespecies.org/rest/AphiaClassificationByAphiaID/125732,urn:lsid:marinespecies.org:taxname:125732,https://airtable.com/tblLqtIyuwA7rbEC3/recF6rBKwl5JL1Rek?blocks=bli5ItEhTDGAFc32p,Animalia,,,Chordata,Vertebrata ,Gnathostomata,Pisces,Actinopterygii,,,,,Gadiformes,,,,,,,,Gadidae,,,,,Gadus,,,,Gadidae,,recF6rBKwl5JL1Rek,,,
Gadus chalcogrammus,SPECIES,ACCEPTED,Walleye pollock,300735,http://www.marinespecies.org/aphia.php?p=taxdetails&id=300735,https://www.marinespecies.org/rest/AphiaClassificationByAphiaID/300735,urn:lsid:marinespecies.org:taxname:300735,https://airtable.com/tblLqtIyuwA7rbEC3/recvsd98X8cilS5A4?blocks=bli5ItEhTDGAFc32p,Animalia,,,Chordata,Vertebrata ,Gnathostomata,Pisces,Actinopterygii,,,,,Gadiformes,,,,,,,,Gadidae,,,,,Gadus,,Gadus chalcogrammus,,Gadus,"WALL,WALL,WALL,wall,wall",recvsd98X8cilS5A4,,,
Gadus macrocephalus,SPECIES,ACCEPTED,Pacific cod,254538,http://www.marinespecies.org/aphia.php?p=taxdetails&id=254538,https://www.marinespecies.org/rest/AphiaClassificationByAphiaID/254538,urn:lsid:marinespecies.org:taxname:254538,https://airtable.com/tblLqtIyuwA7rbEC3/recZTsC13dcSmcY7z?blocks=bli5ItEhTDGAFc32p,Animalia,,,Chordata,Vertebrata ,Gnathostomata,Pisces,Actinopterygii,,,,,Gadiformes,,,,,,,,Gadidae,,,,,Gadus,,Gadus macrocephalus,,Gadus,"PACO,PACO,PACO,paco,paco",recZTsC13dcSmcY7z,,,
Microgadus,GENUS,ACCEPTED,,158927,http://www.marinespecies.org/aphia.php?p=taxdetails&id=158927,https://www.marinespecies.org/rest/AphiaClassificationByAphiaID/158927,urn:lsid:marinespecies.org:taxname:158927,https://airtable.com/tblLqtIyuwA7rbEC3/rec4SGgWydcodyJ8c?blocks=bli5ItEhTDGAFc32p,Animalia,,,Chordata,Vertebrata ,Gnathostomata,Pisces,Actinopterygii,,,,,Gadiformes,,,,,,,,Gadidae,,,,,Microgadus,,,,Gadidae,,rec4SGgWydcodyJ8c,,,
Microgadus proximus,SPECIES,ACCEPTED,Tomcod,275873,http://www.marinespecies.org/aphia.php?p=taxdetails&id=275873,https://www.marinespecies.org/rest/AphiaClassificationByAphiaID/275873,urn:lsid:marinespecies.org:taxname:275873,https://airtable.com/tblLqtIyuwA7rbEC3/recwOpTCGYBwnaEEA?blocks=bli5ItEhTDGAFc32p,Animalia,,,Chordata,Vertebrata ,Gnathostomata,Pisces,Actinopterygii,,,,,Gadiformes,,,,,,,,Gadidae,,,,,Microgadus,,Microgadus proximus,,Microgadus,"TOMC,TOMC,TOMC,tomc,tomc",recwOpTCGYBwnaEEA,,,
Gasterosteiformes,ORDER,ACCEPTED,,10326,http://www.marinespecies.org/aphia.php?p=taxdetails&id=10326,https://www.marinespecies.org/rest/AphiaClassificationByAphiaID/10326,urn:lsid:marinespecies.org:taxname:10326,https://airtable.com/tblLqtIyuwA7rbEC3/recjK0P2kjZDxxxVN?blocks=bli5ItEhTDGAFc32p,Animalia,,,Chordata,Vertebrata ,Gnathostomata,Pisces,Actinopterygii,,,,,Gasterosteiformes,,,,,,,,,,,,,,,,,Actinopterygii,,recjK0P2kjZDxxxVN,,,
Aulorhynchidae,FAMILY,ACCEPTED,,267013,http://www.marinespecies.org/aphia.php?p=taxdetails&id=267013,https://www.marinespecies.org/rest/AphiaClassificationByAphiaID/267013,urn:lsid:marinespecies.org:taxname:267013,https://airtable.com/tblLqtIyuwA7rbEC3/recVARGRDLqNNBtLu?blocks=bli5ItEhTDGAFc32p,Animalia,,,Chordata,Vertebrata ,Gnathostomata,Pisces,Actinopterygii,,,,,Gasterosteiformes,,,,,,,,Aulorhynchidae,,,,,,,,,Gasterosteiformes,,recVARGRDLqNNBtLu,,,
Aulorhynchus,GENUS,ACCEPTED,,268458,http://www.marinespecies.org/aphia.php?p=taxdetails&id=268458,https://www.marinespecies.org/rest/AphiaClassificationByAphiaID/268458,urn:lsid:marinespecies.org:taxname:268458,https://airtable.com/tblLqtIyuwA7rbEC3/recHncffPlBiVljkn?blocks=bli5ItEhTDGAFc32p,Animalia,,,Chordata,Vertebrata ,Gnathostomata,Pisces,Actinopterygii,,,,,Gasterosteiformes,,,,,,,,Aulorhynchidae,,,,,Aulorhynchus,,,,Aulorhynchidae,,recHncffPlBiVljkn,,,
Aulorhynchus flavidus,SPECIES,ACCEPTED,Tubesnout,279839,http://www.marinespecies.org/aphia.php?p=taxdetails&id=279839,https://www.marinespecies.org/rest/AphiaClassificationByAphiaID/279839,urn:lsid:marinespecies.org:taxname:279839,https://airtable.com/tblLqtIyuwA7rbEC3/reca1NsEY8Ng4HvYo?blocks=bli5ItEhTDGAFc32p,Animalia,,,Chordata,Vertebrata ,Gnathostomata,Pisces,Actinopterygii,,,,,Gasterosteiformes,,,,,,,,Aulorhynchidae,,,,,Aulorhynchus,,Aulorhynchus flavidus,,Aulorhynchus,"TUBE,TUBE,TUBE,tube,tube",reca1NsEY8Ng4HvYo,,,
Gasterosteidae,FAMILY,ACCEPTED,,125476,http://www.marinespecies.org/aphia.php?p=taxdetails&id=125476,https://www.marinespecies.org/rest/AphiaClassificationByAphiaID/125476,urn:lsid:marinespecies.org:taxname:125476,https://airtable.com/tblLqtIyuwA7rbEC3/rec3cbI3bqOi0Lbrm?blocks=bli5ItEhTDGAFc32p,Animalia,,,Chordata,Vertebrata ,Gnathostomata,Pisces,Actinopterygii,,,,,Gasterosteiformes,,,,,,,,Gasterosteidae,,,,,,,,,Gasterosteiformes,,rec3cbI3bqOi0Lbrm,,,
Gasterosteus,GENUS,ACCEPTED,,125775,http://www.marinespecies.org/aphia.php?p=taxdetails&id=125775,https://www.marinespecies.org/rest/AphiaClassificationByAphiaID/125775,urn:lsid:marinespecies.org:taxname:125775,https://airtable.com/tblLqtIyuwA7rbEC3/rec5e82Ld7yOcZPb0?blocks=bli5ItEhTDGAFc32p,Animalia,,,Chordata,Vertebrata ,Gnathostomata,Pisces,Actinopterygii,,,,,Gasterosteiformes,,,,,,,,Gasterosteidae,,,,,Gasterosteus,,,,Gasterosteidae,,rec5e82Ld7yOcZPb0,,,
Gasterosteus aculeatus,SPECIES,ACCEPTED,Threespine stickleback,126505,http://www.marinespecies.org/aphia.php?p=taxdetails&id=126505,https://www.marinespecies.org/rest/AphiaClassificationByAphiaID/126505,urn:lsid:marinespecies.org:taxname:126505,https://airtable.com/tblLqtIyuwA7rbEC3/recVJpflVGru6cwez?blocks=bli5ItEhTDGAFc32p,Animalia,,,Chordata,Vertebrata ,Gnathostomata,Pisces,Actinopterygii,,,,,Gasterosteiformes,,,,,,,,Gasterosteidae,,,,,Gasterosteus,,Gasterosteus aculeatus,,Gasterosteus,"THST,THST,THST,thst,thst",recVJpflVGru6cwez,,,
Gobiesociformes,ORDER,ACCEPTED,,10317,http://www.marinespecies.org/aphia.php?p=taxdetails&id=10317,https://www.marinespecies.org/rest/AphiaClassificationByAphiaID/10317,urn:lsid:marinespecies.org:taxname:10317,https://airtable.com/tblLqtIyuwA7rbEC3/recodBP43dVaoGrae?blocks=bli5ItEhTDGAFc32p,Animalia,,,Chordata,Vertebrata ,Gnathostomata,Pisces,Actinopterygii,,,,,Gobiesociformes,,,,,,,,,,,,,,,,,Actinopterygii,,recodBP43dVaoGrae,,,
Gobiesocidae,FAMILY,ACCEPTED,,125477,http://www.marinespecies.org/aphia.php?p=taxdetails&id=125477,https://www.marinespecies.org/rest/AphiaClassificationByAphiaID/125477,urn:lsid:marinespecies.org:taxname:125477,https://airtable.com/tblLqtIyuwA7rbEC3/recwLadgyw9uKfMzI?blocks=bli5ItEhTDGAFc32p,Animalia,,,Chordata,Vertebrata ,Gnathostomata,Pisces,Actinopterygii,,,,,Gobiesociformes,,,,,,,,Gobiesocidae,,,,,,,,,Gobiesociformes,,recwLadgyw9uKfMzI,,,
Gobiesocinae,SUBFAMILY,ACCEPTED,,154745,http://www.marinespecies.org/aphia.php?p=taxdetails&id=154745,https://www.marinespecies.org/rest/AphiaClassificationByAphiaID/154745,urn:lsid:marinespecies.org:taxname:154745,https://airtable.com/tblLqtIyuwA7rbEC3/recaP0sicteqeU7Qi?blocks=bli5ItEhTDGAFc32p,Animalia,,,Chordata,Vertebrata ,Gnathostomata,Pisces,Actinopterygii,,,,,Gobiesociformes,,,,,,,,Gobiesocidae,Gobiesocinae,,,,,,,,Gobiesocidae,,recaP0sicteqeU7Qi,,,
Gobiesox,GENUS,ACCEPTED,,158785,http://www.marinespecies.org/aphia.php?p=taxdetails&id=158785,https://www.marinespecies.org/rest/AphiaClassificationByAphiaID/158785,urn:lsid:marinespecies.org:taxname:158785,https://airtable.com/tblLqtIyuwA7rbEC3/recJsexrsdrzwAJaC?blocks=bli5ItEhTDGAFc32p,Animalia,,,Chordata,Vertebrata ,Gnathostomata,Pisces,Actinopterygii,,,,,Gobiesociformes,,,,,,,,Gobiesocidae,Gobiesocinae,,,,Gobiesox,,,,Gobiesocinae,,recJsexrsdrzwAJaC,,,
Gobiesox maeandricus,SPECIES,ACCEPTED,Northern clingfish,275671,http://www.marinespecies.org/aphia.php?p=taxdetails&id=275671,https://www.marinespecies.org/rest/AphiaClassificationByAphiaID/275671,urn:lsid:marinespecies.org:taxname:275671,https://airtable.com/tblLqtIyuwA7rbEC3/reci9YdMhzVUo8tbt?blocks=bli5ItEhTDGAFc32p,Animalia,,,Chordata,Vertebrata ,Gnathostomata,Pisces,Actinopterygii,,,,,Gobiesociformes,,,,,,,,Gobiesocidae,Gobiesocinae,,,,Gobiesox,,Gobiesox maeandricus,,Gobiesox,"NOCL,NOCL,NOCL,nocl,nocl",reci9YdMhzVUo8tbt,,,
Rimicola,GENUS,ACCEPTED,,270760,http://www.marinespecies.org/aphia.php?p=taxdetails&id=270760,https://www.marinespecies.org/rest/AphiaClassificationByAphiaID/270760,urn:lsid:marinespecies.org:taxname:270760,https://airtable.com/tblLqtIyuwA7rbEC3/recZp2JWKediVF2PY?blocks=bli5ItEhTDGAFc32p,Animalia,,,Chordata,Vertebrata ,Gnathostomata,Pisces,Actinopterygii,,,,,Gobiesociformes,,,,,,,,Gobiesocidae,Gobiesocinae,,,,Rimicola,,,,Gobiesocinae,,recZp2JWKediVF2PY,,,
Rimicola muscarum,SPECIES,ACCEPTED,Kelp clingfish,282617,http://www.marinespecies.org/aphia.php?p=taxdetails&id=282617,https://www.marinespecies.org/rest/AphiaClassificationByAphiaID/282617,urn:lsid:marinespecies.org:taxname:282617,https://airtable.com/tblLqtIyuwA7rbEC3/recJFZPG1U3oJsPSu?blocks=bli5ItEhTDGAFc32p,Animalia,,,Chordata,Vertebrata ,Gnathostomata,Pisces,Actinopterygii,,,,,Gobiesociformes,,,,,,,,Gobiesocidae,Gobiesocinae,,,,Rimicola,,Rimicola muscarum,,Rimicola,"KECL,KECL,KECL,kecl,kecl",recJFZPG1U3oJsPSu,,,
Osmeriformes,ORDER,ACCEPTED,,10304,http://www.marinespecies.org/aphia.php?p=taxdetails&id=10304,https://www.marinespecies.org/rest/AphiaClassificationByAphiaID/10304,urn:lsid:marinespecies.org:taxname:10304,https://airtable.com/tblLqtIyuwA7rbEC3/rec809aXxy3K7mol9?blocks=bli5ItEhTDGAFc32p,Animalia,,,Chordata,Vertebrata ,Gnathostomata,Pisces,Actinopterygii,,,,,Osmeriformes,,,,,,,,,,,,,,,,,Actinopterygii,,rec809aXxy3K7mol9,,,
Osmeridae,FAMILY,ACCEPTED,,125513,http://www.marinespecies.org/aphia.php?p=taxdetails&id=125513,https://www.marinespecies.org/rest/AphiaClassificationByAphiaID/125513,urn:lsid:marinespecies.org:taxname:125513,https://airtable.com/tblLqtIyuwA7rbEC3/recZ9CwJ8Mo0pp6iY?blocks=bli5ItEhTDGAFc32p,Animalia,,,Chordata,Vertebrata ,Gnathostomata,Pisces,Actinopterygii,,,,,Osmeriformes,,,,,,,,Osmeridae,,,,,,,,,Osmeriformes,,recZ9CwJ8Mo0pp6iY,,,
Hypomesus,GENUS,ACCEPTED,,254339,http://www.marinespecies.org/aphia.php?p=taxdetails&id=254339,https://www.marinespecies.org/rest/AphiaClassificationByAphiaID/254339,urn:lsid:marinespecies.org:taxname:254339,https://airtable.com/tblLqtIyuwA7rbEC3/recn6ieXuiq6mRGFC?blocks=bli5ItEhTDGAFc32p,Animalia,,,Chordata,Vertebrata ,Gnathostomata,Pisces,Actinopterygii,,,,,Osmeriformes,,,,,,,,Osmeridae,,,,,Hypomesus,,,,Osmeridae,,recn6ieXuiq6mRGFC,,,
Hypomesus pretiosus,SPECIES,ACCEPTED,Surf smelt,279422,http://www.marinespecies.org/aphia.php?p=taxdetails&id=279422,https://www.marinespecies.org/rest/AphiaClassificationByAphiaID/279422,urn:lsid:marinespecies.org:taxname:279422,https://airtable.com/tblLqtIyuwA7rbEC3/recg5aAfSAsCEe4X0?blocks=bli5ItEhTDGAFc32p,Animalia,,,Chordata,Vertebrata ,Gnathostomata,Pisces,Actinopterygii,,,,,Osmeriformes,,,,,,,,Osmeridae,,,,,Hypomesus,,Hypomesus pretiosus,,Hypomesus,"SUSM,SUSM,SUSM,susm,susm",recg5aAfSAsCEe4X0,,,
Perciformes,ORDER,ACCEPTED,,11014,http://www.marinespecies.org/aphia.php?p=taxdetails&id=11014,https://www.marinespecies.org/rest/AphiaClassificationByAphiaID/11014,urn:lsid:marinespecies.org:taxname:11014,https://airtable.com/tblLqtIyuwA7rbEC3/recnMGNFRiV4JDGG6?blocks=bli5ItEhTDGAFc32p,Animalia,,,Chordata,Vertebrata ,Gnathostomata,Pisces,Actinopterygii,,,,,Perciformes,,,,,,,,,,,,,,,,,Actinopterygii,,recnMGNFRiV4JDGG6,,,
Blennioidei,SUBORDER,ACCEPTED,,151738,http://www.marinespecies.org/aphia.php?p=taxdetails&id=151738,https://www.marinespecies.org/rest/AphiaClassificationByAphiaID/151738,urn:lsid:marinespecies.org:taxname:151738,https://airtable.com/tblLqtIyuwA7rbEC3/recz2YWvHVpiJGEaT?blocks=bli5ItEhTDGAFc32p,Animalia,,,Chordata,Vertebrata ,Gnathostomata,Pisces,Actinopterygii,,,,,Perciformes,Blennioidei,,,,,,,,,,,,,,,,Perciformes,,recz2YWvHVpiJGEaT,,,
Clinidae,FAMILY,ACCEPTED,,125530,http://www.marinespecies.org/aphia.php?p=taxdetails&id=125530,https://www.marinespecies.org/rest/AphiaClassificationByAphiaID/125530,urn:lsid:marinespecies.org:taxname:125530,https://airtable.com/tblLqtIyuwA7rbEC3/receuZlMzCV4m1F6p?blocks=bli5ItEhTDGAFc32p,Animalia,,,Chordata,Vertebrata ,Gnathostomata,Pisces,Actinopterygii,,,,,Perciformes,Blennioidei,,,,,,,Clinidae,,,,,,,,,Blennioidei,,receuZlMzCV4m1F6p,,,
Gibbonsia,GENUS,ACCEPTED,,269206,http://www.marinespecies.org/aphia.php?p=taxdetails&id=269206,https://www.marinespecies.org/rest/AphiaClassificationByAphiaID/269206,urn:lsid:marinespecies.org:taxname:269206,https://airtable.com/tblLqtIyuwA7rbEC3/reccYBj1SeC5mOd5V?blocks=bli5ItEhTDGAFc32p,Animalia,,,Chordata,Vertebrata ,Gnathostomata,Pisces,Actinopterygii,,,,,Perciformes,Blennioidei,,,,,,,Clinidae,,,,,Gibbonsia,,,,Clinidae,,reccYBj1SeC5mOd5V,,,
Gibbonsia metzi,SPECIES,ACCEPTED,Striped kelpfish,280835,http://www.marinespecies.org/aphia.php?p=taxdetails&id=280835,https://www.marinespecies.org/rest/AphiaClassificationByAphiaID/280835,urn:lsid:marinespecies.org:taxname:280835,https://airtable.com/tblLqtIyuwA7rbEC3/recRvrRt0PMEM6964?blocks=bli5ItEhTDGAFc32p,Animalia,,,Chordata,Vertebrata ,Gnathostomata,Pisces,Actinopterygii,,,,,Perciformes,Blennioidei,,,,,,,Clinidae,,,,,Gibbonsia,,Gibbonsia metzi,,Gibbonsia,"STKE,STKE,STKE,stke,stke",recRvrRt0PMEM6964,,,
Gobioidei,SUBORDER,ACCEPTED,,151743,http://www.marinespecies.org/aphia.php?p=taxdetails&id=151743,https://www.marinespecies.org/rest/AphiaClassificationByAphiaID/151743,urn:lsid:marinespecies.org:taxname:151743,https://airtable.com/tblLqtIyuwA7rbEC3/recZlcwTLw48miCLV?blocks=bli5ItEhTDGAFc32p,Animalia,,,Chordata,Vertebrata ,Gnathostomata,Pisces,Actinopterygii,,,,,Perciformes,Gobioidei,,,,,,,,,,,,,,,,Perciformes,,recZlcwTLw48miCLV,,,
Gobiidae,FAMILY,ACCEPTED,,125537,http://www.marinespecies.org/aphia.php?p=taxdetails&id=125537,https://www.marinespecies.org/rest/AphiaClassificationByAphiaID/125537,urn:lsid:marinespecies.org:taxname:125537,https://airtable.com/tblLqtIyuwA7rbEC3/recakqy4QcN0qYsxp?blocks=bli5ItEhTDGAFc32p,Animalia,,,Chordata,Vertebrata ,Gnathostomata,Pisces,Actinopterygii,,,,,Perciformes,Gobioidei,,,,,,,Gobiidae,,,,,,,,,Gobioidei,,recakqy4QcN0qYsxp,,,
Gobiinae,SUBFAMILY,ACCEPTED,,267094,http://www.marinespecies.org/aphia.php?p=taxdetails&id=267094,https://www.marinespecies.org/rest/AphiaClassificationByAphiaID/267094,urn:lsid:marinespecies.org:taxname:267094,https://airtable.com/tblLqtIyuwA7rbEC3/rec5cCztB1mcRxDm4?blocks=bli5ItEhTDGAFc32p,Animalia,,,Chordata,Vertebrata ,Gnathostomata,Pisces,Actinopterygii,,,,,Perciformes,Gobioidei,,,,,,,Gobiidae,Gobiinae,,,,,,,,Gobiidae,,rec5cCztB1mcRxDm4,,,
Rhinogobiops,GENUS,ACCEPTED,,270736,http://www.marinespecies.org/aphia.php?p=taxdetails&id=270736,https://www.marinespecies.org/rest/AphiaClassificationByAphiaID/270736,urn:lsid:marinespecies.org:taxname:270736,https://airtable.com/tblLqtIyuwA7rbEC3/recV9Nn71kxnWVFXT?blocks=bli5ItEhTDGAFc32p,Animalia,,,Chordata,Vertebrata ,Gnathostomata,Pisces,Actinopterygii,,,,,Perciformes,Gobioidei,,,,,,,Gobiidae,Gobiinae,,,,Rhinogobiops,,,,Gobiinae,,recV9Nn71kxnWVFXT,,,
Rhinogobiops nicholsii,SPECIES,ACCEPTED,Blackeye goby,282580,http://www.marinespecies.org/aphia.php?p=taxdetails&id=282580,https://www.marinespecies.org/rest/AphiaClassificationByAphiaID/282580,urn:lsid:marinespecies.org:taxname:282580,https://airtable.com/tblLqtIyuwA7rbEC3/recPQ2EosMdK4jeKb?blocks=bli5ItEhTDGAFc32p,Animalia,,,Chordata,Vertebrata ,Gnathostomata,Pisces,Actinopterygii,,,,,Perciformes,Gobioidei,,,,,,,Gobiidae,Gobiinae,,,,Rhinogobiops,,Rhinogobiops nicholsii,,Rhinogobiops,"BLGO,blgo,blgo,BLGO,BLGO",recPQ2EosMdK4jeKb,,,
Gobionellinae,SUBFAMILY,ACCEPTED,,267095,http://www.marinespecies.org/aphia.php?p=taxdetails&id=267095,https://www.marinespecies.org/rest/AphiaClassificationByAphiaID/267095,urn:lsid:marinespecies.org:taxname:267095,https://airtable.com/tblLqtIyuwA7rbEC3/rec5ZZGWcqZbsS9eH?blocks=bli5ItEhTDGAFc32p,Animalia,,,Chordata,Vertebrata ,Gnathostomata,Pisces,Actinopterygii,,,,,Perciformes,Gobioidei,,,,,,,Gobiidae,Gobionellinae,,,,,,,,Gobiidae,,rec5ZZGWcqZbsS9eH,,,
Clevelandia,GENUS,ACCEPTED,,268793,http://www.marinespecies.org/aphia.php?p=taxdetails&id=268793,https://www.marinespecies.org/rest/AphiaClassificationByAphiaID/268793,urn:lsid:marinespecies.org:taxname:268793,https://airtable.com/tblLqtIyuwA7rbEC3/recDYZOK4Jxqgirm2?blocks=bli5ItEhTDGAFc32p,Animalia,,,Chordata,Vertebrata ,Gnathostomata,Pisces,Actinopterygii,,,,,Perciformes,Gobioidei,,,,,,,Gobiidae,Gobionellinae,,,,Clevelandia,,,,Gobionellinae,,recDYZOK4Jxqgirm2,,,
Clevelandia ios,SPECIES,ACCEPTED,Arrow goby,280215,http://www.marinespecies.org/aphia.php?p=taxdetails&id=280215,https://www.marinespecies.org/rest/AphiaClassificationByAphiaID/280215,urn:lsid:marinespecies.org:taxname:280215,https://airtable.com/tblLqtIyuwA7rbEC3/recyDR4lbVQ91iRCJ?blocks=bli5ItEhTDGAFc32p,Animalia,,,Chordata,Vertebrata ,Gnathostomata,Pisces,Actinopterygii,,,,,Perciformes,Gobioidei,,,,,,,Gobiidae,Gobionellinae,,,,Clevelandia,,Clevelandia ios,,Clevelandia,"ARGO,ARGO,ARGO,argo,argo",recyDR4lbVQ91iRCJ,,,
Lepidogobius,GENUS,ACCEPTED,,269634,http://www.marinespecies.org/aphia.php?p=taxdetails&id=269634,https://www.marinespecies.org/rest/AphiaClassificationByAphiaID/269634,urn:lsid:marinespecies.org:taxname:269634,https://airtable.com/tblLqtIyuwA7rbEC3/recFvE3t632DLMxjM?blocks=bli5ItEhTDGAFc32p,Animalia,,,Chordata,Vertebrata ,Gnathostomata,Pisces,Actinopterygii,,,,,Perciformes,Gobioidei,,,,,,,Gobiidae,Gobionellinae,,,,Lepidogobius,,,,Gobionellinae,,recFvE3t632DLMxjM,,,
Lepidogobius lepidus,SPECIES,ACCEPTED,Bay goby,281292,http://www.marinespecies.org/aphia.php?p=taxdetails&id=281292,https://www.marinespecies.org/rest/AphiaClassificationByAphiaID/281292,urn:lsid:marinespecies.org:taxname:281292,https://airtable.com/tblLqtIyuwA7rbEC3/reczkKfEKLajCrv3a?blocks=bli5ItEhTDGAFc32p,Animalia,,,Chordata,Vertebrata ,Gnathostomata,Pisces,Actinopterygii,,,,,Perciformes,Gobioidei,,,,,,,Gobiidae,Gobionellinae,,,,Lepidogobius,,Lepidogobius lepidus,,Lepidogobius,"BAGO,BAGO,BAGO,bago,bago",reczkKfEKLajCrv3a,,,
Labroidei,SUBORDER,ACCEPTED,,151727,http://www.marinespecies.org/aphia.php?p=taxdetails&id=151727,https://www.marinespecies.org/rest/AphiaClassificationByAphiaID/151727,urn:lsid:marinespecies.org:taxname:151727,https://airtable.com/tblLqtIyuwA7rbEC3/reccMS9wGxyq65u3o?blocks=bli5ItEhTDGAFc32p,Animalia,,,Chordata,Vertebrata ,Gnathostomata,Pisces,Actinopterygii,,,,,Perciformes,Labroidei,,,,,,,,,,,,,,,,Perciformes,,reccMS9wGxyq65u3o,,,
Embiotocidae,FAMILY,ACCEPTED,Perch,151386,http://www.marinespecies.org/aphia.php?p=taxdetails&id=151386,https://www.marinespecies.org/rest/AphiaClassificationByAphiaID/151386,urn:lsid:marinespecies.org:taxname:151386,https://airtable.com/tblLqtIyuwA7rbEC3/reclvHUMoRlcno9MX?blocks=bli5ItEhTDGAFc32p,Animalia,,,Chordata,Vertebrata ,Gnathostomata,Pisces,Actinopterygii,,,,,Perciformes,Labroidei,,,,,,,Embiotocidae,,,,,,,,,Labroidei,"UNPE,UNPE,UNPE,unpe,unpe",reclvHUMoRlcno9MX,,,
Amphistichus,GENUS,ACCEPTED,,268297,http://www.marinespecies.org/aphia.php?p=taxdetails&id=268297,https://www.marinespecies.org/rest/AphiaClassificationByAphiaID/268297,urn:lsid:marinespecies.org:taxname:268297,https://airtable.com/tblLqtIyuwA7rbEC3/recyeMim9AwhdCt0a?blocks=bli5ItEhTDGAFc32p,Animalia,,,Chordata,Vertebrata ,Gnathostomata,Pisces,Actinopterygii,,,,,Perciformes,Labroidei,,,,,,,Embiotocidae,,,,,Amphistichus,,,,Embiotocidae,,recyeMim9AwhdCt0a,,,
Amphistichus rhodoterus,SPECIES,ACCEPTED,Redtail surfperch,279596,http://www.marinespecies.org/aphia.php?p=taxdetails&id=279596,https://www.marinespecies.org/rest/AphiaClassificationByAphiaID/279596,urn:lsid:marinespecies.org:taxname:279596,https://airtable.com/tblLqtIyuwA7rbEC3/recyC2Se0xmUYTnUq?blocks=bli5ItEhTDGAFc32p,Animalia,,,Chordata,Vertebrata ,Gnathostomata,Pisces,Actinopterygii,,,,,Perciformes,Labroidei,,,,,,,Embiotocidae,,,,,Amphistichus,,Amphistichus rhodoterus,,Amphistichus,"REPE,REPE,REPE,repe,repe",recyC2Se0xmUYTnUq,,,
Brachyistius,GENUS,ACCEPTED,,240720,http://www.marinespecies.org/aphia.php?p=taxdetails&id=240720,https://www.marinespecies.org/rest/AphiaClassificationByAphiaID/240720,urn:lsid:marinespecies.org:taxname:240720,https://airtable.com/tblLqtIyuwA7rbEC3/recYI8E8wZ65QuhWq?blocks=bli5ItEhTDGAFc32p,Animalia,,,Chordata,Vertebrata ,Gnathostomata,Pisces,Actinopterygii,,,,,Perciformes,Labroidei,,,,,,,Embiotocidae,,,,,Brachyistius,,,,Embiotocidae,,recYI8E8wZ65QuhWq,,,
Brachyistius frenatus,SPECIES,ACCEPTED,Kelp surfperch,240721,http://www.marinespecies.org/aphia.php?p=taxdetails&id=240721,https://www.marinespecies.org/rest/AphiaClassificationByAphiaID/240721,urn:lsid:marinespecies.org:taxname:240721,https://airtable.com/tblLqtIyuwA7rbEC3/recSigeHJzdY9Zl6p?blocks=bli5ItEhTDGAFc32p,Animalia,,,Chordata,Vertebrata ,Gnathostomata,Pisces,Actinopterygii,,,,,Perciformes,Labroidei,,,,,,,Embiotocidae,,,,,Brachyistius,,Brachyistius frenatus,,Brachyistius,"KEPE,KEPE,KEPE,kepe,kepe",recSigeHJzdY9Zl6p,,,
Cymatogaster,GENUS,ACCEPTED,,268920,http://www.marinespecies.org/aphia.php?p=taxdetails&id=268920,https://www.marinespecies.org/rest/AphiaClassificationByAphiaID/268920,urn:lsid:marinespecies.org:taxname:268920,https://airtable.com/tblLqtIyuwA7rbEC3/recr5VyxaTX8j9Pf5?blocks=bli5ItEhTDGAFc32p,Animalia,,,Chordata,Vertebrata ,Gnathostomata,Pisces,Actinopterygii,,,,,Perciformes,Labroidei,,,,,,,Embiotocidae,,,,,Cymatogaster,,,,Embiotocidae,,recr5VyxaTX8j9Pf5,,,
Cymatogaster aggregata,SPECIES,ACCEPTED,Shiner surfperch,280461,http://www.marinespecies.org/aphia.php?p=taxdetails&id=280461,https://www.marinespecies.org/rest/AphiaClassificationByAphiaID/280461,urn:lsid:marinespecies.org:taxname:280461,https://airtable.com/tblLqtIyuwA7rbEC3/recFBmPGmQRLbFLtI?blocks=bli5ItEhTDGAFc32p,Animalia,,,Chordata,Vertebrata ,Gnathostomata,Pisces,Actinopterygii,,,,,Perciformes,Labroidei,,,,,,,Embiotocidae,,,,,Cymatogaster,,Cymatogaster aggregata,,Cymatogaster,"SHPE,SHPE,SHPE,shpe,shpe",recFBmPGmQRLbFLtI,,,
Embiotoca,GENUS,ACCEPTED,,240718,http://www.marinespecies.org/aphia.php?p=taxdetails&id=240718,https://www.marinespecies.org/rest/AphiaClassificationByAphiaID/240718,urn:lsid:marinespecies.org:taxname:240718,https://airtable.com/tblLqtIyuwA7rbEC3/recEVAKvdQu8KU6Bf?blocks=bli5ItEhTDGAFc32p,Animalia,,,Chordata,Vertebrata ,Gnathostomata,Pisces,Actinopterygii,,,,,Perciformes,Labroidei,,,,,,,Embiotocidae,,,,,Embiotoca,,,,Embiotocidae,,recEVAKvdQu8KU6Bf,,,
Embiotoca lateralis,SPECIES,ACCEPTED,Striped seaperch,240740,http://www.marinespecies.org/aphia.php?p=taxdetails&id=240740,https://www.marinespecies.org/rest/AphiaClassificationByAphiaID/240740,urn:lsid:marinespecies.org:taxname:240740,https://airtable.com/tblLqtIyuwA7rbEC3/recz5tJRZ7YeHwe9Q?blocks=bli5ItEhTDGAFc32p,Animalia,,,Chordata,Vertebrata ,Gnathostomata,Pisces,Actinopterygii,,,,,Perciformes,Labroidei,,,,,,,Embiotocidae,,,,,Embiotoca,,Embiotoca lateralis,,Embiotoca,"STPE,STPE,STPE,stpe,stpe",recz5tJRZ7YeHwe9Q,,,
Rhacochilus,GENUS,ACCEPTED,,270719,http://www.marinespecies.org/aphia.php?p=taxdetails&id=270719,https://www.marinespecies.org/rest/AphiaClassificationByAphiaID/270719,urn:lsid:marinespecies.org:taxname:270719,https://airtable.com/tblLqtIyuwA7rbEC3/reco8GCsVYUybtAkA?blocks=bli5ItEhTDGAFc32p,Animalia,,,Chordata,Vertebrata ,Gnathostomata,Pisces,Actinopterygii,,,,,Perciformes,Labroidei,,,,,,,Embiotocidae,,,,,Rhacochilus,,,,Embiotocidae,,reco8GCsVYUybtAkA,,,
Rhacochilus vacca,SPECIES,ACCEPTED,Pile seaperch,282576,http://www.marinespecies.org/aphia.php?p=taxdetails&id=282576,https://www.marinespecies.org/rest/AphiaClassificationByAphiaID/282576,urn:lsid:marinespecies.org:taxname:282576,https://airtable.com/tblLqtIyuwA7rbEC3/recvB0MsNkEncQnSx?blocks=bli5ItEhTDGAFc32p,Animalia,,,Chordata,Vertebrata ,Gnathostomata,Pisces,Actinopterygii,,,,,Perciformes,Labroidei,,,,,,,Embiotocidae,,,,,Rhacochilus,,Rhacochilus vacca,,Rhacochilus,"PIPE,PIPE,PIPE,pipe,pipe",recvB0MsNkEncQnSx,,,
Trachinoidei,SUBORDER,ACCEPTED,,151729,http://www.marinespecies.org/aphia.php?p=taxdetails&id=151729,https://www.marinespecies.org/rest/AphiaClassificationByAphiaID/151729,urn:lsid:marinespecies.org:taxname:151729,https://airtable.com/tblLqtIyuwA7rbEC3/rec78UXqrvS5CeE9i?blocks=bli5ItEhTDGAFc32p,Animalia,,,Chordata,Vertebrata ,Gnathostomata,Pisces,Actinopterygii,,,,,Perciformes,Trachinoidei,,,,,,,,,,,,,,,,Perciformes,,rec78UXqrvS5CeE9i,,,
Ammodytidae,FAMILY,ACCEPTED,,125516,http://www.marinespecies.org/aphia.php?p=taxdetails&id=125516,https://www.marinespecies.org/rest/AphiaClassificationByAphiaID/125516,urn:lsid:marinespecies.org:taxname:125516,https://airtable.com/tblLqtIyuwA7rbEC3/rec5Yko3OvYpk9W59?blocks=bli5ItEhTDGAFc32p,Animalia,,,Chordata,Vertebrata ,Gnathostomata,Pisces,Actinopterygii,,,,,Perciformes,Trachinoidei,,,,,,,Ammodytidae,,,,,,,,,Trachinoidei,,rec5Yko3OvYpk9W59,,,
Ammodytes,GENUS,ACCEPTED,,125909,http://www.marinespecies.org/aphia.php?p=taxdetails&id=125909,https://www.marinespecies.org/rest/AphiaClassificationByAphiaID/125909,urn:lsid:marinespecies.org:taxname:125909,https://airtable.com/tblLqtIyuwA7rbEC3/recpyXOB0zZSSbWAA?blocks=bli5ItEhTDGAFc32p,Animalia,,,Chordata,Vertebrata ,Gnathostomata,Pisces,Actinopterygii,,,,,Perciformes,Trachinoidei,,,,,,,Ammodytidae,,,,,Ammodytes,,,,Ammodytidae,,recpyXOB0zZSSbWAA,,,
Ammodytes hexapterus,SPECIES,ACCEPTED,Pacific sandlance,254510,http://www.marinespecies.org/aphia.php?p=taxdetails&id=254510,https://www.marinespecies.org/rest/AphiaClassificationByAphiaID/254510,urn:lsid:marinespecies.org:taxname:254510,https://airtable.com/tblLqtIyuwA7rbEC3/recnutaASz4hjIMP4?blocks=bli5ItEhTDGAFc32p,Animalia,,,Chordata,Vertebrata ,Gnathostomata,Pisces,Actinopterygii,,,,,Perciformes,Trachinoidei,,,,,,,Ammodytidae,,,,,Ammodytes,,Ammodytes hexapterus,,Ammodytes,"SAND,SAND,SAND,sand,sand",recnutaASz4hjIMP4,,,
Trichodontidae,FAMILY,ACCEPTED,,151408,http://www.marinespecies.org/aphia.php?p=taxdetails&id=151408,https://www.marinespecies.org/rest/AphiaClassificationByAphiaID/151408,urn:lsid:marinespecies.org:taxname:151408,https://airtable.com/tblLqtIyuwA7rbEC3/recN6EE2JOp2zZD2u?blocks=bli5ItEhTDGAFc32p,Animalia,,,Chordata,Vertebrata ,Gnathostomata,Pisces,Actinopterygii,,,,,Perciformes,Trachinoidei,,,,,,,Trichodontidae,,,,,,,,,Trachinoidei,,recN6EE2JOp2zZD2u,,,
Trichodon,GENUS,ACCEPTED,,271138,http://www.marinespecies.org/aphia.php?p=taxdetails&id=271138,https://www.marinespecies.org/rest/AphiaClassificationByAphiaID/271138,urn:lsid:marinespecies.org:taxname:271138,https://airtable.com/tblLqtIyuwA7rbEC3/rec9WfNgwg1BLn8vV?blocks=bli5ItEhTDGAFc32p,Animalia,,,Chordata,Vertebrata ,Gnathostomata,Pisces,Actinopterygii,,,,,Perciformes,Trachinoidei,,,,,,,Trichodontidae,,,,,Trichodon,,,,Trichodontidae,,rec9WfNgwg1BLn8vV,,,
Trichodon trichodon,SPECIES,ACCEPTED,Pacific Sandfish,283043,http://www.marinespecies.org/aphia.php?p=taxdetails&id=283043,https://www.marinespecies.org/rest/AphiaClassificationByAphiaID/283043,urn:lsid:marinespecies.org:taxname:283043,https://airtable.com/tblLqtIyuwA7rbEC3/recuvldRziZ5IL0d2?blocks=bli5ItEhTDGAFc32p,Animalia,,,Chordata,Vertebrata ,Gnathostomata,Pisces,Actinopterygii,,,,,Perciformes,Trachinoidei,,,,,,,Trichodontidae,,,,,Trichodon,,Trichodon trichodon,,Trichodon,"PASF,PASF,PASF,pasf,pasf",recuvldRziZ5IL0d2,,,
Zoarcoidei,SUBORDER,ACCEPTED,,151739,http://www.marinespecies.org/aphia.php?p=taxdetails&id=151739,https://www.marinespecies.org/rest/AphiaClassificationByAphiaID/151739,urn:lsid:marinespecies.org:taxname:151739,https://airtable.com/tblLqtIyuwA7rbEC3/recpcBUlQbaBf5fiO?blocks=bli5ItEhTDGAFc32p,Animalia,,,Chordata,Vertebrata ,Gnathostomata,Pisces,Actinopterygii,,,,,Perciformes,Zoarcoidei,,,,,,,,,,,,,,,,Perciformes,,recpcBUlQbaBf5fiO,,,
Anarhichadidae,FAMILY,ACCEPTED,,125517,http://www.marinespecies.org/aphia.php?p=taxdetails&id=125517,https://www.marinespecies.org/rest/AphiaClassificationByAphiaID/125517,urn:lsid:marinespecies.org:taxname:125517,https://airtable.com/tblLqtIyuwA7rbEC3/receoVrO29uYet2el?blocks=bli5ItEhTDGAFc32p,Animalia,,,Chordata,Vertebrata ,Gnathostomata,Pisces,Actinopterygii,,,,,Perciformes,Zoarcoidei,,,,,,,Anarhichadidae,,,,,,,,,Zoarcoidei,,receoVrO29uYet2el,,,
Anarrhichthys,GENUS,ACCEPTED,,268306,http://www.marinespecies.org/aphia.php?p=taxdetails&id=268306,https://www.marinespecies.org/rest/AphiaClassificationByAphiaID/268306,urn:lsid:marinespecies.org:taxname:268306,https://airtable.com/tblLqtIyuwA7rbEC3/rec19PtBtjOtBl0ps?blocks=bli5ItEhTDGAFc32p,Animalia,,,Chordata,Vertebrata ,Gnathostomata,Pisces,Actinopterygii,,,,,Perciformes,Zoarcoidei,,,,,,,Anarhichadidae,,,,,Anarrhichthys,,,,Anarhichadidae,,rec19PtBtjOtBl0ps,,,
Anarrhichthys ocellatus,SPECIES,ACCEPTED,Wolf Eel,279605,http://www.marinespecies.org/aphia.php?p=taxdetails&id=279605,https://www.marinespecies.org/rest/AphiaClassificationByAphiaID/279605,urn:lsid:marinespecies.org:taxname:279605,https://airtable.com/tblLqtIyuwA7rbEC3/recCX0v5qIJoiaKJq?blocks=bli5ItEhTDGAFc32p,Animalia,,,Chordata,Vertebrata ,Gnathostomata,Pisces,Actinopterygii,,,,,Perciformes,Zoarcoidei,,,,,,,Anarhichadidae,,,,,Anarrhichthys,,Anarrhichthys ocellatus,,Anarrhichthys,"WOEE,WOEE,WOEE,woee,woee",recCX0v5qIJoiaKJq,,,
Pholidae,FAMILY,ACCEPTED,,125550,http://www.marinespecies.org/aphia.php?p=taxdetails&id=125550,https://www.marinespecies.org/rest/AphiaClassificationByAphiaID/125550,urn:lsid:marinespecies.org:taxname:125550,https://airtable.com/tblLqtIyuwA7rbEC3/recINVX9QdJPfyY63?blocks=bli5ItEhTDGAFc32p,Animalia,,,Chordata,Vertebrata ,Gnathostomata,Pisces,Actinopterygii,,,,,Perciformes,Zoarcoidei,,,,,,,Pholidae,,,,,,,,,Zoarcoidei,,recINVX9QdJPfyY63,,,
Apodichthys,GENUS,ACCEPTED,,268359,http://www.marinespecies.org/aphia.php?p=taxdetails&id=268359,https://www.marinespecies.org/rest/AphiaClassificationByAphiaID/268359,urn:lsid:marinespecies.org:taxname:268359,https://airtable.com/tblLqtIyuwA7rbEC3/recsPGf2F21f4oPVH?blocks=bli5ItEhTDGAFc32p,Animalia,,,Chordata,Vertebrata ,Gnathostomata,Pisces,Actinopterygii,,,,,Perciformes,Zoarcoidei,,,,,,,Pholidae,,,,,Apodichthys,,,,Pholidae,,recsPGf2F21f4oPVH,,,
Apodichthys flavidus,SPECIES,ACCEPTED,Penpoint gunnel,279664,http://www.marinespecies.org/aphia.php?p=taxdetails&id=279664,https://www.marinespecies.org/rest/AphiaClassificationByAphiaID/279664,urn:lsid:marinespecies.org:taxname:279664,https://airtable.com/tblLqtIyuwA7rbEC3/recr6KNUQ53WCYxly?blocks=bli5ItEhTDGAFc32p,Animalia,,,Chordata,Vertebrata ,Gnathostomata,Pisces,Actinopterygii,,,,,Perciformes,Zoarcoidei,,,,,,,Pholidae,,,,,Apodichthys,,Apodichthys flavidus,,Apodichthys,"PEGU,PEGU,PEGU,pegu,pegu",recr6KNUQ53WCYxly,,,
Pholis,GENUS,ACCEPTED,,126041,http://www.marinespecies.org/aphia.php?p=taxdetails&id=126041,https://www.marinespecies.org/rest/AphiaClassificationByAphiaID/126041,urn:lsid:marinespecies.org:taxname:126041,https://airtable.com/tblLqtIyuwA7rbEC3/recfbaOCDNFYKS8Dx?blocks=bli5ItEhTDGAFc32p,Animalia,,,Chordata,Vertebrata ,Gnathostomata,Pisces,Actinopterygii,,,,,Perciformes,Zoarcoidei,,,,,,,Pholidae,,,,,Pholis,,,,Pholidae,,recfbaOCDNFYKS8Dx,,,
Pholis laeta,SPECIES,ACCEPTED,Crescent gunnel,273689,http://www.marinespecies.org/aphia.php?p=taxdetails&id=273689,https://www.marinespecies.org/rest/AphiaClassificationByAphiaID/273689,urn:lsid:marinespecies.org:taxname:273689,https://airtable.com/tblLqtIyuwA7rbEC3/recRxinGqFe552hPD?blocks=bli5ItEhTDGAFc32p,Animalia,,,Chordata,Vertebrata ,Gnathostomata,Pisces,Actinopterygii,,,,,Perciformes,Zoarcoidei,,,,,,,Pholidae,,,,,Pholis,,Pholis laeta,,Pholis,"CRGU,CRGU,CRGU,crgu,crgu",recRxinGqFe552hPD,,Toby Island,
Ptilichthyidae,FAMILY,ACCEPTED,,151396,http://www.marinespecies.org/aphia.php?p=taxdetails&id=151396,https://www.marinespecies.org/rest/AphiaClassificationByAphiaID/151396,urn:lsid:marinespecies.org:taxname:151396,https://airtable.com/tblLqtIyuwA7rbEC3/recMLNrMdEa1dd9ni?blocks=bli5ItEhTDGAFc32p,Animalia,,,Chordata,Vertebrata ,Gnathostomata,Pisces,Actinopterygii,,,,,Perciformes,Zoarcoidei,,,,,,,Ptilichthyidae,,,,,,,,,Zoarcoidei,,recMLNrMdEa1dd9ni,,,
Ptilichthys,GENUS,ACCEPTED,,270655,http://www.marinespecies.org/aphia.php?p=taxdetails&id=270655,https://www.marinespecies.org/rest/AphiaClassificationByAphiaID/270655,urn:lsid:marinespecies.org:taxname:270655,https://airtable.com/tblLqtIyuwA7rbEC3/rec7NNUxnwoSdyhG5?blocks=bli5ItEhTDGAFc32p,Animalia,,,Chordata,Vertebrata ,Gnathostomata,Pisces,Actinopterygii,,,,,Perciformes,Zoarcoidei,,,,,,,Ptilichthyidae,,,,,Ptilichthys,,,,Ptilichthyidae,,rec7NNUxnwoSdyhG5,,,
Ptilichthys goodei,SPECIES,ACCEPTED,Quillfish,282508,http://www.marinespecies.org/aphia.php?p=taxdetails&id=282508,https://www.marinespecies.org/rest/AphiaClassificationByAphiaID/282508,urn:lsid:marinespecies.org:taxname:282508,https://airtable.com/tblLqtIyuwA7rbEC3/recRKOP7FckaeYpGT?blocks=bli5ItEhTDGAFc32p,Animalia,,,Chordata,Vertebrata ,Gnathostomata,Pisces,Actinopterygii,,,,,Perciformes,Zoarcoidei,,,,,,,Ptilichthyidae,,,,,Ptilichthys,,Ptilichthys goodei,,Ptilichthys,"QUFI,QUFI,QUFI,qufi,qufi",recRKOP7FckaeYpGT,,,
Stichaeidae,FAMILY,ACCEPTED,,125566,http://www.marinespecies.org/aphia.php?p=taxdetails&id=125566,https://www.marinespecies.org/rest/AphiaClassificationByAphiaID/125566,urn:lsid:marinespecies.org:taxname:125566,https://airtable.com/tblLqtIyuwA7rbEC3/recrJNzeP2dysvkFl?blocks=bli5ItEhTDGAFc32p,Animalia,,,Chordata,Vertebrata ,Gnathostomata,Pisces,Actinopterygii,,,,,Perciformes,Zoarcoidei,,,,,,,Stichaeidae,,,,,,,,,Zoarcoidei,,recrJNzeP2dysvkFl,,,
Chirolophinae,SUBFAMILY,ACCEPTED,,267122,http://www.marinespecies.org/aphia.php?p=taxdetails&id=267122,https://www.marinespecies.org/rest/AphiaClassificationByAphiaID/267122,urn:lsid:marinespecies.org:taxname:267122,https://airtable.com/tblLqtIyuwA7rbEC3/recKIudRKKCnjrQyA?blocks=bli5ItEhTDGAFc32p,Animalia,,,Chordata,Vertebrata ,Gnathostomata,Pisces,Actinopterygii,,,,,Perciformes,Zoarcoidei,,,,,,,Stichaeidae,Chirolophinae,,,,,,,,Stichaeidae,,recKIudRKKCnjrQyA,,,
Chirolophis,GENUS,ACCEPTED,,126086,http://www.marinespecies.org/aphia.php?p=taxdetails&id=126086,https://www.marinespecies.org/rest/AphiaClassificationByAphiaID/126086,urn:lsid:marinespecies.org:taxname:126086,https://airtable.com/tblLqtIyuwA7rbEC3/recA2LjqSyPex8pF0?blocks=bli5ItEhTDGAFc32p,Animalia,,,Chordata,Vertebrata ,Gnathostomata,Pisces,Actinopterygii,,,,,Perciformes,Zoarcoidei,,,,,,,Stichaeidae,Chirolophinae,,,,Chirolophis,,,,Chirolophinae,,recA2LjqSyPex8pF0,,,
Chirolophis decoratus,SPECIES,ACCEPTED,Decorated warbonnet,254576,http://www.marinespecies.org/aphia.php?p=taxdetails&id=254576,https://www.marinespecies.org/rest/AphiaClassificationByAphiaID/254576,urn:lsid:marinespecies.org:taxname:254576,https://airtable.com/tblLqtIyuwA7rbEC3/recpwrOx2wwXQd73e?blocks=bli5ItEhTDGAFc32p,Animalia,,,Chordata,Vertebrata ,Gnathostomata,Pisces,Actinopterygii,,,,,Perciformes,Zoarcoidei,,,,,,,Stichaeidae,Chirolophinae,,,,Chirolophis,,Chirolophis decoratus,,Chirolophis,"DEWA,DEWA,DEWA,dewa,dewa",recpwrOx2wwXQd73e,,,
Lumpeninae,SUBFAMILY,ACCEPTED,,267124,http://www.marinespecies.org/aphia.php?p=taxdetails&id=267124,https://www.marinespecies.org/rest/AphiaClassificationByAphiaID/267124,urn:lsid:marinespecies.org:taxname:267124,https://airtable.com/tblLqtIyuwA7rbEC3/recmxv27MTOuQCSCy?blocks=bli5ItEhTDGAFc32p,Animalia,,,Chordata,Vertebrata ,Gnathostomata,Pisces,Actinopterygii,,,,,Perciformes,Zoarcoidei,,,,,,,Stichaeidae,Lumpeninae,,,,,,,,Stichaeidae,,recmxv27MTOuQCSCy,,,
Lumpenus,GENUS,ACCEPTED,,126088,http://www.marinespecies.org/aphia.php?p=taxdetails&id=126088,https://www.marinespecies.org/rest/AphiaClassificationByAphiaID/126088,urn:lsid:marinespecies.org:taxname:126088,https://airtable.com/tblLqtIyuwA7rbEC3/reclRxfzwwL58VDKO?blocks=bli5ItEhTDGAFc32p,Animalia,,,Chordata,Vertebrata ,Gnathostomata,Pisces,Actinopterygii,,,,,Perciformes,Zoarcoidei,,,,,,,Stichaeidae,Lumpeninae,,,,Lumpenus,,,,Lumpeninae,,reclRxfzwwL58VDKO,,,
Lumpenus sagitta,SPECIES,ACCEPTED,Pacific snake prickleback,254579,http://www.marinespecies.org/aphia.php?p=taxdetails&id=254579,https://www.marinespecies.org/rest/AphiaClassificationByAphiaID/254579,urn:lsid:marinespecies.org:taxname:254579,https://airtable.com/tblLqtIyuwA7rbEC3/recShZeFMusr6NU9F?blocks=bli5ItEhTDGAFc32p,Animalia,,,Chordata,Vertebrata ,Gnathostomata,Pisces,Actinopterygii,,,,,Perciformes,Zoarcoidei,,,,,,,Stichaeidae,Lumpeninae,,,,Lumpenus,,Lumpenus sagitta,,Lumpenus,"SNPR,SNPR,SNPR,snpr,snpr",recShZeFMusr6NU9F,,,
Xiphisterinae,SUBFAMILY,ACCEPTED,,267121,http://www.marinespecies.org/aphia.php?p=taxdetails&id=267121,https://www.marinespecies.org/rest/AphiaClassificationByAphiaID/267121,urn:lsid:marinespecies.org:taxname:267121,https://airtable.com/tblLqtIyuwA7rbEC3/recS11QBFxR4PYlFk?blocks=bli5ItEhTDGAFc32p,Animalia,,,Chordata,Vertebrata ,Gnathostomata,Pisces,Actinopterygii,,,,,Perciformes,Zoarcoidei,,,,,,,Stichaeidae,Xiphisterinae,,,,,,,,Stichaeidae,,recS11QBFxR4PYlFk,,,
Anoplarchus,GENUS,ACCEPTED,,268327,http://www.marinespecies.org/aphia.php?p=taxdetails&id=268327,https://www.marinespecies.org/rest/AphiaClassificationByAphiaID/268327,urn:lsid:marinespecies.org:taxname:268327,https://airtable.com/tblLqtIyuwA7rbEC3/recodeoHMZzqXiDSB?blocks=bli5ItEhTDGAFc32p,Animalia,,,Chordata,Vertebrata ,Gnathostomata,Pisces,Actinopterygii,,,,,Perciformes,Zoarcoidei,,,,,,,Stichaeidae,Xiphisterinae,,,,Anoplarchus,,,,Xiphisterinae,,recodeoHMZzqXiDSB,,,
Anoplarchus insignis,SPECIES,ACCEPTED,Slender cockscomb,279632,http://www.marinespecies.org/aphia.php?p=taxdetails&id=279632,https://www.marinespecies.org/rest/AphiaClassificationByAphiaID/279632,urn:lsid:marinespecies.org:taxname:279632,https://airtable.com/tblLqtIyuwA7rbEC3/rec74U1MtW8pjqIcy?blocks=bli5ItEhTDGAFc32p,Animalia,,,Chordata,Vertebrata ,Gnathostomata,Pisces,Actinopterygii,,,,,Perciformes,Zoarcoidei,,,,,,,Stichaeidae,Xiphisterinae,,,,Anoplarchus,,Anoplarchus insignis,,Anoplarchus,"SLCO,SLCO,SLCO,slco,slco",rec74U1MtW8pjqIcy,,,
Anoplarchus purpurescens,SPECIES,ACCEPTED,High cockscomb,279633,http://www.marinespecies.org/aphia.php?p=taxdetails&id=279633,https://www.marinespecies.org/rest/AphiaClassificationByAphiaID/279633,urn:lsid:marinespecies.org:taxname:279633,https://airtable.com/tblLqtIyuwA7rbEC3/rec9NqnUGfDTuIrPn?blocks=bli5ItEhTDGAFc32p,Animalia,,,Chordata,Vertebrata ,Gnathostomata,Pisces,Actinopterygii,,,,,Perciformes,Zoarcoidei,,,,,,,Stichaeidae,Xiphisterinae,,,,Anoplarchus,,Anoplarchus purpurescens,,Anoplarchus,"HICO,HICO,HICO,hico,hico",rec9NqnUGfDTuIrPn,,,
Xiphister,GENUS,ACCEPTED,,271256,http://www.marinespecies.org/aphia.php?p=taxdetails&id=271256,https://www.marinespecies.org/rest/AphiaClassificationByAphiaID/271256,urn:lsid:marinespecies.org:taxname:271256,https://airtable.com/tblLqtIyuwA7rbEC3/rec2Q6Ql8c5UVVxZ1?blocks=bli5ItEhTDGAFc32p,Animalia,,,Chordata,Vertebrata ,Gnathostomata,Pisces,Actinopterygii,,,,,Perciformes,Zoarcoidei,,,,,,,Stichaeidae,Xiphisterinae,,,,Xiphister,,,,Xiphisterinae,,rec2Q6Ql8c5UVVxZ1,,,
Xiphister mucosus,SPECIES,ACCEPTED,Rock prickleback,283195,http://www.marinespecies.org/aphia.php?p=taxdetails&id=283195,https://www.marinespecies.org/rest/AphiaClassificationByAphiaID/283195,urn:lsid:marinespecies.org:taxname:283195,https://airtable.com/tblLqtIyuwA7rbEC3/recH2216oQhqX1PsW?blocks=bli5ItEhTDGAFc32p,Animalia,,,Chordata,Vertebrata ,Gnathostomata,Pisces,Actinopterygii,,,,,Perciformes,Zoarcoidei,,,,,,,Stichaeidae,Xiphisterinae,,,,Xiphister,,Xiphister mucosus,,Xiphister,"ROPS,ROPS,ROPS,ROPS,rops,rops",recH2216oQhqX1PsW,,,
Pleuronectiformes,ORDER,ACCEPTED,,10331,http://www.marinespecies.org/aphia.php?p=taxdetails&id=10331,https://www.marinespecies.org/rest/AphiaClassificationByAphiaID/10331,urn:lsid:marinespecies.org:taxname:10331,https://airtable.com/tblLqtIyuwA7rbEC3/recAP8NYKGnb9JIsf?blocks=bli5ItEhTDGAFc32p,Animalia,,,Chordata,Vertebrata ,Gnathostomata,Pisces,Actinopterygii,,,,,Pleuronectiformes,,,,,,,,,,,,,,,,,Actinopterygii,,recAP8NYKGnb9JIsf,,,
Paralichthyidae,FAMILY,ACCEPTED,,154168,http://www.marinespecies.org/aphia.php?p=taxdetails&id=154168,https://www.marinespecies.org/rest/AphiaClassificationByAphiaID/154168,urn:lsid:marinespecies.org:taxname:154168,https://airtable.com/tblLqtIyuwA7rbEC3/recy4Od0gLBigwp1N?blocks=bli5ItEhTDGAFc32p,Animalia,,,Chordata,Vertebrata ,Gnathostomata,Pisces,Actinopterygii,,,,,Pleuronectiformes,,,,,,,,Paralichthyidae,,,,,,,,,Pleuronectiformes,,recy4Od0gLBigwp1N,,,
Citharichthys,GENUS,ACCEPTED,,158786,http://www.marinespecies.org/aphia.php?p=taxdetails&id=158786,https://www.marinespecies.org/rest/AphiaClassificationByAphiaID/158786,urn:lsid:marinespecies.org:taxname:158786,https://airtable.com/tblLqtIyuwA7rbEC3/recyJqQiIMiZOacEj?blocks=bli5ItEhTDGAFc32p,Animalia,,,Chordata,Vertebrata ,Gnathostomata,Pisces,Actinopterygii,,,,,Pleuronectiformes,,,,,,,,Paralichthyidae,,,,,Citharichthys,,,,Paralichthyidae,,recyJqQiIMiZOacEj,,,
Citharichthys sordidus,SPECIES,ACCEPTED,Pacific sanddab,275694,http://www.marinespecies.org/aphia.php?p=taxdetails&id=275694,https://www.marinespecies.org/rest/AphiaClassificationByAphiaID/275694,urn:lsid:marinespecies.org:taxname:275694,https://airtable.com/tblLqtIyuwA7rbEC3/recfAYWzN5sALnb0n?blocks=bli5ItEhTDGAFc32p,Animalia,,,Chordata,Vertebrata ,Gnathostomata,Pisces,Actinopterygii,,,,,Pleuronectiformes,,,,,,,,Paralichthyidae,,,,,Citharichthys,,Citharichthys sordidus,,Citharichthys,"PASA,PASA,PASA,pasa,pasa",recfAYWzN5sALnb0n,,,
Citharichthys stigmaeus,SPECIES,ACCEPTED,Speckled sanddab,275696,http://www.marinespecies.org/aphia.php?p=taxdetails&id=275696,https://www.marinespecies.org/rest/AphiaClassificationByAphiaID/275696,urn:lsid:marinespecies.org:taxname:275696,https://airtable.com/tblLqtIyuwA7rbEC3/recR9tCQQ6OlfIN6X?blocks=bli5ItEhTDGAFc32p,Animalia,,,Chordata,Vertebrata ,Gnathostomata,Pisces,Actinopterygii,,,,,Pleuronectiformes,,,,,,,,Paralichthyidae,,,,,Citharichthys,,Citharichthys stigmaeus,,Citharichthys,"SPSA,SPSA,SPSA,spsa,spsa",recR9tCQQ6OlfIN6X,,,
Pleuronectidae,FAMILY,ACCEPTED,,125579,http://www.marinespecies.org/aphia.php?p=taxdetails&id=125579,https://www.marinespecies.org/rest/AphiaClassificationByAphiaID/125579,urn:lsid:marinespecies.org:taxname:125579,https://airtable.com/tblLqtIyuwA7rbEC3/recW3MdqRxpxF6gNY?blocks=bli5ItEhTDGAFc32p,Animalia,,,Chordata,Vertebrata ,Gnathostomata,Pisces,Actinopterygii,,,,,Pleuronectiformes,,,,,,,,Pleuronectidae,,,,,,,,,Pleuronectiformes,,recW3MdqRxpxF6gNY,,,
Pleuronectinae,SUBFAMILY,ACCEPTED,,154687,http://www.marinespecies.org/aphia.php?p=taxdetails&id=154687,https://www.marinespecies.org/rest/AphiaClassificationByAphiaID/154687,urn:lsid:marinespecies.org:taxname:154687,https://airtable.com/tblLqtIyuwA7rbEC3/rectkYvFqfc3h09Ws?blocks=bli5ItEhTDGAFc32p,Animalia,,,Chordata,Vertebrata ,Gnathostomata,Pisces,Actinopterygii,,,,,Pleuronectiformes,,,,,,,,Pleuronectidae,Pleuronectinae,,,,,,,,Pleuronectidae,,rectkYvFqfc3h09Ws,,,
Lepidopsetta,GENUS,ACCEPTED,,269638,http://www.marinespecies.org/aphia.php?p=taxdetails&id=269638,https://www.marinespecies.org/rest/AphiaClassificationByAphiaID/269638,urn:lsid:marinespecies.org:taxname:269638,https://airtable.com/tblLqtIyuwA7rbEC3/recXykSS2I30TglpW?blocks=bli5ItEhTDGAFc32p,Animalia,,,Chordata,Vertebrata ,Gnathostomata,Pisces,Actinopterygii,,,,,Pleuronectiformes,,,,,,,,Pleuronectidae,Pleuronectinae,,,,Lepidopsetta,,,,Pleuronectinae,,recXykSS2I30TglpW,,,
Lepidopsetta bilineata,SPECIES,ACCEPTED,Rock sole,281305,http://www.marinespecies.org/aphia.php?p=taxdetails&id=281305,https://www.marinespecies.org/rest/AphiaClassificationByAphiaID/281305,urn:lsid:marinespecies.org:taxname:281305,https://airtable.com/tblLqtIyuwA7rbEC3/recvTI7rzVOp1OJD2?blocks=bli5ItEhTDGAFc32p,Animalia,,,Chordata,Vertebrata ,Gnathostomata,Pisces,Actinopterygii,,,,,Pleuronectiformes,,,,,,,,Pleuronectidae,Pleuronectinae,,,,Lepidopsetta,,Lepidopsetta bilineata,,Lepidopsetta,"ROSO,ROSO,ROSO,roso,roso",recvTI7rzVOp1OJD2,,,
Parophrys,GENUS,ACCEPTED,,254392,http://www.marinespecies.org/aphia.php?p=taxdetails&id=254392,https://www.marinespecies.org/rest/AphiaClassificationByAphiaID/254392,urn:lsid:marinespecies.org:taxname:254392,https://airtable.com/tblLqtIyuwA7rbEC3/reciAnlRtPn7rYOOF?blocks=bli5ItEhTDGAFc32p,Animalia,,,Chordata,Vertebrata ,Gnathostomata,Pisces,Actinopterygii,,,,,Pleuronectiformes,,,,,,,,Pleuronectidae,Pleuronectinae,,,,Parophrys,,,,Pleuronectinae,,reciAnlRtPn7rYOOF,,,
Parophrys vetulus,SPECIES,ACCEPTED,English sole,254393,http://www.marinespecies.org/aphia.php?p=taxdetails&id=254393,https://www.marinespecies.org/rest/AphiaClassificationByAphiaID/254393,urn:lsid:marinespecies.org:taxname:254393,https://airtable.com/tblLqtIyuwA7rbEC3/recdUXArUV0p3uzyQ?blocks=bli5ItEhTDGAFc32p,Animalia,,,Chordata,Vertebrata ,Gnathostomata,Pisces,Actinopterygii,,,,,Pleuronectiformes,,,,,,,,Pleuronectidae,Pleuronectinae,,,,Parophrys,,Parophrys vetulus,,Parophrys,"ENSO,ENSO,ENSO,enso,enso",recdUXArUV0p3uzyQ,,,
Platichthys,GENUS,ACCEPTED,,126119,http://www.marinespecies.org/aphia.php?p=taxdetails&id=126119,https://www.marinespecies.org/rest/AphiaClassificationByAphiaID/126119,urn:lsid:marinespecies.org:taxname:126119,https://airtable.com/tblLqtIyuwA7rbEC3/recgr85Ps2T61xqXW?blocks=bli5ItEhTDGAFc32p,Animalia,,,Chordata,Vertebrata ,Gnathostomata,Pisces,Actinopterygii,,,,,Pleuronectiformes,,,,,,,,Pleuronectidae,Pleuronectinae,,,,Platichthys,,,,Pleuronectinae,,recgr85Ps2T61xqXW,,,
Platichthys stellatus,SPECIES,ACCEPTED,Starry flounder,154781,http://www.marinespecies.org/aphia.php?p=taxdetails&id=154781,https://www.marinespecies.org/rest/AphiaClassificationByAphiaID/154781,urn:lsid:marinespecies.org:taxname:154781,https://airtable.com/tblLqtIyuwA7rbEC3/recKjbNisswcJRMFH?blocks=bli5ItEhTDGAFc32p,Animalia,,,Chordata,Vertebrata ,Gnathostomata,Pisces,Actinopterygii,,,,,Pleuronectiformes,,,,,,,,Pleuronectidae,Pleuronectinae,,,,Platichthys,,Platichthys stellatus,,Platichthys,"STFL,STFL,STFL,stfl,stfl",recKjbNisswcJRMFH,,,
Pleuronichthys,GENUS,ACCEPTED,,270459,http://www.marinespecies.org/aphia.php?p=taxdetails&id=270459,https://www.marinespecies.org/rest/AphiaClassificationByAphiaID/270459,urn:lsid:marinespecies.org:taxname:270459,https://airtable.com/tblLqtIyuwA7rbEC3/recWs2IDfKKgsVMfN?blocks=bli5ItEhTDGAFc32p,Animalia,,,Chordata,Vertebrata ,Gnathostomata,Pisces,Actinopterygii,,,,,Pleuronectiformes,,,,,,,,Pleuronectidae,Pleuronectinae,,,,Pleuronichthys,,,,Pleuronectinae,,recWs2IDfKKgsVMfN,,,
Pleuronichthys coenosus,SPECIES,ACCEPTED,C-O sole,282290,http://www.marinespecies.org/aphia.php?p=taxdetails&id=282290,https://www.marinespecies.org/rest/AphiaClassificationByAphiaID/282290,urn:lsid:marinespecies.org:taxname:282290,https://airtable.com/tblLqtIyuwA7rbEC3/recKo7QTJDzk44hAv?blocks=bli5ItEhTDGAFc32p,Animalia,,,Chordata,Vertebrata ,Gnathostomata,Pisces,Actinopterygii,,,,,Pleuronectiformes,,,,,,,,Pleuronectidae,Pleuronectinae,,,,Pleuronichthys,,Pleuronichthys coenosus,,Pleuronichthys,"COSO,COSO,COSO,coso,coso",recKo7QTJDzk44hAv,,,
Pleuronichthys decurrens,SPECIES,ACCEPTED,Curlfin sole,282292,http://www.marinespecies.org/aphia.php?p=taxdetails&id=282292,https://www.marinespecies.org/rest/AphiaClassificationByAphiaID/282292,urn:lsid:marinespecies.org:taxname:282292,https://airtable.com/tblLqtIyuwA7rbEC3/recuTRNBSKGKgW3JN?blocks=bli5ItEhTDGAFc32p,Animalia,,,Chordata,Vertebrata ,Gnathostomata,Pisces,Actinopterygii,,,,,Pleuronectiformes,,,,,,,,Pleuronectidae,Pleuronectinae,,,,Pleuronichthys,,Pleuronichthys decurrens,,Pleuronichthys,"CUSO,CUSO,CUSO,cuso,cuso",recuTRNBSKGKgW3JN,,,
Psettichthys,GENUS,ACCEPTED,,270555,http://www.marinespecies.org/aphia.php?p=taxdetails&id=270555,https://www.marinespecies.org/rest/AphiaClassificationByAphiaID/270555,urn:lsid:marinespecies.org:taxname:270555,https://airtable.com/tblLqtIyuwA7rbEC3/recJAJDHZK1VDVvfU?blocks=bli5ItEhTDGAFc32p,Animalia,,,Chordata,Vertebrata ,Gnathostomata,Pisces,Actinopterygii,,,,,Pleuronectiformes,,,,,,,,Pleuronectidae,Pleuronectinae,,,,Psettichthys,,,,Pleuronectinae,,recJAJDHZK1VDVvfU,,,
Psettichthys melanostictus,SPECIES,ACCEPTED,Sand sole,282396,http://www.marinespecies.org/aphia.php?p=taxdetails&id=282396,https://www.marinespecies.org/rest/AphiaClassificationByAphiaID/282396,urn:lsid:marinespecies.org:taxname:282396,https://airtable.com/tblLqtIyuwA7rbEC3/recMwNKY1JqGMcNke?blocks=bli5ItEhTDGAFc32p,Animalia,,,Chordata,Vertebrata ,Gnathostomata,Pisces,Actinopterygii,,,,,Pleuronectiformes,,,,,,,,Pleuronectidae,Pleuronectinae,,,,Psettichthys,,Psettichthys melanostictus,,Psettichthys,"SASO,SASO,SASO,saso,saso",recMwNKY1JqGMcNke,,,
Salmoniformes,ORDER,ACCEPTED,,10305,http://www.marinespecies.org/aphia.php?p=taxdetails&id=10305,https://www.marinespecies.org/rest/AphiaClassificationByAphiaID/10305,urn:lsid:marinespecies.org:taxname:10305,https://airtable.com/tblLqtIyuwA7rbEC3/recELawvBJrDBMSWy?blocks=bli5ItEhTDGAFc32p,Animalia,,,Chordata,Vertebrata ,Gnathostomata,Pisces,Actinopterygii,,,,,Salmoniformes,,,,,,,,,,,,,,,,,Actinopterygii,,recELawvBJrDBMSWy,,,
Salmonidae,FAMILY,ACCEPTED,,125587,http://www.marinespecies.org/aphia.php?p=taxdetails&id=125587,https://www.marinespecies.org/rest/AphiaClassificationByAphiaID/125587,urn:lsid:marinespecies.org:taxname:125587,https://airtable.com/tblLqtIyuwA7rbEC3/recy4DHszyLCMHzLk?blocks=bli5ItEhTDGAFc32p,Animalia,,,Chordata,Vertebrata ,Gnathostomata,Pisces,Actinopterygii,,,,,Salmoniformes,,,,,,,,Salmonidae,,,,,,,,,Salmoniformes,,recy4DHszyLCMHzLk,,,
Salmoninae,SUBFAMILY,ACCEPTED,,154188,http://www.marinespecies.org/aphia.php?p=taxdetails&id=154188,https://www.marinespecies.org/rest/AphiaClassificationByAphiaID/154188,urn:lsid:marinespecies.org:taxname:154188,https://airtable.com/tblLqtIyuwA7rbEC3/rec94bCMtdhFqlcqg?blocks=bli5ItEhTDGAFc32p,Animalia,,,Chordata,Vertebrata ,Gnathostomata,Pisces,Actinopterygii,,,,,Salmoniformes,,,,,,,,Salmonidae,Salmoninae,,,,,,,,Salmonidae,,rec94bCMtdhFqlcqg,,,
Oncorhynchus,GENUS,ACCEPTED,,126140,http://www.marinespecies.org/aphia.php?p=taxdetails&id=126140,https://www.marinespecies.org/rest/AphiaClassificationByAphiaID/126140,urn:lsid:marinespecies.org:taxname:126140,https://airtable.com/tblLqtIyuwA7rbEC3/recKcM5unv8FkIVeo?blocks=bli5ItEhTDGAFc32p,Animalia,,,Chordata,Vertebrata ,Gnathostomata,Pisces,Actinopterygii,,,,,Salmoniformes,,,,,,,,Salmonidae,Salmoninae,,,,Oncorhynchus,,,,Salmoninae,,recKcM5unv8FkIVeo,,,
Oncorhynchus gorbuscha,SPECIES,ACCEPTED,Pink,127182,http://www.marinespecies.org/aphia.php?p=taxdetails&id=127182,https://www.marinespecies.org/rest/AphiaClassificationByAphiaID/127182,urn:lsid:marinespecies.org:taxname:127182,https://airtable.com/tblLqtIyuwA7rbEC3/recjUiz45LVWmh9b9?blocks=bli5ItEhTDGAFc32p,Animalia,,,Chordata,Vertebrata ,Gnathostomata,Pisces,Actinopterygii,,,,,Salmoniformes,,,,,,,,Salmonidae,Salmoninae,,,,Oncorhynchus,,Oncorhynchus gorbuscha,,Oncorhynchus,"PINK,PINK,PINK,pink,pink",recjUiz45LVWmh9b9,,,
Oncorhynchus kisutch,SPECIES,ACCEPTED,Coho,127184,http://www.marinespecies.org/aphia.php?p=taxdetails&id=127184,https://www.marinespecies.org/rest/AphiaClassificationByAphiaID/127184,urn:lsid:marinespecies.org:taxname:127184,https://airtable.com/tblLqtIyuwA7rbEC3/rec2naJYtqJ0XcetG?blocks=bli5ItEhTDGAFc32p,Animalia,,,Chordata,Vertebrata ,Gnathostomata,Pisces,Actinopterygii,,,,,Salmoniformes,,,,,,,,Salmonidae,Salmoninae,,,,Oncorhynchus,,Oncorhynchus kisutch,,Oncorhynchus,"COHO,COHO,COHO,coho,coho",rec2naJYtqJ0XcetG,,,
Oncorhynchus mykiss,SPECIES,ACCEPTED,Steelhead,127185,http://www.marinespecies.org/aphia.php?p=taxdetails&id=127185,https://www.marinespecies.org/rest/AphiaClassificationByAphiaID/127185,urn:lsid:marinespecies.org:taxname:127185,https://airtable.com/tblLqtIyuwA7rbEC3/recSKanxNRwHer9Bc?blocks=bli5ItEhTDGAFc32p,Animalia,,,Chordata,Vertebrata ,Gnathostomata,Pisces,Actinopterygii,,,,,Salmoniformes,,,,,,,,Salmonidae,Salmoninae,,,,Oncorhynchus,,Oncorhynchus mykiss,,Oncorhynchus,"STEE,STEE,STEE,stee,stee",recSKanxNRwHer9Bc,,,
Oncorhynchus tshawytscha,SPECIES,ACCEPTED,Chinook,158075,http://www.marinespecies.org/aphia.php?p=taxdetails&id=158075,https://www.marinespecies.org/rest/AphiaClassificationByAphiaID/158075,urn:lsid:marinespecies.org:taxname:158075,https://airtable.com/tblLqtIyuwA7rbEC3/recIiOvGoen4Skv3q?blocks=bli5ItEhTDGAFc32p,Animalia,,,Chordata,Vertebrata ,Gnathostomata,Pisces,Actinopterygii,,,,,Salmoniformes,,,,,,,,Salmonidae,Salmoninae,,,,Oncorhynchus,,Oncorhynchus tshawytscha,,Oncorhynchus,"CHIN,CHIN,CHIN,chin,chin",recIiOvGoen4Skv3q,,,
Salvelinus,GENUS,ACCEPTED,,126142,http://www.marinespecies.org/aphia.php?p=taxdetails&id=126142,https://www.marinespecies.org/rest/AphiaClassificationByAphiaID/126142,urn:lsid:marinespecies.org:taxname:126142,https://airtable.com/tblLqtIyuwA7rbEC3/recmFx9511uaho9Kk?blocks=bli5ItEhTDGAFc32p,Animalia,,,Chordata,Vertebrata ,Gnathostomata,Pisces,Actinopterygii,,,,,Salmoniformes,,,,,,,,Salmonidae,Salmoninae,,,,Salvelinus,,,,Salmoninae,,recmFx9511uaho9Kk,,,
Salvelinus malma,SPECIES,ACCEPTED,Dolly Varden,254570,http://www.marinespecies.org/aphia.php?p=taxdetails&id=254570,https://www.marinespecies.org/rest/AphiaClassificationByAphiaID/254570,urn:lsid:marinespecies.org:taxname:254570,https://airtable.com/tblLqtIyuwA7rbEC3/recTZyWvJ3WABCUO6?blocks=bli5ItEhTDGAFc32p,Animalia,,,Chordata,Vertebrata ,Gnathostomata,Pisces,Actinopterygii,,,,,Salmoniformes,,,,,,,,Salmonidae,Salmoninae,,,,Salvelinus,,Salvelinus malma,,Salvelinus,"DOVA,DOVA,DOVA,dova,dova",recTZyWvJ3WABCUO6,,,
Scorpaeniformes,ORDER,ACCEPTED,,10329,http://www.marinespecies.org/aphia.php?p=taxdetails&id=10329,https://www.marinespecies.org/rest/AphiaClassificationByAphiaID/10329,urn:lsid:marinespecies.org:taxname:10329,https://airtable.com/tblLqtIyuwA7rbEC3/recCIYCWa349eppMZ?blocks=bli5ItEhTDGAFc32p,Animalia,,,Chordata,Vertebrata ,Gnathostomata,Pisces,Actinopterygii,,,,,Scorpaeniformes,,,,,,,,,,,,,,,,,Actinopterygii,,recCIYCWa349eppMZ,,,
Cottoidei,SUBORDER,ACCEPTED,Sculpins,154417,http://www.marinespecies.org/aphia.php?p=taxdetails&id=154417,https://www.marinespecies.org/rest/AphiaClassificationByAphiaID/154417,urn:lsid:marinespecies.org:taxname:154417,https://airtable.com/tblLqtIyuwA7rbEC3/rec5z4hQvQqM3DzHj?blocks=bli5ItEhTDGAFc32p,Animalia,,,Chordata,Vertebrata ,Gnathostomata,Pisces,Actinopterygii,,,,,Scorpaeniformes,Cottoidei,,,,,,,,,,,,,,,,Scorpaeniformes,,rec5z4hQvQqM3DzHj,,,
Agonidae,FAMILY,ACCEPTED,,125588,http://www.marinespecies.org/aphia.php?p=taxdetails&id=125588,https://www.marinespecies.org/rest/AphiaClassificationByAphiaID/125588,urn:lsid:marinespecies.org:taxname:125588,https://airtable.com/tblLqtIyuwA7rbEC3/recuxABkwXwA61tqt?blocks=bli5ItEhTDGAFc32p,Animalia,,,Chordata,Vertebrata ,Gnathostomata,Pisces,Actinopterygii,,,,,Scorpaeniformes,Cottoidei,,,,,,,Agonidae,,,,,,,,,Cottoidei,,recuxABkwXwA61tqt,,,
Bathyagoninae,SUBFAMILY,ACCEPTED,,267137,http://www.marinespecies.org/aphia.php?p=taxdetails&id=267137,https://www.marinespecies.org/rest/AphiaClassificationByAphiaID/267137,urn:lsid:marinespecies.org:taxname:267137,https://airtable.com/tblLqtIyuwA7rbEC3/rec7cPLU9FSoD3t47?blocks=bli5ItEhTDGAFc32p,Animalia,,,Chordata,Vertebrata ,Gnathostomata,Pisces,Actinopterygii,,,,,Scorpaeniformes,Cottoidei,,,,,,,Agonidae,Bathyagoninae,,,,,,,,Agonidae,,rec7cPLU9FSoD3t47,,,
Odontopyxis,GENUS,ACCEPTED,,270075,http://www.marinespecies.org/aphia.php?p=taxdetails&id=270075,https://www.marinespecies.org/rest/AphiaClassificationByAphiaID/270075,urn:lsid:marinespecies.org:taxname:270075,https://airtable.com/tblLqtIyuwA7rbEC3/recyuLJQ3IdIsbWAI?blocks=bli5ItEhTDGAFc32p,Animalia,,,Chordata,Vertebrata ,Gnathostomata,Pisces,Actinopterygii,,,,,Scorpaeniformes,Cottoidei,,,,,,,Agonidae,Bathyagoninae,,,,Odontopyxis,,,,Bathyagoninae,,recyuLJQ3IdIsbWAI,,,
Odontopyxis trispinosa,SPECIES,ACCEPTED,Pygmy poacher,281836,http://www.marinespecies.org/aphia.php?p=taxdetails&id=281836,https://www.marinespecies.org/rest/AphiaClassificationByAphiaID/281836,urn:lsid:marinespecies.org:taxname:281836,https://airtable.com/tblLqtIyuwA7rbEC3/recylYevx8Q3cOV8N?blocks=bli5ItEhTDGAFc32p,Animalia,,,Chordata,Vertebrata ,Gnathostomata,Pisces,Actinopterygii,,,,,Scorpaeniformes,Cottoidei,,,,,,,Agonidae,Bathyagoninae,,,,Odontopyxis,,Odontopyxis trispinosa,,Odontopyxis,"PYPO,PYPO,PYPO,pypo,pypo",recylYevx8Q3cOV8N,,,
Brachyopsinae,SUBFAMILY,ACCEPTED,,267133,http://www.marinespecies.org/aphia.php?p=taxdetails&id=267133,https://www.marinespecies.org/rest/AphiaClassificationByAphiaID/267133,urn:lsid:marinespecies.org:taxname:267133,https://airtable.com/tblLqtIyuwA7rbEC3/recIrEpmmEoY0Klvy?blocks=bli5ItEhTDGAFc32p,Animalia,,,Chordata,Vertebrata ,Gnathostomata,Pisces,Actinopterygii,,,,,Scorpaeniformes,Cottoidei,,,,,,,Agonidae,Brachyopsinae,,,,,,,,Agonidae,,recIrEpmmEoY0Klvy,,,
Pallasina,GENUS,ACCEPTED,,254395,http://www.marinespecies.org/aphia.php?p=taxdetails&id=254395,https://www.marinespecies.org/rest/AphiaClassificationByAphiaID/254395,urn:lsid:marinespecies.org:taxname:254395,https://airtable.com/tblLqtIyuwA7rbEC3/recznwHhBcat0sJqI?blocks=bli5ItEhTDGAFc32p,Animalia,,,Chordata,Vertebrata ,Gnathostomata,Pisces,Actinopterygii,,,,,Scorpaeniformes,Cottoidei,,,,,,,Agonidae,Brachyopsinae,,,,Pallasina,,,,Brachyopsinae,,recznwHhBcat0sJqI,,,
Pallasina barbata,SPECIES,ACCEPTED,Tubenose poacher,254396,http://www.marinespecies.org/aphia.php?p=taxdetails&id=254396,https://www.marinespecies.org/rest/AphiaClassificationByAphiaID/254396,urn:lsid:marinespecies.org:taxname:254396,https://airtable.com/tblLqtIyuwA7rbEC3/rec0VLbZ5yiikyhwk?blocks=bli5ItEhTDGAFc32p,Animalia,,,Chordata,Vertebrata ,Gnathostomata,Pisces,Actinopterygii,,,,,Scorpaeniformes,Cottoidei,,,,,,,Agonidae,Brachyopsinae,,,,Pallasina,,Pallasina barbata,,Pallasina,"TUPO,TUPO,TUPO,tupo,tupo",rec0VLbZ5yiikyhwk,,,
Cottidae,FAMILY,ACCEPTED,Sculpin,125589,http://www.marinespecies.org/aphia.php?p=taxdetails&id=125589,https://www.marinespecies.org/rest/AphiaClassificationByAphiaID/125589,urn:lsid:marinespecies.org:taxname:125589,https://airtable.com/tblLqtIyuwA7rbEC3/reclFw9aJDeOuzOtD?blocks=bli5ItEhTDGAFc32p,Animalia,,,Chordata,Vertebrata ,Gnathostomata,Pisces,Actinopterygii,,,,,Scorpaeniformes,Cottoidei,,,,,,,Cottidae,,,,,,,,,Cottoidei,"UNSC,UNSC,UNSC,UNSC,unsc,unsc",reclFw9aJDeOuzOtD,,,
Artedius,GENUS,ACCEPTED,,268390,http://www.marinespecies.org/aphia.php?p=taxdetails&id=268390,https://www.marinespecies.org/rest/AphiaClassificationByAphiaID/268390,urn:lsid:marinespecies.org:taxname:268390,https://airtable.com/tblLqtIyuwA7rbEC3/recZRprFMkDMmDwp1?blocks=bli5ItEhTDGAFc32p,Animalia,,,Chordata,Vertebrata ,Gnathostomata,Pisces,Actinopterygii,,,,,Scorpaeniformes,Cottoidei,,,,,,,Cottidae,,,,,Artedius,,,,Cottidae,,recZRprFMkDMmDwp1,,,
Artedius fenestralis,SPECIES,ACCEPTED,Padded sculpin,279700,http://www.marinespecies.org/aphia.php?p=taxdetails&id=279700,https://www.marinespecies.org/rest/AphiaClassificationByAphiaID/279700,urn:lsid:marinespecies.org:taxname:279700,https://airtable.com/tblLqtIyuwA7rbEC3/recHoTUF706Y7I0Uw?blocks=bli5ItEhTDGAFc32p,Animalia,,,Chordata,Vertebrata ,Gnathostomata,Pisces,Actinopterygii,,,,,Scorpaeniformes,Cottoidei,,,,,,,Cottidae,,,,,Artedius,,Artedius fenestralis,,Artedius,"PASC,PASC,PASC,pasc,pasc",recHoTUF706Y7I0Uw,,,
Artedius lateralis,SPECIES,ACCEPTED,Smoothhead sculpin,279702,http://www.marinespecies.org/aphia.php?p=taxdetails&id=279702,https://www.marinespecies.org/rest/AphiaClassificationByAphiaID/279702,urn:lsid:marinespecies.org:taxname:279702,https://airtable.com/tblLqtIyuwA7rbEC3/rec9yurFrZqr2HV5V?blocks=bli5ItEhTDGAFc32p,Animalia,,,Chordata,Vertebrata ,Gnathostomata,Pisces,Actinopterygii,,,,,Scorpaeniformes,Cottoidei,,,,,,,Cottidae,,,,,Artedius,,Artedius lateralis,,Artedius,"SMSC,SMSC,SMSC,smsc,smsc",rec9yurFrZqr2HV5V,,,
Chitonotus,GENUS,ACCEPTED,,268755,http://www.marinespecies.org/aphia.php?p=taxdetails&id=268755,https://www.marinespecies.org/rest/AphiaClassificationByAphiaID/268755,urn:lsid:marinespecies.org:taxname:268755,https://airtable.com/tblLqtIyuwA7rbEC3/recREUL4rFqlGaMMy?blocks=bli5ItEhTDGAFc32p,Animalia,,,Chordata,Vertebrata ,Gnathostomata,Pisces,Actinopterygii,,,,,Scorpaeniformes,Cottoidei,,,,,,,Cottidae,,,,,Chitonotus,,,,Cottidae,,recREUL4rFqlGaMMy,,,
Chitonotus pugetensis,SPECIES,ACCEPTED,Roughback sculpin,280162,http://www.marinespecies.org/aphia.php?p=taxdetails&id=280162,https://www.marinespecies.org/rest/AphiaClassificationByAphiaID/280162,urn:lsid:marinespecies.org:taxname:280162,https://airtable.com/tblLqtIyuwA7rbEC3/recplFZoi8VSbh5Vh?blocks=bli5ItEhTDGAFc32p,Animalia,,,Chordata,Vertebrata ,Gnathostomata,Pisces,Actinopterygii,,,,,Scorpaeniformes,Cottoidei,,,,,,,Cottidae,,,,,Chitonotus,,Chitonotus pugetensis,,Chitonotus,"RBSC,RBSC,RBSC,rbsc,rbsc",recplFZoi8VSbh5Vh,,,
Clinocottus,GENUS,ACCEPTED,,268796,http://www.marinespecies.org/aphia.php?p=taxdetails&id=268796,https://www.marinespecies.org/rest/AphiaClassificationByAphiaID/268796,urn:lsid:marinespecies.org:taxname:268796,https://airtable.com/tblLqtIyuwA7rbEC3/rechrod7QrfoXyYp1?blocks=bli5ItEhTDGAFc32p,Animalia,,,Chordata,Vertebrata ,Gnathostomata,Pisces,Actinopterygii,,,,,Scorpaeniformes,Cottoidei,,,,,,,Cottidae,,,,,Clinocottus,,,,Cottidae,,rechrod7QrfoXyYp1,,,
Clinocottus acuticeps,SPECIES,ACCEPTED,Sharpnose sculpin,280218,http://www.marinespecies.org/aphia.php?p=taxdetails&id=280218,https://www.marinespecies.org/rest/AphiaClassificationByAphiaID/280218,urn:lsid:marinespecies.org:taxname:280218,https://airtable.com/tblLqtIyuwA7rbEC3/recSs3cjmtcByhULs?blocks=bli5ItEhTDGAFc32p,Animalia,,,Chordata,Vertebrata ,Gnathostomata,Pisces,Actinopterygii,,,,,Scorpaeniformes,Cottoidei,,,,,,,Cottidae,,,,,Clinocottus,,Clinocottus acuticeps,,Clinocottus,"SHSC,SHSC,SHSC,shsc,shsc",recSs3cjmtcByhULs,,,
Cottus,GENUS,ACCEPTED,,126148,http://www.marinespecies.org/aphia.php?p=taxdetails&id=126148,https://www.marinespecies.org/rest/AphiaClassificationByAphiaID/126148,urn:lsid:marinespecies.org:taxname:126148,https://airtable.com/tblLqtIyuwA7rbEC3/rec8zPMWnmHgoPnWs?blocks=bli5ItEhTDGAFc32p,Animalia,,,Chordata,Vertebrata ,Gnathostomata,Pisces,Actinopterygii,,,,,Scorpaeniformes,Cottoidei,,,,,,,Cottidae,,,,,Cottus,,,,Cottidae,,rec8zPMWnmHgoPnWs,,,
Cottus asper,SPECIES,ACCEPTED,Prickly sculpin,274368,http://www.marinespecies.org/aphia.php?p=taxdetails&id=274368,https://www.marinespecies.org/rest/AphiaClassificationByAphiaID/274368,urn:lsid:marinespecies.org:taxname:274368,https://airtable.com/tblLqtIyuwA7rbEC3/reccxB32C6CT6QRe0?blocks=bli5ItEhTDGAFc32p,Animalia,,,Chordata,Vertebrata ,Gnathostomata,Pisces,Actinopterygii,,,,,Scorpaeniformes,Cottoidei,,,,,,,Cottidae,,,,,Cottus,,Cottus asper,,Cottus,"PRSC,PRSC,PRSC,prsc,prsc",reccxB32C6CT6QRe0,,,
Enophrys,GENUS,ACCEPTED,,154468,http://www.marinespecies.org/aphia.php?p=taxdetails&id=154468,https://www.marinespecies.org/rest/AphiaClassificationByAphiaID/154468,urn:lsid:marinespecies.org:taxname:154468,https://airtable.com/tblLqtIyuwA7rbEC3/recGuE4M1uQHVGJbb?blocks=bli5ItEhTDGAFc32p,Animalia,,,Chordata,Vertebrata ,Gnathostomata,Pisces,Actinopterygii,,,,,Scorpaeniformes,Cottoidei,,,,,,,Cottidae,,,,,Enophrys,,,,Cottidae,,recGuE4M1uQHVGJbb,,,
Enophrys bison,SPECIES,ACCEPTED,Buffalo sculpin,275355,http://www.marinespecies.org/aphia.php?p=taxdetails&id=275355,https://www.marinespecies.org/rest/AphiaClassificationByAphiaID/275355,urn:lsid:marinespecies.org:taxname:275355,https://airtable.com/tblLqtIyuwA7rbEC3/recoDBikxo9Ghq60w?blocks=bli5ItEhTDGAFc32p,Animalia,,,Chordata,Vertebrata ,Gnathostomata,Pisces,Actinopterygii,,,,,Scorpaeniformes,Cottoidei,,,,,,,Cottidae,,,,,Enophrys,,Enophrys bison,,Enophrys,"BUSC,BUSC,BUSC,busc,busc",recoDBikxo9Ghq60w,,,
Hemilepidotus,GENUS,ACCEPTED,,248338,http://www.marinespecies.org/aphia.php?p=taxdetails&id=248338,https://www.marinespecies.org/rest/AphiaClassificationByAphiaID/248338,urn:lsid:marinespecies.org:taxname:248338,https://airtable.com/tblLqtIyuwA7rbEC3/recCnUCEQeWwUC57F?blocks=bli5ItEhTDGAFc32p,Animalia,,,Chordata,Vertebrata ,Gnathostomata,Pisces,Actinopterygii,,,,,Scorpaeniformes,Cottoidei,,,,,,,Cottidae,,,,,Hemilepidotus,,,,Cottidae,,recCnUCEQeWwUC57F,,,
Hemilepidotus hemilepidotus,SPECIES,ACCEPTED,Red Irish Lord,254521,http://www.marinespecies.org/aphia.php?p=taxdetails&id=254521,https://www.marinespecies.org/rest/AphiaClassificationByAphiaID/254521,urn:lsid:marinespecies.org:taxname:254521,https://airtable.com/tblLqtIyuwA7rbEC3/recRFcD2XFNkcUcan?blocks=bli5ItEhTDGAFc32p,Animalia,,,Chordata,Vertebrata ,Gnathostomata,Pisces,Actinopterygii,,,,,Scorpaeniformes,Cottoidei,,,,,,,Cottidae,,,,,Hemilepidotus,,Hemilepidotus hemilepidotus,,Hemilepidotus,"REIL,REIL,REIL,reil,reil",recRFcD2XFNkcUcan,,,
Leptocottus,GENUS,ACCEPTED,,254344,http://www.marinespecies.org/aphia.php?p=taxdetails&id=254344,https://www.marinespecies.org/rest/AphiaClassificationByAphiaID/254344,urn:lsid:marinespecies.org:taxname:254344,https://airtable.com/tblLqtIyuwA7rbEC3/receDmeZpCsvaQQml?blocks=bli5ItEhTDGAFc32p,Animalia,,,Chordata,Vertebrata ,Gnathostomata,Pisces,Actinopterygii,,,,,Scorpaeniformes,Cottoidei,,,,,,,Cottidae,,,,,Leptocottus,,,,Cottidae,,receDmeZpCsvaQQml,,,
Leptocottus armatus,SPECIES,ACCEPTED,Staghorn sculpin,254345,http://www.marinespecies.org/aphia.php?p=taxdetails&id=254345,https://www.marinespecies.org/rest/AphiaClassificationByAphiaID/254345,urn:lsid:marinespecies.org:taxname:254345,https://airtable.com/tblLqtIyuwA7rbEC3/recDuGLgIGM0kRWgG?blocks=bli5ItEhTDGAFc32p,Animalia,,,Chordata,Vertebrata ,Gnathostomata,Pisces,Actinopterygii,,,,,Scorpaeniformes,Cottoidei,,,,,,,Cottidae,,,,,Leptocottus,,Leptocottus armatus,,Leptocottus,"STSC,STSC,STSC,stsc,stsc",recDuGLgIGM0kRWgG,,,
Myoxocephalus,GENUS,ACCEPTED,,126152,http://www.marinespecies.org/aphia.php?p=taxdetails&id=126152,https://www.marinespecies.org/rest/AphiaClassificationByAphiaID/126152,urn:lsid:marinespecies.org:taxname:126152,https://airtable.com/tblLqtIyuwA7rbEC3/recFGM1qhTSpvTFR9?blocks=bli5ItEhTDGAFc32p,Animalia,,,Chordata,Vertebrata ,Gnathostomata,Pisces,Actinopterygii,,,,,Scorpaeniformes,Cottoidei,,,,,,,Cottidae,,,,,Myoxocephalus,,,,Cottidae,,recFGM1qhTSpvTFR9,,,
Myoxocephalus polyacanthocephalus,SPECIES,ACCEPTED,Great sculpin,254528,http://www.marinespecies.org/aphia.php?p=taxdetails&id=254528,https://www.marinespecies.org/rest/AphiaClassificationByAphiaID/254528,urn:lsid:marinespecies.org:taxname:254528,https://airtable.com/tblLqtIyuwA7rbEC3/recha0FkrSugVZ9Vq?blocks=bli5ItEhTDGAFc32p,Animalia,,,Chordata,Vertebrata ,Gnathostomata,Pisces,Actinopterygii,,,,,Scorpaeniformes,Cottoidei,,,,,,,Cottidae,,,,,Myoxocephalus,,Myoxocephalus polyacanthocephalus,,Myoxocephalus,"GRSC,GRSC,GRSC,grsc,grsc",recha0FkrSugVZ9Vq,,,
Oligocottus,GENUS,ACCEPTED,,270085,http://www.marinespecies.org/aphia.php?p=taxdetails&id=270085,https://www.marinespecies.org/rest/AphiaClassificationByAphiaID/270085,urn:lsid:marinespecies.org:taxname:270085,https://airtable.com/tblLqtIyuwA7rbEC3/recaqscYbga7DTIPw?blocks=bli5ItEhTDGAFc32p,Animalia,,,Chordata,Vertebrata ,Gnathostomata,Pisces,Actinopterygii,,,,,Scorpaeniformes,Cottoidei,,,,,,,Cottidae,,,,,Oligocottus,,,,Cottidae,,recaqscYbga7DTIPw,,,
Oligocottus maculosus,SPECIES,ACCEPTED,Tidepool sculpin,281872,http://www.marinespecies.org/aphia.php?p=taxdetails&id=281872,https://www.marinespecies.org/rest/AphiaClassificationByAphiaID/281872,urn:lsid:marinespecies.org:taxname:281872,https://airtable.com/tblLqtIyuwA7rbEC3/recSZJzhA32Gn3yDT?blocks=bli5ItEhTDGAFc32p,Animalia,,,Chordata,Vertebrata ,Gnathostomata,Pisces,Actinopterygii,,,,,Scorpaeniformes,Cottoidei,,,,,,,Cottidae,,,,,Oligocottus,,Oligocottus maculosus,,Oligocottus,"TISC,TISC,TISC,TISC,tisc,tisc",recSZJzhA32Gn3yDT,,,
Oligocottus rimensis,SPECIES,ACCEPTED,Saddleback sculpin,281873,http://www.marinespecies.org/aphia.php?p=taxdetails&id=281873,https://www.marinespecies.org/rest/AphiaClassificationByAphiaID/281873,urn:lsid:marinespecies.org:taxname:281873,https://airtable.com/tblLqtIyuwA7rbEC3/rec6ggFwPaKOtgHwD?blocks=bli5ItEhTDGAFc32p,Animalia,,,Chordata,Vertebrata ,Gnathostomata,Pisces,Actinopterygii,,,,,Scorpaeniformes,Cottoidei,,,,,,,Cottidae,,,,,Oligocottus,,Oligocottus rimensis,,Oligocottus,"SASC,SASC,SASC,sasc,sasc",rec6ggFwPaKOtgHwD,,,
Scorpaenichthys,GENUS,ACCEPTED,,270850,http://www.marinespecies.org/aphia.php?p=taxdetails&id=270850,https://www.marinespecies.org/rest/AphiaClassificationByAphiaID/270850,urn:lsid:marinespecies.org:taxname:270850,https://airtable.com/tblLqtIyuwA7rbEC3/rec9Qw7MslesBmAyS?blocks=bli5ItEhTDGAFc32p,Animalia,,,Chordata,Vertebrata ,Gnathostomata,Pisces,Actinopterygii,,,,,Scorpaeniformes,Cottoidei,,,,,,,Cottidae,,,,,Scorpaenichthys,,,,Cottidae,,rec9Qw7MslesBmAyS,,,
Scorpaenichthys marmoratus,SPECIES,ACCEPTED,Cabezon,282726,http://www.marinespecies.org/aphia.php?p=taxdetails&id=282726,https://www.marinespecies.org/rest/AphiaClassificationByAphiaID/282726,urn:lsid:marinespecies.org:taxname:282726,https://airtable.com/tblLqtIyuwA7rbEC3/rec9D7gvu8Y656jur?blocks=bli5ItEhTDGAFc32p,Animalia,,,Chordata,Vertebrata ,Gnathostomata,Pisces,Actinopterygii,,,,,Scorpaeniformes,Cottoidei,,,,,,,Cottidae,,,,,Scorpaenichthys,,Scorpaenichthys marmoratus,,Scorpaenichthys,"CABE,CABE,CABE,cabe,cabe",rec9D7gvu8Y656jur,,,
Synchirus,GENUS,ACCEPTED,,271019,http://www.marinespecies.org/aphia.php?p=taxdetails&id=271019,https://www.marinespecies.org/rest/AphiaClassificationByAphiaID/271019,urn:lsid:marinespecies.org:taxname:271019,https://airtable.com/tblLqtIyuwA7rbEC3/recuCfZY4X75vNW1Q?blocks=bli5ItEhTDGAFc32p,Animalia,,,Chordata,Vertebrata ,Gnathostomata,Pisces,Actinopterygii,,,,,Scorpaeniformes,Cottoidei,,,,,,,Cottidae,,,,,Synchirus,,,,Cottidae,,recuCfZY4X75vNW1Q,,,
Synchirus gilli,SPECIES,ACCEPTED,Manacled sculpin,282921,http://www.marinespecies.org/aphia.php?p=taxdetails&id=282921,https://www.marinespecies.org/rest/AphiaClassificationByAphiaID/282921,urn:lsid:marinespecies.org:taxname:282921,https://airtable.com/tblLqtIyuwA7rbEC3/recizCtwvzJRYe7oN?blocks=bli5ItEhTDGAFc32p,Animalia,,,Chordata,Vertebrata ,Gnathostomata,Pisces,Actinopterygii,,,,,Scorpaeniformes,Cottoidei,,,,,,,Cottidae,,,,,Synchirus,,Synchirus gilli,,Synchirus,"MASC,MASC,MASC,masc,masc",recizCtwvzJRYe7oN,,,
Hemitripteridae,FAMILY,ACCEPTED,,154610,http://www.marinespecies.org/aphia.php?p=taxdetails&id=154610,https://www.marinespecies.org/rest/AphiaClassificationByAphiaID/154610,urn:lsid:marinespecies.org:taxname:154610,https://airtable.com/tblLqtIyuwA7rbEC3/reciqYOvHW5BDaiwS?blocks=bli5ItEhTDGAFc32p,Animalia,,,Chordata,Vertebrata ,Gnathostomata,Pisces,Actinopterygii,,,,,Scorpaeniformes,Cottoidei,,,,,,,Hemitripteridae,,,,,,,,,Cottoidei,,reciqYOvHW5BDaiwS,,,
Blepsias,GENUS,ACCEPTED,,254305,http://www.marinespecies.org/aphia.php?p=taxdetails&id=254305,https://www.marinespecies.org/rest/AphiaClassificationByAphiaID/254305,urn:lsid:marinespecies.org:taxname:254305,https://airtable.com/tblLqtIyuwA7rbEC3/recasqNPm3uLfO6xu?blocks=bli5ItEhTDGAFc32p,Animalia,,,Chordata,Vertebrata ,Gnathostomata,Pisces,Actinopterygii,,,,,Scorpaeniformes,Cottoidei,,,,,,,Hemitripteridae,,,,,Blepsias,,,,Hemitripteridae,,recasqNPm3uLfO6xu,,,
Blepsias cirrhosus,SPECIES,ACCEPTED,Silverspotted sculpin,279417,http://www.marinespecies.org/aphia.php?p=taxdetails&id=279417,https://www.marinespecies.org/rest/AphiaClassificationByAphiaID/279417,urn:lsid:marinespecies.org:taxname:279417,https://airtable.com/tblLqtIyuwA7rbEC3/recqjbvYAkIG2c2dr?blocks=bli5ItEhTDGAFc32p,Animalia,,,Chordata,Vertebrata ,Gnathostomata,Pisces,Actinopterygii,,,,,Scorpaeniformes,Cottoidei,,,,,,,Hemitripteridae,,,,,Blepsias,,Blepsias cirrhosus,,Blepsias,"SISC,SISC,SISC,sisc",recqjbvYAkIG2c2dr,,,
Nautichthys,GENUS,ACCEPTED,,254400,http://www.marinespecies.org/aphia.php?p=taxdetails&id=254400,https://www.marinespecies.org/rest/AphiaClassificationByAphiaID/254400,urn:lsid:marinespecies.org:taxname:254400,https://airtable.com/tblLqtIyuwA7rbEC3/recjcVojO2YDLZsbi?blocks=bli5ItEhTDGAFc32p,Animalia,,,Chordata,Vertebrata ,Gnathostomata,Pisces,Actinopterygii,,,,,Scorpaeniformes,Cottoidei,,,,,,,Hemitripteridae,,,,,Nautichthys,,,,Hemitripteridae,,recjcVojO2YDLZsbi,,,
Nautichthys oculofasciatus,SPECIES,ACCEPTED,Sailfin sculpin,254542,http://www.marinespecies.org/aphia.php?p=taxdetails&id=254542,https://www.marinespecies.org/rest/AphiaClassificationByAphiaID/254542,urn:lsid:marinespecies.org:taxname:254542,https://airtable.com/tblLqtIyuwA7rbEC3/rec1vw9DFMpm6OALL?blocks=bli5ItEhTDGAFc32p,Animalia,,,Chordata,Vertebrata ,Gnathostomata,Pisces,Actinopterygii,,,,,Scorpaeniformes,Cottoidei,,,,,,,Hemitripteridae,,,,,Nautichthys,,Nautichthys oculofasciatus,,Nautichthys,"SFSC,SFSC,SFSC,sfsc,sfsc",rec1vw9DFMpm6OALL,,,
Rhamphocottidae,FAMILY,ACCEPTED,,154419,http://www.marinespecies.org/aphia.php?p=taxdetails&id=154419,https://www.marinespecies.org/rest/AphiaClassificationByAphiaID/154419,urn:lsid:marinespecies.org:taxname:154419,https://airtable.com/tblLqtIyuwA7rbEC3/recO0qBMsmVg1WOEJ?blocks=bli5ItEhTDGAFc32p,Animalia,,,Chordata,Vertebrata ,Gnathostomata,Pisces,Actinopterygii,,,,,Scorpaeniformes,Cottoidei,,,,,,,Rhamphocottidae,,,,,,,,,Cottoidei,,recO0qBMsmVg1WOEJ,,,
Rhamphocottus,GENUS,ACCEPTED,,270729,http://www.marinespecies.org/aphia.php?p=taxdetails&id=270729,https://www.marinespecies.org/rest/AphiaClassificationByAphiaID/270729,urn:lsid:marinespecies.org:taxname:270729,https://airtable.com/tblLqtIyuwA7rbEC3/recAPXVoCHEFWcV6h?blocks=bli5ItEhTDGAFc32p,Animalia,,,Chordata,Vertebrata ,Gnathostomata,Pisces,Actinopterygii,,,,,Scorpaeniformes,Cottoidei,,,,,,,Rhamphocottidae,,,,,Rhamphocottus,,,,Rhamphocottidae,,recAPXVoCHEFWcV6h,,,
Rhamphocottus richardsonii,SPECIES,ACCEPTED,Grunt Sculpin,282578,http://www.marinespecies.org/aphia.php?p=taxdetails&id=282578,https://www.marinespecies.org/rest/AphiaClassificationByAphiaID/282578,urn:lsid:marinespecies.org:taxname:282578,https://airtable.com/tblLqtIyuwA7rbEC3/recUlF8hdFti4CUPY?blocks=bli5ItEhTDGAFc32p,Animalia,,,Chordata,Vertebrata ,Gnathostomata,Pisces,Actinopterygii,,,,,Scorpaeniformes,Cottoidei,,,,,,,Rhamphocottidae,,,,,Rhamphocottus,,Rhamphocottus richardsonii,,Rhamphocottus,"GUSC,GUSC,GUSC,gusc,gusc",recUlF8hdFti4CUPY,,,
Hexagrammoidei,SUBORDER,ACCEPTED,Greenlings,154414,http://www.marinespecies.org/aphia.php?p=taxdetails&id=154414,https://www.marinespecies.org/rest/AphiaClassificationByAphiaID/154414,urn:lsid:marinespecies.org:taxname:154414,https://airtable.com/tblLqtIyuwA7rbEC3/recydLWxNKnwMUsCG?blocks=bli5ItEhTDGAFc32p,Animalia,,,Chordata,Vertebrata ,Gnathostomata,Pisces,Actinopterygii,,,,,Scorpaeniformes,Hexagrammoidei,,,,,,,,,,,,,,,,Scorpaeniformes,,recydLWxNKnwMUsCG,,,
Hexagrammidae,FAMILY,ACCEPTED,,154415,http://www.marinespecies.org/aphia.php?p=taxdetails&id=154415,https://www.marinespecies.org/rest/AphiaClassificationByAphiaID/154415,urn:lsid:marinespecies.org:taxname:154415,https://airtable.com/tblLqtIyuwA7rbEC3/reckMvlsP0AaAqNhx?blocks=bli5ItEhTDGAFc32p,Animalia,,,Chordata,Vertebrata ,Gnathostomata,Pisces,Actinopterygii,,,,,Scorpaeniformes,Hexagrammoidei,,,,,,,Hexagrammidae,,,,,,,,,Hexagrammoidei,,reckMvlsP0AaAqNhx,,,
Hexagramminae,SUBFAMILY,ACCEPTED,,154750,http://www.marinespecies.org/aphia.php?p=taxdetails&id=154750,https://www.marinespecies.org/rest/AphiaClassificationByAphiaID/154750,urn:lsid:marinespecies.org:taxname:154750,https://airtable.com/tblLqtIyuwA7rbEC3/rec95XQirdy4koUgh?blocks=bli5ItEhTDGAFc32p,Animalia,,,Chordata,Vertebrata ,Gnathostomata,Pisces,Actinopterygii,,,,,Scorpaeniformes,Hexagrammoidei,,,,,,,Hexagrammidae,Hexagramminae,,,,,,,,Hexagrammidae,,rec95XQirdy4koUgh,,,
Hexagrammos,GENUS,ACCEPTED,,240731,http://www.marinespecies.org/aphia.php?p=taxdetails&id=240731,https://www.marinespecies.org/rest/AphiaClassificationByAphiaID/240731,urn:lsid:marinespecies.org:taxname:240731,https://airtable.com/tblLqtIyuwA7rbEC3/recTPKJm5Vqw5wqsF?blocks=bli5ItEhTDGAFc32p,Animalia,,,Chordata,Vertebrata ,Gnathostomata,Pisces,Actinopterygii,,,,,Scorpaeniformes,Hexagrammoidei,,,,,,,Hexagrammidae,Hexagramminae,,,,Hexagrammos,,,,Hexagramminae,,recTPKJm5Vqw5wqsF,,,
Hexagrammos decagrammus,SPECIES,ACCEPTED,Kelp greenling,240732,http://www.marinespecies.org/aphia.php?p=taxdetails&id=240732,https://www.marinespecies.org/rest/AphiaClassificationByAphiaID/240732,urn:lsid:marinespecies.org:taxname:240732,https://airtable.com/tblLqtIyuwA7rbEC3/rechYCdiBydbVSfPN?blocks=bli5ItEhTDGAFc32p,Animalia,,,Chordata,Vertebrata ,Gnathostomata,Pisces,Actinopterygii,,,,,Scorpaeniformes,Hexagrammoidei,,,,,,,Hexagrammidae,Hexagramminae,,,,Hexagrammos,,Hexagrammos decagrammus,,Hexagrammos,"KEGR,KEGR,KEGR,kegr,kegr",rechYCdiBydbVSfPN,,,
Hexagrammos lagocephalus,SPECIES,ACCEPTED,Rock greenling,240735,http://www.marinespecies.org/aphia.php?p=taxdetails&id=240735,https://www.marinespecies.org/rest/AphiaClassificationByAphiaID/240735,urn:lsid:marinespecies.org:taxname:240735,https://airtable.com/tblLqtIyuwA7rbEC3/recFAzahLdeDbyPkM?blocks=bli5ItEhTDGAFc32p,Animalia,,,Chordata,Vertebrata ,Gnathostomata,Pisces,Actinopterygii,,,,,Scorpaeniformes,Hexagrammoidei,,,,,,,Hexagrammidae,Hexagramminae,,,,Hexagrammos,,Hexagrammos lagocephalus,,Hexagrammos,"ROGR,ROGR,ROGR,rogr,rogr",recFAzahLdeDbyPkM,,,
Hexagrammos stelleri,SPECIES,ACCEPTED,Whitespotted greenling,254545,http://www.marinespecies.org/aphia.php?p=taxdetails&id=254545,https://www.marinespecies.org/rest/AphiaClassificationByAphiaID/254545,urn:lsid:marinespecies.org:taxname:254545,https://airtable.com/tblLqtIyuwA7rbEC3/recvd7EfI8o5co3eq?blocks=bli5ItEhTDGAFc32p,Animalia,,,Chordata,Vertebrata ,Gnathostomata,Pisces,Actinopterygii,,,,,Scorpaeniformes,Hexagrammoidei,,,,,,,Hexagrammidae,Hexagramminae,,,,Hexagrammos,,Hexagrammos stelleri,,Hexagrammos,"WHGR,WHGR,WHGR,whgr,whgr",recvd7EfI8o5co3eq,,,
Ophiodontinae,SUBFAMILY,ACCEPTED,,154752,http://www.marinespecies.org/aphia.php?p=taxdetails&id=154752,https://www.marinespecies.org/rest/AphiaClassificationByAphiaID/154752,urn:lsid:marinespecies.org:taxname:154752,https://airtable.com/tblLqtIyuwA7rbEC3/rec15D0TdEVaDQ7l4?blocks=bli5ItEhTDGAFc32p,Animalia,,,Chordata,Vertebrata ,Gnathostomata,Pisces,Actinopterygii,,,,,Scorpaeniformes,Hexagrammoidei,,,,,,,Hexagrammidae,Ophiodontinae,,,,,,,,Hexagrammidae,,rec15D0TdEVaDQ7l4,,,
Ophiodon,GENUS,ACCEPTED,,240744,http://www.marinespecies.org/aphia.php?p=taxdetails&id=240744,https://www.marinespecies.org/rest/AphiaClassificationByAphiaID/240744,urn:lsid:marinespecies.org:taxname:240744,https://airtable.com/tblLqtIyuwA7rbEC3/reccs1khryWgNesFH?blocks=bli5ItEhTDGAFc32p,Animalia,,,Chordata,Vertebrata ,Gnathostomata,Pisces,Actinopterygii,,,,,Scorpaeniformes,Hexagrammoidei,,,,,,,Hexagrammidae,Ophiodontinae,,,,Ophiodon,,,,Ophiodontinae,,reccs1khryWgNesFH,,,
Ophiodon elongatus,SPECIES,ACCEPTED,Lingcod,240745,http://www.marinespecies.org/aphia.php?p=taxdetails&id=240745,https://www.marinespecies.org/rest/AphiaClassificationByAphiaID/240745,urn:lsid:marinespecies.org:taxname:240745,https://airtable.com/tblLqtIyuwA7rbEC3/rec4tuxbgxFpHFGrA?blocks=bli5ItEhTDGAFc32p,Animalia,,,Chordata,Vertebrata ,Gnathostomata,Pisces,Actinopterygii,,,,,Scorpaeniformes,Hexagrammoidei,,,,,,,Hexagrammidae,Ophiodontinae,,,,Ophiodon,,Ophiodon elongatus,,Ophiodon,"LING,LING,LING,ling,ling",rec4tuxbgxFpHFGrA,,,
Oxylebiinae,SUBFAMILY,ACCEPTED,,240741,http://www.marinespecies.org/aphia.php?p=taxdetails&id=240741,https://www.marinespecies.org/rest/AphiaClassificationByAphiaID/240741,urn:lsid:marinespecies.org:taxname:240741,https://airtable.com/tblLqtIyuwA7rbEC3/rec7syK2iObwJ3C5I?blocks=bli5ItEhTDGAFc32p,Animalia,,,Chordata,Vertebrata ,Gnathostomata,Pisces,Actinopterygii,,,,,Scorpaeniformes,Hexagrammoidei,,,,,,,Hexagrammidae,Oxylebiinae,,,,,,,,Hexagrammidae,,rec7syK2iObwJ3C5I,,,
Oxylebius,GENUS,ACCEPTED,,240742,http://www.marinespecies.org/aphia.php?p=taxdetails&id=240742,https://www.marinespecies.org/rest/AphiaClassificationByAphiaID/240742,urn:lsid:marinespecies.org:taxname:240742,https://airtable.com/tblLqtIyuwA7rbEC3/rece0RSrZdtVyLHgj?blocks=bli5ItEhTDGAFc32p,Animalia,,,Chordata,Vertebrata ,Gnathostomata,Pisces,Actinopterygii,,,,,Scorpaeniformes,Hexagrammoidei,,,,,,,Hexagrammidae,Oxylebiinae,,,,Oxylebius,,,,Oxylebiinae,,rece0RSrZdtVyLHgj,,,
Oxylebius pictus,SPECIES,ACCEPTED,Painted greenling,240743,http://www.marinespecies.org/aphia.php?p=taxdetails&id=240743,https://www.marinespecies.org/rest/AphiaClassificationByAphiaID/240743,urn:lsid:marinespecies.org:taxname:240743,https://airtable.com/tblLqtIyuwA7rbEC3/rec7N3nPu7icXES2Q?blocks=bli5ItEhTDGAFc32p,Animalia,,,Chordata,Vertebrata ,Gnathostomata,Pisces,Actinopterygii,,,,,Scorpaeniformes,Hexagrammoidei,,,,,,,Hexagrammidae,Oxylebiinae,,,,Oxylebius,,Oxylebius pictus,,Oxylebius,"PAGR,PAGR,PAGR,pagr,pagr",rec7N3nPu7icXES2Q,,,
Scorpaenoidei,SUBORDER,ACCEPTED,Rockfish,154247,http://www.marinespecies.org/aphia.php?p=taxdetails&id=154247,https://www.marinespecies.org/rest/AphiaClassificationByAphiaID/154247,urn:lsid:marinespecies.org:taxname:154247,https://airtable.com/tblLqtIyuwA7rbEC3/recr5EPTWEbeuJ4Nc?blocks=bli5ItEhTDGAFc32p,Animalia,,,Chordata,Vertebrata ,Gnathostomata,Pisces,Actinopterygii,,,,,Scorpaeniformes,Scorpaenoidei,,,,,,,,,,,,,,,,Scorpaeniformes,,recr5EPTWEbeuJ4Nc,,,
Sebastidae,FAMILY,ACCEPTED,,125596,http://www.marinespecies.org/aphia.php?p=taxdetails&id=125596,https://www.marinespecies.org/rest/AphiaClassificationByAphiaID/125596,urn:lsid:marinespecies.org:taxname:125596,https://airtable.com/tblLqtIyuwA7rbEC3/recCg1ciFpyKJM91O?blocks=bli5ItEhTDGAFc32p,Animalia,,,Chordata,Vertebrata ,Gnathostomata,Pisces,Actinopterygii,,,,,Scorpaeniformes,Scorpaenoidei,,,,,,,Sebastidae,,,,,,,,,Scorpaenoidei,,recCg1ciFpyKJM91O,,,
Sebastinae,SUBFAMILY,ACCEPTED,,154407,http://www.marinespecies.org/aphia.php?p=taxdetails&id=154407,https://www.marinespecies.org/rest/AphiaClassificationByAphiaID/154407,urn:lsid:marinespecies.org:taxname:154407,https://airtable.com/tblLqtIyuwA7rbEC3/recILipbiw7qjXvwg?blocks=bli5ItEhTDGAFc32p,Animalia,,,Chordata,Vertebrata ,Gnathostomata,Pisces,Actinopterygii,,,,,Scorpaeniformes,Scorpaenoidei,,,,,,,Sebastidae,Sebastinae,,,,,,,,Sebastidae,,recILipbiw7qjXvwg,,,
Sebastes,GENUS,ACCEPTED,Rockfish,126175,http://www.marinespecies.org/aphia.php?p=taxdetails&id=126175,https://www.marinespecies.org/rest/AphiaClassificationByAphiaID/126175,urn:lsid:marinespecies.org:taxname:126175,https://airtable.com/tblLqtIyuwA7rbEC3/reclMxDysjzSSFizM?blocks=bli5ItEhTDGAFc32p,Animalia,,,Chordata,Vertebrata ,Gnathostomata,Pisces,Actinopterygii,,,,,Scorpaeniformes,Scorpaenoidei,,,,,,,Sebastidae,Sebastinae,,,,Sebastes,,,,Sebastinae,"BYRO,BYRO,BYRO,byro,byro,CQBR,CQBR,CQBR,cqbr,cqbr,RORE,RORE,RORE,rore,rore",reclMxDysjzSSFizM,,,
Sebastes brevispinis,SPECIES,ACCEPTED,Silvergray Rockfish,274778,http://www.marinespecies.org/aphia.php?p=taxdetails&id=274778,https://www.marinespecies.org/rest/AphiaClassificationByAphiaID/274778,urn:lsid:marinespecies.org:taxname:274778,https://airtable.com/tblLqtIyuwA7rbEC3/rec5Wdd2VWx2q9jGD?blocks=bli5ItEhTDGAFc32p,Animalia,,,Chordata,Vertebrata ,Gnathostomata,Pisces,Actinopterygii,,,,,Scorpaeniformes,Scorpaenoidei,,,,,,,Sebastidae,Sebastinae,,,,Sebastes,,Sebastes brevispinis,,Sebastes,"SIRO,SIRO,SIRO,siro,siro",rec5Wdd2VWx2q9jGD,,,
Sebastes caurinus,SPECIES,ACCEPTED,Copper rockfish,274780,http://www.marinespecies.org/aphia.php?p=taxdetails&id=274780,https://www.marinespecies.org/rest/AphiaClassificationByAphiaID/274780,urn:lsid:marinespecies.org:taxname:274780,https://airtable.com/tblLqtIyuwA7rbEC3/recNENndaoiGHCU52?blocks=bli5ItEhTDGAFc32p,Animalia,,,Chordata,Vertebrata ,Gnathostomata,Pisces,Actinopterygii,,,,,Scorpaeniformes,Scorpaenoidei,,,,,,,Sebastidae,Sebastinae,,,,Sebastes,,Sebastes caurinus,,Sebastes,"CORO,CORO,CORO,coro,coro",recNENndaoiGHCU52,,,
Sebastes ciliatus,SPECIES,ACCEPTED,Dusky Rockfish,274782,http://www.marinespecies.org/aphia.php?p=taxdetails&id=274782,https://www.marinespecies.org/rest/AphiaClassificationByAphiaID/274782,urn:lsid:marinespecies.org:taxname:274782,https://airtable.com/tblLqtIyuwA7rbEC3/recWLh1SjAHZt1rA3?blocks=bli5ItEhTDGAFc32p,Animalia,,,Chordata,Vertebrata ,Gnathostomata,Pisces,Actinopterygii,,,,,Scorpaeniformes,Scorpaenoidei,,,,,,,Sebastidae,Sebastinae,,,,Sebastes,,Sebastes ciliatus,,Sebastes,"DURO,DURO,DURO,duro,duro",recWLh1SjAHZt1rA3,,,
Sebastes diaconus,SPECIES,ACCEPTED,Deacon Rockfish,1384909,http://www.marinespecies.org/aphia.php?p=taxdetails&id=1384909,https://www.marinespecies.org/rest/AphiaClassificationByAphiaID/1384909,urn:lsid:marinespecies.org:taxname:1384909,https://airtable.com/tblLqtIyuwA7rbEC3/recbiUiYRHy80Ihgg?blocks=bli5ItEhTDGAFc32p,Animalia,,,Chordata,Vertebrata ,Gnathostomata,Pisces,Actinopterygii,,,,,Scorpaeniformes,Scorpaenoidei,,,,,,,Sebastidae,Sebastinae,,,,Sebastes,,Sebastes diaconus,,Sebastes,"DERO,DERO,DERO,dero,dero",recbiUiYRHy80Ihgg,,,
Sebastes flavidus,SPECIES,ACCEPTED,Yellowtail rockfish,274795,http://www.marinespecies.org/aphia.php?p=taxdetails&id=274795,https://www.marinespecies.org/rest/AphiaClassificationByAphiaID/274795,urn:lsid:marinespecies.org:taxname:274795,https://airtable.com/tblLqtIyuwA7rbEC3/rec4F0axobdKfzyLb?blocks=bli5ItEhTDGAFc32p,Animalia,,,Chordata,Vertebrata ,Gnathostomata,Pisces,Actinopterygii,,,,,Scorpaeniformes,Scorpaenoidei,,,,,,,Sebastidae,Sebastinae,,,,Sebastes,,Sebastes flavidus,,Sebastes,"YERO,YERO,YERO,yero,yero",rec4F0axobdKfzyLb,,,
Sebastes maliger,SPECIES,ACCEPTED,Quillback Rockfish,274815,http://www.marinespecies.org/aphia.php?p=taxdetails&id=274815,https://www.marinespecies.org/rest/AphiaClassificationByAphiaID/274815,urn:lsid:marinespecies.org:taxname:274815,https://airtable.com/tblLqtIyuwA7rbEC3/reccofm293izZIPqT?blocks=bli5ItEhTDGAFc32p,Animalia,,,Chordata,Vertebrata ,Gnathostomata,Pisces,Actinopterygii,,,,,Scorpaeniformes,Scorpaenoidei,,,,,,,Sebastidae,Sebastinae,,,,Sebastes,,Sebastes maliger,,Sebastes,"QURO,QURO,QURO,quro,quro",reccofm293izZIPqT,,,
Sebastes melanops,SPECIES,ACCEPTED,Black rockfish,274817,http://www.marinespecies.org/aphia.php?p=taxdetails&id=274817,https://www.marinespecies.org/rest/AphiaClassificationByAphiaID/274817,urn:lsid:marinespecies.org:taxname:274817,https://airtable.com/tblLqtIyuwA7rbEC3/recVDnkmmCYtH4T01?blocks=bli5ItEhTDGAFc32p,Animalia,,,Chordata,Vertebrata ,Gnathostomata,Pisces,Actinopterygii,,,,,Scorpaeniformes,Scorpaenoidei,,,,,,,Sebastidae,Sebastinae,,,,Sebastes,,Sebastes melanops,,Sebastes,"BLRO,BLRO,BLRO,blro,blro",recVDnkmmCYtH4T01,,,
Sebastes miniatus,SPECIES,ACCEPTED,Vermillion Rockfish,274820,http://www.marinespecies.org/aphia.php?p=taxdetails&id=274820,https://www.marinespecies.org/rest/AphiaClassificationByAphiaID/274820,urn:lsid:marinespecies.org:taxname:274820,https://airtable.com/tblLqtIyuwA7rbEC3/recHCSOlQRcu6NPUs?blocks=bli5ItEhTDGAFc32p,Animalia,,,Chordata,Vertebrata ,Gnathostomata,Pisces,Actinopterygii,,,,,Scorpaeniformes,Scorpaenoidei,,,,,,,Sebastidae,Sebastinae,,,,Sebastes,,Sebastes miniatus,,Sebastes,"VERO,VERO,VERO,vero,vero",recHCSOlQRcu6NPUs,,,
Sebastes nebulosus,SPECIES,ACCEPTED,China Rockfish,274824,http://www.marinespecies.org/aphia.php?p=taxdetails&id=274824,https://www.marinespecies.org/rest/AphiaClassificationByAphiaID/274824,urn:lsid:marinespecies.org:taxname:274824,https://airtable.com/tblLqtIyuwA7rbEC3/recBj8ozV6YPCRD2M?blocks=bli5ItEhTDGAFc32p,Animalia,,,Chordata,Vertebrata ,Gnathostomata,Pisces,Actinopterygii,,,,,Scorpaeniformes,Scorpaenoidei,,,,,,,Sebastidae,Sebastinae,,,,Sebastes,,Sebastes nebulosus,,Sebastes,"CHRO,CHRO,CHRO,chro,chro",recBj8ozV6YPCRD2M,,,
Sebastes nigrocinctus,SPECIES,ACCEPTED,Tiger Rockfish,274825,http://www.marinespecies.org/aphia.php?p=taxdetails&id=274825,https://www.marinespecies.org/rest/AphiaClassificationByAphiaID/274825,urn:lsid:marinespecies.org:taxname:274825,https://airtable.com/tblLqtIyuwA7rbEC3/rec1ZvEKDxwLeuJnc?blocks=bli5ItEhTDGAFc32p,Animalia,,,Chordata,Vertebrata ,Gnathostomata,Pisces,Actinopterygii,,,,,Scorpaeniformes,Scorpaenoidei,,,,,,,Sebastidae,Sebastinae,,,,Sebastes,,Sebastes nigrocinctus,,Sebastes,"TIRO,TIRO,TIRO,tiro,tiro",rec1ZvEKDxwLeuJnc,,,
Sebastes paucispinis,SPECIES,ACCEPTED,Bocaccio rockfish,274833,http://www.marinespecies.org/aphia.php?p=taxdetails&id=274833,https://www.marinespecies.org/rest/AphiaClassificationByAphiaID/274833,urn:lsid:marinespecies.org:taxname:274833,https://airtable.com/tblLqtIyuwA7rbEC3/recnK9w3lIRnZKPs6?blocks=bli5ItEhTDGAFc32p,Animalia,,,Chordata,Vertebrata ,Gnathostomata,Pisces,Actinopterygii,,,,,Scorpaeniformes,Scorpaenoidei,,,,,,,Sebastidae,Sebastinae,,,,Sebastes,,Sebastes paucispinis,,Sebastes,"BORO,BORO,BORO,boro,boro",recnK9w3lIRnZKPs6,,,
Syngnathiformes,ORDER,ACCEPTED,,10327,http://www.marinespecies.org/aphia.php?p=taxdetails&id=10327,https://www.marinespecies.org/rest/AphiaClassificationByAphiaID/10327,urn:lsid:marinespecies.org:taxname:10327,https://airtable.com/tblLqtIyuwA7rbEC3/recM458TM6wPIAhq3?blocks=bli5ItEhTDGAFc32p,Animalia,,,Chordata,Vertebrata ,Gnathostomata,Pisces,Actinopterygii,,,,,Syngnathiformes,,,,,,,,,,,,,,,,,Actinopterygii,,recM458TM6wPIAhq3,,,
Syngnathidae,FAMILY,ACCEPTED,,125606,http://www.marinespecies.org/aphia.php?p=taxdetails&id=125606,https://www.marinespecies.org/rest/AphiaClassificationByAphiaID/125606,urn:lsid:marinespecies.org:taxname:125606,https://airtable.com/tblLqtIyuwA7rbEC3/recIOB7qyaXM4vUXX?blocks=bli5ItEhTDGAFc32p,Animalia,,,Chordata,Vertebrata ,Gnathostomata,Pisces,Actinopterygii,,,,,Syngnathiformes,,,,,,,,Syngnathidae,,,,,,,,,Syngnathiformes,,recIOB7qyaXM4vUXX,,,
Syngnathinae,SUBFAMILY,ACCEPTED,,154405,http://www.marinespecies.org/aphia.php?p=taxdetails&id=154405,https://www.marinespecies.org/rest/AphiaClassificationByAphiaID/154405,urn:lsid:marinespecies.org:taxname:154405,https://airtable.com/tblLqtIyuwA7rbEC3/recckHHzgZ0moJCil?blocks=bli5ItEhTDGAFc32p,Animalia,,,Chordata,Vertebrata ,Gnathostomata,Pisces,Actinopterygii,,,,,Syngnathiformes,,,,,,,,Syngnathidae,Syngnathinae,,,,,,,,Syngnathidae,,recckHHzgZ0moJCil,,,
Syngnathus,GENUS,ACCEPTED,,126227,http://www.marinespecies.org/aphia.php?p=taxdetails&id=126227,https://www.marinespecies.org/rest/AphiaClassificationByAphiaID/126227,urn:lsid:marinespecies.org:taxname:126227,https://airtable.com/tblLqtIyuwA7rbEC3/recUJ3gOegZftZOFj?blocks=bli5ItEhTDGAFc32p,Animalia,,,Chordata,Vertebrata ,Gnathostomata,Pisces,Actinopterygii,,,,,Syngnathiformes,,,,,,,,Syngnathidae,Syngnathinae,,,,Syngnathus,,,,Syngnathinae,,recUJ3gOegZftZOFj,,,
Syngnathus leptorhynchus,SPECIES,ACCEPTED,Bay pipefish,275226,http://www.marinespecies.org/aphia.php?p=taxdetails&id=275226,https://www.marinespecies.org/rest/AphiaClassificationByAphiaID/275226,urn:lsid:marinespecies.org:taxname:275226,https://airtable.com/tblLqtIyuwA7rbEC3/recMfTvQsncmngSMl?blocks=bli5ItEhTDGAFc32p,Animalia,,,Chordata,Vertebrata ,Gnathostomata,Pisces,Actinopterygii,,,,,Syngnathiformes,,,,,,,,Syngnathidae,Syngnathinae,,,,Syngnathus,,Syngnathus leptorhynchus,,Syngnathus,"BAPI,BAPI,BAPI,bapi,bapi",recMfTvQsncmngSMl,,,
Holocephali,CLASS,ACCEPTED,,10196,http://www.marinespecies.org/aphia.php?p=taxdetails&id=10196,https://www.marinespecies.org/rest/AphiaClassificationByAphiaID/10196,urn:lsid:marinespecies.org:taxname:10196,https://airtable.com/tblLqtIyuwA7rbEC3/recciqd0X7u2AVLBW?blocks=bli5ItEhTDGAFc32p,Animalia,,,Chordata,Vertebrata ,Gnathostomata,Pisces,Holocephali,,,,,,,,,,,,,,,,,,,,,,Pisces,,recciqd0X7u2AVLBW,,,
Chimaeriformes,ORDER,ACCEPTED,,10217,http://www.marinespecies.org/aphia.php?p=taxdetails&id=10217,https://www.marinespecies.org/rest/AphiaClassificationByAphiaID/10217,urn:lsid:marinespecies.org:taxname:10217,https://airtable.com/tblLqtIyuwA7rbEC3/rec5rjXkFLy3ncqaB?blocks=bli5ItEhTDGAFc32p,Animalia,,,Chordata,Vertebrata ,Gnathostomata,Pisces,Holocephali,,,,,Chimaeriformes,,,,,,,,,,,,,,,,,Holocephali,,rec5rjXkFLy3ncqaB,,,
Chimaeridae,FAMILY,ACCEPTED,,105696,http://www.marinespecies.org/aphia.php?p=taxdetails&id=105696,https://www.marinespecies.org/rest/AphiaClassificationByAphiaID/105696,urn:lsid:marinespecies.org:taxname:105696,https://airtable.com/tblLqtIyuwA7rbEC3/recAb1ko51GXqvNtR?blocks=bli5ItEhTDGAFc32p,Animalia,,,Chordata,Vertebrata ,Gnathostomata,Pisces,Holocephali,,,,,Chimaeriformes,,,,,,,,Chimaeridae,,,,,,,,,Chimaeriformes,,recAb1ko51GXqvNtR,,,
Hydrolagus,GENUS,ACCEPTED,,105734,http://www.marinespecies.org/aphia.php?p=taxdetails&id=105734,https://www.marinespecies.org/rest/AphiaClassificationByAphiaID/105734,urn:lsid:marinespecies.org:taxname:105734,https://airtable.com/tblLqtIyuwA7rbEC3/recwdMAHPRr9wCySB?blocks=bli5ItEhTDGAFc32p,Animalia,,,Chordata,Vertebrata ,Gnathostomata,Pisces,Holocephali,,,,,Chimaeriformes,,,,,,,,Chimaeridae,,,,,Hydrolagus,,,,Chimaeridae,,recwdMAHPRr9wCySB,,,
Hydrolagus colliei,SPECIES,ACCEPTED,Ratfish,271406,http://www.marinespecies.org/aphia.php?p=taxdetails&id=271406,https://www.marinespecies.org/rest/AphiaClassificationByAphiaID/271406,urn:lsid:marinespecies.org:taxname:271406,https://airtable.com/tblLqtIyuwA7rbEC3/recwerpyun2qyCaoj?blocks=bli5ItEhTDGAFc32p,Animalia,,,Chordata,Vertebrata ,Gnathostomata,Pisces,Holocephali,,,,,Chimaeriformes,,,,,,,,Chimaeridae,,,,,Hydrolagus,,Hydrolagus colliei,,Hydrolagus,"RATF,RATF,RATF,ratf,ratf",recwerpyun2qyCaoj,,,
Cnidaria,PHYLUM,ACCEPTED,,1267,http://www.marinespecies.org/aphia.php?p=taxdetails&id=1267,https://www.marinespecies.org/rest/AphiaClassificationByAphiaID/1267,urn:lsid:marinespecies.org:taxname:1267,https://airtable.com/tblLqtIyuwA7rbEC3/recqnPzztLMFfgwwL?blocks=bli5ItEhTDGAFc32p,Animalia,,,Cnidaria,,,,,,,,,,,,,,,,,,,,,,,,,,Animalia,,recqnPzztLMFfgwwL,,,
Anthozoa,CLASS,ACCEPTED,,1292,http://www.marinespecies.org/aphia.php?p=taxdetails&id=1292,https://www.marinespecies.org/rest/AphiaClassificationByAphiaID/1292,urn:lsid:marinespecies.org:taxname:1292,https://airtable.com/tblLqtIyuwA7rbEC3/recKorn9xOmYziIge?blocks=bli5ItEhTDGAFc32p,Animalia,,,Cnidaria,,,,Anthozoa,,,,,,,,,,,,,,,,,,,,,,Cnidaria,,recKorn9xOmYziIge,,,
Hexacorallia,SUBCLASS,ACCEPTED,,1340,http://www.marinespecies.org/aphia.php?p=taxdetails&id=1340,https://www.marinespecies.org/rest/AphiaClassificationByAphiaID/1340,urn:lsid:marinespecies.org:taxname:1340,https://airtable.com/tblLqtIyuwA7rbEC3/recjOblicPDvgGxSo?blocks=bli5ItEhTDGAFc32p,Animalia,,,Cnidaria,,,,Anthozoa,Hexacorallia,,,,,,,,,,,,,,,,,,,,,Anthozoa,,recjOblicPDvgGxSo,,,
Actiniaria,ORDER,ACCEPTED,Sea anemone,1360,http://www.marinespecies.org/aphia.php?p=taxdetails&id=1360,https://www.marinespecies.org/rest/AphiaClassificationByAphiaID/1360,urn:lsid:marinespecies.org:taxname:1360,https://airtable.com/tblLqtIyuwA7rbEC3/recmNERDd1l1Z6BnW?blocks=bli5ItEhTDGAFc32p,Animalia,,,Cnidaria,,,,Anthozoa,Hexacorallia,,,,Actiniaria,,,,,,,,,,,,,,,,,Hexacorallia,"UNAN,UNAN,ANEM",recmNERDd1l1Z6BnW,,,
Enthemonae,SUBORDER,ACCEPTED,,888371,http://www.marinespecies.org/aphia.php?p=taxdetails&id=888371,https://www.marinespecies.org/rest/AphiaClassificationByAphiaID/888371,urn:lsid:marinespecies.org:taxname:888371,https://airtable.com/tblLqtIyuwA7rbEC3/recLWhzbsYcekqMy3?blocks=bli5ItEhTDGAFc32p,Animalia,,,Cnidaria,,,,Anthozoa,Hexacorallia,,,,Actiniaria,Enthemonae,,,,,,,,,,,,,,,,Actiniaria,,recLWhzbsYcekqMy3,,,
Actinioidea,SUPERFAMILY,ACCEPTED,,853973,http://www.marinespecies.org/aphia.php?p=taxdetails&id=853973,https://www.marinespecies.org/rest/AphiaClassificationByAphiaID/853973,urn:lsid:marinespecies.org:taxname:853973,https://airtable.com/tblLqtIyuwA7rbEC3/recmoLa745FGawfT9?blocks=bli5ItEhTDGAFc32p,Animalia,,,Cnidaria,,,,Anthozoa,Hexacorallia,,,,Actiniaria,Enthemonae,,,,,Actinioidea,,,,,,,,,,,Enthemonae,,recmoLa745FGawfT9,,,
Actiniidae,FAMILY,ACCEPTED,,100653,http://www.marinespecies.org/aphia.php?p=taxdetails&id=100653,https://www.marinespecies.org/rest/AphiaClassificationByAphiaID/100653,urn:lsid:marinespecies.org:taxname:100653,https://airtable.com/tblLqtIyuwA7rbEC3/reckynp50N2iC0L6W?blocks=bli5ItEhTDGAFc32p,Animalia,,,Cnidaria,,,,Anthozoa,Hexacorallia,,,,Actiniaria,Enthemonae,,,,,Actinioidea,,Actiniidae,,,,,,,,,Actinioidea,,reckynp50N2iC0L6W,,,
Anthopleura,GENUS,ACCEPTED,Anthopleura anemone,100696,http://www.marinespecies.org/aphia.php?p=taxdetails&id=100696,https://www.marinespecies.org/rest/AphiaClassificationByAphiaID/100696,urn:lsid:marinespecies.org:taxname:100696,https://airtable.com/tblLqtIyuwA7rbEC3/recYQNJYuepopuhVq?blocks=bli5ItEhTDGAFc32p,Animalia,,,Cnidaria,,,,Anthozoa,Hexacorallia,,,,Actiniaria,Enthemonae,,,,,Actinioidea,,Actiniidae,,,,,Anthopleura,,,,Actiniidae,ANTH,recYQNJYuepopuhVq,,,ANTELE
Anthopleura artemisia,SPECIES,ACCEPTED,Burrowing anemone,283337,http://www.marinespecies.org/aphia.php?p=taxdetails&id=283337,https://www.marinespecies.org/rest/AphiaClassificationByAphiaID/283337,urn:lsid:marinespecies.org:taxname:283337,https://airtable.com/tblLqtIyuwA7rbEC3/recvUusMKIV5GBpiR?blocks=bli5ItEhTDGAFc32p,Animalia,,,Cnidaria,,,,Anthozoa,Hexacorallia,,,,Actiniaria,Enthemonae,,,,,Actinioidea,,Actiniidae,,,,,Anthopleura,,Anthopleura artemisia,,Anthopleura,ANAR,recvUusMKIV5GBpiR,,Quadra,
Anthopleura elegantissima,SPECIES,ACCEPTED,Aggregating anenome,283347,http://www.marinespecies.org/aphia.php?p=taxdetails&id=283347,https://www.marinespecies.org/rest/AphiaClassificationByAphiaID/283347,urn:lsid:marinespecies.org:taxname:283347,https://airtable.com/tblLqtIyuwA7rbEC3/recb2QhDllueNbWZ2?blocks=bli5ItEhTDGAFc32p,Animalia,,,Cnidaria,,,,Anthozoa,Hexacorallia,,,,Actiniaria,Enthemonae,,,,,Actinioidea,,Actiniidae,,,,,Anthopleura,,Anthopleura elegantissima,,Anthopleura,ANEL,recb2QhDllueNbWZ2,"Anthopleura_elegantissima_12994_B0973_d02552.JPG (https://v5.airtableusercontent.com/v3/u/33/33/1727985600000/G45FujYCrwqBCjF3IYKKaA/QhClJzV_uQgn-eAdGIh8vc5nlh3tXlwS_2GrXg6jPtePvYnGPyk6LB59ylRcL3NVJ-d3YqiMefwyEnXEsIxw6Si4h4yy2296eryo-3vWKuQwwshk9IDkX3fpxabCZ6J6DjcQIg9X_TMlj48ARPAG4HdKfAoLW-VPeK2trjkc8bCMcPBcjRxiQHIGsXf48e2M/npWpkVe8K9V-NRJQBNA0txNOXJOllcHbSV-ICaAhWz4),Anthopleura_elegantissima_13176_B3568_d08069.JPG (https://v5.airtableusercontent.com/v3/u/33/33/1727985600000/OXWDNssLFgVuOy62dgYx-w/SwwGHYC5bzIfzZrcFqdJaED0QNPMnMUON3JUYT6SD8L48J1b3BlV_GmvVBNyFrmF9Xt8FlKbSayl97sK5frDuXT7TuWriku-6G4-whI1jFZWHECcot38Cq16YQkvmnJyvFDnSg1zWFOa5xxS2_9qLKE7I5tYBiuP5Gs_q_e-kPmlaMCbeitEoHPXCccjbZUP/kf_E1ipHdc8Qf__zEgMa5SjsPJRYypKrCAW1lACMNz4),PXL_20240610_185444611.jpg (https://v5.airtableusercontent.com/v3/u/33/33/1727985600000/UzpNRUYFFfvQelQeVX38wg/Ls7GiAG1MfcdJ6rtrGt13HviSDZvL_huziQOaYEu0Y1F6yXUt_J2AQUkqkOEwiB3oXtLgCs9belC9GWwzkpaBo3AjErF-KMrryAJBGn7KuHBtbmETHtRo7iONxwbh0GH64NCIovv7C9GFHvHEEIYYLOI53RV5aCXAcprvVxJQJCMns66o1VQfOMWn66gh-Bw/PwyiZA-xHLpKNEr1ta721F10IhPJIoK84chgqigL544)","Quadra,Toby Island",
Anthopleura sola,SPECIES,ACCEPTED,Sunburst anemone,240753,http://www.marinespecies.org/aphia.php?p=taxdetails&id=240753,https://www.marinespecies.org/rest/AphiaClassificationByAphiaID/240753,urn:lsid:marinespecies.org:taxname:240753,https://airtable.com/tblLqtIyuwA7rbEC3/recgCalLoqx9Nh1Qh?blocks=bli5ItEhTDGAFc32p,Animalia,,,Cnidaria,,,,Anthozoa,Hexacorallia,,,,Actiniaria,Enthemonae,,,,,Actinioidea,,Actiniidae,,,,,Anthopleura,,Anthopleura sola,,Anthopleura,ANTS,recgCalLoqx9Nh1Qh,,,
Anthopleura xanthogrammica,SPECIES,ACCEPTED,Giant green anemone,283377,http://www.marinespecies.org/aphia.php?p=taxdetails&id=283377,https://www.marinespecies.org/rest/AphiaClassificationByAphiaID/283377,urn:lsid:marinespecies.org:taxname:283377,https://airtable.com/tblLqtIyuwA7rbEC3/recUVB1W1Pq75c9tI?blocks=bli5ItEhTDGAFc32p,Animalia,,,Cnidaria,,,,Anthozoa,Hexacorallia,,,,Actiniaria,Enthemonae,,,,,Actinioidea,,Actiniidae,,,,,Anthopleura,,Anthopleura xanthogrammica,,Anthopleura,ANXA,recUVB1W1Pq75c9tI,"Anthopleura_xanthogrammica_13178_B3611_d08309.JPG (https://v5.airtableusercontent.com/v3/u/33/33/1727985600000/YrGgUPNljWWKExl6cQNjRw/Y7BZ5YmZ9xJqGM5HLBIWuS0IEjoAS1E7DT9iQQa5euzUK18flg1lNX1039f3S5ZKese9E1MFPxpwbSWhYB2ABrKQ5WZtkgv5KVqEA5nchybolGzaDewNagRlFo4wwwpnYWI5DQp54iI0vnLV3euQoZzOno46f-hbLuG7uTYlCDEU42ijfRcn8hEHgKmnBwCt/LabU0kU9AMbkYW9M420C9TQ0Kq2IfnXHSULiAARvOnc),PXL_20240610_185100667.jpg (https://v5.airtableusercontent.com/v3/u/33/33/1727985600000/xH7j_rTGsVphaRgaVUX3Mw/8pkANiODRIjV58Ia_6BIrA-OdADHAxFu-6k2mhI11QasvVyyVyGwNEi1vZzVyLJlSpnY6wRnteTT9Qte6pNaRthf-ibc0APAwnBIxvBduqOcCEW1U-mZdZA32Um-dCUiJxmD7nUfm7fmmdKyRMWTiALMMZ99dGEBGcCqJs5EZ14xtYGpVw7-WmIrwRKj-W6r/NIvPTRGlHrAF1olloPTTgzZo6YEZuh8e8-wriDfAnT0)",,ANTXAN
Epiactis,GENUS,ACCEPTED,,100703,http://www.marinespecies.org/aphia.php?p=taxdetails&id=100703,https://www.marinespecies.org/rest/AphiaClassificationByAphiaID/100703,urn:lsid:marinespecies.org:taxname:100703,https://airtable.com/tblLqtIyuwA7rbEC3/rec9jwd5ryKIzZzSP?blocks=bli5ItEhTDGAFc32p,Animalia,,,Cnidaria,,,,Anthozoa,Hexacorallia,,,,Actiniaria,Enthemonae,,,,,Actinioidea,,Actiniidae,,,,,Epiactis,,,,Actiniidae,,rec9jwd5ryKIzZzSP,,,
Epiactis lisbethae,SPECIES,ACCEPTED,Giant brooding anemone,283432,http://www.marinespecies.org/aphia.php?p=taxdetails&id=283432,https://www.marinespecies.org/rest/AphiaClassificationByAphiaID/283432,urn:lsid:marinespecies.org:taxname:283432,https://airtable.com/tblLqtIyuwA7rbEC3/recs7li1MxWctwRVx?blocks=bli5ItEhTDGAFc32p,Animalia,,,Cnidaria,,,,Anthozoa,Hexacorallia,,,,Actiniaria,Enthemonae,,,,,Actinioidea,,Actiniidae,,,,,Epiactis,,Epiactis lisbethae,,Epiactis,EPLI,recs7li1MxWctwRVx,"Epiactis_lisbethae_12990_B0410_d01157.JPG (https://v5.airtableusercontent.com/v3/u/33/33/1727985600000/oLFJAL771TYVokkx3FyBKw/wAJY3uSP0uLSq3x4ctiK7U4NaWhY3dx9MWE0KxUV82rL0mdvHwa7jo-CYEoKCgT1oPjdiNSCssgW-AFXK4lrmxJITuUj9NiiS9wAY4gXIPvMX_shP6xOOpt97Ig42mUova8IgBmcqYKgkAZXj8MZkNNEnDSThZr3ctcQ4BBeqDueUOl09gtaLhnOt9nhYxpo/5r8A4jMMuyc_7PA5cX7mpw97dBU_w1KDFqc_ER5DEIk),Epiactis_lisbethae_12990_B0410_d01159.JPG (https://v5.airtableusercontent.com/v3/u/33/33/1727985600000/G7inB6wyqL6lKQSTuRcptQ/H73U9hWFAqHKccEgqHpKD5_thXbW7JGljs2G5KPGmOMfGjJe2hSFITFQHw2eLS2Su6MwV8bwwBcwuQabmTA2bmQTdjFCGgdb61N9LupEGGRuMfjKSEjbNyZXqaLCMRCM7ozbgZbw4rugWZzttK5pVoXC0xl6P8c-w3t7e2A0HH-9c2j-Jo5k-jV1ynAkaGGy/vfX9fzwSrLThqyeuh2HvYWjM6Shgye-5NyooqEpXpPE)",,
Epiactis ritteri,SPECIES,ACCEPTED,Brooding anemone,283436,http://www.marinespecies.org/aphia.php?p=taxdetails&id=283436,https://www.marinespecies.org/rest/AphiaClassificationByAphiaID/283436,urn:lsid:marinespecies.org:taxname:283436,https://airtable.com/tblLqtIyuwA7rbEC3/recKYzw8qCohVReWn?blocks=bli5ItEhTDGAFc32p,Animalia,,,Cnidaria,,,,Anthozoa,Hexacorallia,,,,Actiniaria,Enthemonae,,,,,Actinioidea,,Actiniidae,,,,,Epiactis,,Epiactis ritteri,,Epiactis,EPIR,recKYzw8qCohVReWn,,,
Urticina,GENUS,ACCEPTED,,100706,http://www.marinespecies.org/aphia.php?p=taxdetails&id=100706,https://www.marinespecies.org/rest/AphiaClassificationByAphiaID/100706,urn:lsid:marinespecies.org:taxname:100706,https://airtable.com/tblLqtIyuwA7rbEC3/recpUGa7fcDZ5QWEG?blocks=bli5ItEhTDGAFc32p,Animalia,,,Cnidaria,,,,Anthozoa,Hexacorallia,,,,Actiniaria,Enthemonae,,,,,Actinioidea,,Actiniidae,,,,,Urticina,,,,Actiniidae,,recpUGa7fcDZ5QWEG,,,
Urticina crassicornis,SPECIES,ACCEPTED,Painted anemone,100832,http://www.marinespecies.org/aphia.php?p=taxdetails&id=100832,https://www.marinespecies.org/rest/AphiaClassificationByAphiaID/100832,urn:lsid:marinespecies.org:taxname:100832,https://airtable.com/tblLqtIyuwA7rbEC3/recJSzxeMb1Zfp0Ak?blocks=bli5ItEhTDGAFc32p,Animalia,,,Cnidaria,,,,Anthozoa,Hexacorallia,,,,Actiniaria,Enthemonae,,,,,Actinioidea,,Actiniidae,,,,,Urticina,,Urticina crassicornis,,Urticina,URCR,recJSzxeMb1Zfp0Ak,,,
Metridioidea,SUPERFAMILY,ACCEPTED,,854224,http://www.marinespecies.org/aphia.php?p=taxdetails&id=854224,https://www.marinespecies.org/rest/AphiaClassificationByAphiaID/854224,urn:lsid:marinespecies.org:taxname:854224,https://airtable.com/tblLqtIyuwA7rbEC3/recj6eraNe1oZhWAv?blocks=bli5ItEhTDGAFc32p,Animalia,,,Cnidaria,,,,Anthozoa,Hexacorallia,,,,Actiniaria,Enthemonae,,,,,Metridioidea,,,,,,,,,,,Enthemonae,,recj6eraNe1oZhWAv,,,
Metridiidae,FAMILY,ACCEPTED,,100678,http://www.marinespecies.org/aphia.php?p=taxdetails&id=100678,https://www.marinespecies.org/rest/AphiaClassificationByAphiaID/100678,urn:lsid:marinespecies.org:taxname:100678,https://airtable.com/tblLqtIyuwA7rbEC3/recyLEibOepMprUUZ?blocks=bli5ItEhTDGAFc32p,Animalia,,,Cnidaria,,,,Anthozoa,Hexacorallia,,,,Actiniaria,Enthemonae,,,,,Metridioidea,,Metridiidae,,,,,,,,,Metridioidea,,recyLEibOepMprUUZ,,,
Metridium,GENUS,ACCEPTED,Plumose anemone,100770,http://www.marinespecies.org/aphia.php?p=taxdetails&id=100770,https://www.marinespecies.org/rest/AphiaClassificationByAphiaID/100770,urn:lsid:marinespecies.org:taxname:100770,https://airtable.com/tblLqtIyuwA7rbEC3/rec4XBkbZWH0DuwYl?blocks=bli5ItEhTDGAFc32p,Animalia,,,Cnidaria,,,,Anthozoa,Hexacorallia,,,,Actiniaria,Enthemonae,,,,,Metridioidea,,Metridiidae,,,,,Metridium,,,,Metridiidae,METR,rec4XBkbZWH0DuwYl,,,
Octocorallia,SUBCLASS,ACCEPTED,,1341,http://www.marinespecies.org/aphia.php?p=taxdetails&id=1341,https://www.marinespecies.org/rest/AphiaClassificationByAphiaID/1341,urn:lsid:marinespecies.org:taxname:1341,https://airtable.com/tblLqtIyuwA7rbEC3/recZynL3RxRdiS6qM?blocks=bli5ItEhTDGAFc32p,Animalia,,,Cnidaria,,,,Anthozoa,Octocorallia,,,,,,,,,,,,,,,,,,,,,Anthozoa,,recZynL3RxRdiS6qM,,,
Alcyonacea,ORDER,ACCEPTED,Soft corals,1365,http://www.marinespecies.org/aphia.php?p=taxdetails&id=1365,https://www.marinespecies.org/rest/AphiaClassificationByAphiaID/1365,urn:lsid:marinespecies.org:taxname:1365,https://airtable.com/tblLqtIyuwA7rbEC3/recoHiZ2Kups3dqlS?blocks=bli5ItEhTDGAFc32p,Animalia,,,Cnidaria,,,,Anthozoa,Octocorallia,,,,Alcyonacea,,,,,,,,,,,,,,,,,Octocorallia,ALCY,recoHiZ2Kups3dqlS,,,
Staurozoa,CLASS,ACCEPTED,,265044,http://www.marinespecies.org/aphia.php?p=taxdetails&id=265044,https://www.marinespecies.org/rest/AphiaClassificationByAphiaID/265044,urn:lsid:marinespecies.org:taxname:265044,https://airtable.com/tblLqtIyuwA7rbEC3/rec61nRxzeWmODxsS?blocks=bli5ItEhTDGAFc32p,Animalia,,,Cnidaria,,,,Staurozoa,,,,,,,,,,,,,,,,,,,,,,Cnidaria,,rec61nRxzeWmODxsS,,,
Stauromedusae,ORDER,ACCEPTED,Stalked jelly,135226,http://www.marinespecies.org/aphia.php?p=taxdetails&id=135226,https://www.marinespecies.org/rest/AphiaClassificationByAphiaID/135226,urn:lsid:marinespecies.org:taxname:135226,https://airtable.com/tblLqtIyuwA7rbEC3/recXVDMhOcsNPUrqT?blocks=bli5ItEhTDGAFc32p,Animalia,,,Cnidaria,,,,Staurozoa,,,,,Stauromedusae,,,,,,,,,,,,,,,,,Staurozoa,STAU,recXVDMhOcsNPUrqT,,,
Scleractinia,ORDER,ACCEPTED,,1363,http://www.marinespecies.org/aphia.php?p=taxdetails&id=1363,https://www.marinespecies.org/rest/AphiaClassificationByAphiaID/1363,urn:lsid:marinespecies.org:taxname:1363,https://airtable.com/tblLqtIyuwA7rbEC3/recjLemkxkONLpINK?blocks=bli5ItEhTDGAFc32p,Animalia,,,Cnidaria,Anthozoa,,,Hexacorallia,,,,,Scleractinia,,,,,,,,,,,,,,,,,Hexacorallia,,recjLemkxkONLpINK,,,
Refertina,SUBORDER,ACCEPTED,,1517258,http://www.marinespecies.org/aphia.php?p=taxdetails&id=1517258,https://www.marinespecies.org/rest/AphiaClassificationByAphiaID/1517258,urn:lsid:marinespecies.org:taxname:1517258,https://airtable.com/tblLqtIyuwA7rbEC3/reccYAWlEFkrf12tc?blocks=bli5ItEhTDGAFc32p,Animalia,,,Cnidaria,Anthozoa,,,Hexacorallia,,,,,Scleractinia,Refertina,,,,,,,,,,,,,,,,Scleractinia,,reccYAWlEFkrf12tc,,,
Dendrophylliidae,FAMILY,ACCEPTED,,135074,http://www.marinespecies.org/aphia.php?p=taxdetails&id=135074,https://www.marinespecies.org/rest/AphiaClassificationByAphiaID/135074,urn:lsid:marinespecies.org:taxname:135074,https://airtable.com/tblLqtIyuwA7rbEC3/recjYE2ryMHbn5cHn?blocks=bli5ItEhTDGAFc32p,Animalia,,,Cnidaria,Anthozoa,,,Hexacorallia,,,,,Scleractinia,Refertina,,,,,,,Dendrophylliidae,,,,,,,,,Refertina,,recjYE2ryMHbn5cHn,,,
Balanophyllia,GENUS,ACCEPTED,,135108,http://www.marinespecies.org/aphia.php?p=taxdetails&id=135108,https://www.marinespecies.org/rest/AphiaClassificationByAphiaID/135108,urn:lsid:marinespecies.org:taxname:135108,https://airtable.com/tblLqtIyuwA7rbEC3/rechpvQrQ0YcBTiEJ?blocks=bli5ItEhTDGAFc32p,Animalia,,,Cnidaria,Anthozoa,,,Hexacorallia,,,,,Scleractinia,Refertina,,,,,,,Dendrophylliidae,,,,,Balanophyllia,,,,Dendrophylliidae,,rechpvQrQ0YcBTiEJ,,,
Balanophyllia (Balanophyllia),SUBGENUS,ACCEPTED,,509950,http://www.marinespecies.org/aphia.php?p=taxdetails&id=509950,https://www.marinespecies.org/rest/AphiaClassificationByAphiaID/509950,urn:lsid:marinespecies.org:taxname:509950,https://airtable.com/tblLqtIyuwA7rbEC3/recnsFgbcaYwvRteZ?blocks=bli5ItEhTDGAFc32p,Animalia,,,Cnidaria,Anthozoa,,,Hexacorallia,,,,,Scleractinia,Refertina,,,,,,,Dendrophylliidae,,,,,Balanophyllia,Balanophyllia (Balanophyllia),,,Balanophyllia,,recnsFgbcaYwvRteZ,,,
Balanophyllia (Balanophyllia) elegans,SPECIES,ACCEPTED,Orange cup coral,286920,http://www.marinespecies.org/aphia.php?p=taxdetails&id=286920,https://www.marinespecies.org/rest/AphiaClassificationByAphiaID/286920,urn:lsid:marinespecies.org:taxname:286920,https://airtable.com/tblLqtIyuwA7rbEC3/rec4BLhDaW3fIPoj5?blocks=bli5ItEhTDGAFc32p,Animalia,,,Cnidaria,Anthozoa,,,Hexacorallia,,,,,Scleractinia,Refertina,,,,,,,Dendrophylliidae,,,,,Balanophyllia,Balanophyllia (Balanophyllia),Balanophyllia (Balanophyllia) elegans,,Balanophyllia (Balanophyllia),,rec4BLhDaW3fIPoj5,,Quadra,
Medusozoa,SUBPHYLUM,ACCEPTED,,1740301,http://www.marinespecies.org/aphia.php?p=taxdetails&id=1740301,https://www.marinespecies.org/rest/AphiaClassificationByAphiaID/1740301,urn:lsid:marinespecies.org:taxname:1740301,https://airtable.com/tblLqtIyuwA7rbEC3/recUJauHMgayU84qF?blocks=bli5ItEhTDGAFc32p,Animalia,,,Cnidaria,Medusozoa,,,,,,,,,,,,,,,,,,,,,,,,,Cnidaria,,recUJauHMgayU84qF,,,
Hydrozoa,CLASS,ACCEPTED,Hydrozoan,1337,http://www.marinespecies.org/aphia.php?p=taxdetails&id=1337,https://www.marinespecies.org/rest/AphiaClassificationByAphiaID/1337,urn:lsid:marinespecies.org:taxname:1337,https://airtable.com/tblLqtIyuwA7rbEC3/recXgDlnhcPFlaLkO?blocks=bli5ItEhTDGAFc32p,Animalia,,,Cnidaria,Medusozoa,,,Hydrozoa,,,,,,,,,,,,,,,,,,,,,,Cnidaria,"HYDR,HYDR,CHYD,SHYD",recXgDlnhcPFlaLkO,,,
Hydroidolina,SUBCLASS,ACCEPTED,,19494,http://www.marinespecies.org/aphia.php?p=taxdetails&id=19494,https://www.marinespecies.org/rest/AphiaClassificationByAphiaID/19494,urn:lsid:marinespecies.org:taxname:19494,https://airtable.com/tblLqtIyuwA7rbEC3/recsSIXqCDVDjLQ03?blocks=bli5ItEhTDGAFc32p,Animalia,,,Cnidaria,Medusozoa,,,Hydrozoa,Hydroidolina,,,,,,,,,,,,,,,,,,,,,Hydrozoa,,recsSIXqCDVDjLQ03,,,
Anthoathecata,ORDER,ACCEPTED,,13551,http://www.marinespecies.org/aphia.php?p=taxdetails&id=13551,https://www.marinespecies.org/rest/AphiaClassificationByAphiaID/13551,urn:lsid:marinespecies.org:taxname:13551,https://airtable.com/tblLqtIyuwA7rbEC3/rec5nIyYDvra9xm7v?blocks=bli5ItEhTDGAFc32p,Animalia,,,Cnidaria,Medusozoa,,,Hydrozoa,Hydroidolina,,,,Anthoathecata,,,,,,,,,,,,,,,,,Hydroidolina,,rec5nIyYDvra9xm7v,,,
Aplanulata,SUBORDER,ACCEPTED,,719741,http://www.marinespecies.org/aphia.php?p=taxdetails&id=719741,https://www.marinespecies.org/rest/AphiaClassificationByAphiaID/719741,urn:lsid:marinespecies.org:taxname:719741,https://airtable.com/tblLqtIyuwA7rbEC3/rec2IT4D7M0N2jjOL?blocks=bli5ItEhTDGAFc32p,Animalia,,,Cnidaria,Medusozoa,,,Hydrozoa,Hydroidolina,,,,Anthoathecata,Aplanulata,,,,,,,,,,,,,,,,Anthoathecata,,rec2IT4D7M0N2jjOL,,,
Tubulariidae,FAMILY,ACCEPTED,,1603,http://www.marinespecies.org/aphia.php?p=taxdetails&id=1603,https://www.marinespecies.org/rest/AphiaClassificationByAphiaID/1603,urn:lsid:marinespecies.org:taxname:1603,https://airtable.com/tblLqtIyuwA7rbEC3/recOtUjxyNV9fmCUT?blocks=bli5ItEhTDGAFc32p,Animalia,,,Cnidaria,Medusozoa,,,Hydrozoa,Hydroidolina,,,,Anthoathecata,Aplanulata,,,,,,,Tubulariidae,,,,,,,,,Aplanulata,,recOtUjxyNV9fmCUT,,,
Ectopleura,GENUS,ACCEPTED,,117254,http://www.marinespecies.org/aphia.php?p=taxdetails&id=117254,https://www.marinespecies.org/rest/AphiaClassificationByAphiaID/117254,urn:lsid:marinespecies.org:taxname:117254,https://airtable.com/tblLqtIyuwA7rbEC3/recjARRPra8vAfKAs?blocks=bli5ItEhTDGAFc32p,Animalia,,,Cnidaria,Medusozoa,,,Hydrozoa,Hydroidolina,,,,Anthoathecata,Aplanulata,,,,,,,Tubulariidae,,,,,Ectopleura,,,,Tubulariidae,ECTOP,recjARRPra8vAfKAs,,,
Capitata,SUBORDER,ACCEPTED,,16351,http://www.marinespecies.org/aphia.php?p=taxdetails&id=16351,https://www.marinespecies.org/rest/AphiaClassificationByAphiaID/16351,urn:lsid:marinespecies.org:taxname:16351,https://airtable.com/tblLqtIyuwA7rbEC3/recvhWI3eQwfLmWBG?blocks=bli5ItEhTDGAFc32p,Animalia,,,Cnidaria,Medusozoa,,,Hydrozoa,Hydroidolina,,,,Anthoathecata,Capitata,,,,,,,,,,,,,,,,Anthoathecata,,recvhWI3eQwfLmWBG,,,
Corynidae,FAMILY,ACCEPTED,,1599,http://www.marinespecies.org/aphia.php?p=taxdetails&id=1599,https://www.marinespecies.org/rest/AphiaClassificationByAphiaID/1599,urn:lsid:marinespecies.org:taxname:1599,https://airtable.com/tblLqtIyuwA7rbEC3/recBoxfrQ97JqiPVJ?blocks=bli5ItEhTDGAFc32p,Animalia,,,Cnidaria,Medusozoa,,,Hydrozoa,Hydroidolina,,,,Anthoathecata,Capitata,,,,,,,Corynidae,,,,,,,,,Capitata,,recBoxfrQ97JqiPVJ,,,
Polyorchis,GENUS,ACCEPTED,,267759,http://www.marinespecies.org/aphia.php?p=taxdetails&id=267759,https://www.marinespecies.org/rest/AphiaClassificationByAphiaID/267759,urn:lsid:marinespecies.org:taxname:267759,https://airtable.com/tblLqtIyuwA7rbEC3/recCawDKwna6WgJIq?blocks=bli5ItEhTDGAFc32p,Animalia,,,Cnidaria,Medusozoa,,,Hydrozoa,Hydroidolina,,,,Anthoathecata,Capitata,,,,,,,Corynidae,,,,,Polyorchis,,,,Corynidae,,recCawDKwna6WgJIq,,,
Polyorchis penicillatus,SPECIES,ACCEPTED,Red-eye Medusa,290843,http://www.marinespecies.org/aphia.php?p=taxdetails&id=290843,https://www.marinespecies.org/rest/AphiaClassificationByAphiaID/290843,urn:lsid:marinespecies.org:taxname:290843,https://airtable.com/tblLqtIyuwA7rbEC3/recq2EIub0h7T25Iy?blocks=bli5ItEhTDGAFc32p,Animalia,,,Cnidaria,Medusozoa,,,Hydrozoa,Hydroidolina,,,,Anthoathecata,Capitata,,,,,,,Corynidae,,,,,Polyorchis,,Polyorchis penicillatus,,Polyorchis,POLE,recq2EIub0h7T25Iy,,,
Filifera,SUBORDER,ACCEPTED,,16352,http://www.marinespecies.org/aphia.php?p=taxdetails&id=16352,https://www.marinespecies.org/rest/AphiaClassificationByAphiaID/16352,urn:lsid:marinespecies.org:taxname:16352,https://airtable.com/tblLqtIyuwA7rbEC3/recToqVsvj7p7DWuI?blocks=bli5ItEhTDGAFc32p,Animalia,,,Cnidaria,Medusozoa,,,Hydrozoa,Hydroidolina,,,,Anthoathecata,Filifera,,,,,,,,,,,,,,,,Anthoathecata,,recToqVsvj7p7DWuI,,,
Bougainvilliidae,FAMILY,ACCEPTED,,1594,http://www.marinespecies.org/aphia.php?p=taxdetails&id=1594,https://www.marinespecies.org/rest/AphiaClassificationByAphiaID/1594,urn:lsid:marinespecies.org:taxname:1594,https://airtable.com/tblLqtIyuwA7rbEC3/rec3vbOFwjnilAYLw?blocks=bli5ItEhTDGAFc32p,Animalia,,,Cnidaria,Medusozoa,,,Hydrozoa,Hydroidolina,,,,Anthoathecata,Filifera,,,,,,,Bougainvilliidae,,,,,,,,,Filifera,,rec3vbOFwjnilAYLw,,,
Bougainvillia,GENUS,ACCEPTED,,117015,http://www.marinespecies.org/aphia.php?p=taxdetails&id=117015,https://www.marinespecies.org/rest/AphiaClassificationByAphiaID/117015,urn:lsid:marinespecies.org:taxname:117015,https://airtable.com/tblLqtIyuwA7rbEC3/recVEWGZbZc6mUnbC?blocks=bli5ItEhTDGAFc32p,Animalia,,,Cnidaria,Medusozoa,,,Hydrozoa,Hydroidolina,,,,Anthoathecata,Filifera,,,,,,,Bougainvilliidae,,,,,Bougainvillia,,,,Bougainvilliidae,,recVEWGZbZc6mUnbC,,,
Eudendriidae,FAMILY,ACCEPTED,,1600,http://www.marinespecies.org/aphia.php?p=taxdetails&id=1600,https://www.marinespecies.org/rest/AphiaClassificationByAphiaID/1600,urn:lsid:marinespecies.org:taxname:1600,https://airtable.com/tblLqtIyuwA7rbEC3/recukrnxBxAraduNI?blocks=bli5ItEhTDGAFc32p,Animalia,,,Cnidaria,Medusozoa,,,Hydrozoa,Hydroidolina,,,,Anthoathecata,Filifera,,,,,,,Eudendriidae,,,,,,,,,Filifera,,recukrnxBxAraduNI,,,
Eudendrium,GENUS,ACCEPTED,,117093,http://www.marinespecies.org/aphia.php?p=taxdetails&id=117093,https://www.marinespecies.org/rest/AphiaClassificationByAphiaID/117093,urn:lsid:marinespecies.org:taxname:117093,https://airtable.com/tblLqtIyuwA7rbEC3/recH5iKYXyYGZML9f?blocks=bli5ItEhTDGAFc32p,Animalia,,,Cnidaria,Medusozoa,,,Hydrozoa,Hydroidolina,,,,Anthoathecata,Filifera,,,,,,,Eudendriidae,,,,,Eudendrium,,,,Eudendriidae,,recH5iKYXyYGZML9f,,,
Eudendrium californicum,SPECIES,ACCEPTED,Brown bushy hydroid,284654,http://www.marinespecies.org/aphia.php?p=taxdetails&id=284654,https://www.marinespecies.org/rest/AphiaClassificationByAphiaID/284654,urn:lsid:marinespecies.org:taxname:284654,https://airtable.com/tblLqtIyuwA7rbEC3/recmAOF7g3bWRHbW8?blocks=bli5ItEhTDGAFc32p,Animalia,,,Cnidaria,Medusozoa,,,Hydrozoa,Hydroidolina,,,,Anthoathecata,Filifera,,,,,,,Eudendriidae,,,,,Eudendrium,,Eudendrium californicum,,Eudendrium,EUDC,recmAOF7g3bWRHbW8,,,
Hydractiniidae,FAMILY,ACCEPTED,,1601,http://www.marinespecies.org/aphia.php?p=taxdetails&id=1601,https://www.marinespecies.org/rest/AphiaClassificationByAphiaID/1601,urn:lsid:marinespecies.org:taxname:1601,https://airtable.com/tblLqtIyuwA7rbEC3/rechSXFPbC0zSXtVt?blocks=bli5ItEhTDGAFc32p,Animalia,,,Cnidaria,Medusozoa,,,Hydrozoa,Hydroidolina,,,,Anthoathecata,Filifera,,,,,,,Hydractiniidae,,,,,,,,,Filifera,,rechSXFPbC0zSXtVt,,,
Clava,GENUS,ACCEPTED,,117050,http://www.marinespecies.org/aphia.php?p=taxdetails&id=117050,https://www.marinespecies.org/rest/AphiaClassificationByAphiaID/117050,urn:lsid:marinespecies.org:taxname:117050,https://airtable.com/tblLqtIyuwA7rbEC3/recVVmobXw3tBqe2W?blocks=bli5ItEhTDGAFc32p,Animalia,,,Cnidaria,Medusozoa,,,Hydrozoa,Hydroidolina,,,,Anthoathecata,Filifera,,,,,,,Hydractiniidae,,,,,Clava,,,,Hydractiniidae,CLAV,recVVmobXw3tBqe2W,,,
Leptothecata,ORDER,ACCEPTED,,13552,http://www.marinespecies.org/aphia.php?p=taxdetails&id=13552,https://www.marinespecies.org/rest/AphiaClassificationByAphiaID/13552,urn:lsid:marinespecies.org:taxname:13552,https://airtable.com/tblLqtIyuwA7rbEC3/recyzIEYhSAejRHSq?blocks=bli5ItEhTDGAFc32p,Animalia,,,Cnidaria,Medusozoa,,,Hydrozoa,Hydroidolina,,,,Leptothecata,,,,,,,,,,,,,,,,,Hydroidolina,,recyzIEYhSAejRHSq,,,
Aequoreidae,FAMILY,ACCEPTED,,13553,http://www.marinespecies.org/aphia.php?p=taxdetails&id=13553,https://www.marinespecies.org/rest/AphiaClassificationByAphiaID/13553,urn:lsid:marinespecies.org:taxname:13553,https://airtable.com/tblLqtIyuwA7rbEC3/recP1WGCo0iaCHJVW?blocks=bli5ItEhTDGAFc32p,Animalia,,,Cnidaria,Medusozoa,,,Hydrozoa,Hydroidolina,,,,Leptothecata,,,,,,,,Aequoreidae,,,,,,,,,Leptothecata,,recP1WGCo0iaCHJVW,,,
Aequorea,GENUS,ACCEPTED,Water jelly,116998,http://www.marinespecies.org/aphia.php?p=taxdetails&id=116998,https://www.marinespecies.org/rest/AphiaClassificationByAphiaID/116998,urn:lsid:marinespecies.org:taxname:116998,https://airtable.com/tblLqtIyuwA7rbEC3/recShVPs6rsFs3FSg?blocks=bli5ItEhTDGAFc32p,Animalia,,,Cnidaria,Medusozoa,,,Hydrozoa,Hydroidolina,,,,Leptothecata,,,,,,,,Aequoreidae,,,,,Aequorea,,,,Aequoreidae,AEQU,recShVPs6rsFs3FSg,,,
Mitrocomidae,FAMILY,ACCEPTED,,14665,http://www.marinespecies.org/aphia.php?p=taxdetails&id=14665,https://www.marinespecies.org/rest/AphiaClassificationByAphiaID/14665,urn:lsid:marinespecies.org:taxname:14665,https://airtable.com/tblLqtIyuwA7rbEC3/recQpbn4dbRaqj9HQ?blocks=bli5ItEhTDGAFc32p,Animalia,,,Cnidaria,Medusozoa,,,Hydrozoa,Hydroidolina,,,,Leptothecata,,,,,,,,Mitrocomidae,,,,,,,,,Leptothecata,,recQpbn4dbRaqj9HQ,,,
Mitrocoma,GENUS,ACCEPTED,,117161,http://www.marinespecies.org/aphia.php?p=taxdetails&id=117161,https://www.marinespecies.org/rest/AphiaClassificationByAphiaID/117161,urn:lsid:marinespecies.org:taxname:117161,https://airtable.com/tblLqtIyuwA7rbEC3/recnUsExFtYLZPRtr?blocks=bli5ItEhTDGAFc32p,Animalia,,,Cnidaria,Medusozoa,,,Hydrozoa,Hydroidolina,,,,Leptothecata,,,,,,,,Mitrocomidae,,,,,Mitrocoma,,,,Mitrocomidae,,recnUsExFtYLZPRtr,,,
Mitrocoma cellularia,SPECIES,ACCEPTED,Cross Jelly,292350,http://www.marinespecies.org/aphia.php?p=taxdetails&id=292350,https://www.marinespecies.org/rest/AphiaClassificationByAphiaID/292350,urn:lsid:marinespecies.org:taxname:292350,https://airtable.com/tblLqtIyuwA7rbEC3/recwoOLUm8BZY45ZZ?blocks=bli5ItEhTDGAFc32p,Animalia,,,Cnidaria,Medusozoa,,,Hydrozoa,Hydroidolina,,,,Leptothecata,,,,,,,,Mitrocomidae,,,,,Mitrocoma,,Mitrocoma cellularia,,Mitrocoma,MITC,recwoOLUm8BZY45ZZ,,,
Plumularioidea,SUPERFAMILY,ACCEPTED,,731048,http://www.marinespecies.org/aphia.php?p=taxdetails&id=731048,https://www.marinespecies.org/rest/AphiaClassificationByAphiaID/731048,urn:lsid:marinespecies.org:taxname:731048,https://airtable.com/tblLqtIyuwA7rbEC3/recZhzS9q29pbW1Vh?blocks=bli5ItEhTDGAFc32p,Animalia,,,Cnidaria,Medusozoa,,,Hydrozoa,Hydroidolina,,,,Leptothecata,,,,,,Plumularioidea,,,,,,,,,,,Leptothecata,,recZhzS9q29pbW1Vh,,,
Aglaopheniidae,FAMILY,ACCEPTED,,1605,http://www.marinespecies.org/aphia.php?p=taxdetails&id=1605,https://www.marinespecies.org/rest/AphiaClassificationByAphiaID/1605,urn:lsid:marinespecies.org:taxname:1605,https://airtable.com/tblLqtIyuwA7rbEC3/recUeu1hyci3cPcPj?blocks=bli5ItEhTDGAFc32p,Animalia,,,Cnidaria,Medusozoa,,,Hydrozoa,Hydroidolina,,,,Leptothecata,,,,,,Plumularioidea,,Aglaopheniidae,,,,,,,,,Plumularioidea,,recUeu1hyci3cPcPj,,,
Aglaophenia,GENUS,ACCEPTED,,116999,http://www.marinespecies.org/aphia.php?p=taxdetails&id=116999,https://www.marinespecies.org/rest/AphiaClassificationByAphiaID/116999,urn:lsid:marinespecies.org:taxname:116999,https://airtable.com/tblLqtIyuwA7rbEC3/recLwpvI0rzeCWqkt?blocks=bli5ItEhTDGAFc32p,Animalia,,,Cnidaria,Medusozoa,,,Hydrozoa,Hydroidolina,,,,Leptothecata,,,,,,Plumularioidea,,Aglaopheniidae,,,,,Aglaophenia,,,,Aglaopheniidae,,recLwpvI0rzeCWqkt,,,
Aglaophenia latirostris,SPECIES,ACCEPTED,Ostrich plume hydroid,284035,http://www.marinespecies.org/aphia.php?p=taxdetails&id=284035,https://www.marinespecies.org/rest/AphiaClassificationByAphiaID/284035,urn:lsid:marinespecies.org:taxname:284035,https://airtable.com/tblLqtIyuwA7rbEC3/recQXMb45N3JO8E7N?blocks=bli5ItEhTDGAFc32p,Animalia,,,Cnidaria,Medusozoa,,,Hydrozoa,Hydroidolina,,,,Leptothecata,,,,,,Plumularioidea,,Aglaopheniidae,,,,,Aglaophenia,,Aglaophenia latirostris,,Aglaophenia,AGLL,recQXMb45N3JO8E7N,Aglaophenia_latirostris_13045_B1128_d05038.JPG (https://v5.airtableusercontent.com/v3/u/33/33/1727985600000/W7mctlYf-jlKoCX_esfUVg/GxprjvTrHc5SPpWMPHmWM6WC11nK6NdyJ_Ues131esOMS-t5IOGZfTRNn7O0-jtA0eprPw71iNhSQM7-YZslKZVlXqSWPGWFYxgdln8_AL7BDmH5dWoRol340MXR0Aj0_MrTomr5bO7YZE1O7Vyl63F6j39s2UMFU3_pUUJhwLentJ8L4vz8J29y-fdWZKcH/6CWnVJ9wa14dyIdRPmK2yyMb_924Tq1nMpmdAbhht3I),,
Sertularioidea,SUPERFAMILY,ACCEPTED,,1041959,http://www.marinespecies.org/aphia.php?p=taxdetails&id=1041959,https://www.marinespecies.org/rest/AphiaClassificationByAphiaID/1041959,urn:lsid:marinespecies.org:taxname:1041959,https://airtable.com/tblLqtIyuwA7rbEC3/rec2HJyfFd63LmX87?blocks=bli5ItEhTDGAFc32p,Animalia,,,Cnidaria,Medusozoa,,,Hydrozoa,Hydroidolina,,,,Leptothecata,,,,,,Sertularioidea,,,,,,,,,,,Leptothecata,,rec2HJyfFd63LmX87,,,
Sertularellidae,FAMILY,ACCEPTED,,1041929,http://www.marinespecies.org/aphia.php?p=taxdetails&id=1041929,https://www.marinespecies.org/rest/AphiaClassificationByAphiaID/1041929,urn:lsid:marinespecies.org:taxname:1041929,https://airtable.com/tblLqtIyuwA7rbEC3/recTAmIlPVuoTfjey?blocks=bli5ItEhTDGAFc32p,Animalia,,,Cnidaria,Medusozoa,,,Hydrozoa,Hydroidolina,,,,Leptothecata,,,,,,Sertularioidea,,Sertularellidae,,,,,,,,,Sertularioidea,,recTAmIlPVuoTfjey,,,
Sertularella,GENUS,ACCEPTED,,117233,http://www.marinespecies.org/aphia.php?p=taxdetails&id=117233,https://www.marinespecies.org/rest/AphiaClassificationByAphiaID/117233,urn:lsid:marinespecies.org:taxname:117233,https://airtable.com/tblLqtIyuwA7rbEC3/reccX85UFAXFX77ZY?blocks=bli5ItEhTDGAFc32p,Animalia,,,Cnidaria,Medusozoa,,,Hydrozoa,Hydroidolina,,,,Leptothecata,,,,,,Sertularioidea,,Sertularellidae,,,,,Sertularella,,,,Sertularellidae,,reccX85UFAXFX77ZY,,,
Sertularella turgida,SPECIES,UNACCEPTED,Surfgrass hydroid,740929,http://www.marinespecies.org/aphia.php?p=taxdetails&id=740929,https://www.marinespecies.org/rest/AphiaClassificationByAphiaID/740929,urn:lsid:marinespecies.org:taxname:740929,https://airtable.com/tblLqtIyuwA7rbEC3/recfxkcANSxzJ3WLb?blocks=bli5ItEhTDGAFc32p,Animalia,,,Cnidaria,Medusozoa,,,Hydrozoa,Hydroidolina,,,,Leptothecata,,,,,,Sertularioidea,,Sertularellidae,,,,,Sertularella,,Sertularella turgida,,Sertularella,SERT,recfxkcANSxzJ3WLb,,,
Xingyurella,GENUS,ACCEPTED,,1301204,http://www.marinespecies.org/aphia.php?p=taxdetails&id=1301204,https://www.marinespecies.org/rest/AphiaClassificationByAphiaID/1301204,urn:lsid:marinespecies.org:taxname:1301204,https://airtable.com/tblLqtIyuwA7rbEC3/rec05jSSkphFPM3Lm?blocks=bli5ItEhTDGAFc32p,Animalia,,,Cnidaria,Medusozoa,,,Hydrozoa,Hydroidolina,,,,Leptothecata,,,,,,Sertularioidea,,Sertularellidae,,,,,Xingyurella,,,,Sertularellidae,,rec05jSSkphFPM3Lm,,,
Xingyurella turgida,SPECIES,ACCEPTED,,1301218,http://www.marinespecies.org/aphia.php?p=taxdetails&id=1301218,https://www.marinespecies.org/rest/AphiaClassificationByAphiaID/1301218,urn:lsid:marinespecies.org:taxname:1301218,https://airtable.com/tblLqtIyuwA7rbEC3/rec50S6VJHLohg3j1?blocks=bli5ItEhTDGAFc32p,Animalia,,,Cnidaria,Medusozoa,,,Hydrozoa,Hydroidolina,,,,Leptothecata,,,,,,Sertularioidea,,Sertularellidae,,,,,Xingyurella,,Xingyurella turgida,,Xingyurella,,rec50S6VJHLohg3j1,,,
Sertulariidae,FAMILY,ACCEPTED,,1614,http://www.marinespecies.org/aphia.php?p=taxdetails&id=1614,https://www.marinespecies.org/rest/AphiaClassificationByAphiaID/1614,urn:lsid:marinespecies.org:taxname:1614,https://airtable.com/tblLqtIyuwA7rbEC3/recZcGkSenU8JBv0R?blocks=bli5ItEhTDGAFc32p,Animalia,,,Cnidaria,Medusozoa,,,Hydrozoa,Hydroidolina,,,,Leptothecata,,,,,,Sertularioidea,,Sertulariidae,,,,,,,,,Sertularioidea,,recZcGkSenU8JBv0R,,,
Abietinaria,GENUS,ACCEPTED,,117225,http://www.marinespecies.org/aphia.php?p=taxdetails&id=117225,https://www.marinespecies.org/rest/AphiaClassificationByAphiaID/117225,urn:lsid:marinespecies.org:taxname:117225,https://airtable.com/tblLqtIyuwA7rbEC3/recqvz71k0A2XADxY?blocks=bli5ItEhTDGAFc32p,Animalia,,,Cnidaria,Medusozoa,,,Hydrozoa,Hydroidolina,,,,Leptothecata,,,,,,Sertularioidea,,Sertulariidae,,,,,Abietinaria,,,,Sertulariidae,ABIE,recqvz71k0A2XADxY,,,
Abietinaria abietina,SPECIES,ACCEPTED,,117870,http://www.marinespecies.org/aphia.php?p=taxdetails&id=117870,https://www.marinespecies.org/rest/AphiaClassificationByAphiaID/117870,urn:lsid:marinespecies.org:taxname:117870,https://airtable.com/tblLqtIyuwA7rbEC3/recJX355QWkkfCP9k?blocks=bli5ItEhTDGAFc32p,Animalia,,,Cnidaria,Medusozoa,,,Hydrozoa,Hydroidolina,,,,Leptothecata,,,,,,Sertularioidea,,Sertulariidae,,,,,Abietinaria,,Abietinaria abietina,,Abietinaria,,recJX355QWkkfCP9k,,Quadra,
Abietinaria greenei,SPECIES,UNACCEPTED,Fibre-optic hydroid,285366,http://www.marinespecies.org/aphia.php?p=taxdetails&id=285366,https://www.marinespecies.org/rest/AphiaClassificationByAphiaID/285366,urn:lsid:marinespecies.org:taxname:285366,https://airtable.com/tblLqtIyuwA7rbEC3/rec0qevI3yOG7CCs1?blocks=bli5ItEhTDGAFc32p,Animalia,,,Cnidaria,Medusozoa,,,Hydrozoa,Hydroidolina,,,,Leptothecata,,,,,,Sertularioidea,,Sertulariidae,,,,,Abietinaria,,Abietinaria greenei,,Abietinaria,ABGR,rec0qevI3yOG7CCs1,,,
Amphisbetia,GENUS,ACCEPTED,,117226,http://www.marinespecies.org/aphia.php?p=taxdetails&id=117226,https://www.marinespecies.org/rest/AphiaClassificationByAphiaID/117226,urn:lsid:marinespecies.org:taxname:117226,https://airtable.com/tblLqtIyuwA7rbEC3/rechk6i59SCJbhBSb?blocks=bli5ItEhTDGAFc32p,Animalia,,,Cnidaria,Medusozoa,,,Hydrozoa,Hydroidolina,,,,Leptothecata,,,,,,Sertularioidea,,Sertulariidae,,,,,Amphisbetia,,,,Sertulariidae,,rechk6i59SCJbhBSb,,,
Amphisbetia furcata,SPECIES,ACCEPTED,,585718,http://www.marinespecies.org/aphia.php?p=taxdetails&id=585718,https://www.marinespecies.org/rest/AphiaClassificationByAphiaID/585718,urn:lsid:marinespecies.org:taxname:585718,https://airtable.com/tblLqtIyuwA7rbEC3/recH1RGyaBWtZPGDG?blocks=bli5ItEhTDGAFc32p,Animalia,,,Cnidaria,Medusozoa,,,Hydrozoa,Hydroidolina,,,,Leptothecata,,,,,,Sertularioidea,,Sertulariidae,,,,,Amphisbetia,,Amphisbetia furcata,,Amphisbetia,AMFU,recH1RGyaBWtZPGDG,,,
Trachylinae,SUBCLASS,ACCEPTED,,22754,http://www.marinespecies.org/aphia.php?p=taxdetails&id=22754,https://www.marinespecies.org/rest/AphiaClassificationByAphiaID/22754,urn:lsid:marinespecies.org:taxname:22754,https://airtable.com/tblLqtIyuwA7rbEC3/recan8iH8rrsz4EmF?blocks=bli5ItEhTDGAFc32p,Animalia,,,Cnidaria,Medusozoa,,,Hydrozoa,Trachylinae,,,,,,,,,,,,,,,,,,,,,Hydrozoa,,recan8iH8rrsz4EmF,,,
Limnomedusae,ORDER,ACCEPTED,,1370,http://www.marinespecies.org/aphia.php?p=taxdetails&id=1370,https://www.marinespecies.org/rest/AphiaClassificationByAphiaID/1370,urn:lsid:marinespecies.org:taxname:1370,https://airtable.com/tblLqtIyuwA7rbEC3/rectQOQRKnMhCsnFv?blocks=bli5ItEhTDGAFc32p,Animalia,,,Cnidaria,Medusozoa,,,Hydrozoa,Trachylinae,,,,Limnomedusae,,,,,,,,,,,,,,,,,Trachylinae,,rectQOQRKnMhCsnFv,,,
Olindiidae,FAMILY,ACCEPTED,,578126,http://www.marinespecies.org/aphia.php?p=taxdetails&id=578126,https://www.marinespecies.org/rest/AphiaClassificationByAphiaID/578126,urn:lsid:marinespecies.org:taxname:578126,https://airtable.com/tblLqtIyuwA7rbEC3/recgaZobwDR2n0snu?blocks=bli5ItEhTDGAFc32p,Animalia,,,Cnidaria,Medusozoa,,,Hydrozoa,Trachylinae,,,,Limnomedusae,,,,,,,,Olindiidae,,,,,,,,,Limnomedusae,,recgaZobwDR2n0snu,,,
Gonionemus,GENUS,ACCEPTED,,117171,http://www.marinespecies.org/aphia.php?p=taxdetails&id=117171,https://www.marinespecies.org/rest/AphiaClassificationByAphiaID/117171,urn:lsid:marinespecies.org:taxname:117171,https://airtable.com/tblLqtIyuwA7rbEC3/recsPQj0qxU6P3L2d?blocks=bli5ItEhTDGAFc32p,Animalia,,,Cnidaria,Medusozoa,,,Hydrozoa,Trachylinae,,,,Limnomedusae,,,,,,,,Olindiidae,,,,,Gonionemus,,,,Olindiidae,,recsPQj0qxU6P3L2d,,,
Gonionemus vertens,SPECIES,ACCEPTED,Clinging jelly,117768,http://www.marinespecies.org/aphia.php?p=taxdetails&id=117768,https://www.marinespecies.org/rest/AphiaClassificationByAphiaID/117768,urn:lsid:marinespecies.org:taxname:117768,https://airtable.com/tblLqtIyuwA7rbEC3/rechyrTb7EvOZgc0o?blocks=bli5ItEhTDGAFc32p,Animalia,,,Cnidaria,Medusozoa,,,Hydrozoa,Trachylinae,,,,Limnomedusae,,,,,,,,Olindiidae,,,,,Gonionemus,,Gonionemus vertens,,Gonionemus,GONV,rechyrTb7EvOZgc0o,,,
Scyphozoa,CLASS,ACCEPTED,,135220,http://www.marinespecies.org/aphia.php?p=taxdetails&id=135220,https://www.marinespecies.org/rest/AphiaClassificationByAphiaID/135220,urn:lsid:marinespecies.org:taxname:135220,https://airtable.com/tblLqtIyuwA7rbEC3/recWleFEogHx3KP97?blocks=bli5ItEhTDGAFc32p,Animalia,,,Cnidaria,Medusozoa,,,Scyphozoa,,,,,,,,,,,,,,,,,,,,,,Cnidaria,,recWleFEogHx3KP97,,,
Discomedusae,SUBCLASS,ACCEPTED,,394976,http://www.marinespecies.org/aphia.php?p=taxdetails&id=394976,https://www.marinespecies.org/rest/AphiaClassificationByAphiaID/394976,urn:lsid:marinespecies.org:taxname:394976,https://airtable.com/tblLqtIyuwA7rbEC3/recLDnLfvNz8txfkC?blocks=bli5ItEhTDGAFc32p,Animalia,,,Cnidaria,Medusozoa,,,Scyphozoa,Discomedusae,,,,,,,,,,,,,,,,,,,,,Scyphozoa,,recLDnLfvNz8txfkC,,,
Semaeostomeae,ORDER,ACCEPTED,,135225,http://www.marinespecies.org/aphia.php?p=taxdetails&id=135225,https://www.marinespecies.org/rest/AphiaClassificationByAphiaID/135225,urn:lsid:marinespecies.org:taxname:135225,https://airtable.com/tblLqtIyuwA7rbEC3/recBzs0CFYJY3Cqu7?blocks=bli5ItEhTDGAFc32p,Animalia,,,Cnidaria,Medusozoa,,,Scyphozoa,Discomedusae,,,,Semaeostomeae,,,,,,,,,,,,,,,,,Discomedusae,,recBzs0CFYJY3Cqu7,,,
Cyaneidae,FAMILY,ACCEPTED,,135239,http://www.marinespecies.org/aphia.php?p=taxdetails&id=135239,https://www.marinespecies.org/rest/AphiaClassificationByAphiaID/135239,urn:lsid:marinespecies.org:taxname:135239,https://airtable.com/tblLqtIyuwA7rbEC3/rec3fAcaIViHCd7wp?blocks=bli5ItEhTDGAFc32p,Animalia,,,Cnidaria,Medusozoa,,,Scyphozoa,Discomedusae,,,,Semaeostomeae,,,,,,,,Cyaneidae,,,,,,,,,Semaeostomeae,,rec3fAcaIViHCd7wp,,,
Cyanea,GENUS,ACCEPTED,,135259,http://www.marinespecies.org/aphia.php?p=taxdetails&id=135259,https://www.marinespecies.org/rest/AphiaClassificationByAphiaID/135259,urn:lsid:marinespecies.org:taxname:135259,https://airtable.com/tblLqtIyuwA7rbEC3/recNNXwRwVJ4a1FRG?blocks=bli5ItEhTDGAFc32p,Animalia,,,Cnidaria,Medusozoa,,,Scyphozoa,Discomedusae,,,,Semaeostomeae,,,,,,,,Cyaneidae,,,,,Cyanea,,,,Cyaneidae,,recNNXwRwVJ4a1FRG,,,
Cyanea capillata,SPECIES,ACCEPTED,Lions mane jellyfish,135301,http://www.marinespecies.org/aphia.php?p=taxdetails&id=135301,https://www.marinespecies.org/rest/AphiaClassificationByAphiaID/135301,urn:lsid:marinespecies.org:taxname:135301,https://airtable.com/tblLqtIyuwA7rbEC3/recIlKDDMllU03C5r?blocks=bli5ItEhTDGAFc32p,Animalia,,,Cnidaria,Medusozoa,,,Scyphozoa,Discomedusae,,,,Semaeostomeae,,,,,,,,Cyaneidae,,,,,Cyanea,,Cyanea capillata,,Cyanea,CYAC,recIlKDDMllU03C5r,Cyanea_capillata_13163_B2948_d06546.JPG (https://v5.airtableusercontent.com/v3/u/33/33/1727985600000/truFHzwCDB5mrxG5xJ79iw/2pr3SXFfSvN6o-q2ZCUtrK1wi1bcFHhQ1_QReg3U-HFw1JhbkPk_1emmsjRWiv-iRbT-pqZn5oEpxMNSgFzbJuhdKUGqtG4k4rhRlpQBus5mNO__noRy7O1-m-SE9NmO1oMezex4HrsQj40M7mfdhDIalkHBUO8KIClPXxWH9HUN1iABSnB42Gi42R-2FqqT/mRw8AbOFL-2L331Vc666i0aJyc5ReEmAw_zfvEgpi-0),,
Ulmaridae,FAMILY,ACCEPTED,,135241,http://www.marinespecies.org/aphia.php?p=taxdetails&id=135241,https://www.marinespecies.org/rest/AphiaClassificationByAphiaID/135241,urn:lsid:marinespecies.org:taxname:135241,https://airtable.com/tblLqtIyuwA7rbEC3/recwUIoe7S565O63H?blocks=bli5ItEhTDGAFc32p,Animalia,,,Cnidaria,Medusozoa,,,Scyphozoa,Discomedusae,,,,Semaeostomeae,,,,,,,,Ulmaridae,,,,,,,,,Semaeostomeae,,recwUIoe7S565O63H,,,
Aureliinae,SUBFAMILY,ACCEPTED,,1393118,http://www.marinespecies.org/aphia.php?p=taxdetails&id=1393118,https://www.marinespecies.org/rest/AphiaClassificationByAphiaID/1393118,urn:lsid:marinespecies.org:taxname:1393118,https://airtable.com/tblLqtIyuwA7rbEC3/recjzdtLNHwRntonf?blocks=bli5ItEhTDGAFc32p,Animalia,,,Cnidaria,Medusozoa,,,Scyphozoa,Discomedusae,,,,Semaeostomeae,,,,,,,,Ulmaridae,Aureliinae,,,,,,,,Ulmaridae,,recjzdtLNHwRntonf,,,
Aurelia,GENUS,ACCEPTED,,135263,http://www.marinespecies.org/aphia.php?p=taxdetails&id=135263,https://www.marinespecies.org/rest/AphiaClassificationByAphiaID/135263,urn:lsid:marinespecies.org:taxname:135263,https://airtable.com/tblLqtIyuwA7rbEC3/recEWjxkN80pttprV?blocks=bli5ItEhTDGAFc32p,Animalia,,,Cnidaria,Medusozoa,,,Scyphozoa,Discomedusae,,,,Semaeostomeae,,,,,,,,Ulmaridae,Aureliinae,,,,Aurelia,,,,Aureliinae,,recEWjxkN80pttprV,,,
Aurelia labiata,SPECIES,ACCEPTED,Moon Jelly,287213,http://www.marinespecies.org/aphia.php?p=taxdetails&id=287213,https://www.marinespecies.org/rest/AphiaClassificationByAphiaID/287213,urn:lsid:marinespecies.org:taxname:287213,https://airtable.com/tblLqtIyuwA7rbEC3/recPp2dPU3mVwwaLI?blocks=bli5ItEhTDGAFc32p,Animalia,,,Cnidaria,Medusozoa,,,Scyphozoa,Discomedusae,,,,Semaeostomeae,,,,,,,,Ulmaridae,Aureliinae,,,,Aurelia,,Aurelia labiata,,Aurelia,AURL,recPp2dPU3mVwwaLI,,,
Ctenophora,PHYLUM,ACCEPTED,Comb jelly,1248,http://www.marinespecies.org/aphia.php?p=taxdetails&id=1248,https://www.marinespecies.org/rest/AphiaClassificationByAphiaID/1248,urn:lsid:marinespecies.org:taxname:1248,https://airtable.com/tblLqtIyuwA7rbEC3/recV1ZVWX6Tvo6L4t?blocks=bli5ItEhTDGAFc32p,Animalia,,,Ctenophora,,,,,,,,,,,,,,,,,,,,,,,,,,Animalia,CTEN,recV1ZVWX6Tvo6L4t,,,
Tentaculata,CLASS,ACCEPTED,,1249,http://www.marinespecies.org/aphia.php?p=taxdetails&id=1249,https://www.marinespecies.org/rest/AphiaClassificationByAphiaID/1249,urn:lsid:marinespecies.org:taxname:1249,https://airtable.com/tblLqtIyuwA7rbEC3/recZQoTcY9maorlDV?blocks=bli5ItEhTDGAFc32p,Animalia,,,Ctenophora,,,,Tentaculata,,,,,,,,,,,,,,,,,,,,,,Ctenophora,,recZQoTcY9maorlDV,,,
Cydippida,ORDER,ACCEPTED,,1251,http://www.marinespecies.org/aphia.php?p=taxdetails&id=1251,https://www.marinespecies.org/rest/AphiaClassificationByAphiaID/1251,urn:lsid:marinespecies.org:taxname:1251,https://airtable.com/tblLqtIyuwA7rbEC3/rec4bQgw4KX1DSRvN?blocks=bli5ItEhTDGAFc32p,Animalia,,,Ctenophora,,,,Tentaculata,,,,,Cydippida,,,,,,,,,,,,,,,,,Tentaculata,,rec4bQgw4KX1DSRvN,,,
Pleurobrachiidae,FAMILY,ACCEPTED,,106324,http://www.marinespecies.org/aphia.php?p=taxdetails&id=106324,https://www.marinespecies.org/rest/AphiaClassificationByAphiaID/106324,urn:lsid:marinespecies.org:taxname:106324,https://airtable.com/tblLqtIyuwA7rbEC3/recqUXUtQIvuyEgVW?blocks=bli5ItEhTDGAFc32p,Animalia,,,Ctenophora,,,,Tentaculata,,,,,Cydippida,,,,,,,,Pleurobrachiidae,,,,,,,,,Cydippida,,recqUXUtQIvuyEgVW,,,
Pleurobrachia,GENUS,ACCEPTED,,106346,http://www.marinespecies.org/aphia.php?p=taxdetails&id=106346,https://www.marinespecies.org/rest/AphiaClassificationByAphiaID/106346,urn:lsid:marinespecies.org:taxname:106346,https://airtable.com/tblLqtIyuwA7rbEC3/recaptnXveJ0HqJ82?blocks=bli5ItEhTDGAFc32p,Animalia,,,Ctenophora,,,,Tentaculata,,,,,Cydippida,,,,,,,,Pleurobrachiidae,,,,,Pleurobrachia,,,,Pleurobrachiidae,,recaptnXveJ0HqJ82,,,
Pleurobrachia bachei,SPECIES,ACCEPTED,Sea Gooseberry,265191,http://www.marinespecies.org/aphia.php?p=taxdetails&id=265191,https://www.marinespecies.org/rest/AphiaClassificationByAphiaID/265191,urn:lsid:marinespecies.org:taxname:265191,https://airtable.com/tblLqtIyuwA7rbEC3/recfBX5XL1POPclzw?blocks=bli5ItEhTDGAFc32p,Animalia,,,Ctenophora,,,,Tentaculata,,,,,Cydippida,,,,,,,,Pleurobrachiidae,,,,,Pleurobrachia,,Pleurobrachia bachei,,Pleurobrachia,PLEB,recfBX5XL1POPclzw,"Pleurobrachia_bachei_86_B3723_d08352.JPG (https://v5.airtableusercontent.com/v3/u/33/33/1727985600000/DJFd3dZ9KLSWQzvRVMh0fw/0x5pKQCZs-FRs0knL-bEK0u-vtEW0T8m2x6y3j5-wqNYLRddwf3gAymG5QQcO4paht6Pfro7zDXJ5OzrAT5S-cP6jKNulO7KtIaJjmJATjcgrEPY88_eu_nkR50qP7wI5T5l2EZur_NXm44qMWv_D9kHAF0slwpHHlWJ6iX82dOiqRNcTi4WOCjChpRcg1KK/iKexliWa6XXArPwMOtLOuM0T2_CKFvsbLhibmbRgzG8),Pleurobrachia_bachei_B0376_d00959.JPG (https://v5.airtableusercontent.com/v3/u/33/33/1727985600000/dRKRb7jMdSoBMMgt0hIDhA/_t_hidnxLD6KR3PdutlVBqElyQjL-fMHN_ywEyO8cOmvNWX72tN94pxqezWSEJe0jIce42OsoiF-n9H-lstJsqZ_2opZtf7TIHp854A7HLRtC22lvJNILDGG488P2WlXKhmGetzPCwzOpT2sdTzASFUdPpedpgD9blHn8auNkpegzjVaQ5qAKUDekodfaT3j/taWVOyjTQ_pmclQZ42uzddehs8nFaddcYh6rZNj_ej4)",,
Echinodermata,PHYLUM,ACCEPTED,,1806,http://www.marinespecies.org/aphia.php?p=taxdetails&id=1806,https://www.marinespecies.org/rest/AphiaClassificationByAphiaID/1806,urn:lsid:marinespecies.org:taxname:1806,https://airtable.com/tblLqtIyuwA7rbEC3/recDfAXFdIbmUmY1L?blocks=bli5ItEhTDGAFc32p,Animalia,,,Echinodermata,,,,,,,,,,,,,,,,,,,,,,,,,,Animalia,,recDfAXFdIbmUmY1L,,,
Asterozoa,SUBPHYLUM,ACCEPTED,,148743,http://www.marinespecies.org/aphia.php?p=taxdetails&id=148743,https://www.marinespecies.org/rest/AphiaClassificationByAphiaID/148743,urn:lsid:marinespecies.org:taxname:148743,https://airtable.com/tblLqtIyuwA7rbEC3/recm7XcQQyh3Op96j?blocks=bli5ItEhTDGAFc32p,Animalia,,,Echinodermata,Asterozoa,,,,,,,,,,,,,,,,,,,,,,,,,Echinodermata,,recm7XcQQyh3Op96j,,,
Asteroidea,CLASS,ACCEPTED,Sea star,123080,http://www.marinespecies.org/aphia.php?p=taxdetails&id=123080,https://www.marinespecies.org/rest/AphiaClassificationByAphiaID/123080,urn:lsid:marinespecies.org:taxname:123080,https://airtable.com/tblLqtIyuwA7rbEC3/rec4HhHZTlbKZCUlF?blocks=bli5ItEhTDGAFc32p,Animalia,,,Echinodermata,Asterozoa,,,Asteroidea,,,,,,,,,,,,,,,,,,,,,,Asterozoa,"seastar/other,JUVS,UNJS,juvs,juvs,unss,Unk,Juv,genstar,juvs,juvs",rec4HhHZTlbKZCUlF,,,OTHSEA
Ambuloasteroidea,SUBCLASS,ACCEPTED,,1562575,http://www.marinespecies.org/aphia.php?p=taxdetails&id=1562575,https://www.marinespecies.org/rest/AphiaClassificationByAphiaID/1562575,urn:lsid:marinespecies.org:taxname:1562575,https://airtable.com/tblLqtIyuwA7rbEC3/recPWGtbobXkAI8P9?blocks=bli5ItEhTDGAFc32p,Animalia,,,Echinodermata,Asterozoa,,,Asteroidea,Ambuloasteroidea,,,,,,,,,,,,,,,,,,,,,Asteroidea,,recPWGtbobXkAI8P9,,,
Neoasteroidea,INFRACLASS,ACCEPTED,,1562576,http://www.marinespecies.org/aphia.php?p=taxdetails&id=1562576,https://www.marinespecies.org/rest/AphiaClassificationByAphiaID/1562576,urn:lsid:marinespecies.org:taxname:1562576,https://airtable.com/tblLqtIyuwA7rbEC3/reczBlwCP701pmPay?blocks=bli5ItEhTDGAFc32p,Animalia,,,Echinodermata,Asterozoa,,,Asteroidea,Ambuloasteroidea,Neoasteroidea,,,,,,,,,,,,,,,,,,,,Ambuloasteroidea,,reczBlwCP701pmPay,,,
Velatida,ORDER,ACCEPTED,,123091,http://www.marinespecies.org/aphia.php?p=taxdetails&id=123091,https://www.marinespecies.org/rest/AphiaClassificationByAphiaID/123091,urn:lsid:marinespecies.org:taxname:123091,https://airtable.com/tblLqtIyuwA7rbEC3/recAbwuxIOEDGPVkf?blocks=bli5ItEhTDGAFc32p,Animalia,,,Echinodermata,Asterozoa,,,Asteroidea,Ambuloasteroidea,Neoasteroidea,,,Velatida,,,,,,,,,,,,,,,,,Neoasteroidea,,recAbwuxIOEDGPVkf,,,
Pterasteridae,FAMILY,ACCEPTED,,123142,http://www.marinespecies.org/aphia.php?p=taxdetails&id=123142,https://www.marinespecies.org/rest/AphiaClassificationByAphiaID/123142,urn:lsid:marinespecies.org:taxname:123142,https://airtable.com/tblLqtIyuwA7rbEC3/recjG60W1Co4S4tkM?blocks=bli5ItEhTDGAFc32p,Animalia,,,Echinodermata,Asterozoa,,,Asteroidea,Ambuloasteroidea,Neoasteroidea,,,Velatida,,,,,,,,Pterasteridae,,,,,,,,,Velatida,,recjG60W1Co4S4tkM,,,
Pteraster,GENUS,ACCEPTED,,123335,http://www.marinespecies.org/aphia.php?p=taxdetails&id=123335,https://www.marinespecies.org/rest/AphiaClassificationByAphiaID/123335,urn:lsid:marinespecies.org:taxname:123335,https://airtable.com/tblLqtIyuwA7rbEC3/recEh4QtWWZ1WkmAl?blocks=bli5ItEhTDGAFc32p,Animalia,,,Echinodermata,Asterozoa,,,Asteroidea,Ambuloasteroidea,Neoasteroidea,,,Velatida,,,,,,,,Pterasteridae,,,,,Pteraster,,,,Pterasteridae,pter,recEh4QtWWZ1WkmAl,,,
Pteraster militaris,SPECIES,ACCEPTED,,124147,http://www.marinespecies.org/aphia.php?p=taxdetails&id=124147,https://www.marinespecies.org/rest/AphiaClassificationByAphiaID/124147,urn:lsid:marinespecies.org:taxname:124147,https://airtable.com/tblLqtIyuwA7rbEC3/rec6ctEiPm9qugO4t?blocks=bli5ItEhTDGAFc32p,Animalia,,,Echinodermata,Asterozoa,,,Asteroidea,Ambuloasteroidea,Neoasteroidea,,,Velatida,,,,,,,,Pterasteridae,,,,,Pteraster,,Pteraster militaris,,Pteraster,"ptem,ptem",rec6ctEiPm9qugO4t,,,
Pteraster tesselatus,SPECIES,ACCEPTED,Slime star,369053,http://www.marinespecies.org/aphia.php?p=taxdetails&id=369053,https://www.marinespecies.org/rest/AphiaClassificationByAphiaID/369053,urn:lsid:marinespecies.org:taxname:369053,https://airtable.com/tblLqtIyuwA7rbEC3/rec2pDAlxnpbcZwoG?blocks=bli5ItEhTDGAFc32p,Animalia,,,Echinodermata,Asterozoa,,,Asteroidea,Ambuloasteroidea,Neoasteroidea,,,Velatida,,,,,,,,Pterasteridae,,,,,Pteraster,,Pteraster tesselatus,,Pteraster,"PTET,ptet,ptet,Ptera,ptet,ptet",rec2pDAlxnpbcZwoG,,,
Forcipulatacea,SUPERORDER,ACCEPTED,,582527,http://www.marinespecies.org/aphia.php?p=taxdetails&id=582527,https://www.marinespecies.org/rest/AphiaClassificationByAphiaID/582527,urn:lsid:marinespecies.org:taxname:582527,https://airtable.com/tblLqtIyuwA7rbEC3/recrFk1tgsaLoLT5Y?blocks=bli5ItEhTDGAFc32p,Animalia,,,Echinodermata,Asterozoa,,,Asteroidea,Ambuloasteroidea,Neoasteroidea,,Forcipulatacea,,,,,,,,,,,,,,,,,,Neoasteroidea,,recrFk1tgsaLoLT5Y,,,
Forcipulatida,ORDER,ACCEPTED,,123086,http://www.marinespecies.org/aphia.php?p=taxdetails&id=123086,https://www.marinespecies.org/rest/AphiaClassificationByAphiaID/123086,urn:lsid:marinespecies.org:taxname:123086,https://airtable.com/tblLqtIyuwA7rbEC3/recRFGBeqAqHmvx3m?blocks=bli5ItEhTDGAFc32p,Animalia,,,Echinodermata,Asterozoa,,,Asteroidea,Ambuloasteroidea,Neoasteroidea,,Forcipulatacea,Forcipulatida,,,,,,,,,,,,,,,,,Forcipulatacea,,recRFGBeqAqHmvx3m,,,
Asteriidae,FAMILY,ACCEPTED,,123121,http://www.marinespecies.org/aphia.php?p=taxdetails&id=123121,https://www.marinespecies.org/rest/AphiaClassificationByAphiaID/123121,urn:lsid:marinespecies.org:taxname:123121,https://airtable.com/tblLqtIyuwA7rbEC3/recArAepUV3dJxCkR?blocks=bli5ItEhTDGAFc32p,Animalia,,,Echinodermata,Asterozoa,,,Asteroidea,Ambuloasteroidea,Neoasteroidea,,Forcipulatacea,Forcipulatida,,,,,,,,Asteriidae,,,,,,,,,Forcipulatida,,recArAepUV3dJxCkR,,,
Evasterias,GENUS,ACCEPTED,,254332,http://www.marinespecies.org/aphia.php?p=taxdetails&id=254332,https://www.marinespecies.org/rest/AphiaClassificationByAphiaID/254332,urn:lsid:marinespecies.org:taxname:254332,https://airtable.com/tblLqtIyuwA7rbEC3/recMNIWQsRKH44jFr?blocks=bli5ItEhTDGAFc32p,Animalia,,,Echinodermata,Asterozoa,,,Asteroidea,Ambuloasteroidea,Neoasteroidea,,Forcipulatacea,Forcipulatida,,,,,,,,Asteriidae,,,,,Evasterias,,,,Asteriidae,,recMNIWQsRKH44jFr,,,
Evasterias troschelii,SPECIES,ACCEPTED,Mottled Star,255040,http://www.marinespecies.org/aphia.php?p=taxdetails&id=255040,https://www.marinespecies.org/rest/AphiaClassificationByAphiaID/255040,urn:lsid:marinespecies.org:taxname:255040,https://airtable.com/tblLqtIyuwA7rbEC3/recLtptQzrT1sFHrI?blocks=bli5ItEhTDGAFc32p,Animalia,,,Echinodermata,Asterozoa,,,Asteroidea,Ambuloasteroidea,Neoasteroidea,,Forcipulatacea,Forcipulatida,,,,,,,,Asteriidae,,,,,Evasterias,,Evasterias troschelii,,Evasterias,"EVAT,EVAT,EVTR,evat,evat,seastar/evasterias,Eva,evat,evat",recLtptQzrT1sFHrI,"Evasterias_troschelii_18704_B1305_d02746.JPG (https://v5.airtableusercontent.com/v3/u/33/33/1727985600000/ndtHsNVxMPZQjeAfqwwL_A/A4Rx1Fo7d6NE0zb9CViF3k6HHL0CzcKkih_6pD2KZPuY7xW2z7uxKSrtloWmBQiWML5gr1pRJgJdG7yCjyxBNy0aZ0tuKqapAIf6WKTgweOUaksi2rjH4L8iauQ6Z5jV8FyHcwsDoqNVOcOGU0DHtZT0pTyspHLMZfR5Ewnw2CW2Bjpk6M2yvBU1ZS74RqcY/Fs9UykCBV6cUpFiSoN3-pvNfgqhvDL2OO0-_hXTkEhQ),Evasterias_troschelii_18705_B1308_d02742.JPG (https://v5.airtableusercontent.com/v3/u/33/33/1727985600000/F9mGAIriVnak_oQ0tNQLmg/cWtLSKDdN7EipOThaED6ZvWPTxKJKoKyITwU9asMmQgtJFyLvM7YNRTP-BIQWnpXfFP1UR7bnGo2R-uo4Nr503u0RqDL6j3CDvs0Ctd1lDEGatPW29xIGmmLPrPlzsTICRQJEPyC0etj2dW50ygY000dNn-I2UmLYQaULkL9pNmwPumS8r2Fkn_QaGOCwjZO/MX2n7gE7s1bBljOvgVXX4iAbGqcRjP5ZU1O2pK1f4F0),Evasterias_troschelii_18683_B0727_d01739.JPG (https://v5.airtableusercontent.com/v3/u/33/33/1727985600000/xAPyF0KelVzLyy_g-5sXlg/7w9DvQEpsgV5sL-qZjG1ZN4DVtl-KtvbBk5knghM0_rLVQCT_6K9aOUNSeyl9acrNL1oZDQyUryRbkNO_j05_OouIsr-ef0iKVA7283eX0kzShzeMEBOsTWQsmSx7iDL7htxggS-5NgUpb4nhATOEptWeIdSefKYY_X1YgMYtaEMl-38P1nBpo5AUSKXPaVL/RQmvDTr4idRr2dqoISTqG_kLbItKcvHecH8CmLc84Po)",,
Leptasterias,GENUS,ACCEPTED,Six-armed star,123222,http://www.marinespecies.org/aphia.php?p=taxdetails&id=123222,https://www.marinespecies.org/rest/AphiaClassificationByAphiaID/123222,urn:lsid:marinespecies.org:taxname:123222,https://airtable.com/tblLqtIyuwA7rbEC3/recZwl4dTGFHdPLta?blocks=bli5ItEhTDGAFc32p,Animalia,,,Echinodermata,Asterozoa,,,Asteroidea,Ambuloasteroidea,Neoasteroidea,,Forcipulatacea,Forcipulatida,,,,,,,,Asteriidae,,,,,Leptasterias,,,,Asteriidae,"LEPT,lept,Lept,leptasterias,lept,lept",recZwl4dTGFHdPLta,,,LEPTAS
Leptasterias aequalis,SPECIES,ACCEPTED,Colourful Six-armed Star,379050,http://www.marinespecies.org/aphia.php?p=taxdetails&id=379050,https://www.marinespecies.org/rest/AphiaClassificationByAphiaID/379050,urn:lsid:marinespecies.org:taxname:379050,https://airtable.com/tblLqtIyuwA7rbEC3/reccjO3rf7BhzqvTt?blocks=bli5ItEhTDGAFc32p,Animalia,,,Echinodermata,Asterozoa,,,Asteroidea,Ambuloasteroidea,Neoasteroidea,,Forcipulatacea,Forcipulatida,,,,,,,,Asteriidae,,,,,Leptasterias,,Leptasterias aequalis,,Leptasterias,"LEPA,lepa,lepa,lepa",reccjO3rf7BhzqvTt,,,
Leptasterias hexactis,SPECIES,ACCEPTED,Drab Six-armed Star,369177,http://www.marinespecies.org/aphia.php?p=taxdetails&id=369177,https://www.marinespecies.org/rest/AphiaClassificationByAphiaID/369177,urn:lsid:marinespecies.org:taxname:369177,https://airtable.com/tblLqtIyuwA7rbEC3/recwzeAa3td6cDNyi?blocks=bli5ItEhTDGAFc32p,Animalia,,,Echinodermata,Asterozoa,,,Asteroidea,Ambuloasteroidea,Neoasteroidea,,Forcipulatacea,Forcipulatida,,,,,,,,Asteriidae,,,,,Leptasterias,,Leptasterias hexactis,,Leptasterias,"LEPH,LEHE,LEPH,leph,leph,leph",recwzeAa3td6cDNyi,,,
Lethasterias,GENUS,ACCEPTED,,178798,http://www.marinespecies.org/aphia.php?p=taxdetails&id=178798,https://www.marinespecies.org/rest/AphiaClassificationByAphiaID/178798,urn:lsid:marinespecies.org:taxname:178798,https://airtable.com/tblLqtIyuwA7rbEC3/recH3OU2GAPDbdLJW?blocks=bli5ItEhTDGAFc32p,Animalia,,,Echinodermata,Asterozoa,,,Asteroidea,Ambuloasteroidea,Neoasteroidea,,Forcipulatacea,Forcipulatida,,,,,,,,Asteriidae,,,,,Lethasterias,,,,Asteriidae,,recH3OU2GAPDbdLJW,,,
Lethasterias nanimensis,SPECIES,ACCEPTED,,254499,http://www.marinespecies.org/aphia.php?p=taxdetails&id=254499,https://www.marinespecies.org/rest/AphiaClassificationByAphiaID/254499,urn:lsid:marinespecies.org:taxname:254499,https://airtable.com/tblLqtIyuwA7rbEC3/recd4hvuldHc80UMP?blocks=bli5ItEhTDGAFc32p,Animalia,,,Echinodermata,Asterozoa,,,Asteroidea,Ambuloasteroidea,Neoasteroidea,,Forcipulatacea,Forcipulatida,,,,,,,,Asteriidae,,,,,Lethasterias,,Lethasterias nanimensis,,Lethasterias,letn,recd4hvuldHc80UMP,,,
Orthasterias,GENUS,ACCEPTED,,146038,http://www.marinespecies.org/aphia.php?p=taxdetails&id=146038,https://www.marinespecies.org/rest/AphiaClassificationByAphiaID/146038,urn:lsid:marinespecies.org:taxname:146038,https://airtable.com/tblLqtIyuwA7rbEC3/rec686KenFo8ip60w?blocks=bli5ItEhTDGAFc32p,Animalia,,,Echinodermata,Asterozoa,,,Asteroidea,Ambuloasteroidea,Neoasteroidea,,Forcipulatacea,Forcipulatida,,,,,,,,Asteriidae,,,,,Orthasterias,,,,Asteriidae,,rec686KenFo8ip60w,,,
Orthasterias koehleri,SPECIES,ACCEPTED,Rainbow Star,255048,http://www.marinespecies.org/aphia.php?p=taxdetails&id=255048,https://www.marinespecies.org/rest/AphiaClassificationByAphiaID/255048,urn:lsid:marinespecies.org:taxname:255048,https://airtable.com/tblLqtIyuwA7rbEC3/recfQbVDKrba3bHtj?blocks=bli5ItEhTDGAFc32p,Animalia,,,Echinodermata,Asterozoa,,,Asteroidea,Ambuloasteroidea,Neoasteroidea,,Forcipulatacea,Forcipulatida,,,,,,,,Asteriidae,,,,,Orthasterias,,Orthasterias koehleri,,Orthasterias,"ORTK,ortk,ortk,seastar/orthasterias,Ortha,ortk,ortk",recfQbVDKrba3bHtj,"Orthasterias_koehleri_18657_B0200_d00408.JPG (https://v5.airtableusercontent.com/v3/u/33/33/1727985600000/G1CXMah2iCyuqjHoMK1mjA/LBYyCFtze4nJXgZQ3ncfWn5kIS74wHRijg11StsxSslauYVb8Z3gbJLEdAP1MMTf4LBM3SMwLFQhfbjqpltwd4WCxABpytMHFwmUzTNve-b116I5LXCT70sSletcrxNqTBQsiwqT2iPJiFZhHy5UUKl4xfbWseEPgm_i4rYueJPFteoL57SFsRCPkK7qsCuM/wpBS95owQUISWx_prargS3XJ7HlN__EKmr2oA71nRZQ),Orthasterias_koehleri_18695_B0997_d02240.JPG (https://v5.airtableusercontent.com/v3/u/33/33/1727985600000/12HCTu41NGReArwLLp5I_g/pVlh1DCYlNTXM_a68_g-5UEO_p_MhvUWlvbRGL8jrzWx4-Cyjo77xgLPkbJAkn_V64q3XKOXohoScCWgJLmwf0df5UVxodQlxuTVy77SsEjFAzgQkkZGdc9kubrQFWLr-DcgG3I9e0IrBN_QUTvVEpbGbcTcZjBMD-6NlgOeojKwD5lx6osKcYc6gikyQ4Zm/VT3spPeycsf4IkkFo61pVNGd3ziVsPkfs-2uKAUk93s)",,
Pisaster,GENUS,ACCEPTED,,240754,http://www.marinespecies.org/aphia.php?p=taxdetails&id=240754,https://www.marinespecies.org/rest/AphiaClassificationByAphiaID/240754,urn:lsid:marinespecies.org:taxname:240754,https://airtable.com/tblLqtIyuwA7rbEC3/rec3EtlNH843M0oJl?blocks=bli5ItEhTDGAFc32p,Animalia,,,Echinodermata,Asterozoa,,,Asteroidea,Ambuloasteroidea,Neoasteroidea,,Forcipulatacea,Forcipulatida,,,,,,,,Asteriidae,,,,,Pisaster,,,,Asteriidae,"Pis,pis",rec3EtlNH843M0oJl,,,
Pisaster brevispinus,SPECIES,ACCEPTED,Giant Pink Star,240757,http://www.marinespecies.org/aphia.php?p=taxdetails&id=240757,https://www.marinespecies.org/rest/AphiaClassificationByAphiaID/240757,urn:lsid:marinespecies.org:taxname:240757,https://airtable.com/tblLqtIyuwA7rbEC3/rec4VnADO6dHXoeOh?blocks=bli5ItEhTDGAFc32p,Animalia,,,Echinodermata,Asterozoa,,,Asteroidea,Ambuloasteroidea,Neoasteroidea,,Forcipulatacea,Forcipulatida,,,,,,,,Asteriidae,,,,,Pisaster,,Pisaster brevispinus,,Pisaster,"PISB,PISB,pisb,pisb,seastar/pisaster_brevispinus,pisaster brev.,Pis.B,pisb,pisb",rec4VnADO6dHXoeOh,"Pisaster_brevispinus_18816_B3202_d08081.JPG (https://v5.airtableusercontent.com/v3/u/33/33/1727985600000/ecaKUn9rV2FzWhmaJKyutA/G_6IciayY3fKRnCAXvuuty5IjGegJvtfQEV64eCQossqoN7GutpHszmVIbvvtU56JXzubZ2039hKRt4M_f1emyS1I2D1tttSA4Km2BlDpsLET8EIkFqLH7B0yxY7qnr411RCtWIIMUr5w1mezZxnL7ydoUeLRtjI_JJp08WbCRvRDutn-gy_aprCFsw6yC9z/rwksbmT5ehs64wjEI6hpFR6GmrwlczVht3XMViPXtP4),Pisaster_brevispinus_18703_B1303_d02951.JPG (https://v5.airtableusercontent.com/v3/u/33/33/1727985600000/9hG9U5XhhHGRYpMzwtb0-w/08tjmU-ALInrjBtGa2CZwwdoBPgAsQOlJw6wQEEnD_SNGOA2DIpxkxeEmQeOxOzjTgjItL0BiDNY-jQUk6DAxOI9-jMMjfRtiPTX6HBvR1dEMLxVAcwysIiUcJQ1UO8bb8P3G0-s6SWjcNtDyeQMxge4IjEV1U4heVQkYLTl2Q_Rnbkn-TMAVsIqrrEz3lv-/JymX4by0brqoN2YU8h4COVdKIlt7DKb0PYY4YQuKSHk)",,
Pisaster giganteus,SPECIES,ACCEPTED,Giant sea star,240758,http://www.marinespecies.org/aphia.php?p=taxdetails&id=240758,https://www.marinespecies.org/rest/AphiaClassificationByAphiaID/240758,urn:lsid:marinespecies.org:taxname:240758,https://airtable.com/tblLqtIyuwA7rbEC3/rec1yJ19rjUIS79yV?blocks=bli5ItEhTDGAFc32p,Animalia,,,Echinodermata,Asterozoa,,,Asteroidea,Ambuloasteroidea,Neoasteroidea,,Forcipulatacea,Forcipulatida,,,,,,,,Asteriidae,,,,,Pisaster,,Pisaster giganteus,,Pisaster,PIGI,rec1yJ19rjUIS79yV,,,
Pisaster ochraceus,SPECIES,ACCEPTED,Ochre star,240755,http://www.marinespecies.org/aphia.php?p=taxdetails&id=240755,https://www.marinespecies.org/rest/AphiaClassificationByAphiaID/240755,urn:lsid:marinespecies.org:taxname:240755,https://airtable.com/tblLqtIyuwA7rbEC3/recYE3FepdDGD9sF8?blocks=bli5ItEhTDGAFc32p,Animalia,,,Echinodermata,Asterozoa,,,Asteroidea,Ambuloasteroidea,Neoasteroidea,,Forcipulatacea,Forcipulatida,,,,,,,,Asteriidae,,,,,Pisaster,,Pisaster ochraceus,,Pisaster,"PISO,PISO,PIOC,PISO,piso,piso,pisaster ochraceas,Pis.O,piso,piso",recYE3FepdDGD9sF8,Pisaster_ochraceus_18650_B0075_d00060.JPG (https://v5.airtableusercontent.com/v3/u/33/33/1727985600000/SmuXAd5pQ2w41uXN5fnNLQ/pZp8Iv3itXwwkmph-chhBH6-taYo7z3GrXX4XGSStOeJnm9LDVBL9DyhULaxcg0XDcYfQjCCHCqkQKBgV47FRG-KX8BIMSKRxUvBAQUDjFdIqnXzxoYUhosTYYaXBgJHYDTcUTm3ZiNK-LMLXyqx44el9tGl232bDPMn-K3L-JmPthDACJJowLOiooyZ58Ri/1Dvu5hdbZEgFto-y6GQjgltLlXTolEal96IE_dw_WNk),Toby Island,PISOCH
Stylasterias,GENUS,ACCEPTED,,146049,http://www.marinespecies.org/aphia.php?p=taxdetails&id=146049,https://www.marinespecies.org/rest/AphiaClassificationByAphiaID/146049,urn:lsid:marinespecies.org:taxname:146049,https://airtable.com/tblLqtIyuwA7rbEC3/recUhE3Hv5NgkdaT8?blocks=bli5ItEhTDGAFc32p,Animalia,,,Echinodermata,Asterozoa,,,Asteroidea,Ambuloasteroidea,Neoasteroidea,,Forcipulatacea,Forcipulatida,,,,,,,,Asteriidae,,,,,Stylasterias,,,,Asteriidae,,recUhE3Hv5NgkdaT8,,,
Stylasterias forreri,SPECIES,ACCEPTED,Velcro star,255062,http://www.marinespecies.org/aphia.php?p=taxdetails&id=255062,https://www.marinespecies.org/rest/AphiaClassificationByAphiaID/255062,urn:lsid:marinespecies.org:taxname:255062,https://airtable.com/tblLqtIyuwA7rbEC3/recA9ytiBvjF4uEW8?blocks=bli5ItEhTDGAFc32p,Animalia,,,Echinodermata,Asterozoa,,,Asteroidea,Ambuloasteroidea,Neoasteroidea,,Forcipulatacea,Forcipulatida,,,,,,,,Asteriidae,,,,,Stylasterias,,Stylasterias forreri,,Stylasterias,"STYF,styf,styf,styf,styf",recA9ytiBvjF4uEW8,"Stylasterias_forreri_18729_B1596_d03708.JPG (https://v5.airtableusercontent.com/v3/u/33/33/1727985600000/8zRy4PDTiZbg8v4_BT_3dA/KHmZHt84vlfkJzsaPZOMA01ytrH43_iwAVEf09J5n_UdxqxhV4FTBCgqVCcbGZk29xl_ocIDY5ybHvAtGDsJ_AZAdCipatdYtufiDKcYUrkstWVEwDVZwS6xHUuhb7w9CqZbwUxaapZmqRgKLt_ooYIAVYvR771dhQJDAcbO6zDID6TpnRmkMm2uo3PKYZe7/myJNzmbiyAMBp5oZaRg2gVscz4rDtsqQ0qlSLTjSFYM),Stylasterias_forreri_18730_B1597_d03688.JPG (https://v5.airtableusercontent.com/v3/u/33/33/1727985600000/frxW2zftOuEttGG4HNcszg/-9S9KlL0Fy6kt1OyU_omMNwR6PVTMBIFjIq8sk4smh6cuXnbP5QPkjHEMl922VjvUSZRmTLgIO_IKW_CuNRMjj2GWwoQBTHAuZ9I-TPUTxN-uPPJL4KlQXRhk2D1jnl9CAw9CfQNICbjvrHFl_aFyOjMWiE7iOdZFsse6Rj1LZRE0gS2MDtXWPYnysBJdflE/0IO1DjKtujwH4oE2dt1USd1E7lMMfyYZb1f_X92Xy6U),Stylasterias_forreri_18789_B2879_d06527.JPG (https://v5.airtableusercontent.com/v3/u/33/33/1727985600000/y1C3aFloHgS_yGrPAN1DiA/GI0MP_scpvH4XkJCfIZbmS336gkfKEoHL1B2HX4hwApgTxO6z1a9nZeSx-aF_Q0N_ojgtBnOJjjE3db79MwuGZTdRoM3CWyP9l1yOAM7Aep7kaKq1k7M6deWOVeyhgBoPO1pvpEMT8ixzHSPQZDQs8r5tqAIp1H9q3pq2S2UCwqp52XsLOrmAgsoq5WacEtv/4UFjiVNd3B_lxm1XBkLXfqqps0IxBGKBiC-XHnTMAnc)",,
Pycnopodiinae,SUBFAMILY,ACCEPTED,,369067,http://www.marinespecies.org/aphia.php?p=taxdetails&id=369067,https://www.marinespecies.org/rest/AphiaClassificationByAphiaID/369067,urn:lsid:marinespecies.org:taxname:369067,https://airtable.com/tblLqtIyuwA7rbEC3/recUadrCp7jS855vL?blocks=bli5ItEhTDGAFc32p,Animalia,,,Echinodermata,Asterozoa,,,Asteroidea,Ambuloasteroidea,Neoasteroidea,,Forcipulatacea,Forcipulatida,,,,,,,,Asteriidae,Pycnopodiinae,,,,,,,,Asteriidae,,recUadrCp7jS855vL,,,
Pycnopodia,GENUS,ACCEPTED,,240763,http://www.marinespecies.org/aphia.php?p=taxdetails&id=240763,https://www.marinespecies.org/rest/AphiaClassificationByAphiaID/240763,urn:lsid:marinespecies.org:taxname:240763,https://airtable.com/tblLqtIyuwA7rbEC3/recBHjMgTg8kT0mNl?blocks=bli5ItEhTDGAFc32p,Animalia,,,Echinodermata,Asterozoa,,,Asteroidea,Ambuloasteroidea,Neoasteroidea,,Forcipulatacea,Forcipulatida,,,,,,,,Asteriidae,Pycnopodiinae,,,,Pycnopodia,,,,Pycnopodiinae,,recBHjMgTg8kT0mNl,,,
Pycnopodia helianthoides,SPECIES,ACCEPTED,Sunflower Star,240764,http://www.marinespecies.org/aphia.php?p=taxdetails&id=240764,https://www.marinespecies.org/rest/AphiaClassificationByAphiaID/240764,urn:lsid:marinespecies.org:taxname:240764,https://airtable.com/tblLqtIyuwA7rbEC3/recYXmvMf6NF5a94P?blocks=bli5ItEhTDGAFc32p,Animalia,,,Echinodermata,Asterozoa,,,Asteroidea,Ambuloasteroidea,Neoasteroidea,,Forcipulatacea,Forcipulatida,,,,,,,,Asteriidae,Pycnopodiinae,,,,Pycnopodia,,Pycnopodia helianthoides,,Pycnopodia,"PYCH,PYCH,PYHE,pych,pych,seastar/pycnopodia,pycnopodia,Pyc,pych,pych",recYXmvMf6NF5a94P,"Pycnopodia_helianthoides_18702_B1266_d02633.JPG (https://v5.airtableusercontent.com/v3/u/33/33/1727985600000/uFChCW36UiFIggD_apA2lA/IHwXae5yBeJoDzBSj0E6XvbSvof8BOJpM-_Z-tgnUx-zPGr4ZI_yHVZNO1avH4TNlBvyDomZ4EU7jiZJMReiG3nzYJCoeBNJnii6G_BjtxSDIpA1ksm930s-jJJ4xIKrwX6C9K7LBkRRu36O5y_2PWq_SanaupshdBhiw1AvplGUUJU111xRfSONMgAzCdvV/-frpcY7EYBWwPEL0kZ0Etynr90MjIbXHXZUy-Hlif2k),Pycnopodia_helianthoides_18666_B0365_d00791.JPG (https://v5.airtableusercontent.com/v3/u/33/33/1727985600000/g-VUugDcFSyQnHu_A0vTBw/WiHqcNshPc02JEjADabJQGQO_6AHzdYQfl9xeqnG33PrAz5HsJTHctElnXMIPKVq-xWHWtnp--edlO7OV7TnAhqSpU1BPt6yV4w9rmfdPfSeCMcLbx6r4HSuytN_wJlS7O9aezWTJadlRebBkvKMD5Jti5GdcBnjEM4ZUkC8iAXud3MnqTx59XUDlXAalIiu/qQu2IVmo_EJI-LGHguKNTTihO19bFIPmnsWWmSIQaXY)",,
Spinulosacea,SUPERORDER,ACCEPTED,,582529,http://www.marinespecies.org/aphia.php?p=taxdetails&id=582529,https://www.marinespecies.org/rest/AphiaClassificationByAphiaID/582529,urn:lsid:marinespecies.org:taxname:582529,https://airtable.com/tblLqtIyuwA7rbEC3/rec1cPii0s3ms6Qkt?blocks=bli5ItEhTDGAFc32p,Animalia,,,Echinodermata,Asterozoa,,,Asteroidea,Ambuloasteroidea,Neoasteroidea,,Spinulosacea,,,,,,,,,,,,,,,,,,Neoasteroidea,,rec1cPii0s3ms6Qkt,,,
Spinulosida,ORDER,ACCEPTED,,123089,http://www.marinespecies.org/aphia.php?p=taxdetails&id=123089,https://www.marinespecies.org/rest/AphiaClassificationByAphiaID/123089,urn:lsid:marinespecies.org:taxname:123089,https://airtable.com/tblLqtIyuwA7rbEC3/recPXHb3HuWme2Dlm?blocks=bli5ItEhTDGAFc32p,Animalia,,,Echinodermata,Asterozoa,,,Asteroidea,Ambuloasteroidea,Neoasteroidea,,Spinulosacea,Spinulosida,,,,,,,,,,,,,,,,,Spinulosacea,,recPXHb3HuWme2Dlm,,,
Echinasteridae,FAMILY,ACCEPTED,,123132,http://www.marinespecies.org/aphia.php?p=taxdetails&id=123132,https://www.marinespecies.org/rest/AphiaClassificationByAphiaID/123132,urn:lsid:marinespecies.org:taxname:123132,https://airtable.com/tblLqtIyuwA7rbEC3/recNZLnpgQtZETxeo?blocks=bli5ItEhTDGAFc32p,Animalia,,,Echinodermata,Asterozoa,,,Asteroidea,Ambuloasteroidea,Neoasteroidea,,Spinulosacea,Spinulosida,,,,,,,,Echinasteridae,,,,,,,,,Spinulosida,,recNZLnpgQtZETxeo,,,
Henricia,GENUS,ACCEPTED,Blood star,123276,http://www.marinespecies.org/aphia.php?p=taxdetails&id=123276,https://www.marinespecies.org/rest/AphiaClassificationByAphiaID/123276,urn:lsid:marinespecies.org:taxname:123276,https://airtable.com/tblLqtIyuwA7rbEC3/rec4crHcQwvRF5cGA?blocks=bli5ItEhTDGAFc32p,Animalia,,,Echinodermata,Asterozoa,,,Asteroidea,Ambuloasteroidea,Neoasteroidea,,Spinulosacea,Spinulosida,,,,,,,,Echinasteridae,,,,,Henricia,,,,Echinasteridae,"HENR,HENR,henr,henr,seastar/henricia,Hen,henr,henr",rec4crHcQwvRF5cGA,,,HENSPP
Henricia aspera,SPECIES,ACCEPTED,,369100,http://www.marinespecies.org/aphia.php?p=taxdetails&id=369100,https://www.marinespecies.org/rest/AphiaClassificationByAphiaID/369100,urn:lsid:marinespecies.org:taxname:369100,https://airtable.com/tblLqtIyuwA7rbEC3/recsHjBCfBgPty9EL?blocks=bli5ItEhTDGAFc32p,Animalia,,,Echinodermata,Asterozoa,,,Asteroidea,Ambuloasteroidea,Neoasteroidea,,Spinulosacea,Spinulosida,,,,,,,,Echinasteridae,,,,,Henricia,,Henricia aspera,,Henricia,,recsHjBCfBgPty9EL,,,
Henricia aspera aspera,SUBSPECIES,ACCEPTED,Ridged Blood Star,369101,http://www.marinespecies.org/aphia.php?p=taxdetails&id=369101,https://www.marinespecies.org/rest/AphiaClassificationByAphiaID/369101,urn:lsid:marinespecies.org:taxname:369101,https://airtable.com/tblLqtIyuwA7rbEC3/recPMiXfSW8F1ZTjx?blocks=bli5ItEhTDGAFc32p,Animalia,,,Echinodermata,Asterozoa,,,Asteroidea,Ambuloasteroidea,Neoasteroidea,,Spinulosacea,Spinulosida,,,,,,,,Echinasteridae,,,,,Henricia,,Henricia aspera,Henricia aspera aspera,Henricia aspera,"HENA,hena,hena,hena,henaa",recPMiXfSW8F1ZTjx,,,
Henricia leviuscula,SPECIES,ACCEPTED,,369117,http://www.marinespecies.org/aphia.php?p=taxdetails&id=369117,https://www.marinespecies.org/rest/AphiaClassificationByAphiaID/369117,urn:lsid:marinespecies.org:taxname:369117,https://airtable.com/tblLqtIyuwA7rbEC3/recLYEjWX2x1nq0WG?blocks=bli5ItEhTDGAFc32p,Animalia,,,Echinodermata,Asterozoa,,,Asteroidea,Ambuloasteroidea,Neoasteroidea,,Spinulosacea,Spinulosida,,,,,,,,Echinasteridae,,,,,Henricia,,Henricia leviuscula,,Henricia,,recLYEjWX2x1nq0WG,,,
Henricia leviuscula leviuscula,SUBSPECIES,ACCEPTED,Henrecia leviuscula leviuscula,369118,http://www.marinespecies.org/aphia.php?p=taxdetails&id=369118,https://www.marinespecies.org/rest/AphiaClassificationByAphiaID/369118,urn:lsid:marinespecies.org:taxname:369118,https://airtable.com/tblLqtIyuwA7rbEC3/rectCm4NLsacp4jTQ?blocks=bli5ItEhTDGAFc32p,Animalia,,,Echinodermata,Asterozoa,,,Asteroidea,Ambuloasteroidea,Neoasteroidea,,Spinulosacea,Spinulosida,,,,,,,,Echinasteridae,,,,,Henricia,,Henricia leviuscula,Henricia leviuscula leviuscula,Henricia leviuscula,"HENL,henl,henl,HELE,henl",rectCm4NLsacp4jTQ,,,
Henricia pumila,SPECIES,ACCEPTED,Mottled blood star,467966,http://www.marinespecies.org/aphia.php?p=taxdetails&id=467966,https://www.marinespecies.org/rest/AphiaClassificationByAphiaID/467966,urn:lsid:marinespecies.org:taxname:467966,https://airtable.com/tblLqtIyuwA7rbEC3/rec3hlhGEnP1GbbM6?blocks=bli5ItEhTDGAFc32p,Animalia,,,Echinodermata,Asterozoa,,,Asteroidea,Ambuloasteroidea,Neoasteroidea,,Spinulosacea,Spinulosida,,,,,,,,Echinasteridae,,,,,Henricia,,Henricia pumila,,Henricia,HEPU,rec3hlhGEnP1GbbM6,"Henricia_pumila_18660_B0321_d00660.JPG (https://v5.airtableusercontent.com/v3/u/33/33/1727985600000/2uCPhdyNlxwf6xJekgnGQw/enuH3XfctfFRK9e5htev_4UYwfwWRVKBm3cqCx6wT4pjGjDuC2O6agROY4ULFsjkd0UiZz55LZ1EP-_WEgeRsKrZpPB-r3UxpD-fxhm75bV9ibccZ4KCwMpaJL1cV1YISHUUsaaFphw9wDV90NyXNbAAKcwEyWp1L5h_-MvC6gOGMYqTKRv-dZ9Ln-CofYxQ/1QbdH8IHcTI6YTxUSRCvIYnm8cd3ryY-LXTnSj9Vn3M),Henricia_pumila_18661_B0322_d00663.JPG (https://v5.airtableusercontent.com/v3/u/33/33/1727985600000/J26LrHXVjdrkEze80oifvw/g6NSjotv1rB-uBC9MUEGXquBt23XG1ITVekDQfsEjSNIN424HQjxQmHBWUU-fRfIvJQ72xqCViKR_o8z6-xmNkZNblnBPKyJshlAnezWcBIhwG2rXAjXsAG0mCBvhtxQ-FbMCONIZDdjsP4RIqfI-XEf625yzf0nIPsp-S67ZMHNoDh2qBp6OrvYEixZGM6c/kpgRXfuGt1CoWWlvi7CWkkq1mUABfRkNN0Njlc1ED5s)",,
Henricia sanguinolenta,SPECIES,ACCEPTED,Fat Blood Star,123974,http://www.marinespecies.org/aphia.php?p=taxdetails&id=123974,https://www.marinespecies.org/rest/AphiaClassificationByAphiaID/123974,urn:lsid:marinespecies.org:taxname:123974,https://airtable.com/tblLqtIyuwA7rbEC3/recuZKGMmspFvFCIH?blocks=bli5ItEhTDGAFc32p,Animalia,,,Echinodermata,Asterozoa,,,Asteroidea,Ambuloasteroidea,Neoasteroidea,,Spinulosacea,Spinulosida,,,,,,,,Echinasteridae,,,,,Henricia,,Henricia sanguinolenta,,Henricia,"HENS,hens,hens,hens,hens",recuZKGMmspFvFCIH,,,
Valvatacea,SUPERORDER,ACCEPTED,,582528,http://www.marinespecies.org/aphia.php?p=taxdetails&id=582528,https://www.marinespecies.org/rest/AphiaClassificationByAphiaID/582528,urn:lsid:marinespecies.org:taxname:582528,https://airtable.com/tblLqtIyuwA7rbEC3/rech7xglaKL0aCpk1?blocks=bli5ItEhTDGAFc32p,Animalia,,,Echinodermata,Asterozoa,,,Asteroidea,Ambuloasteroidea,Neoasteroidea,,Valvatacea,,,,,,,,,,,,,,,,,,Neoasteroidea,,rech7xglaKL0aCpk1,,,
Paxillosida,ORDER,ACCEPTED,,123088,http://www.marinespecies.org/aphia.php?p=taxdetails&id=123088,https://www.marinespecies.org/rest/AphiaClassificationByAphiaID/123088,urn:lsid:marinespecies.org:taxname:123088,https://airtable.com/tblLqtIyuwA7rbEC3/rec5JfPdx7SFAwYDy?blocks=bli5ItEhTDGAFc32p,Animalia,,,Echinodermata,Asterozoa,,,Asteroidea,Ambuloasteroidea,Neoasteroidea,,Valvatacea,Paxillosida,,,,,,,,,,,,,,,,,Valvatacea,,rec5JfPdx7SFAwYDy,,,
Luidiidae,FAMILY,ACCEPTED,,123129,http://www.marinespecies.org/aphia.php?p=taxdetails&id=123129,https://www.marinespecies.org/rest/AphiaClassificationByAphiaID/123129,urn:lsid:marinespecies.org:taxname:123129,https://airtable.com/tblLqtIyuwA7rbEC3/recSYRNbh10imXSSZ?blocks=bli5ItEhTDGAFc32p,Animalia,,,Echinodermata,Asterozoa,,,Asteroidea,Ambuloasteroidea,Neoasteroidea,,Valvatacea,Paxillosida,,,,,,,,Luidiidae,,,,,,,,,Paxillosida,,recSYRNbh10imXSSZ,,,
Luidia,GENUS,ACCEPTED,,123260,http://www.marinespecies.org/aphia.php?p=taxdetails&id=123260,https://www.marinespecies.org/rest/AphiaClassificationByAphiaID/123260,urn:lsid:marinespecies.org:taxname:123260,https://airtable.com/tblLqtIyuwA7rbEC3/recjJeRFcp37gsJuR?blocks=bli5ItEhTDGAFc32p,Animalia,,,Echinodermata,Asterozoa,,,Asteroidea,Ambuloasteroidea,Neoasteroidea,,Valvatacea,Paxillosida,,,,,,,,Luidiidae,,,,,Luidia,,,,Luidiidae,,recjJeRFcp37gsJuR,,,
Luidia foliolata,SPECIES,ACCEPTED,Sand star,368114,http://www.marinespecies.org/aphia.php?p=taxdetails&id=368114,https://www.marinespecies.org/rest/AphiaClassificationByAphiaID/368114,urn:lsid:marinespecies.org:taxname:368114,https://airtable.com/tblLqtIyuwA7rbEC3/rec4PT6hLYiqxwoWY?blocks=bli5ItEhTDGAFc32p,Animalia,,,Echinodermata,Asterozoa,,,Asteroidea,Ambuloasteroidea,Neoasteroidea,,Valvatacea,Paxillosida,,,,,,,,Luidiidae,,,,,Luidia,,Luidia foliolata,,Luidia,"LUIF,luif,luif,luif,luif",rec4PT6hLYiqxwoWY,,,
Pseudarchasteridae,FAMILY,ACCEPTED,,292826,http://www.marinespecies.org/aphia.php?p=taxdetails&id=292826,https://www.marinespecies.org/rest/AphiaClassificationByAphiaID/292826,urn:lsid:marinespecies.org:taxname:292826,https://airtable.com/tblLqtIyuwA7rbEC3/recOQFoKW6sjZLOsJ?blocks=bli5ItEhTDGAFc32p,Animalia,,,Echinodermata,Asterozoa,,,Asteroidea,Ambuloasteroidea,Neoasteroidea,,Valvatacea,Paxillosida,,,,,,,,Pseudarchasteridae,,,,,,,,,Paxillosida,,recOQFoKW6sjZLOsJ,,,
Gephyreaster,GENUS,ACCEPTED,,254787,http://www.marinespecies.org/aphia.php?p=taxdetails&id=254787,https://www.marinespecies.org/rest/AphiaClassificationByAphiaID/254787,urn:lsid:marinespecies.org:taxname:254787,https://airtable.com/tblLqtIyuwA7rbEC3/recAwyDiXDtNi3tVH?blocks=bli5ItEhTDGAFc32p,Animalia,,,Echinodermata,Asterozoa,,,Asteroidea,Ambuloasteroidea,Neoasteroidea,,Valvatacea,Paxillosida,,,,,,,,Pseudarchasteridae,,,,,Gephyreaster,,,,Pseudarchasteridae,,recAwyDiXDtNi3tVH,,,
Gephyreaster swifti,SPECIES,ACCEPTED,Gunpowder star,559194,http://www.marinespecies.org/aphia.php?p=taxdetails&id=559194,https://www.marinespecies.org/rest/AphiaClassificationByAphiaID/559194,urn:lsid:marinespecies.org:taxname:559194,https://airtable.com/tblLqtIyuwA7rbEC3/recqEORgTh0aNIGS2?blocks=bli5ItEhTDGAFc32p,Animalia,,,Echinodermata,Asterozoa,,,Asteroidea,Ambuloasteroidea,Neoasteroidea,,Valvatacea,Paxillosida,,,,,,,,Pseudarchasteridae,,,,,Gephyreaster,,Gephyreaster swifti,,Gephyreaster,"geps,gepg",recqEORgTh0aNIGS2,,,
Valvatida,ORDER,ACCEPTED,,123090,http://www.marinespecies.org/aphia.php?p=taxdetails&id=123090,https://www.marinespecies.org/rest/AphiaClassificationByAphiaID/123090,urn:lsid:marinespecies.org:taxname:123090,https://airtable.com/tblLqtIyuwA7rbEC3/recAKJdoupKHPZhKT?blocks=bli5ItEhTDGAFc32p,Animalia,,,Echinodermata,Asterozoa,,,Asteroidea,Ambuloasteroidea,Neoasteroidea,,Valvatacea,Valvatida,,,,,,,,,,,,,,,,,Valvatacea,,recAKJdoupKHPZhKT,,,
Asterinidae,FAMILY,ACCEPTED,,123133,http://www.marinespecies.org/aphia.php?p=taxdetails&id=123133,https://www.marinespecies.org/rest/AphiaClassificationByAphiaID/123133,urn:lsid:marinespecies.org:taxname:123133,https://airtable.com/tblLqtIyuwA7rbEC3/recs6OHPrXZ1dEUU2?blocks=bli5ItEhTDGAFc32p,Animalia,,,Echinodermata,Asterozoa,,,Asteroidea,Ambuloasteroidea,Neoasteroidea,,Valvatacea,Valvatida,,,,,,,,Asterinidae,,,,,,,,,Valvatida,,recs6OHPrXZ1dEUU2,,,
Asterina,GENUS,ACCEPTED,,123281,http://www.marinespecies.org/aphia.php?p=taxdetails&id=123281,https://www.marinespecies.org/rest/AphiaClassificationByAphiaID/123281,urn:lsid:marinespecies.org:taxname:123281,https://airtable.com/tblLqtIyuwA7rbEC3/recOaTea2txE325cO?blocks=bli5ItEhTDGAFc32p,Animalia,,,Echinodermata,Asterozoa,,,Asteroidea,Ambuloasteroidea,Neoasteroidea,,Valvatacea,Valvatida,,,,,,,,Asterinidae,,,,,Asterina,,,,Asterinidae,,recOaTea2txE325cO,,,
Asterina miniata,SPECIES,UNACCEPTED,Bat star,213131,http://www.marinespecies.org/aphia.php?p=taxdetails&id=213131,https://www.marinespecies.org/rest/AphiaClassificationByAphiaID/213131,urn:lsid:marinespecies.org:taxname:213131,https://airtable.com/tblLqtIyuwA7rbEC3/recPCEC99C4lfc4SR?blocks=bli5ItEhTDGAFc32p,Animalia,,,Echinodermata,Asterozoa,,,Asteroidea,Ambuloasteroidea,Neoasteroidea,,Valvatacea,Valvatida,,,,,,,,Asterinidae,,,,,Asterina,,Asterina miniata,,Asterina,"ASTM,astm,astm,astm,ASMI",recPCEC99C4lfc4SR,,,
Patiria,GENUS,ACCEPTED,,123285,http://www.marinespecies.org/aphia.php?p=taxdetails&id=123285,https://www.marinespecies.org/rest/AphiaClassificationByAphiaID/123285,urn:lsid:marinespecies.org:taxname:123285,https://airtable.com/tblLqtIyuwA7rbEC3/reczGCguYY4727KPk?blocks=bli5ItEhTDGAFc32p,Animalia,,,Echinodermata,Asterozoa,,,Asteroidea,Ambuloasteroidea,Neoasteroidea,,Valvatacea,Valvatida,,,,,,,,Asterinidae,,,,,Patiria,,,,Asterinidae,,reczGCguYY4727KPk,,,
Patiria miniata,SPECIES,ACCEPTED,Bat star,382131,http://www.marinespecies.org/aphia.php?p=taxdetails&id=382131,https://www.marinespecies.org/rest/AphiaClassificationByAphiaID/382131,urn:lsid:marinespecies.org:taxname:382131,https://airtable.com/tblLqtIyuwA7rbEC3/recWTsTJ8nkMFxPR5?blocks=bli5ItEhTDGAFc32p,Animalia,,,Echinodermata,Asterozoa,,,Asteroidea,Ambuloasteroidea,Neoasteroidea,,Valvatacea,Valvatida,,,,,,,,Asterinidae,,,,,Patiria,,Patiria miniata,,Patiria,,recWTsTJ8nkMFxPR5,"Patiria_miniata_18701_B1264_d02646.JPG (https://v5.airtableusercontent.com/v3/u/33/33/1727985600000/X5ZqLpIgGeWByTP6JdXB5w/k_DEvSisAbJpU6NZjOVaTrbPerhsdVr9p-Mf7lwl7ITwY_RlA0Q8kLdePDkT7EBjo1ZGw1hEMg6QRUnH0j2_GxudarP286FnO3mnHbb5a2-Ng5Amr2Q901thiYPqtKeuBWt4bQNQ2_Khs-hXMelmZNlxkJlBkqaa4wOeCAojJZuJ2Atd80kzj5R8qP0HwzKi/N3LtnxymDgPGIshJq7x-N1JN42kq0N13EOaVCmuEzqk),Patiria_miniata_18803_B3138_d07200.JPG (https://v5.airtableusercontent.com/v3/u/33/33/1727985600000/sjqPudypBDGGqwTq2cpTLA/l8Ab-hQgXCt8ANq5XIomT54vuhbi0vcv5VDfmq9v09R-Tq50NOQuXb0drD4DXQoFd4HLhgt9u5XGNxAv0QcaNHMNQAdiWaeLcsZ1UmG-baUYyqW-zUTqBDnS9xHjZSBAdGCkTKgP7ueXpkpZdtyTzjbEbAdmnogqBW8gnVN_hUnBvHy2R1U8j9iY1qO8xnur/5OAVdzk1s9MyOo411XGgzTZpHT6p6kq7lzCdx6TEAUQ)",,PATMIN
Asteropseidae,FAMILY,ACCEPTED,,149874,http://www.marinespecies.org/aphia.php?p=taxdetails&id=149874,https://www.marinespecies.org/rest/AphiaClassificationByAphiaID/149874,urn:lsid:marinespecies.org:taxname:149874,https://airtable.com/tblLqtIyuwA7rbEC3/rece1G5PDhmFKIERn?blocks=bli5ItEhTDGAFc32p,Animalia,,,Echinodermata,Asterozoa,,,Asteroidea,Ambuloasteroidea,Neoasteroidea,,Valvatacea,Valvatida,,,,,,,,Asteropseidae,,,,,,,,,Valvatida,,rece1G5PDhmFKIERn,,,
Dermasterias,GENUS,ACCEPTED,,240770,http://www.marinespecies.org/aphia.php?p=taxdetails&id=240770,https://www.marinespecies.org/rest/AphiaClassificationByAphiaID/240770,urn:lsid:marinespecies.org:taxname:240770,https://airtable.com/tblLqtIyuwA7rbEC3/recPRyBkhuHXahjnr?blocks=bli5ItEhTDGAFc32p,Animalia,,,Echinodermata,Asterozoa,,,Asteroidea,Ambuloasteroidea,Neoasteroidea,,Valvatacea,Valvatida,,,,,,,,Asteropseidae,,,,,Dermasterias,,,,Asteropseidae,,recPRyBkhuHXahjnr,,,
Dermasterias imbricata,SPECIES,ACCEPTED,Leather Star,240771,http://www.marinespecies.org/aphia.php?p=taxdetails&id=240771,https://www.marinespecies.org/rest/AphiaClassificationByAphiaID/240771,urn:lsid:marinespecies.org:taxname:240771,https://airtable.com/tblLqtIyuwA7rbEC3/rectogl53S7uZGLj1?blocks=bli5ItEhTDGAFc32p,Animalia,,,Echinodermata,Asterozoa,,,Asteroidea,Ambuloasteroidea,Neoasteroidea,,Valvatacea,Valvatida,,,,,,,,Asteropseidae,,,,,Dermasterias,,Dermasterias imbricata,,Dermasterias,"DERI,DERI,DEIM,deri,deri,seastar/dermasterias,dermasterias,Derm,deri,deri",rectogl53S7uZGLj1,"Dermasterias_imbricata_18697_B1000_d02261.JPG (https://v5.airtableusercontent.com/v3/u/33/33/1727985600000/lDnBRkRT3nlyPApwsAotFA/6s5Lz0eFj6WhUmVoQ1ozojj1gyUpBiZwFPN_R4rK0v2ENeyAMfhQ3bljyjHMHMT2PW39jwJYvQ2HgC1neC7l8r0R2bS7Nt0xY3efdiPVkZhy2UhXg11VGsatd41uDrUiNlk-vvKE0miD_LDXXmvMoxLS29VFc9em2gQsQ5TZIR48spz6pbnAepRYY8WDerL-/UzKtJCtITtbaWk3veQeXQep7feXAjqroAR92yJtdPis),Dermasterias_imbricata_18696_B0999_d02239.JPG (https://v5.airtableusercontent.com/v3/u/33/33/1727985600000/-rkCgPRsTH0WhoKiJ0WMCQ/4syeEJXg_Ju88ce0ORXUHKx7SgITwudA4kh7SVnekEaGtK3SInR1_FKraZ6hlxUxxBKgAhhun2hoLS7aXSrcuDJC1NL0FzRzaSVvBrSyl66B6M8c2b3ZkkA0fZi6pAMibdHCnuw8rs0HFlo0d3HplPZ6Zd49l74DmvIMtotwhjoT_UffJn4LzF9wWX0512cz/Fb_scR_jYYRBAtHaIilhT2epT8kGvljYnZn3ExbW7is)",Toby Island,
Goniasteridae,FAMILY,ACCEPTED,,123135,http://www.marinespecies.org/aphia.php?p=taxdetails&id=123135,https://www.marinespecies.org/rest/AphiaClassificationByAphiaID/123135,urn:lsid:marinespecies.org:taxname:123135,https://airtable.com/tblLqtIyuwA7rbEC3/recCRojH9gov3KsFo?blocks=bli5ItEhTDGAFc32p,Animalia,,,Echinodermata,Asterozoa,,,Asteroidea,Ambuloasteroidea,Neoasteroidea,,Valvatacea,Valvatida,,,,,,,,Goniasteridae,,,,,,,,,Valvatida,,recCRojH9gov3KsFo,,,
Ceramaster,GENUS,ACCEPTED,,123291,http://www.marinespecies.org/aphia.php?p=taxdetails&id=123291,https://www.marinespecies.org/rest/AphiaClassificationByAphiaID/123291,urn:lsid:marinespecies.org:taxname:123291,https://airtable.com/tblLqtIyuwA7rbEC3/rec4u3dXVSVhEwvh1?blocks=bli5ItEhTDGAFc32p,Animalia,,,Echinodermata,Asterozoa,,,Asteroidea,Ambuloasteroidea,Neoasteroidea,,Valvatacea,Valvatida,,,,,,,,Goniasteridae,,,,,Ceramaster,,,,Goniasteridae,,rec4u3dXVSVhEwvh1,,,
Ceramaster patagonicus,SPECIES,ACCEPTED,Cookie star,213335,http://www.marinespecies.org/aphia.php?p=taxdetails&id=213335,https://www.marinespecies.org/rest/AphiaClassificationByAphiaID/213335,urn:lsid:marinespecies.org:taxname:213335,https://airtable.com/tblLqtIyuwA7rbEC3/recsKWja6UhlgXNwj?blocks=bli5ItEhTDGAFc32p,Animalia,,,Echinodermata,Asterozoa,,,Asteroidea,Ambuloasteroidea,Neoasteroidea,,Valvatacea,Valvatida,,,,,,,,Goniasteridae,,,,,Ceramaster,,Ceramaster patagonicus,,Ceramaster,"CERP,cerp,cerp,cerp,cerp",recsKWja6UhlgXNwj,Ceramaster_patagonicus_18788_B2878_d06516.JPG (https://v5.airtableusercontent.com/v3/u/33/33/1727985600000/oewyxtZKQKSkPlEMUsxkJQ/rktHBuUHbljiPfwGIbMFRB1-kLB1Qe8_vcEuOXxx95NtJtAnV2tFfupT-j7sLTKKX89FsWbN2Ogi9meIeZTh1FQewVsbLoQM-4v7zuE89BQTYe8l518Z8rcLT7I1SIA--7EDTZd0b4c17azMEp7BuOkobwarBnLk6lO8mFouBiZT-T7_Ogkr_KIHKBNY5Zm6/PlZFNm-kEf4n_dvMlcymKrewspmBmjahTP73nhyNQLI),,
Hippasterinae,SUBFAMILY,ACCEPTED,,292827,http://www.marinespecies.org/aphia.php?p=taxdetails&id=292827,https://www.marinespecies.org/rest/AphiaClassificationByAphiaID/292827,urn:lsid:marinespecies.org:taxname:292827,https://airtable.com/tblLqtIyuwA7rbEC3/recGQOFq9OEFSUSVq?blocks=bli5ItEhTDGAFc32p,Animalia,,,Echinodermata,Asterozoa,,,Asteroidea,Ambuloasteroidea,Neoasteroidea,,Valvatacea,Valvatida,,,,,,,,Goniasteridae,Hippasterinae,,,,,,,,Goniasteridae,,recGQOFq9OEFSUSVq,,,
Hippasteria,GENUS,ACCEPTED,,123297,http://www.marinespecies.org/aphia.php?p=taxdetails&id=123297,https://www.marinespecies.org/rest/AphiaClassificationByAphiaID/123297,urn:lsid:marinespecies.org:taxname:123297,https://airtable.com/tblLqtIyuwA7rbEC3/recULaQkuvmMHxaYZ?blocks=bli5ItEhTDGAFc32p,Animalia,,,Echinodermata,Asterozoa,,,Asteroidea,Ambuloasteroidea,Neoasteroidea,,Valvatacea,Valvatida,,,,,,,,Goniasteridae,Hippasterinae,,,,Hippasteria,,,,Hippasterinae,,recULaQkuvmMHxaYZ,,,
Hippasteria phrygiana,SPECIES,ACCEPTED,,124043,http://www.marinespecies.org/aphia.php?p=taxdetails&id=124043,https://www.marinespecies.org/rest/AphiaClassificationByAphiaID/124043,urn:lsid:marinespecies.org:taxname:124043,https://airtable.com/tblLqtIyuwA7rbEC3/recDwijI0RkNOWGPs?blocks=bli5ItEhTDGAFc32p,Animalia,,,Echinodermata,Asterozoa,,,Asteroidea,Ambuloasteroidea,Neoasteroidea,,Valvatacea,Valvatida,,,,,,,,Goniasteridae,Hippasterinae,,,,Hippasteria,,Hippasteria phrygiana,,Hippasteria,,recDwijI0RkNOWGPs,Hippasteria_phrygiana_18787_B2877_d06624.JPG (https://v5.airtableusercontent.com/v3/u/33/33/1727985600000/I5ptHTHHIWlT6O86pzpF5Q/QjxXpPdb3hFtwK1alHejEzEEn6JU_NHswEeZNVeB05xQ5-f5KZ3CCoR0tmLCYOYKYInzPeSwMB5dKzJiDiIBMIKgJzjarrrKCdNh3S5PZeRDNgCV8kSJoTAF1SSoF4mibm8b0YPgo_2KiWyUGndXO1hGlA3UuIAS3mZyqX5egjqZv-v2aq90cjLYxKtZwL_M/QDYgBtFGgYnzqAfWhFTPI5bXphx1cjGL5yPszuopHv4),,
Hippasteria spinosa,SPECIES,UNACCEPTED,Spiny Vermillion star,254900,http://www.marinespecies.org/aphia.php?p=taxdetails&id=254900,https://www.marinespecies.org/rest/AphiaClassificationByAphiaID/254900,urn:lsid:marinespecies.org:taxname:254900,https://airtable.com/tblLqtIyuwA7rbEC3/recSeqVvQOthkzAzn?blocks=bli5ItEhTDGAFc32p,Animalia,,,Echinodermata,Asterozoa,,,Asteroidea,Ambuloasteroidea,Neoasteroidea,,Valvatacea,Valvatida,,,,,,,,Goniasteridae,Hippasterinae,,,,Hippasteria,,Hippasteria spinosa,,Hippasteria,"HIPS,hips,hips",recSeqVvQOthkzAzn,,,
Mediasterinae,SUBFAMILY,ACCEPTED,,932110,http://www.marinespecies.org/aphia.php?p=taxdetails&id=932110,https://www.marinespecies.org/rest/AphiaClassificationByAphiaID/932110,urn:lsid:marinespecies.org:taxname:932110,https://airtable.com/tblLqtIyuwA7rbEC3/recPdliTkmb1nfFD4?blocks=bli5ItEhTDGAFc32p,Animalia,,,Echinodermata,Asterozoa,,,Asteroidea,Ambuloasteroidea,Neoasteroidea,,Valvatacea,Valvatida,,,,,,,,Goniasteridae,Mediasterinae,,,,,,,,Goniasteridae,,recPdliTkmb1nfFD4,,,
Mediaster,GENUS,ACCEPTED,,123298,http://www.marinespecies.org/aphia.php?p=taxdetails&id=123298,https://www.marinespecies.org/rest/AphiaClassificationByAphiaID/123298,urn:lsid:marinespecies.org:taxname:123298,https://airtable.com/tblLqtIyuwA7rbEC3/recwSyZL6R8ew7ITu?blocks=bli5ItEhTDGAFc32p,Animalia,,,Echinodermata,Asterozoa,,,Asteroidea,Ambuloasteroidea,Neoasteroidea,,Valvatacea,Valvatida,,,,,,,,Goniasteridae,Mediasterinae,,,,Mediaster,,,,Mediasterinae,,recwSyZL6R8ew7ITu,,,
Mediaster aequalis,SPECIES,ACCEPTED,Vermillion Star,242160,http://www.marinespecies.org/aphia.php?p=taxdetails&id=242160,https://www.marinespecies.org/rest/AphiaClassificationByAphiaID/242160,urn:lsid:marinespecies.org:taxname:242160,https://airtable.com/tblLqtIyuwA7rbEC3/recYvWYuD2Igsnk5w?blocks=bli5ItEhTDGAFc32p,Animalia,,,Echinodermata,Asterozoa,,,Asteroidea,Ambuloasteroidea,Neoasteroidea,,Valvatacea,Valvatida,,,,,,,,Goniasteridae,Mediasterinae,,,,Mediaster,,Mediaster aequalis,,Mediaster,"MEDA,meda,meda,seastar/mediaster,Med,meda,meda,MEAE",recYvWYuD2Igsnk5w,"Mediaster_aequalis_18727_B1479_d03615.JPG (https://v5.airtableusercontent.com/v3/u/33/33/1727985600000/O79KGCNOqJL2a3iyn-R_gQ/2pbtHlIccZQKNsLzc_M3Jc1pzLTT33nWnMEyv-nLwNQN-SFJC5pBHrwaoNGPf6l0SfvTEd469FpNDdc-OqaNWdgLraszkce0-FTVXKwcO5tRY5pIUfX8b6ovlzhThDPP70j6SMT4DeAyQoVFc9ZcZeL5i3kwCKtBCcDyBCV8ivl4G3n9BUq4YBc5XfTr5TOm/CZWhBCtxlzfP3u3pd1sQ1JDEiELbjiiMEkjgNN4lJ54),Mediaster_aequalis_18758_B2074_d04706.JPG (https://v5.airtableusercontent.com/v3/u/33/33/1727985600000/bX0CYLgv1yi44tfiIv-gQg/1ZvEHVIbfEbBHgaEdV3CZGyFT2VIBwMtgjiw4Lgy5VuCD_3CLdhBwMSN1GviGjfLUbXEbdujEqVOtv3PHsG5Gk6aWN1UAFnWNky7Obfv2E5Skq7x2XH31tdQEetvW-i4gTE5aezJRDpbnjIfwahGF5LbWEf-xzf0im1VPeQF9n_Z17Ns8ofQY2Bzat1bOHjY/C-g1qLtppMdkbRi1F_39Lp_UW-UEPgXTSUaNjOqEgyg)",,
Poraniidae,FAMILY,ACCEPTED,,123138,http://www.marinespecies.org/aphia.php?p=taxdetails&id=123138,https://www.marinespecies.org/rest/AphiaClassificationByAphiaID/123138,urn:lsid:marinespecies.org:taxname:123138,https://airtable.com/tblLqtIyuwA7rbEC3/recVkHHak9oIOczOd?blocks=bli5ItEhTDGAFc32p,Animalia,,,Echinodermata,Asterozoa,,,Asteroidea,Ambuloasteroidea,Neoasteroidea,,Valvatacea,Valvatida,,,,,,,,Poraniidae,,,,,,,,,Valvatida,,recVkHHak9oIOczOd,,,
Poraniopsis,GENUS,ACCEPTED,,178019,http://www.marinespecies.org/aphia.php?p=taxdetails&id=178019,https://www.marinespecies.org/rest/AphiaClassificationByAphiaID/178019,urn:lsid:marinespecies.org:taxname:178019,https://airtable.com/tblLqtIyuwA7rbEC3/rec1U0PF13rd8AF1q?blocks=bli5ItEhTDGAFc32p,Animalia,,,Echinodermata,Asterozoa,,,Asteroidea,Ambuloasteroidea,Neoasteroidea,,Valvatacea,Valvatida,,,,,,,,Poraniidae,,,,,Poraniopsis,,,,Poraniidae,,rec1U0PF13rd8AF1q,,,
Poraniopsis inflata,SPECIES,ACCEPTED,,381961,http://www.marinespecies.org/aphia.php?p=taxdetails&id=381961,https://www.marinespecies.org/rest/AphiaClassificationByAphiaID/381961,urn:lsid:marinespecies.org:taxname:381961,https://airtable.com/tblLqtIyuwA7rbEC3/recCxdmuGpx2SoBE2?blocks=bli5ItEhTDGAFc32p,Animalia,,,Echinodermata,Asterozoa,,,Asteroidea,Ambuloasteroidea,Neoasteroidea,,Valvatacea,Valvatida,,,,,,,,Poraniidae,,,,,Poraniopsis,,Poraniopsis inflata,,Poraniopsis,pori,recCxdmuGpx2SoBE2,,,
Solasteridae,FAMILY,ACCEPTED,,123143,http://www.marinespecies.org/aphia.php?p=taxdetails&id=123143,https://www.marinespecies.org/rest/AphiaClassificationByAphiaID/123143,urn:lsid:marinespecies.org:taxname:123143,https://airtable.com/tblLqtIyuwA7rbEC3/recrbB7pCHfgMHRi5?blocks=bli5ItEhTDGAFc32p,Animalia,,,Echinodermata,Asterozoa,,,Asteroidea,Ambuloasteroidea,Neoasteroidea,,Valvatacea,Valvatida,,,,,,,,Solasteridae,,,,,,,,,Valvatida,,recrbB7pCHfgMHRi5,,,
Crossaster,GENUS,ACCEPTED,,123336,http://www.marinespecies.org/aphia.php?p=taxdetails&id=123336,https://www.marinespecies.org/rest/AphiaClassificationByAphiaID/123336,urn:lsid:marinespecies.org:taxname:123336,https://airtable.com/tblLqtIyuwA7rbEC3/recD2V0k8xXZ80i9B?blocks=bli5ItEhTDGAFc32p,Animalia,,,Echinodermata,Asterozoa,,,Asteroidea,Ambuloasteroidea,Neoasteroidea,,Valvatacea,Valvatida,,,,,,,,Solasteridae,,,,,Crossaster,,,,Solasteridae,,recD2V0k8xXZ80i9B,,,
Crossaster papposus,SPECIES,ACCEPTED,Rose Star,124154,http://www.marinespecies.org/aphia.php?p=taxdetails&id=124154,https://www.marinespecies.org/rest/AphiaClassificationByAphiaID/124154,urn:lsid:marinespecies.org:taxname:124154,https://airtable.com/tblLqtIyuwA7rbEC3/recfeNcAiXi3IaXN9?blocks=bli5ItEhTDGAFc32p,Animalia,,,Echinodermata,Asterozoa,,,Asteroidea,Ambuloasteroidea,Neoasteroidea,,Valvatacea,Valvatida,,,,,,,,Solasteridae,,,,,Crossaster,,Crossaster papposus,,Crossaster,"crop,crop,crossaster,Cros,CROP,crop,crop",recfeNcAiXi3IaXN9,"Crossaster_papposus_18735_B1604_d03692.JPG (https://v5.airtableusercontent.com/v3/u/33/33/1727985600000/FEi7gyRrgF-ka93SY6j8ZA/7Ww9_y3nIcbFr-o0_lHB167mNO6-QPNdfj5wtIjSLmrapGHqX685ItUiPxZDDDoYo_OIjqNMlUO2aPRHPK_ItCRswUsru67pJA1OOH_mQ1qgTxpXOKNjRlpXCIVYD9lRBh_CqusO345r3mdvUA4EcehinoMMgsKVN4_UTHvGgCXmVfuFvREjjUC6gInVl16F/pd0TDGF4ba-ayC1YsWVqjfiLp_2ue2J0e_xhON33GxA),Crossaster_papposus_18775_B2395_d05626.JPG (https://v5.airtableusercontent.com/v3/u/33/33/1727985600000/uSKFYanpqfdYDN8H4gzsZQ/gaE0tKKSVCPF-M_Q8NSWvfaDEJdiULXT07DjTvJGNqpdlOf2cwkjZaZxqPJijo2lDqSOPIM3EYGE3jx6yMIyBMoqJneLBVfAtW8Sqsc_MMQ_NI8qwckZi5aymGiy7AUSx0YRibjy_g9vhoDomMhck1Y9MWe577HpSrMOw8zPOt-IN1gu_ToKREmJqbrLcXUh/-vBAXpHphJixHz5SIqwFhaKlAzU2num7M6qssHNcxCs),Crossaster_papposus_18712_B1419_d03144.JPG (https://v5.airtableusercontent.com/v3/u/33/33/1727985600000/zb9jrpiUVu-rGA_hLlPqKQ/LKafDaZfbwx8QEGqkq-yIOuFgeJi4Fx-UaxljubLQtV5Do8M6OLduAu757vuRFnqz1tVSG7djAs9oEOWeL9TawlfIWa_rOHmaezq2k62NoB2IRU3NZzfDsFi6A0EKCgffVn_zsxKYoSmD6OUSM496SqmspNJpkKORrwnnrHfq9mmcxQB9EvzTq_egvqM2rzt/_48M-IDGYO_lAtfNSrEjPpflPnfMrxZl9ZUQmGUMDrI)",,
Lophaster,GENUS,ACCEPTED,,123337,http://www.marinespecies.org/aphia.php?p=taxdetails&id=123337,https://www.marinespecies.org/rest/AphiaClassificationByAphiaID/123337,urn:lsid:marinespecies.org:taxname:123337,https://airtable.com/tblLqtIyuwA7rbEC3/recBeVA5kffyiO2m6?blocks=bli5ItEhTDGAFc32p,Animalia,,,Echinodermata,Asterozoa,,,Asteroidea,Ambuloasteroidea,Neoasteroidea,,Valvatacea,Valvatida,,,,,,,,Solasteridae,,,,,Lophaster,,,,Solasteridae,,recBeVA5kffyiO2m6,,,
Lophaster furcilliger,SPECIES,ACCEPTED,Pink-crested star,292719,http://www.marinespecies.org/aphia.php?p=taxdetails&id=292719,https://www.marinespecies.org/rest/AphiaClassificationByAphiaID/292719,urn:lsid:marinespecies.org:taxname:292719,https://airtable.com/tblLqtIyuwA7rbEC3/recHAG6pfBYGA3fln?blocks=bli5ItEhTDGAFc32p,Animalia,,,Echinodermata,Asterozoa,,,Asteroidea,Ambuloasteroidea,Neoasteroidea,,Valvatacea,Valvatida,,,,,,,,Solasteridae,,,,,Lophaster,,Lophaster furcilliger,,Lophaster,"lopf,lopf",recHAG6pfBYGA3fln,,,
Solaster,GENUS,ACCEPTED,Solaster starfish,123338,http://www.marinespecies.org/aphia.php?p=taxdetails&id=123338,https://www.marinespecies.org/rest/AphiaClassificationByAphiaID/123338,urn:lsid:marinespecies.org:taxname:123338,https://airtable.com/tblLqtIyuwA7rbEC3/recWjvcmIwPI53P7D?blocks=bli5ItEhTDGAFc32p,Animalia,,,Echinodermata,Asterozoa,,,Asteroidea,Ambuloasteroidea,Neoasteroidea,,Valvatacea,Valvatida,,,,,,,,Solasteridae,,,,,Solaster,,,,Solasteridae,"SOLA,sola,sola,Sol,sola,sola",recWjvcmIwPI53P7D,,,
Solaster dawsoni,SPECIES,ACCEPTED,Morning Sun Star,292720,http://www.marinespecies.org/aphia.php?p=taxdetails&id=292720,https://www.marinespecies.org/rest/AphiaClassificationByAphiaID/292720,urn:lsid:marinespecies.org:taxname:292720,https://airtable.com/tblLqtIyuwA7rbEC3/rectugkkcrFE8jPxz?blocks=bli5ItEhTDGAFc32p,Animalia,,,Echinodermata,Asterozoa,,,Asteroidea,Ambuloasteroidea,Neoasteroidea,,Valvatacea,Valvatida,,,,,,,,Solasteridae,,,,,Solaster,,Solaster dawsoni,,Solaster,"SOLD,sold,sold,sold,sold",rectugkkcrFE8jPxz,"Solaster_dawsoni_18711_B1418_d03148.JPG (https://v5.airtableusercontent.com/v3/u/33/33/1727985600000/ko4Fl6fzaRQpf2xTVTU2JA/3QVr4CnzAkcV3keL5-oMUFO6FZe7vDnTGL3p_Ck07TI5Xe84ma4ztKDP2BFxbocc84jEjoHBqsGuVT5lRYKA69c23qyJA27LI79vTGic-5SyDGZGoONyviE8EUk5ke47cD_8mEymBBjeehiwB5yEoB9Fya1hWZHXn6R9JxtzbGenCif1aSDTHH_uPnKmBgmF/7TAHKM1McQHuhO6PScwqqBuDV3CM4fyvj1lJbD_scAQ),Solaster_dawsoni_18731_B1600_d03675.JPG (https://v5.airtableusercontent.com/v3/u/33/33/1727985600000/uv0qzWRBqZKrm-YEp2GHxw/b1ruDh6t1hxuUU7B3whKVsbhnES2dQcY8mhUq-tGm7sHdC3mguebcnEfC3IXHv6_tS9jej-ChlCtTAQdEjeIZgGqQdGEQOJ39oFjFX1L5dzxJiNKC-sJs-j4tepNlLk97RY0akruu1NmGcuQk9pI9reqQ37smR-qc0-q6I_42GVz5js3oCVp4bodYlGR8oRA/5js_itQeimHcKIAvRDtBzYmRmnptvPW3eaO8m6cWotw),Solaster_dawsoni_18786_B2858_d06486.JPG (https://v5.airtableusercontent.com/v3/u/33/33/1727985600000/mR0RfzQHCFmcS3SRYbqyNQ/7eqxJak-1Snfn-YoW2IjHUFLqhO_YpYVaLwRDpGVNxAQc_ceH4aySZSiyXJ0Wquz3reWCWHe4Yth2GdJrcOwvUjES0XshGNMytSWKCZQerjAdvM9RRXlWaH2pwRMHG50HC95x4MKT_8o76gdb5ETWW1OqTDKavxXIJ40ErAQ1929ECNCKX0ZI-yJBrF5nfXh/lJiI3_bZx4u8i_6UQkm22F2JUk90VbCJ31k1IcfBlow)",,
Solaster endeca,SPECIES,ACCEPTED,Northern Sun Star,124160,http://www.marinespecies.org/aphia.php?p=taxdetails&id=124160,https://www.marinespecies.org/rest/AphiaClassificationByAphiaID/124160,urn:lsid:marinespecies.org:taxname:124160,https://airtable.com/tblLqtIyuwA7rbEC3/recYAt7uZLy8U5lv2?blocks=bli5ItEhTDGAFc32p,Animalia,,,Echinodermata,Asterozoa,,,Asteroidea,Ambuloasteroidea,Neoasteroidea,,Valvatacea,Valvatida,,,,,,,,Solasteridae,,,,,Solaster,,Solaster endeca,,Solaster,"SOLE,sole,sole,sole,sole",recYAt7uZLy8U5lv2,Solaster_endeca_18781_B2636_d05883.JPG (https://v5.airtableusercontent.com/v3/u/33/33/1727985600000/QPC9iGxyZmCSoYiKSVA73A/3oqauSNFk4CQleuQCW4mLi9oNWey3rT85Fy_SgA6IKVPdYhskCvB8tlHi2bJkT9idSemjDsg4tpFcpbAqVsXMbj08W8KtB4vZOYooC_wUZXe84r61an8FNZWoQQE-EuCyMOFebuD9CmDjhwhvjoie-IauKB6g5IjubxuZurP83s23AbYQY9XeoTRU4RDMadl/ROZ9u4zIKHBlB6kPkSYYtl0BqXXzmRBjimCa3P2vNu0),,
Solaster paxillatus,SPECIES,ACCEPTED,Orange Sun Star,292727,http://www.marinespecies.org/aphia.php?p=taxdetails&id=292727,https://www.marinespecies.org/rest/AphiaClassificationByAphiaID/292727,urn:lsid:marinespecies.org:taxname:292727,https://airtable.com/tblLqtIyuwA7rbEC3/receFfku0kebDDiEZ?blocks=bli5ItEhTDGAFc32p,Animalia,,,Echinodermata,Asterozoa,,,Asteroidea,Ambuloasteroidea,Neoasteroidea,,Valvatacea,Valvatida,,,,,,,,Solasteridae,,,,,Solaster,,Solaster paxillatus,,Solaster,"SOLP,solp,solp,solp,solp",receFfku0kebDDiEZ,,,
Solaster stimpsoni,SPECIES,ACCEPTED,Striped Sun Star,292729,http://www.marinespecies.org/aphia.php?p=taxdetails&id=292729,https://www.marinespecies.org/rest/AphiaClassificationByAphiaID/292729,urn:lsid:marinespecies.org:taxname:292729,https://airtable.com/tblLqtIyuwA7rbEC3/recKzvIuveSouNms5?blocks=bli5ItEhTDGAFc32p,Animalia,,,Echinodermata,Asterozoa,,,Asteroidea,Ambuloasteroidea,Neoasteroidea,,Valvatacea,Valvatida,,,,,,,,Solasteridae,,,,,Solaster,,Solaster stimpsoni,,Solaster,"SOLS,sols,sols,sols,sols",recKzvIuveSouNms5,"Solaster_stimpsoni_18720_B1456_d03234.JPG (https://v5.airtableusercontent.com/v3/u/33/33/1727985600000/lqGM_i8ICPMgNdWxSQE1CA/N8lz2TIGcnG0WDHotjrfkJxwQKf_-dgbCzXXVScoj7XXcPAsLdINUQh6kC_XhxKRb7J-iA4rKKsl0oFmEygsflzYFAgifpsR-DFPcyz9bsH7n_prFly6CFaMS7yZvFgrjKV2Fa2EFDa2l3RRYfOyYzpgn5JHqmgQ9Mk9D4Pern_ZT7uMVuh1TXN-t_InaK_m/n0PGZXO3GzFqeuxIOjFZ6ZbCfNhO4TJF9vwtwcJoNfE),Solaster_stimpsoni_18812_B3198_d07449.JPG (https://v5.airtableusercontent.com/v3/u/33/33/1727985600000/H45YsqbGbDeqZaG75g6nBQ/pIuEJ0Tdmytgbn5BKmkutIGU8rZXQxpHNoZXMI-OuxCfyP2KNRIkR8g2WGk3mJK0yRU92BDGJqjQum8pGc9894reQ7F83Jn_kZdbpGktv5miDmedkbblM9f2i5wnNL-WCc7bA2xMOMRoGThHapK8KWvR-c2t_3b7DL58UPh8QRJTdi8b2BrL8ONvG6HUicrn/FVkIgrdTh18AS0JFsUrS7MFuSCNUq0NOgT1-JcEkxP4),Solaster_stimpsoni_18719_B1455_d03238.JPG (https://v5.airtableusercontent.com/v3/u/33/33/1727985600000/UiyyEIAcf9Xs872O74kHjQ/X7K3YtjDusz87SIK90h9P5f9-Wa04SHayQeTJfxmunIuPehuLPWJvHigMJlqzLTkf_q-Fk8CLDiRngnHJQgYX7iWguKhNCA688WB9tNz5WCayrWzzz-UJcJCqsZc9k4N3WnkOxvaXFxOV503yFDsmzERQiVZ6RPQX2dfikFeQMRD4N-ZtpZ3UkStlSzvTcLU/Z84PfA97nXY7K3VvhoFYoCKmvNlWKBQEv5N6gikK6Os)",,
Ophiuroidea,CLASS,ACCEPTED,Brittle stars,123084,http://www.marinespecies.org/aphia.php?p=taxdetails&id=123084,https://www.marinespecies.org/rest/AphiaClassificationByAphiaID/123084,urn:lsid:marinespecies.org:taxname:123084,https://airtable.com/tblLqtIyuwA7rbEC3/rec4XQgyKdhYbHuhh?blocks=bli5ItEhTDGAFc32p,Animalia,,,Echinodermata,Asterozoa,,,Ophiuroidea,,,,,,,,,,,,,,,,,,,,,,Asterozoa,"OPHI,OPHI,ophi",rec4XQgyKdhYbHuhh,,,
Crinozoa,SUBPHYLUM,ACCEPTED,,147423,http://www.marinespecies.org/aphia.php?p=taxdetails&id=147423,https://www.marinespecies.org/rest/AphiaClassificationByAphiaID/147423,urn:lsid:marinespecies.org:taxname:147423,https://airtable.com/tblLqtIyuwA7rbEC3/recrC2chQqORSOozJ?blocks=bli5ItEhTDGAFc32p,Animalia,,,Echinodermata,Crinozoa,,,,,,,,,,,,,,,,,,,,,,,,,Echinodermata,,recrC2chQqORSOozJ,,,
Crinoidea,CLASS,ACCEPTED,Crinoids,123081,http://www.marinespecies.org/aphia.php?p=taxdetails&id=123081,https://www.marinespecies.org/rest/AphiaClassificationByAphiaID/123081,urn:lsid:marinespecies.org:taxname:123081,https://airtable.com/tblLqtIyuwA7rbEC3/recq26pLQHxSqg1G6?blocks=bli5ItEhTDGAFc32p,Animalia,,,Echinodermata,Crinozoa,,,Crinoidea,,,,,,,,,,,,,,,,,,,,,,Crinozoa,,recq26pLQHxSqg1G6,,,
Articulata,SUBCLASS,ACCEPTED,,183494,http://www.marinespecies.org/aphia.php?p=taxdetails&id=183494,https://www.marinespecies.org/rest/AphiaClassificationByAphiaID/183494,urn:lsid:marinespecies.org:taxname:183494,https://airtable.com/tblLqtIyuwA7rbEC3/recYkyM7u6oqjgwJP?blocks=bli5ItEhTDGAFc32p,Animalia,,,Echinodermata,Crinozoa,,,Crinoidea,Articulata,,,,,,,,,,,,,,,,,,,,,Crinoidea,,recYkyM7u6oqjgwJP,,,
Comatulida,ORDER,ACCEPTED,,123093,http://www.marinespecies.org/aphia.php?p=taxdetails&id=123093,https://www.marinespecies.org/rest/AphiaClassificationByAphiaID/123093,urn:lsid:marinespecies.org:taxname:123093,https://airtable.com/tblLqtIyuwA7rbEC3/recVf61akajaryVy0?blocks=bli5ItEhTDGAFc32p,Animalia,,,Echinodermata,Crinozoa,,,Crinoidea,Articulata,,,,Comatulida,,,,,,,,,,,,,,,,,Articulata,,recVf61akajaryVy0,,,
Antedonoidea,SUPERFAMILY,ACCEPTED,,709095,http://www.marinespecies.org/aphia.php?p=taxdetails&id=709095,https://www.marinespecies.org/rest/AphiaClassificationByAphiaID/709095,urn:lsid:marinespecies.org:taxname:709095,https://airtable.com/tblLqtIyuwA7rbEC3/recwZzt9vyuFY0WRN?blocks=bli5ItEhTDGAFc32p,Animalia,,,Echinodermata,Crinozoa,,,Crinoidea,Articulata,,,,Comatulida,,,,,,Antedonoidea,,,,,,,,,,,Comatulida,,recwZzt9vyuFY0WRN,,,
Antedonidae,FAMILY,ACCEPTED,,123148,http://www.marinespecies.org/aphia.php?p=taxdetails&id=123148,https://www.marinespecies.org/rest/AphiaClassificationByAphiaID/123148,urn:lsid:marinespecies.org:taxname:123148,https://airtable.com/tblLqtIyuwA7rbEC3/recjYEh89jXdostyF?blocks=bli5ItEhTDGAFc32p,Animalia,,,Echinodermata,Crinozoa,,,Crinoidea,Articulata,,,,Comatulida,,,,,,Antedonoidea,,Antedonidae,,,,,,,,,Antedonoidea,,recjYEh89jXdostyF,,,
Heliometrinae,SUBFAMILY,ACCEPTED,,340801,http://www.marinespecies.org/aphia.php?p=taxdetails&id=340801,https://www.marinespecies.org/rest/AphiaClassificationByAphiaID/340801,urn:lsid:marinespecies.org:taxname:340801,https://airtable.com/tblLqtIyuwA7rbEC3/recJPnqIrOnMiUQG8?blocks=bli5ItEhTDGAFc32p,Animalia,,,Echinodermata,Crinozoa,,,Crinoidea,Articulata,,,,Comatulida,,,,,,Antedonoidea,,Antedonidae,Heliometrinae,,,,,,,,Antedonidae,,recJPnqIrOnMiUQG8,,,
Florometra,GENUS,ACCEPTED,,173810,http://www.marinespecies.org/aphia.php?p=taxdetails&id=173810,https://www.marinespecies.org/rest/AphiaClassificationByAphiaID/173810,urn:lsid:marinespecies.org:taxname:173810,https://airtable.com/tblLqtIyuwA7rbEC3/recMXxPnwC2cnnuZI?blocks=bli5ItEhTDGAFc32p,Animalia,,,Echinodermata,Crinozoa,,,Crinoidea,Articulata,,,,Comatulida,,,,,,Antedonoidea,,Antedonidae,Heliometrinae,,,,Florometra,,,,Heliometrinae,,recMXxPnwC2cnnuZI,,,
Florometra serratissima,SPECIES,ACCEPTED,Feather star,714272,http://www.marinespecies.org/aphia.php?p=taxdetails&id=714272,https://www.marinespecies.org/rest/AphiaClassificationByAphiaID/714272,urn:lsid:marinespecies.org:taxname:714272,https://airtable.com/tblLqtIyuwA7rbEC3/recAwFkw5SynQTAcw?blocks=bli5ItEhTDGAFc32p,Animalia,,,Echinodermata,Crinozoa,,,Crinoidea,Articulata,,,,Comatulida,,,,,,Antedonoidea,,Antedonidae,Heliometrinae,,,,Florometra,,Florometra serratissima,,Florometra,"FLOS,flos,flos",recAwFkw5SynQTAcw,"Florometra_serratissima_18750_B1964_d04198.JPG (https://v5.airtableusercontent.com/v3/u/33/33/1727985600000/AzeblukLz7dzmWXquHs-tw/kqTKN5sWkw88FI7g7yHu5oeu6jdzh9hEvDC7QxVpcDLEFrzjN8mGyJvkcwIe1hiwd0icAQcLWChgWdTasLevz4irIrKjbNf244U37tJgOEtdglec4f4uMnLSv5xs7vrnvx-3SNNQ1ZcBR0t7Xp99MeVH14gXMpSlYdvVnMp05pobtfpV95bttPg1B6hDVWHM/EUnrxBhAXk-9KGVZLAgfZw2uvJnQcttvaf_asTUY7kY),Florometra_serratissima_18777_B2595_d05665.JPG (https://v5.airtableusercontent.com/v3/u/33/33/1727985600000/Q5PwutxB02xt5e2QpgF3ig/KpN85dmCHAOZRI90Uhy_igKITrbJ3rEN7vCQvy59eYaGfRZh1FUzzaz_20zITDHGopYDg_5IT5GuNvAMcfYwXoPASPEKs_bUl5pZxxxrYNR8eIm0m_mU4f_J9TODh2HryJHhWAQt7xWosjojjWStQruW-lJJkwwAZ35bAhW88v9h76qFtppMQIFcZJpILq3S/DuLmbWZFPi-ezNDeZwgnOBkuO47BK1iMbWx3fmPDjn8),Florometra_serratissima_18813_B3199_d07456.JPG (https://v5.airtableusercontent.com/v3/u/33/33/1727985600000/H4gs6We4L9l_8xkLlkGVLg/DoIJuoXJ1VYV5B24D5RlR3qg3WieYY4xqpHqVSiYxRAaSq04ZW0d5PmmiFM_cGoyalvfZfjPJcQHLEvmEP7H2zKIoUUy6ppRNCQzf75Qh5JJMiDdtfs_wecj65Qq2x8MFtXzDAnBAbxTNdGg4xo7rJZlLGOrL6aPl24ctWe9-jYN9Ry8UKTJK6PAw3cSdcDF/OEUCDK7aZmzJ1bMF4LYSDPGUCMp3ZeYcQaz9e_N8kBg)",,
Echinozoa,SUBPHYLUM,ACCEPTED,,148744,http://www.marinespecies.org/aphia.php?p=taxdetails&id=148744,https://www.marinespecies.org/rest/AphiaClassificationByAphiaID/148744,urn:lsid:marinespecies.org:taxname:148744,https://airtable.com/tblLqtIyuwA7rbEC3/reclcxA7AUlLPVKCN?blocks=bli5ItEhTDGAFc32p,Animalia,,,Echinodermata,Echinozoa,,,,,,,,,,,,,,,,,,,,,,,,,Echinodermata,,reclcxA7AUlLPVKCN,,,
Echinoidea,CLASS,ACCEPTED,Sea urchin,123082,http://www.marinespecies.org/aphia.php?p=taxdetails&id=123082,https://www.marinespecies.org/rest/AphiaClassificationByAphiaID/123082,urn:lsid:marinespecies.org:taxname:123082,https://airtable.com/tblLqtIyuwA7rbEC3/recQ68tvbVR6SjsgQ?blocks=bli5ItEhTDGAFc32p,Animalia,,,Echinodermata,Echinozoa,,,Echinoidea,,,,,,,,,,,,,,,,,,,,,,Echinozoa,URCH,recQ68tvbVR6SjsgQ,,,
Euechinoidea,SUBCLASS,ACCEPTED,,149854,http://www.marinespecies.org/aphia.php?p=taxdetails&id=149854,https://www.marinespecies.org/rest/AphiaClassificationByAphiaID/149854,urn:lsid:marinespecies.org:taxname:149854,https://airtable.com/tblLqtIyuwA7rbEC3/recKILMFfdoMyCKei?blocks=bli5ItEhTDGAFc32p,Animalia,,,Echinodermata,Echinozoa,,,Echinoidea,Euechinoidea,,,,,,,,,,,,,,,,,,,,,Echinoidea,,recKILMFfdoMyCKei,,,
Carinacea,INFRACLASS,ACCEPTED,,510517,http://www.marinespecies.org/aphia.php?p=taxdetails&id=510517,https://www.marinespecies.org/rest/AphiaClassificationByAphiaID/510517,urn:lsid:marinespecies.org:taxname:510517,https://airtable.com/tblLqtIyuwA7rbEC3/recEQfpGL8nBctlWF?blocks=bli5ItEhTDGAFc32p,Animalia,,,Echinodermata,Echinozoa,,,Echinoidea,Euechinoidea,Carinacea,,,,,,,,,,,,,,,,,,,,Euechinoidea,,recEQfpGL8nBctlWF,,,
Echinacea,SUPERORDER,ACCEPTED,,149855,http://www.marinespecies.org/aphia.php?p=taxdetails&id=149855,https://www.marinespecies.org/rest/AphiaClassificationByAphiaID/149855,urn:lsid:marinespecies.org:taxname:149855,https://airtable.com/tblLqtIyuwA7rbEC3/recpW2wER9c09NvJA?blocks=bli5ItEhTDGAFc32p,Animalia,,,Echinodermata,Echinozoa,,,Echinoidea,Euechinoidea,Carinacea,,Echinacea,,,,,,,,,,,,,,,,,,Carinacea,,recpW2wER9c09NvJA,,,
Camarodonta,ORDER,ACCEPTED,,510518,http://www.marinespecies.org/aphia.php?p=taxdetails&id=510518,https://www.marinespecies.org/rest/AphiaClassificationByAphiaID/510518,urn:lsid:marinespecies.org:taxname:510518,https://airtable.com/tblLqtIyuwA7rbEC3/recpcHvltVpNAQez1?blocks=bli5ItEhTDGAFc32p,Animalia,,,Echinodermata,Echinozoa,,,Echinoidea,Euechinoidea,Carinacea,,Echinacea,Camarodonta,,,,,,,,,,,,,,,,,Echinacea,,recpcHvltVpNAQez1,,,
Echinidea,INFRAORDER,ACCEPTED,,510534,http://www.marinespecies.org/aphia.php?p=taxdetails&id=510534,https://www.marinespecies.org/rest/AphiaClassificationByAphiaID/510534,urn:lsid:marinespecies.org:taxname:510534,https://airtable.com/tblLqtIyuwA7rbEC3/recp05a9oaBXfGCzq?blocks=bli5ItEhTDGAFc32p,Animalia,,,Echinodermata,Echinozoa,,,Echinoidea,Euechinoidea,Carinacea,,Echinacea,Camarodonta,,Echinidea,,,,,,,,,,,,,,,Camarodonta,,recp05a9oaBXfGCzq,,,
Odontophora,SUPERFAMILY,ACCEPTED,,510604,http://www.marinespecies.org/aphia.php?p=taxdetails&id=510604,https://www.marinespecies.org/rest/AphiaClassificationByAphiaID/510604,urn:lsid:marinespecies.org:taxname:510604,https://airtable.com/tblLqtIyuwA7rbEC3/reccmBb4KPiW4FaZt?blocks=bli5ItEhTDGAFc32p,Animalia,,,Echinodermata,Echinozoa,,,Echinoidea,Euechinoidea,Carinacea,,Echinacea,Camarodonta,,Echinidea,,,,Odontophora,,,,,,,,,,,Echinidea,,reccmBb4KPiW4FaZt,,,
Strongylocentrotidae,FAMILY,ACCEPTED,,123161,http://www.marinespecies.org/aphia.php?p=taxdetails&id=123161,https://www.marinespecies.org/rest/AphiaClassificationByAphiaID/123161,urn:lsid:marinespecies.org:taxname:123161,https://airtable.com/tblLqtIyuwA7rbEC3/recv6C7v4MfZb1u9I?blocks=bli5ItEhTDGAFc32p,Animalia,,,Echinodermata,Echinozoa,,,Echinoidea,Euechinoidea,Carinacea,,Echinacea,Camarodonta,,Echinidea,,,,Odontophora,,Strongylocentrotidae,,,,,,,,,Odontophora,,recv6C7v4MfZb1u9I,,,
Mesocentrotus,GENUS,ACCEPTED,,591101,http://www.marinespecies.org/aphia.php?p=taxdetails&id=591101,https://www.marinespecies.org/rest/AphiaClassificationByAphiaID/591101,urn:lsid:marinespecies.org:taxname:591101,https://airtable.com/tblLqtIyuwA7rbEC3/rec6G6RYZztlKfVZ0?blocks=bli5ItEhTDGAFc32p,Animalia,,,Echinodermata,Echinozoa,,,Echinoidea,Euechinoidea,Carinacea,,Echinacea,Camarodonta,,Echinidea,,,,Odontophora,,Strongylocentrotidae,,,,,Mesocentrotus,,,,Strongylocentrotidae,,rec6G6RYZztlKfVZ0,,,
Mesocentrotus franciscanus,SPECIES,ACCEPTED,Red urchin,591102,http://www.marinespecies.org/aphia.php?p=taxdetails&id=591102,https://www.marinespecies.org/rest/AphiaClassificationByAphiaID/591102,urn:lsid:marinespecies.org:taxname:591102,https://airtable.com/tblLqtIyuwA7rbEC3/recUOjATHbP31g2aW?blocks=bli5ItEhTDGAFc32p,Animalia,,,Echinodermata,Echinozoa,,,Echinoidea,Euechinoidea,Carinacea,,Echinacea,Camarodonta,,Echinidea,,,,Odontophora,,Strongylocentrotidae,,,,,Mesocentrotus,,Mesocentrotus franciscanus,,Mesocentrotus,"MEFR,RUR,rur,rur",recUOjATHbP31g2aW,"Mesocentrotus_franciscanus_18685_B0766_d01851.JPG (https://v5.airtableusercontent.com/v3/u/33/33/1727985600000/IuzugmBxIc3NKHEl5SIJCQ/0pkI1Hiq4oQ7Opmle4E27T9fGXbLF8naXlnUEHPfVTGRMCsMR2t0EsyUVR7_B4GoIl-18RVWRsVcl3X7crRS8ZNv3vVG5SKzh5-QyuZzZDdr56AEZIajejyr9sOJfzEFDHzYdfRSjoakgClBnWqHIsDQuwHyIexw5IOLXXQ_4auNBBI5Z87JlHQ6w-dRJB7s/ho4JIHQoIJZngb_0Rezs_EWKCJX9GGIZcXFo5qWHolc),Mesocentrotus_franciscanus_18684_B0765_d01853.JPG (https://v5.airtableusercontent.com/v3/u/33/33/1727985600000/PixY0yvLUCR6WgvGplp10Q/mP_QOz9gPylCsGLT18p2PhJEtSWQ1pFCYQ0Wkaq7DPyj5hw0AdqOn4aLVthSlR2-mIx75Dmf4YbhqLeEGvfxjPO6BCVUaXOUCToCHj_v7Nd_co6yS0r-e_r8H9tQ73vxWubbNkcIMRC8LzKPzuONvwoBG2bs2FxQI3buewx9nBwfT6XddybEA99KbX5o2rM_/u3IfaNdYhp0nSiu8ys924ynJOhD_BAlqkqVrtrtDZdw)",,
Strongylocentrotus,GENUS,ACCEPTED,Strongylocentrotus sea urchin,123390,http://www.marinespecies.org/aphia.php?p=taxdetails&id=123390,https://www.marinespecies.org/rest/AphiaClassificationByAphiaID/123390,urn:lsid:marinespecies.org:taxname:123390,https://airtable.com/tblLqtIyuwA7rbEC3/rec1DunJ02H22b7BR?blocks=bli5ItEhTDGAFc32p,Animalia,,,Echinodermata,Echinozoa,,,Echinoidea,Euechinoidea,Carinacea,,Echinacea,Camarodonta,,Echinidea,,,,Odontophora,,Strongylocentrotidae,,,,,Strongylocentrotus,,,,Strongylocentrotidae,STRO,rec1DunJ02H22b7BR,,,
Strongylocentrotus droebachiensis,SPECIES,ACCEPTED,Green urchin,124321,http://www.marinespecies.org/aphia.php?p=taxdetails&id=124321,https://www.marinespecies.org/rest/AphiaClassificationByAphiaID/124321,urn:lsid:marinespecies.org:taxname:124321,https://airtable.com/tblLqtIyuwA7rbEC3/recJmcYg2eVXSuvSG?blocks=bli5ItEhTDGAFc32p,Animalia,,,Echinodermata,Echinozoa,,,Echinoidea,Euechinoidea,Carinacea,,Echinacea,Camarodonta,,Echinidea,,,,Odontophora,,Strongylocentrotidae,,,,,Strongylocentrotus,,Strongylocentrotus droebachiensis,,Strongylocentrotus,"GUR,GUR,STDR,gur,gur",recJmcYg2eVXSuvSG,"Strongylocentrotus_droebachiensis_18691_B0982_d02089.JPG (https://v5.airtableusercontent.com/v3/u/33/33/1727985600000/puC414x2qUqSfwIHo5FHog/MY8iXSZKVMBlsTc-QGs2AtqRqG6Z8bGXavtuVr7L0qgLffUbuvjVvafl6Cunbcw38QWCFhnlxTLiE9lYKrXgbmspHZ0AcHXPEgMFBXP3VCyY-oXtgBp4ZonG650BZGKrggu9RvxvMNjrGFFVq_X_x_mN_Mw1oYeDAnmJvA33zo--Vm1Nf_oS8IKGrw4XOfKv3_R31P8eVChtWr7oppxhIw/a4auWgpeDA9wfVvMuYrCQaXLutSPKchqM2sKxK8lPbw),Strongylocentrotus_droebachiensis_18692_B0983_d02085.JPG (https://v5.airtableusercontent.com/v3/u/33/33/1727985600000/DZkhRTekwFnrAdN-FLowyQ/YM31KX6kQkYqK3uREW6iXhtYXxY1NKjCuHbCALv08t4y5NypJN-o8wOjJzFC5UGjtA2AeNO8WlKDwEKqZLSAe_tgIglK5qmKQDW2iojJIrdcDO2NrnREhAzcQ8GHvFCNLAws3l0lZKKSv119wS8YYbUUxs3VTORYo5rDgTQ8kzfV7Y_pqhTYQcubyWV-DTzZzBom-5bmqyrHCGEM5unkyA/G5LFmLk08T9oIxtL90YKPHcay07EPjTwn2s8zbAHxgQ),Strongylocentrotus_droebachiensis_18808_B3192_d07430.JPG (https://v5.airtableusercontent.com/v3/u/33/33/1727985600000/-yri_Sh4mf4IAvBKzxs4CQ/vGBd5sWNFJpV_ziDkyygUkAKKEc0Ghn8bpt5j1yLjGgkB3rXpfEvL6nidw8mlvfM4MfD5DU1r9Uttn09rFLkSrPaLwrgmGQxrA3YlXLDp-1KJDBKRyyMV5kK33fPbpRUs8eCkQkWpWGRJsbvoj9LBVVXI_0I1tjF4MxAiYxeAp3t9uiCoeNnJKh-E2Ty36O544fx0nHN1liSLRLQxpZGbQ/LQWeatZcTk0-vVBNlzhSQVZ8RfO6xKPqkDnRlRYSS7A)",,
Strongylocentrotus pallidus,SPECIES,ACCEPTED,White Urchin,124324,http://www.marinespecies.org/aphia.php?p=taxdetails&id=124324,https://www.marinespecies.org/rest/AphiaClassificationByAphiaID/124324,urn:lsid:marinespecies.org:taxname:124324,https://airtable.com/tblLqtIyuwA7rbEC3/recxDpLHYbk34eOVX?blocks=bli5ItEhTDGAFc32p,Animalia,,,Echinodermata,Echinozoa,,,Echinoidea,Euechinoidea,Carinacea,,Echinacea,Camarodonta,,Echinidea,,,,Odontophora,,Strongylocentrotidae,,,,,Strongylocentrotus,,Strongylocentrotus pallidus,,Strongylocentrotus,"WUR,STPA",recxDpLHYbk34eOVX,,,
Strongylocentrotus purpuratus,SPECIES,ACCEPTED,Purple urchin,240747,http://www.marinespecies.org/aphia.php?p=taxdetails&id=240747,https://www.marinespecies.org/rest/AphiaClassificationByAphiaID/240747,urn:lsid:marinespecies.org:taxname:240747,https://airtable.com/tblLqtIyuwA7rbEC3/recq8VpTPsyEai2yQ?blocks=bli5ItEhTDGAFc32p,Animalia,,,Echinodermata,Echinozoa,,,Echinoidea,Euechinoidea,Carinacea,,Echinacea,Camarodonta,,Echinidea,,,,Odontophora,,Strongylocentrotidae,,,,,Strongylocentrotus,,Strongylocentrotus purpuratus,,Strongylocentrotus,"PUR,STPU,pur,pur",recq8VpTPsyEai2yQ,Strongylocentrotus_purpuratus_18694_B0996_d02236.JPG (https://v5.airtableusercontent.com/v3/u/33/33/1727985600000/1YMIi7XA-fTiP3NB_1AbNA/o7HhL62bJpt30Ko_xLlpWLYCUN8C-Ajsm7QXs0dIdPBkVWpRM1WEvtTgacXy2h4gRFwHgqHYlOOCLstU7DSzCo9eINCV3vQZD_xE905Tm_9xKHxFnTjc3RD4Gia433zVGDplANBnDGvb5OOeR0CJ5KZ-ojRSVF5hagTPz_IYGo-Kh7t0kpaCZINUyfE9zG7A/Xt9DRnkRLzpR6SNweNhTo00uuo2PNy2ye28c8cD0_HM),,STRPUR
Holothuroidea,CLASS,ACCEPTED,sea cucumber,123083,http://www.marinespecies.org/aphia.php?p=taxdetails&id=123083,https://www.marinespecies.org/rest/AphiaClassificationByAphiaID/123083,urn:lsid:marinespecies.org:taxname:123083,https://airtable.com/tblLqtIyuwA7rbEC3/recpteREy43hcMtJ3?blocks=bli5ItEhTDGAFc32p,Animalia,,,Echinodermata,Echinozoa,,,Holothuroidea,,,,,,,,,,,,,,,,,,,,,,Echinozoa,"HOLO,HOLO,HOLO,WCUC",recpteREy43hcMtJ3,,,
Actinopoda,SUBCLASS,ACCEPTED,,1393249,http://www.marinespecies.org/aphia.php?p=taxdetails&id=1393249,https://www.marinespecies.org/rest/AphiaClassificationByAphiaID/1393249,urn:lsid:marinespecies.org:taxname:1393249,https://airtable.com/tblLqtIyuwA7rbEC3/recBFxsJAnq1YJVGt?blocks=bli5ItEhTDGAFc32p,Animalia,,,Echinodermata,Echinozoa,,,Holothuroidea,Actinopoda,,,,,,,,,,,,,,,,,,,,,Holothuroidea,,recBFxsJAnq1YJVGt,,,
Dendrochirotida,ORDER,ACCEPTED,,123111,http://www.marinespecies.org/aphia.php?p=taxdetails&id=123111,https://www.marinespecies.org/rest/AphiaClassificationByAphiaID/123111,urn:lsid:marinespecies.org:taxname:123111,https://airtable.com/tblLqtIyuwA7rbEC3/recOHMIF6qQJy1voc?blocks=bli5ItEhTDGAFc32p,Animalia,,,Echinodermata,Echinozoa,,,Holothuroidea,Actinopoda,,,,Dendrochirotida,,,,,,,,,,,,,,,,,Actinopoda,,recOHMIF6qQJy1voc,,,
Cucumariidae,FAMILY,ACCEPTED,,123187,http://www.marinespecies.org/aphia.php?p=taxdetails&id=123187,https://www.marinespecies.org/rest/AphiaClassificationByAphiaID/123187,urn:lsid:marinespecies.org:taxname:123187,https://airtable.com/tblLqtIyuwA7rbEC3/recdD73H8aePqOjfm?blocks=bli5ItEhTDGAFc32p,Animalia,,,Echinodermata,Echinozoa,,,Holothuroidea,Actinopoda,,,,Dendrochirotida,,,,,,,,Cucumariidae,,,,,,,,,Dendrochirotida,,recdD73H8aePqOjfm,,,
Cucumaria,GENUS,ACCEPTED,Cucumaria sea cucumber,123479,http://www.marinespecies.org/aphia.php?p=taxdetails&id=123479,https://www.marinespecies.org/rest/AphiaClassificationByAphiaID/123479,urn:lsid:marinespecies.org:taxname:123479,https://airtable.com/tblLqtIyuwA7rbEC3/recFEjNXUukN6NLeu?blocks=bli5ItEhTDGAFc32p,Animalia,,,Echinodermata,Echinozoa,,,Holothuroidea,Actinopoda,,,,Dendrochirotida,,,,,,,,Cucumariidae,,,,,Cucumaria,,,,Cucumariidae,CUCU,recFEjNXUukN6NLeu,,,
Cucumaria miniata,SPECIES,ACCEPTED,"Red Sea Cucumber, Burrowing Cucumber",225807,http://www.marinespecies.org/aphia.php?p=taxdetails&id=225807,https://www.marinespecies.org/rest/AphiaClassificationByAphiaID/225807,urn:lsid:marinespecies.org:taxname:225807,https://airtable.com/tblLqtIyuwA7rbEC3/reccEQRP5Zqy8bQ9G?blocks=bli5ItEhTDGAFc32p,Animalia,,,Echinodermata,Echinozoa,,,Holothuroidea,Actinopoda,,,,Dendrochirotida,,,,,,,,Cucumariidae,,,,,Cucumaria,,Cucumaria miniata,,Cucumaria,"cucm,CUMI",reccEQRP5Zqy8bQ9G,"Cucumaria_miniata_18681_B0595_d01661.JPG (https://v5.airtableusercontent.com/v3/u/33/33/1727985600000/K0QVOH_S4SBmIIgEihiCdg/5Tl3OuwAIQfvoyjXpEC6iX64DmVyUweS1y7iGrx4zHzJYFXkl9lTo0NiQ3gmK1dqwo9uTPIRAf2_aShvh5vLyzJdxfhZrxtaARqeHIwgE0QLk6mK95ZgTd1pHa3cLg6VUQiwYDfo_HuvZeFQi4lqv3k7jDryhrENagxsP3c5j2qBCgPf-dCqQljoZ0gz95Zg/C-8GovDnAcqWlyMytvqnr7LF7jNpB6zhafbif8fDtwg),Cucumaria_miniata_18687_B0862_d01962.JPG (https://v5.airtableusercontent.com/v3/u/33/33/1727985600000/GZrEMqg7x_8zAXqqbKmejQ/HyBzJ_8YRZ0UalMm95Xw0wCL1Z9asky8RD05-DZHvoNg3mjG9pgyl0RxnBXpNtvIdBuJdPFS4ZzZk4ZoHwxHGNggl7zLmcp4lRMZivL4DArIWE2dEpgGCSz0fdOowQAHJnYaJlsbcu6aZrZtE6KfnMzeF-2ks_6ysoMd7C6YijWzWCgV-cCQPTYIWmvihcFl/nA5Y4eL1eh6aQ1trsRP9KMAItdU1zK1KX7EDYOTmHzs)",,
Cucumaria pseudocurata,SPECIES,ACCEPTED,Tar spot sea cucumber,528844,http://www.marinespecies.org/aphia.php?p=taxdetails&id=528844,https://www.marinespecies.org/rest/AphiaClassificationByAphiaID/528844,urn:lsid:marinespecies.org:taxname:528844,https://airtable.com/tblLqtIyuwA7rbEC3/recszHKkGAxytrHv7?blocks=bli5ItEhTDGAFc32p,Animalia,,,Echinodermata,Echinozoa,,,Holothuroidea,Actinopoda,,,,Dendrochirotida,,,,,,,,Cucumariidae,,,,,Cucumaria,,Cucumaria pseudocurata,,Cucumaria,CUPS,recszHKkGAxytrHv7,,,
Pseudocnus,GENUS,ACCEPTED,Pseudocnus sea cucumber,123490,http://www.marinespecies.org/aphia.php?p=taxdetails&id=123490,https://www.marinespecies.org/rest/AphiaClassificationByAphiaID/123490,urn:lsid:marinespecies.org:taxname:123490,https://airtable.com/tblLqtIyuwA7rbEC3/recr2QvsqX3HxxRLg?blocks=bli5ItEhTDGAFc32p,Animalia,,,Echinodermata,Echinozoa,,,Holothuroidea,Actinopoda,,,,Dendrochirotida,,,,,,,,Cucumariidae,,,,,Pseudocnus,,,,Cucumariidae,PSEU,recr2QvsqX3HxxRLg,,,
Pseudocnus curatus,SPECIES,ACCEPTED,,529629,http://www.marinespecies.org/aphia.php?p=taxdetails&id=529629,https://www.marinespecies.org/rest/AphiaClassificationByAphiaID/529629,urn:lsid:marinespecies.org:taxname:529629,https://airtable.com/tblLqtIyuwA7rbEC3/recatbzCWO4wMX36S?blocks=bli5ItEhTDGAFc32p,Animalia,,,Echinodermata,Echinozoa,,,Holothuroidea,Actinopoda,,,,Dendrochirotida,,,,,,,,Cucumariidae,,,,,Pseudocnus,,Pseudocnus curatus,,Pseudocnus,PSCU,recatbzCWO4wMX36S,"Pseudocnus_curatus_18647_B0071_d00028.JPG (https://v5.airtableusercontent.com/v3/u/33/33/1727985600000/v0JYTjyJMr0rvEmP0vI1Pw/-RKhxyIoWTWC_3LJBmpdtMT2dI39PBL2i4bvfkE4yIUa4FQJg61wxxANL1USOCe-NDVCj-N6Q_gJ2uzDm-sSwYy0odKvJpDvh7d9j9d2loN5MgiuKvYsKXDYySzZAWzKs4yyAJY3cLhDQYKK8m53q2wrDog47_tZH8utKSt6pS3F01w0cqdWFZwl3MO6xz1H/sgGcIq9ysvk0uLSlSR2EBlTImTfgOmOdSrgMYJcCpHQ),Pseudocnus_curatus_18647_B0071_d00030.JPG (https://v5.airtableusercontent.com/v3/u/33/33/1727985600000/d_63Y0ToIzJSBwzCrtg4Yw/vPMOYbK7JXj5bOMzWQt3M2Pxve3rj3G_JMrh75rJy0-Rj2VI54KKec-6P6Y4l_P_36deMu--u2lej4FlTQreSwABvEHXyxONbEaroZ8F8O3HN5X7Al3hHpsnnT0aJPWgM-tmVk253bee3UGVgv4yAaz1xDP_9hXZ3RLaAwerK45TjXURYeZXLhFPawn0MM5l/7eN4mWR5dW4ZEr6ZX69D6MnhJdmYlnnU3XBM_Kl_ePM),Pseudocnus_curatus_18647_B0071_d00051.JPG (https://v5.airtableusercontent.com/v3/u/33/33/1727985600000/npYAhBxmiWN70bAR7PIfNw/WNb1ViHDSeN9VpbL9CbO0UVCNefDsVvf7EkAJYvdoAUKZvMYptbVo2nw0MBeRWdRN9eqMhfeyA6SjpibHevgf3RsdWF28Qmo-RdgenygT7E9uzZNtNSTugj3i4VhNoVPwp9wK2jBdKXH7NbIqgMPLjCosjJ96cZmeUZwq7ND7Tp9UDRnCiYuOeVSUOLmxPAB/-IYk4gz9K3sehWRfYlzLL08aEEPqwxQY5Y9-CgcgoHI)",,
Synallactida,ORDER,ACCEPTED,,1036229,http://www.marinespecies.org/aphia.php?p=taxdetails&id=1036229,https://www.marinespecies.org/rest/AphiaClassificationByAphiaID/1036229,urn:lsid:marinespecies.org:taxname:1036229,https://airtable.com/tblLqtIyuwA7rbEC3/rec5aal9lYa6OsRko?blocks=bli5ItEhTDGAFc32p,Animalia,,,Echinodermata,Echinozoa,,,Holothuroidea,Actinopoda,,,,Synallactida,,,,,,,,,,,,,,,,,Actinopoda,,rec5aal9lYa6OsRko,,,
Stichopodidae,FAMILY,ACCEPTED,,123184,http://www.marinespecies.org/aphia.php?p=taxdetails&id=123184,https://www.marinespecies.org/rest/AphiaClassificationByAphiaID/123184,urn:lsid:marinespecies.org:taxname:123184,https://airtable.com/tblLqtIyuwA7rbEC3/recj3ITuh8sM4sjoy?blocks=bli5ItEhTDGAFc32p,Animalia,,,Echinodermata,Echinozoa,,,Holothuroidea,Actinopoda,,,,Synallactida,,,,,,,,Stichopodidae,,,,,,,,,Synallactida,,recj3ITuh8sM4sjoy,,,
Apostichopus,GENUS,ACCEPTED,,241373,http://www.marinespecies.org/aphia.php?p=taxdetails&id=241373,https://www.marinespecies.org/rest/AphiaClassificationByAphiaID/241373,urn:lsid:marinespecies.org:taxname:241373,https://airtable.com/tblLqtIyuwA7rbEC3/recaepbC74UPKTv1d?blocks=bli5ItEhTDGAFc32p,Animalia,,,Echinodermata,Echinozoa,,,Holothuroidea,Actinopoda,,,,Synallactida,,,,,,,,Stichopodidae,,,,,Apostichopus,,,,Stichopodidae,,recaepbC74UPKTv1d,,,
Apostichopus californicus,SPECIES,ACCEPTED,,529363,http://www.marinespecies.org/aphia.php?p=taxdetails&id=529363,https://www.marinespecies.org/rest/AphiaClassificationByAphiaID/529363,urn:lsid:marinespecies.org:taxname:529363,https://airtable.com/tblLqtIyuwA7rbEC3/recoEQRYw7KGaLOvp?blocks=bli5ItEhTDGAFc32p,Animalia,,,Echinodermata,Echinozoa,,,Holothuroidea,Actinopoda,,,,Synallactida,,,,,,,,Stichopodidae,,,,,Apostichopus,,Apostichopus californicus,,Apostichopus,,recoEQRYw7KGaLOvp,"Apostichopus_californicus_18795_B2968_d06606.JPG (https://v5.airtableusercontent.com/v3/u/33/33/1727985600000/NSPfiiMnAmwDXDsQeIaxUw/jMwPf4ElacQiUw6wV93rpeRqzX_49G6csoVsU4p9Z-DsGE2OWtvaxee5QbWrjszP2CF2G9b4hg1-gAmino69q8SWc4Q-8rK_DMcxtNdFU3UCgZNnkTOj4ZbNbmpHB2NcSUNjCX0uSgvocgpX1i7x712spQEBCVymL03dAeGvIaQLkKT9p5L_ksz5oMH4ZQrw/UkJ_nABaJ3aD-nT86J5LsKuse8lHyE49_Gv6IhmvvEk),Apostichopus_californicus_18802_B3130_d07178.JPG (https://v5.airtableusercontent.com/v3/u/33/33/1727985600000/OvoS_ayV7hBeejewuq0KwA/_aDX8iIVF9DsiK3cjLx-8N54Liu0q8K5xRDPNGl8ZcYyWH8JXiV4_R1SnwYxl6qh9lc3OLI3Crt7lD-SRROKb0Ab8-BtPEvxLlROxGFGQT2d8aBoFZ8abnOxQosZ1UJO-yKIx68kKFQU2HC5ExSBVemZkTAJkmi98mkXsCDLulAI386_7TJ6_XDgmn3HvJZY/-3s-1Hmjj1zG_dN0sbDf4cecrjCa3krvIhrpnS4J2po)",,
Parastichopus,GENUS,ACCEPTED,,123458,http://www.marinespecies.org/aphia.php?p=taxdetails&id=123458,https://www.marinespecies.org/rest/AphiaClassificationByAphiaID/123458,urn:lsid:marinespecies.org:taxname:123458,https://airtable.com/tblLqtIyuwA7rbEC3/recepqLfoPZVRRwDK?blocks=bli5ItEhTDGAFc32p,Animalia,,,Echinodermata,Echinozoa,,,Holothuroidea,Actinopoda,,,,Synallactida,,,,,,,,Stichopodidae,,,,,Parastichopus,,,,Stichopodidae,,recepqLfoPZVRRwDK,,,
Parastichopus californicus,SPECIES,UNACCEPTED,Giant Sea Cucumber,711954,http://www.marinespecies.org/aphia.php?p=taxdetails&id=711954,https://www.marinespecies.org/rest/AphiaClassificationByAphiaID/711954,urn:lsid:marinespecies.org:taxname:711954,https://airtable.com/tblLqtIyuwA7rbEC3/recvksa8f2KTkuwtR?blocks=bli5ItEhTDGAFc32p,Animalia,,,Echinodermata,Echinozoa,,,Holothuroidea,Actinopoda,,,,Synallactida,,,,,,,,Stichopodidae,,,,,Parastichopus,,Parastichopus californicus,,Parastichopus,"PARC,parc,parc,parc,APCA",recvksa8f2KTkuwtR,,,
Mollusca,PHYLUM,ACCEPTED,,51,http://www.marinespecies.org/aphia.php?p=taxdetails&id=51,https://www.marinespecies.org/rest/AphiaClassificationByAphiaID/51,urn:lsid:marinespecies.org:taxname:51,https://airtable.com/tblLqtIyuwA7rbEC3/recEPxNSap8ZE0ljV?blocks=bli5ItEhTDGAFc32p,Animalia,,,Mollusca,,,,,,,,,,,,,,,,,,,,,,,,,,Animalia,,recEPxNSap8ZE0ljV,,,
Bivalvia,CLASS,ACCEPTED,Clam,105,http://www.marinespecies.org/aphia.php?p=taxdetails&id=105,https://www.marinespecies.org/rest/AphiaClassificationByAphiaID/105,urn:lsid:marinespecies.org:taxname:105,https://airtable.com/tblLqtIyuwA7rbEC3/recXoQyZhx8pcQkSM?blocks=bli5ItEhTDGAFc32p,Animalia,,,Mollusca,,,,Bivalvia,,,,,,,,,,,,,,,,,,,,,,Mollusca,"UNCL,UNCL",recXoQyZhx8pcQkSM,,,
Autobranchia,SUBCLASS,ACCEPTED,,1424948,http://www.marinespecies.org/aphia.php?p=taxdetails&id=1424948,https://www.marinespecies.org/rest/AphiaClassificationByAphiaID/1424948,urn:lsid:marinespecies.org:taxname:1424948,https://airtable.com/tblLqtIyuwA7rbEC3/rec16QWrHYuXNsbon?blocks=bli5ItEhTDGAFc32p,Animalia,,,Mollusca,,,,Bivalvia,Autobranchia,,,,,,,,,,,,,,,,,,,,,Bivalvia,,rec16QWrHYuXNsbon,,,
Heteroconchia,INFRACLASS,ACCEPTED,,1424949,http://www.marinespecies.org/aphia.php?p=taxdetails&id=1424949,https://www.marinespecies.org/rest/AphiaClassificationByAphiaID/1424949,urn:lsid:marinespecies.org:taxname:1424949,https://airtable.com/tblLqtIyuwA7rbEC3/recC84vXWSc99RUYm?blocks=bli5ItEhTDGAFc32p,Animalia,,,Mollusca,,,,Bivalvia,Autobranchia,Heteroconchia,,,,,,,,,,,,,,,,,,,,Autobranchia,,recC84vXWSc99RUYm,,,
Euheterodonta,SUBTERCLASS,ACCEPTED,,382296,http://www.marinespecies.org/aphia.php?p=taxdetails&id=382296,https://www.marinespecies.org/rest/AphiaClassificationByAphiaID/382296,urn:lsid:marinespecies.org:taxname:382296,https://airtable.com/tblLqtIyuwA7rbEC3/recBLNRCxDG6KELma?blocks=bli5ItEhTDGAFc32p,Animalia,,,Mollusca,,,,Bivalvia,Autobranchia,Heteroconchia,Euheterodonta,,,,,,,,,,,,,,,,,,,Heteroconchia,,recBLNRCxDG6KELma,,,
Anomalodesmata,SUPERORDER,ACCEPTED,,254,http://www.marinespecies.org/aphia.php?p=taxdetails&id=254,https://www.marinespecies.org/rest/AphiaClassificationByAphiaID/254,urn:lsid:marinespecies.org:taxname:254,https://airtable.com/tblLqtIyuwA7rbEC3/reca8amNa7eyUR9mp?blocks=bli5ItEhTDGAFc32p,Animalia,,,Mollusca,,,,Bivalvia,Autobranchia,Heteroconchia,Euheterodonta,Anomalodesmata,,,,,,,,,,,,,,,,,,Euheterodonta,,reca8amNa7eyUR9mp,,,
Pandoroidea,SUPERFAMILY,ACCEPTED,,382316,http://www.marinespecies.org/aphia.php?p=taxdetails&id=382316,https://www.marinespecies.org/rest/AphiaClassificationByAphiaID/382316,urn:lsid:marinespecies.org:taxname:382316,https://airtable.com/tblLqtIyuwA7rbEC3/reck89HbxIrAXTAAB?blocks=bli5ItEhTDGAFc32p,Animalia,,,Mollusca,,,,Bivalvia,Autobranchia,Heteroconchia,Euheterodonta,Anomalodesmata,,,,,,,Pandoroidea,,,,,,,,,,,Anomalodesmata,,reck89HbxIrAXTAAB,,,
Lyonsiidae,FAMILY,ACCEPTED,,10527,http://www.marinespecies.org/aphia.php?p=taxdetails&id=10527,https://www.marinespecies.org/rest/AphiaClassificationByAphiaID/10527,urn:lsid:marinespecies.org:taxname:10527,https://airtable.com/tblLqtIyuwA7rbEC3/recw0IRFy7nLRfExC?blocks=bli5ItEhTDGAFc32p,Animalia,,,Mollusca,,,,Bivalvia,Autobranchia,Heteroconchia,Euheterodonta,Anomalodesmata,,,,,,,Pandoroidea,,Lyonsiidae,,,,,,,,,Pandoroidea,,recw0IRFy7nLRfExC,,,
Entodesma,GENUS,ACCEPTED,,415344,http://www.marinespecies.org/aphia.php?p=taxdetails&id=415344,https://www.marinespecies.org/rest/AphiaClassificationByAphiaID/415344,urn:lsid:marinespecies.org:taxname:415344,https://airtable.com/tblLqtIyuwA7rbEC3/recnUZ4MYX3eFhVk4?blocks=bli5ItEhTDGAFc32p,Animalia,,,Mollusca,,,,Bivalvia,Autobranchia,Heteroconchia,Euheterodonta,Anomalodesmata,,,,,,,Pandoroidea,,Lyonsiidae,,,,,Entodesma,,,,Lyonsiidae,,recnUZ4MYX3eFhVk4,,,
Entodesma navicula,SPECIES,ACCEPTED,Rock entodesma,506763,http://www.marinespecies.org/aphia.php?p=taxdetails&id=506763,https://www.marinespecies.org/rest/AphiaClassificationByAphiaID/506763,urn:lsid:marinespecies.org:taxname:506763,https://airtable.com/tblLqtIyuwA7rbEC3/recLHQmGjV1cSfh9j?blocks=bli5ItEhTDGAFc32p,Animalia,,,Mollusca,,,,Bivalvia,Autobranchia,Heteroconchia,Euheterodonta,Anomalodesmata,,,,,,,Pandoroidea,,Lyonsiidae,,,,,Entodesma,,Entodesma navicula,,Entodesma,ENNA,recLHQmGjV1cSfh9j,,,
Imparidentia,SUPERORDER,ACCEPTED,,869600,http://www.marinespecies.org/aphia.php?p=taxdetails&id=869600,https://www.marinespecies.org/rest/AphiaClassificationByAphiaID/869600,urn:lsid:marinespecies.org:taxname:869600,https://airtable.com/tblLqtIyuwA7rbEC3/recj2ABWXyWlG8GEg?blocks=bli5ItEhTDGAFc32p,Animalia,,,Mollusca,,,,Bivalvia,Autobranchia,Heteroconchia,Euheterodonta,Imparidentia,,,,,,,,,,,,,,,,,,Euheterodonta,,recj2ABWXyWlG8GEg,,,
Cardiida,ORDER,ACCEPTED,,869602,http://www.marinespecies.org/aphia.php?p=taxdetails&id=869602,https://www.marinespecies.org/rest/AphiaClassificationByAphiaID/869602,urn:lsid:marinespecies.org:taxname:869602,https://airtable.com/tblLqtIyuwA7rbEC3/recf6eFdVNWA699jb?blocks=bli5ItEhTDGAFc32p,Animalia,,,Mollusca,,,,Bivalvia,Autobranchia,Heteroconchia,Euheterodonta,Imparidentia,Cardiida,,,,,,,,,,,,,,,,,Imparidentia,,recf6eFdVNWA699jb,,,
Cardioidea,SUPERFAMILY,ACCEPTED,,14633,http://www.marinespecies.org/aphia.php?p=taxdetails&id=14633,https://www.marinespecies.org/rest/AphiaClassificationByAphiaID/14633,urn:lsid:marinespecies.org:taxname:14633,https://airtable.com/tblLqtIyuwA7rbEC3/recG93KoQnNhujrnT?blocks=bli5ItEhTDGAFc32p,Animalia,,,Mollusca,,,,Bivalvia,Autobranchia,Heteroconchia,Euheterodonta,Imparidentia,Cardiida,,,,,,Cardioidea,,,,,,,,,,,Cardiida,,recG93KoQnNhujrnT,,,
Cardiidae,FAMILY,ACCEPTED,,229,http://www.marinespecies.org/aphia.php?p=taxdetails&id=229,https://www.marinespecies.org/rest/AphiaClassificationByAphiaID/229,urn:lsid:marinespecies.org:taxname:229,https://airtable.com/tblLqtIyuwA7rbEC3/recXun7pNM2rGWcPw?blocks=bli5ItEhTDGAFc32p,Animalia,,,Mollusca,,,,Bivalvia,Autobranchia,Heteroconchia,Euheterodonta,Imparidentia,Cardiida,,,,,,Cardioidea,,Cardiidae,,,,,,,,,Cardioidea,,recXun7pNM2rGWcPw,,,
Clinocardiinae,SUBFAMILY,ACCEPTED,,381903,http://www.marinespecies.org/aphia.php?p=taxdetails&id=381903,https://www.marinespecies.org/rest/AphiaClassificationByAphiaID/381903,urn:lsid:marinespecies.org:taxname:381903,https://airtable.com/tblLqtIyuwA7rbEC3/recCMDuId17Uol7c9?blocks=bli5ItEhTDGAFc32p,Animalia,,,Mollusca,,,,Bivalvia,Autobranchia,Heteroconchia,Euheterodonta,Imparidentia,Cardiida,,,,,,Cardioidea,,Cardiidae,Clinocardiinae,,,,,,,,Cardiidae,,recCMDuId17Uol7c9,,,
Clinocardium,GENUS,ACCEPTED,,156818,http://www.marinespecies.org/aphia.php?p=taxdetails&id=156818,https://www.marinespecies.org/rest/AphiaClassificationByAphiaID/156818,urn:lsid:marinespecies.org:taxname:156818,https://airtable.com/tblLqtIyuwA7rbEC3/recx3oSLcmLNcQH7y?blocks=bli5ItEhTDGAFc32p,Animalia,,,Mollusca,,,,Bivalvia,Autobranchia,Heteroconchia,Euheterodonta,Imparidentia,Cardiida,,,,,,Cardioidea,,Cardiidae,Clinocardiinae,,,,Clinocardium,,,,Clinocardiinae,,recx3oSLcmLNcQH7y,,,
Clinocardium nuttallii,SPECIES,ACCEPTED,Nuttall's cockle,381980,http://www.marinespecies.org/aphia.php?p=taxdetails&id=381980,https://www.marinespecies.org/rest/AphiaClassificationByAphiaID/381980,urn:lsid:marinespecies.org:taxname:381980,https://airtable.com/tblLqtIyuwA7rbEC3/rectE74hm1zvuGyCU?blocks=bli5ItEhTDGAFc32p,Animalia,,,Mollusca,,,,Bivalvia,Autobranchia,Heteroconchia,Euheterodonta,Imparidentia,Cardiida,,,,,,Cardioidea,,Cardiidae,Clinocardiinae,,,,Clinocardium,,Clinocardium nuttallii,,Clinocardium,COCK,rectE74hm1zvuGyCU,,,
Tellinoidea,SUPERFAMILY,ACCEPTED,,14636,http://www.marinespecies.org/aphia.php?p=taxdetails&id=14636,https://www.marinespecies.org/rest/AphiaClassificationByAphiaID/14636,urn:lsid:marinespecies.org:taxname:14636,https://airtable.com/tblLqtIyuwA7rbEC3/rechvJ9F1Vg53FaHl?blocks=bli5ItEhTDGAFc32p,Animalia,,,Mollusca,,,,Bivalvia,Autobranchia,Heteroconchia,Euheterodonta,Imparidentia,Cardiida,,,,,,Tellinoidea,,,,,,,,,,,Cardiida,,rechvJ9F1Vg53FaHl,,,
Tellinidae,FAMILY,ACCEPTED,,235,http://www.marinespecies.org/aphia.php?p=taxdetails&id=235,https://www.marinespecies.org/rest/AphiaClassificationByAphiaID/235,urn:lsid:marinespecies.org:taxname:235,https://airtable.com/tblLqtIyuwA7rbEC3/recl7drmcgPZm88Uy?blocks=bli5ItEhTDGAFc32p,Animalia,,,Mollusca,,,,Bivalvia,Autobranchia,Heteroconchia,Euheterodonta,Imparidentia,Cardiida,,,,,,Tellinoidea,,Tellinidae,,,,,,,,,Tellinoidea,,recl7drmcgPZm88Uy,,,
Macominae,SUBFAMILY,ACCEPTED,,225471,http://www.marinespecies.org/aphia.php?p=taxdetails&id=225471,https://www.marinespecies.org/rest/AphiaClassificationByAphiaID/225471,urn:lsid:marinespecies.org:taxname:225471,https://airtable.com/tblLqtIyuwA7rbEC3/recaWlSzNGMLZduzB?blocks=bli5ItEhTDGAFc32p,Animalia,,,Mollusca,,,,Bivalvia,Autobranchia,Heteroconchia,Euheterodonta,Imparidentia,Cardiida,,,,,,Tellinoidea,,Tellinidae,Macominae,,,,,,,,Tellinidae,,recaWlSzNGMLZduzB,,,
Limecola,GENUS,ACCEPTED,,715043,http://www.marinespecies.org/aphia.php?p=taxdetails&id=715043,https://www.marinespecies.org/rest/AphiaClassificationByAphiaID/715043,urn:lsid:marinespecies.org:taxname:715043,https://airtable.com/tblLqtIyuwA7rbEC3/recBsTMpm5Ab0ofj7?blocks=bli5ItEhTDGAFc32p,Animalia,,,Mollusca,,,,Bivalvia,Autobranchia,Heteroconchia,Euheterodonta,Imparidentia,Cardiida,,,,,,Tellinoidea,,Tellinidae,Macominae,,,,Limecola,,,,Macominae,,recBsTMpm5Ab0ofj7,,,
Limecola balthica,SPECIES,ACCEPTED,,880017,http://www.marinespecies.org/aphia.php?p=taxdetails&id=880017,https://www.marinespecies.org/rest/AphiaClassificationByAphiaID/880017,urn:lsid:marinespecies.org:taxname:880017,https://airtable.com/tblLqtIyuwA7rbEC3/recU9Wb2DJUUKOLhB?blocks=bli5ItEhTDGAFc32p,Animalia,,,Mollusca,,,,Bivalvia,Autobranchia,Heteroconchia,Euheterodonta,Imparidentia,Cardiida,,,,,,Tellinoidea,,Tellinidae,Macominae,,,,Limecola,,Limecola balthica,,Limecola,,recU9Wb2DJUUKOLhB,,,
Macoma,GENUS,ACCEPTED,Macoma clam,138531,http://www.marinespecies.org/aphia.php?p=taxdetails&id=138531,https://www.marinespecies.org/rest/AphiaClassificationByAphiaID/138531,urn:lsid:marinespecies.org:taxname:138531,https://airtable.com/tblLqtIyuwA7rbEC3/recbjrt0ZKnrVRFhd?blocks=bli5ItEhTDGAFc32p,Animalia,,,Mollusca,,,,Bivalvia,Autobranchia,Heteroconchia,Euheterodonta,Imparidentia,Cardiida,,,,,,Tellinoidea,,Tellinidae,Macominae,,,,Macoma,,,,Macominae,UMAC,recbjrt0ZKnrVRFhd,,,
Macoma balthica,SPECIES,UNACCEPTED,Baltic macoma,141579,http://www.marinespecies.org/aphia.php?p=taxdetails&id=141579,https://www.marinespecies.org/rest/AphiaClassificationByAphiaID/141579,urn:lsid:marinespecies.org:taxname:141579,https://airtable.com/tblLqtIyuwA7rbEC3/rec7AI0PjBl3wJeF2?blocks=bli5ItEhTDGAFc32p,Animalia,,,Mollusca,,,,Bivalvia,Autobranchia,Heteroconchia,Euheterodonta,Imparidentia,Cardiida,,,,,,Tellinoidea,,Tellinidae,Macominae,,,,Macoma,,Macoma balthica,,Macoma,BAMA,rec7AI0PjBl3wJeF2,,,
Macoma inquinata,SPECIES,ACCEPTED,Pointed macoma,582759,http://www.marinespecies.org/aphia.php?p=taxdetails&id=582759,https://www.marinespecies.org/rest/AphiaClassificationByAphiaID/582759,urn:lsid:marinespecies.org:taxname:582759,https://airtable.com/tblLqtIyuwA7rbEC3/rec0DbTiGWxj1NG25?blocks=bli5ItEhTDGAFc32p,Animalia,,,Mollusca,,,,Bivalvia,Autobranchia,Heteroconchia,Euheterodonta,Imparidentia,Cardiida,,,,,,Tellinoidea,,Tellinidae,Macominae,,,,Macoma,,Macoma inquinata,,Macoma,PMAC,rec0DbTiGWxj1NG25,,,
Macoma nasuta,SPECIES,ACCEPTED,Bent-nose macoma,582761,http://www.marinespecies.org/aphia.php?p=taxdetails&id=582761,https://www.marinespecies.org/rest/AphiaClassificationByAphiaID/582761,urn:lsid:marinespecies.org:taxname:582761,https://airtable.com/tblLqtIyuwA7rbEC3/recqNfFHt94rb6zD3?blocks=bli5ItEhTDGAFc32p,Animalia,,,Mollusca,,,,Bivalvia,Autobranchia,Heteroconchia,Euheterodonta,Imparidentia,Cardiida,,,,,,Tellinoidea,,Tellinidae,Macominae,,,,Macoma,,Macoma nasuta,,Macoma,BENO,recqNfFHt94rb6zD3,,,
Myida,ORDER,ACCEPTED,,245,http://www.marinespecies.org/aphia.php?p=taxdetails&id=245,https://www.marinespecies.org/rest/AphiaClassificationByAphiaID/245,urn:lsid:marinespecies.org:taxname:245,https://airtable.com/tblLqtIyuwA7rbEC3/recPQ4CvzNhlo6GNP?blocks=bli5ItEhTDGAFc32p,Animalia,,,Mollusca,,,,Bivalvia,Autobranchia,Heteroconchia,Euheterodonta,Imparidentia,Myida,,,,,,,,,,,,,,,,,Imparidentia,,recPQ4CvzNhlo6GNP,,,
Myoidea,SUPERFAMILY,ACCEPTED,,14622,http://www.marinespecies.org/aphia.php?p=taxdetails&id=14622,https://www.marinespecies.org/rest/AphiaClassificationByAphiaID/14622,urn:lsid:marinespecies.org:taxname:14622,https://airtable.com/tblLqtIyuwA7rbEC3/recwpFw32AgeYQAXJ?blocks=bli5ItEhTDGAFc32p,Animalia,,,Mollusca,,,,Bivalvia,Autobranchia,Heteroconchia,Euheterodonta,Imparidentia,Myida,,,,,,Myoidea,,,,,,,,,,,Myida,,recwpFw32AgeYQAXJ,,,
Myidae,FAMILY,ACCEPTED,,247,http://www.marinespecies.org/aphia.php?p=taxdetails&id=247,https://www.marinespecies.org/rest/AphiaClassificationByAphiaID/247,urn:lsid:marinespecies.org:taxname:247,https://airtable.com/tblLqtIyuwA7rbEC3/rechoU3ZX7jZWzXG6?blocks=bli5ItEhTDGAFc32p,Animalia,,,Mollusca,,,,Bivalvia,Autobranchia,Heteroconchia,Euheterodonta,Imparidentia,Myida,,,,,,Myoidea,,Myidae,,,,,,,,,Myoidea,,rechoU3ZX7jZWzXG6,,,
Mya,GENUS,ACCEPTED,,138211,http://www.marinespecies.org/aphia.php?p=taxdetails&id=138211,https://www.marinespecies.org/rest/AphiaClassificationByAphiaID/138211,urn:lsid:marinespecies.org:taxname:138211,https://airtable.com/tblLqtIyuwA7rbEC3/recB9F9qEjegdRdbq?blocks=bli5ItEhTDGAFc32p,Animalia,,,Mollusca,,,,Bivalvia,Autobranchia,Heteroconchia,Euheterodonta,Imparidentia,Myida,,,,,,Myoidea,,Myidae,,,,,Mya,,,,Myidae,,recB9F9qEjegdRdbq,,,
Mya arenaria,SPECIES,ACCEPTED,Softshell clam,140430,http://www.marinespecies.org/aphia.php?p=taxdetails&id=140430,https://www.marinespecies.org/rest/AphiaClassificationByAphiaID/140430,urn:lsid:marinespecies.org:taxname:140430,https://airtable.com/tblLqtIyuwA7rbEC3/recjMrIerEQ4XRp14?blocks=bli5ItEhTDGAFc32p,Animalia,,,Mollusca,,,,Bivalvia,Autobranchia,Heteroconchia,Euheterodonta,Imparidentia,Myida,,,,,,Myoidea,,Myidae,,,,,Mya,,Mya arenaria,,Mya,MYAC,recjMrIerEQ4XRp14,,,
Platyodon,GENUS,ACCEPTED,,492690,http://www.marinespecies.org/aphia.php?p=taxdetails&id=492690,https://www.marinespecies.org/rest/AphiaClassificationByAphiaID/492690,urn:lsid:marinespecies.org:taxname:492690,https://airtable.com/tblLqtIyuwA7rbEC3/recVC0RD8yclnU5XZ?blocks=bli5ItEhTDGAFc32p,Animalia,,,Mollusca,,,,Bivalvia,Autobranchia,Heteroconchia,Euheterodonta,Imparidentia,Myida,,,,,,Myoidea,,Myidae,,,,,Platyodon,,,,Myidae,,recVC0RD8yclnU5XZ,,,
Platyodon cancellatus,SPECIES,ACCEPTED,Boring Clam,505903,http://www.marinespecies.org/aphia.php?p=taxdetails&id=505903,https://www.marinespecies.org/rest/AphiaClassificationByAphiaID/505903,urn:lsid:marinespecies.org:taxname:505903,https://airtable.com/tblLqtIyuwA7rbEC3/rec2ln6YzsA8Ez8J0?blocks=bli5ItEhTDGAFc32p,Animalia,,,Mollusca,,,,Bivalvia,Autobranchia,Heteroconchia,Euheterodonta,Imparidentia,Myida,,,,,,Myoidea,,Myidae,,,,,Platyodon,,Platyodon cancellatus,,Platyodon,PLAC,rec2ln6YzsA8Ez8J0,,,
Venerida,ORDER,ACCEPTED,,217,http://www.marinespecies.org/aphia.php?p=taxdetails&id=217,https://www.marinespecies.org/rest/AphiaClassificationByAphiaID/217,urn:lsid:marinespecies.org:taxname:217,https://airtable.com/tblLqtIyuwA7rbEC3/recC5Qm5ehEUYuWia?blocks=bli5ItEhTDGAFc32p,Animalia,,,Mollusca,,,,Bivalvia,Autobranchia,Heteroconchia,Euheterodonta,Imparidentia,Venerida,,,,,,,,,,,,,,,,,Imparidentia,,recC5Qm5ehEUYuWia,,,
Veneroidea,SUPERFAMILY,ACCEPTED,,14638,http://www.marinespecies.org/aphia.php?p=taxdetails&id=14638,https://www.marinespecies.org/rest/AphiaClassificationByAphiaID/14638,urn:lsid:marinespecies.org:taxname:14638,https://airtable.com/tblLqtIyuwA7rbEC3/recXzCM3ihay88aat?blocks=bli5ItEhTDGAFc32p,Animalia,,,Mollusca,,,,Bivalvia,Autobranchia,Heteroconchia,Euheterodonta,Imparidentia,Venerida,,,,,,Veneroidea,,,,,,,,,,,Venerida,,recXzCM3ihay88aat,,,
Veneridae,FAMILY,ACCEPTED,,243,http://www.marinespecies.org/aphia.php?p=taxdetails&id=243,https://www.marinespecies.org/rest/AphiaClassificationByAphiaID/243,urn:lsid:marinespecies.org:taxname:243,https://airtable.com/tblLqtIyuwA7rbEC3/recNznHEC0gkQgVpQ?blocks=bli5ItEhTDGAFc32p,Animalia,,,Mollusca,,,,Bivalvia,Autobranchia,Heteroconchia,Euheterodonta,Imparidentia,Venerida,,,,,,Veneroidea,,Veneridae,,,,,,,,,Veneroidea,,recNznHEC0gkQgVpQ,,,
Saxidomus,GENUS,ACCEPTED,,367777,http://www.marinespecies.org/aphia.php?p=taxdetails&id=367777,https://www.marinespecies.org/rest/AphiaClassificationByAphiaID/367777,urn:lsid:marinespecies.org:taxname:367777,https://airtable.com/tblLqtIyuwA7rbEC3/recCeWGGd2s9Ah1t1?blocks=bli5ItEhTDGAFc32p,Animalia,,,Mollusca,,,,Bivalvia,Autobranchia,Heteroconchia,Euheterodonta,Imparidentia,Venerida,,,,,,Veneroidea,,Veneridae,,,,,Saxidomus,,,,Veneridae,,recCeWGGd2s9Ah1t1,,,
Saxidomus gigantea,SPECIES,ACCEPTED,Butter clam,546014,http://www.marinespecies.org/aphia.php?p=taxdetails&id=546014,https://www.marinespecies.org/rest/AphiaClassificationByAphiaID/546014,urn:lsid:marinespecies.org:taxname:546014,https://airtable.com/tblLqtIyuwA7rbEC3/reck41VhXWAdU8b3y?blocks=bli5ItEhTDGAFc32p,Animalia,,,Mollusca,,,,Bivalvia,Autobranchia,Heteroconchia,Euheterodonta,Imparidentia,Venerida,,,,,,Veneroidea,,Veneridae,,,,,Saxidomus,,Saxidomus gigantea,,Saxidomus,BUTT,reck41VhXWAdU8b3y,,,
Chioninae,SUBFAMILY,ACCEPTED,,152833,http://www.marinespecies.org/aphia.php?p=taxdetails&id=152833,https://www.marinespecies.org/rest/AphiaClassificationByAphiaID/152833,urn:lsid:marinespecies.org:taxname:152833,https://airtable.com/tblLqtIyuwA7rbEC3/recTRu8zrn75mBBeU?blocks=bli5ItEhTDGAFc32p,Animalia,,,Mollusca,,,,Bivalvia,Autobranchia,Heteroconchia,Euheterodonta,Imparidentia,Venerida,,,,,,Veneroidea,,Veneridae,Chioninae,,,,,,,,Veneridae,,recTRu8zrn75mBBeU,,,
Leukoma,GENUS,ACCEPTED,,492481,http://www.marinespecies.org/aphia.php?p=taxdetails&id=492481,https://www.marinespecies.org/rest/AphiaClassificationByAphiaID/492481,urn:lsid:marinespecies.org:taxname:492481,https://airtable.com/tblLqtIyuwA7rbEC3/rec3GpTVkEMet0fAc?blocks=bli5ItEhTDGAFc32p,Animalia,,,Mollusca,,,,Bivalvia,Autobranchia,Heteroconchia,Euheterodonta,Imparidentia,Venerida,,,,,,Veneroidea,,Veneridae,Chioninae,,,,Leukoma,,,,Chioninae,,rec3GpTVkEMet0fAc,,,
Leukoma staminea,SPECIES,ACCEPTED,Pacific littleneck clam,507737,http://www.marinespecies.org/aphia.php?p=taxdetails&id=507737,https://www.marinespecies.org/rest/AphiaClassificationByAphiaID/507737,urn:lsid:marinespecies.org:taxname:507737,https://airtable.com/tblLqtIyuwA7rbEC3/reci5oUialTJrPwTj?blocks=bli5ItEhTDGAFc32p,Animalia,,,Mollusca,,,,Bivalvia,Autobranchia,Heteroconchia,Euheterodonta,Imparidentia,Venerida,,,,,,Veneroidea,,Veneridae,Chioninae,,,,Leukoma,,Leukoma staminea,,Leukoma,"LEST,PLNE",reci5oUialTJrPwTj,,,
Pteriomorphia,INFRACLASS,ACCEPTED,,206,http://www.marinespecies.org/aphia.php?p=taxdetails&id=206,https://www.marinespecies.org/rest/AphiaClassificationByAphiaID/206,urn:lsid:marinespecies.org:taxname:206,https://airtable.com/tblLqtIyuwA7rbEC3/recFdm6VqgMZUIbTR?blocks=bli5ItEhTDGAFc32p,Animalia,,,Mollusca,,,,Bivalvia,Autobranchia,Pteriomorphia,,,,,,,,,,,,,,,,,,,,Autobranchia,,recFdm6VqgMZUIbTR,,,
Mytilida,ORDER,ACCEPTED,,210,http://www.marinespecies.org/aphia.php?p=taxdetails&id=210,https://www.marinespecies.org/rest/AphiaClassificationByAphiaID/210,urn:lsid:marinespecies.org:taxname:210,https://airtable.com/tblLqtIyuwA7rbEC3/rectffqF1yYlrNi5e?blocks=bli5ItEhTDGAFc32p,Animalia,,,Mollusca,,,,Bivalvia,Autobranchia,Pteriomorphia,,,Mytilida,,,,,,,,,,,,,,,,,Pteriomorphia,,rectffqF1yYlrNi5e,,,
Mytiloidea,SUPERFAMILY,ACCEPTED,,491766,http://www.marinespecies.org/aphia.php?p=taxdetails&id=491766,https://www.marinespecies.org/rest/AphiaClassificationByAphiaID/491766,urn:lsid:marinespecies.org:taxname:491766,https://airtable.com/tblLqtIyuwA7rbEC3/reco68EJjbCVWw3fc?blocks=bli5ItEhTDGAFc32p,Animalia,,,Mollusca,,,,Bivalvia,Autobranchia,Pteriomorphia,,,Mytilida,,,,,,Mytiloidea,,,,,,,,,,,Mytilida,,reco68EJjbCVWw3fc,,,
Mytilidae,FAMILY,ACCEPTED,Mussels,211,http://www.marinespecies.org/aphia.php?p=taxdetails&id=211,https://www.marinespecies.org/rest/AphiaClassificationByAphiaID/211,urn:lsid:marinespecies.org:taxname:211,https://airtable.com/tblLqtIyuwA7rbEC3/recyP1BcGsNtony2p?blocks=bli5ItEhTDGAFc32p,Animalia,,,Mollusca,,,,Bivalvia,Autobranchia,Pteriomorphia,,,Mytilida,,,,,,Mytiloidea,,Mytilidae,,,,,,,,,Mytiloidea,BRAC,recyP1BcGsNtony2p,,,
Mytilinae,SUBFAMILY,ACCEPTED,,224589,http://www.marinespecies.org/aphia.php?p=taxdetails&id=224589,https://www.marinespecies.org/rest/AphiaClassificationByAphiaID/224589,urn:lsid:marinespecies.org:taxname:224589,https://airtable.com/tblLqtIyuwA7rbEC3/reck5gX52nbYCHFHJ?blocks=bli5ItEhTDGAFc32p,Animalia,,,Mollusca,,,,Bivalvia,Autobranchia,Pteriomorphia,,,Mytilida,,,,,,Mytiloidea,,Mytilidae,Mytilinae,,,,,,,,Mytilidae,,reck5gX52nbYCHFHJ,,,
Mytilus,GENUS,ACCEPTED,Mussel,138228,http://www.marinespecies.org/aphia.php?p=taxdetails&id=138228,https://www.marinespecies.org/rest/AphiaClassificationByAphiaID/138228,urn:lsid:marinespecies.org:taxname:138228,https://airtable.com/tblLqtIyuwA7rbEC3/rec9NqSKH9vIfLxyy?blocks=bli5ItEhTDGAFc32p,Animalia,,,Mollusca,,,,Bivalvia,Autobranchia,Pteriomorphia,,,Mytilida,,,,,,Mytiloidea,,Mytilidae,Mytilinae,,,,Mytilus,,,,Mytilinae,"MYTI,MYTI,MYTI,myti,MYTI",rec9NqSKH9vIfLxyy,,,"DEAMTR,MYTTRO"
Mytilus californianus,SPECIES,ACCEPTED,California blue mussel,367837,http://www.marinespecies.org/aphia.php?p=taxdetails&id=367837,https://www.marinespecies.org/rest/AphiaClassificationByAphiaID/367837,urn:lsid:marinespecies.org:taxname:367837,https://airtable.com/tblLqtIyuwA7rbEC3/recNJky4FB4y7S1Rd?blocks=bli5ItEhTDGAFc32p,Animalia,,,Mollusca,,,,Bivalvia,Autobranchia,Pteriomorphia,,,Mytilida,,,,,,Mytiloidea,,Mytilidae,Mytilinae,,,,Mytilus,,Mytilus californianus,,Mytilus,"MYCA,DMYCA",recNJky4FB4y7S1Rd,,,"DEAMCA,MYTCAL"
Mytilus trossulus,SPECIES,ACCEPTED,Blue mussel,140482,http://www.marinespecies.org/aphia.php?p=taxdetails&id=140482,https://www.marinespecies.org/rest/AphiaClassificationByAphiaID/140482,urn:lsid:marinespecies.org:taxname:140482,https://airtable.com/tblLqtIyuwA7rbEC3/recx4g2aWB9rsbs4G?blocks=bli5ItEhTDGAFc32p,Animalia,,,Mollusca,,,,Bivalvia,Autobranchia,Pteriomorphia,,,Mytilida,,,,,,Mytiloidea,,Mytilidae,Mytilinae,,,,Mytilus,,Mytilus trossulus,,Mytilus,MYTR,recx4g2aWB9rsbs4G,,,
Ostreida,ORDER,ACCEPTED,,1774,http://www.marinespecies.org/aphia.php?p=taxdetails&id=1774,https://www.marinespecies.org/rest/AphiaClassificationByAphiaID/1774,urn:lsid:marinespecies.org:taxname:1774,https://airtable.com/tblLqtIyuwA7rbEC3/reccaNPxeFJ825Q97?blocks=bli5ItEhTDGAFc32p,Animalia,,,Mollusca,,,,Bivalvia,Autobranchia,Pteriomorphia,,,Ostreida,,,,,,,,,,,,,,,,,Pteriomorphia,,reccaNPxeFJ825Q97,,,
Ostreoidea,SUPERFAMILY,ACCEPTED,,151323,http://www.marinespecies.org/aphia.php?p=taxdetails&id=151323,https://www.marinespecies.org/rest/AphiaClassificationByAphiaID/151323,urn:lsid:marinespecies.org:taxname:151323,https://airtable.com/tblLqtIyuwA7rbEC3/recRKnEVbDYzwrt2u?blocks=bli5ItEhTDGAFc32p,Animalia,,,Mollusca,,,,Bivalvia,Autobranchia,Pteriomorphia,,,Ostreida,,,,,,Ostreoidea,,,,,,,,,,,Ostreida,,recRKnEVbDYzwrt2u,,,
Ostreidae,FAMILY,ACCEPTED,,215,http://www.marinespecies.org/aphia.php?p=taxdetails&id=215,https://www.marinespecies.org/rest/AphiaClassificationByAphiaID/215,urn:lsid:marinespecies.org:taxname:215,https://airtable.com/tblLqtIyuwA7rbEC3/recavksaCrP3f0ChG?blocks=bli5ItEhTDGAFc32p,Animalia,,,Mollusca,,,,Bivalvia,Autobranchia,Pteriomorphia,,,Ostreida,,,,,,Ostreoidea,,Ostreidae,,,,,,,,,Ostreoidea,,recavksaCrP3f0ChG,,,
Crassostreinae,SUBFAMILY,ACCEPTED,,510732,http://www.marinespecies.org/aphia.php?p=taxdetails&id=510732,https://www.marinespecies.org/rest/AphiaClassificationByAphiaID/510732,urn:lsid:marinespecies.org:taxname:510732,https://airtable.com/tblLqtIyuwA7rbEC3/recUPfIWrJ03Ih0RO?blocks=bli5ItEhTDGAFc32p,Animalia,,,Mollusca,,,,Bivalvia,Autobranchia,Pteriomorphia,,,Ostreida,,,,,,Ostreoidea,,Ostreidae,Crassostreinae,,,,,,,,Ostreidae,,recUPfIWrJ03Ih0RO,,,
Magallana,GENUS,ACCEPTED,,836032,http://www.marinespecies.org/aphia.php?p=taxdetails&id=836032,https://www.marinespecies.org/rest/AphiaClassificationByAphiaID/836032,urn:lsid:marinespecies.org:taxname:836032,https://airtable.com/tblLqtIyuwA7rbEC3/recy5v5XTRgwKZ0WR?blocks=bli5ItEhTDGAFc32p,Animalia,,,Mollusca,,,,Bivalvia,Autobranchia,Pteriomorphia,,,Ostreida,,,,,,Ostreoidea,,Ostreidae,Crassostreinae,,,,Magallana,,,,Crassostreinae,,recy5v5XTRgwKZ0WR,,,
Magallana gigas,SPECIES,ACCEPTED,Pacific oyster,836033,http://www.marinespecies.org/aphia.php?p=taxdetails&id=836033,https://www.marinespecies.org/rest/AphiaClassificationByAphiaID/836033,urn:lsid:marinespecies.org:taxname:836033,https://airtable.com/tblLqtIyuwA7rbEC3/recarvOQeM8g0WTC1?blocks=bli5ItEhTDGAFc32p,Animalia,,,Mollusca,,,,Bivalvia,Autobranchia,Pteriomorphia,,,Ostreida,,,,,,Ostreoidea,,Ostreidae,Crassostreinae,,,,Magallana,,Magallana gigas,,Magallana,,recarvOQeM8g0WTC1,"1000015890.jpg (https://v5.airtableusercontent.com/v3/u/33/33/1727985600000/_z4h5ktAF_n8CQeMBj_R-w/AMTeM07ntQxnUgh_PrzFCCMxPInbg-g1T1-x6cMlEbjX-1s1LUdz4C9ovjWcYePGoFBgyFoUih8VNZFOY3Oo72Le8XUGGc4wP8_m_WkAmkNc5NCsKN6Z8xT8BV2Rev78d1VmApyGHX6zycQbncnMPbJ_qhTFz2fzYY4upwwIAfs/F-MN3rrdUAwpPZAM_MZYxDN8gfnY4pUnpA2i2hbcjvk),1000015897.jpg (https://v5.airtableusercontent.com/v3/u/33/33/1727985600000/81K0KJekmG9osicSM3b7Dw/ZdBHIH4GubaS1SuqUuETk7-dScBUD_2gShFNc9GkbEb5y2a0N8i8fCP2inFCsXUegKRPotRREV24Edp1J5aTQ1wsaXFoFltrT7C8IzeUG6d9zi9iwhdCZo7tPMdgjn_wDf_5ivXcc2aDwsZ-oWl7HmfUijV1TeL6RKBKkMkYNpM/rsk-sRvQQR_sm_tO-ER11F8gU5FqeekKgrOTgYecr2U),1000015891.jpg (https://v5.airtableusercontent.com/v3/u/33/33/1727985600000/X0HdO-mbTp0HZXJFy2xNPg/AIvhtoQg3OdEjQEg5gnetReMNf4ID4m7wZDY3rXPrsc5Sn3KJZr7Z6q1VEkeDxrqJqPeJw5zyTxFKo9MenomISYaaLdM-vAoCnYOdPQTtIDzhAQRL6orFmGDYiVIuyviDxb3NG75lnW_nFakD9ZT0MIV5CsNmXEAYmXTTgORKkc/rJ35cwNtnelIAvylTZqMmF0Q74UFgPjog-H2puBIkfs)",Toby Island,"CRAGIG,DEACRA"
Pectinida,ORDER,ACCEPTED,,387324,http://www.marinespecies.org/aphia.php?p=taxdetails&id=387324,https://www.marinespecies.org/rest/AphiaClassificationByAphiaID/387324,urn:lsid:marinespecies.org:taxname:387324,https://airtable.com/tblLqtIyuwA7rbEC3/recGmfaKUFuVKQPwC?blocks=bli5ItEhTDGAFc32p,Animalia,,,Mollusca,,,,Bivalvia,Autobranchia,Pteriomorphia,,,Pectinida,,,,,,,,,,,,,,,,,Pteriomorphia,,recGmfaKUFuVKQPwC,,,
Anomioidea,SUPERFAMILY,ACCEPTED,,153024,http://www.marinespecies.org/aphia.php?p=taxdetails&id=153024,https://www.marinespecies.org/rest/AphiaClassificationByAphiaID/153024,urn:lsid:marinespecies.org:taxname:153024,https://airtable.com/tblLqtIyuwA7rbEC3/recAO2WVKyY9gRMiM?blocks=bli5ItEhTDGAFc32p,Animalia,,,Mollusca,,,,Bivalvia,Autobranchia,Pteriomorphia,,,Pectinida,,,,,,Anomioidea,,,,,,,,,,,Pectinida,,recAO2WVKyY9gRMiM,,,
Anomiidae,FAMILY,ACCEPTED,Jingle shell,214,http://www.marinespecies.org/aphia.php?p=taxdetails&id=214,https://www.marinespecies.org/rest/AphiaClassificationByAphiaID/214,urn:lsid:marinespecies.org:taxname:214,https://airtable.com/tblLqtIyuwA7rbEC3/recIi2sC0hOG3NmoZ?blocks=bli5ItEhTDGAFc32p,Animalia,,,Mollusca,,,,Bivalvia,Autobranchia,Pteriomorphia,,,Pectinida,,,,,,Anomioidea,,Anomiidae,,,,,,,,,Anomioidea,JING,recIi2sC0hOG3NmoZ,,,
Pododesmus,GENUS,ACCEPTED,,137653,http://www.marinespecies.org/aphia.php?p=taxdetails&id=137653,https://www.marinespecies.org/rest/AphiaClassificationByAphiaID/137653,urn:lsid:marinespecies.org:taxname:137653,https://airtable.com/tblLqtIyuwA7rbEC3/rec11Frx4BccgC6Op?blocks=bli5ItEhTDGAFc32p,Animalia,,,Mollusca,,,,Bivalvia,Autobranchia,Pteriomorphia,,,Pectinida,,,,,,Anomioidea,,Anomiidae,,,,,Pododesmus,,,,Anomiidae,,rec11Frx4BccgC6Op,,,
Pododesmus macrochisma,SPECIES,ACCEPTED,Money Shell,758426,http://www.marinespecies.org/aphia.php?p=taxdetails&id=758426,https://www.marinespecies.org/rest/AphiaClassificationByAphiaID/758426,urn:lsid:marinespecies.org:taxname:758426,https://airtable.com/tblLqtIyuwA7rbEC3/recunfvdLepOvOC8Y?blocks=bli5ItEhTDGAFc32p,Animalia,,,Mollusca,,,,Bivalvia,Autobranchia,Pteriomorphia,,,Pectinida,,,,,,Anomioidea,,Anomiidae,,,,,Pododesmus,,Pododesmus macrochisma,,Pododesmus,POMA,recunfvdLepOvOC8Y,,,
Pectinoidea,SUPERFAMILY,ACCEPTED,,151320,http://www.marinespecies.org/aphia.php?p=taxdetails&id=151320,https://www.marinespecies.org/rest/AphiaClassificationByAphiaID/151320,urn:lsid:marinespecies.org:taxname:151320,https://airtable.com/tblLqtIyuwA7rbEC3/recFiWdXWGaF9s2PU?blocks=bli5ItEhTDGAFc32p,Animalia,,,Mollusca,,,,Bivalvia,Autobranchia,Pteriomorphia,,,Pectinida,,,,,,Pectinoidea,,,,,,,,,,,Pectinida,,recFiWdXWGaF9s2PU,,,
Pectinidae,FAMILY,ACCEPTED,,213,http://www.marinespecies.org/aphia.php?p=taxdetails&id=213,https://www.marinespecies.org/rest/AphiaClassificationByAphiaID/213,urn:lsid:marinespecies.org:taxname:213,https://airtable.com/tblLqtIyuwA7rbEC3/rec0W4HuQAs24V4GZ?blocks=bli5ItEhTDGAFc32p,Animalia,,,Mollusca,,,,Bivalvia,Autobranchia,Pteriomorphia,,,Pectinida,,,,,,Pectinoidea,,Pectinidae,,,,,,,,,Pectinoidea,PECT,rec0W4HuQAs24V4GZ,,,
Pedinae,SUBFAMILY,ACCEPTED,,510739,http://www.marinespecies.org/aphia.php?p=taxdetails&id=510739,https://www.marinespecies.org/rest/AphiaClassificationByAphiaID/510739,urn:lsid:marinespecies.org:taxname:510739,https://airtable.com/tblLqtIyuwA7rbEC3/recAptwi5rtPALXSu?blocks=bli5ItEhTDGAFc32p,Animalia,,,Mollusca,,,,Bivalvia,Autobranchia,Pteriomorphia,,,Pectinida,,,,,,Pectinoidea,,Pectinidae,Pedinae,,,,,,,,Pectinidae,,recAptwi5rtPALXSu,,,
Chlamydini,TRIBE,ACCEPTED,,391824,http://www.marinespecies.org/aphia.php?p=taxdetails&id=391824,https://www.marinespecies.org/rest/AphiaClassificationByAphiaID/391824,urn:lsid:marinespecies.org:taxname:391824,https://airtable.com/tblLqtIyuwA7rbEC3/reczQ0yXUjxl5G5sj?blocks=bli5ItEhTDGAFc32p,Animalia,,,Mollusca,,,,Bivalvia,Autobranchia,Pteriomorphia,,,Pectinida,,,,,,Pectinoidea,,Pectinidae,Pedinae,,Chlamydini,,,,,,Pedinae,,reczQ0yXUjxl5G5sj,,,
Chlamys,GENUS,ACCEPTED,Chlamys scallop,138315,http://www.marinespecies.org/aphia.php?p=taxdetails&id=138315,https://www.marinespecies.org/rest/AphiaClassificationByAphiaID/138315,urn:lsid:marinespecies.org:taxname:138315,https://airtable.com/tblLqtIyuwA7rbEC3/reccLETP2UFIfvm7n?blocks=bli5ItEhTDGAFc32p,Animalia,,,Mollusca,,,,Bivalvia,Autobranchia,Pteriomorphia,,,Pectinida,,,,,,Pectinoidea,,Pectinidae,Pedinae,,Chlamydini,,Chlamys,,,,Chlamydini,"CHLA,chla,chla,CHLA",reccLETP2UFIfvm7n,,,
Chlamys hastata,SPECIES,ACCEPTED,Swimming scallop,367964,http://www.marinespecies.org/aphia.php?p=taxdetails&id=367964,https://www.marinespecies.org/rest/AphiaClassificationByAphiaID/367964,urn:lsid:marinespecies.org:taxname:367964,https://airtable.com/tblLqtIyuwA7rbEC3/recl15i0O0Q3uZdLz?blocks=bli5ItEhTDGAFc32p,Animalia,,,Mollusca,,,,Bivalvia,Autobranchia,Pteriomorphia,,,Pectinida,,,,,,Pectinoidea,,Pectinidae,Pedinae,,Chlamydini,,Chlamys,,Chlamys hastata,,Chlamys,"CHLH,chlh",recl15i0O0Q3uZdLz,,,
Crassadomini,TRIBE,ACCEPTED,,393704,http://www.marinespecies.org/aphia.php?p=taxdetails&id=393704,https://www.marinespecies.org/rest/AphiaClassificationByAphiaID/393704,urn:lsid:marinespecies.org:taxname:393704,https://airtable.com/tblLqtIyuwA7rbEC3/recP9NQK29qeGUjKR?blocks=bli5ItEhTDGAFc32p,Animalia,,,Mollusca,,,,Bivalvia,Autobranchia,Pteriomorphia,,,Pectinida,,,,,,Pectinoidea,,Pectinidae,Pedinae,,Crassadomini,,,,,,Pedinae,,recP9NQK29qeGUjKR,,,
Crassadoma,GENUS,ACCEPTED,,138316,http://www.marinespecies.org/aphia.php?p=taxdetails&id=138316,https://www.marinespecies.org/rest/AphiaClassificationByAphiaID/138316,urn:lsid:marinespecies.org:taxname:138316,https://airtable.com/tblLqtIyuwA7rbEC3/recowUVC9MExX45A4?blocks=bli5ItEhTDGAFc32p,Animalia,,,Mollusca,,,,Bivalvia,Autobranchia,Pteriomorphia,,,Pectinida,,,,,,Pectinoidea,,Pectinidae,Pedinae,,Crassadomini,,Crassadoma,,,,Crassadomini,,recowUVC9MExX45A4,,,
Crassadoma gigantea,SPECIES,ACCEPTED,Rock Scallop,240774,http://www.marinespecies.org/aphia.php?p=taxdetails&id=240774,https://www.marinespecies.org/rest/AphiaClassificationByAphiaID/240774,urn:lsid:marinespecies.org:taxname:240774,https://airtable.com/tblLqtIyuwA7rbEC3/recBg2fU9hmDEfcsS?blocks=bli5ItEhTDGAFc32p,Animalia,,,Mollusca,,,,Bivalvia,Autobranchia,Pteriomorphia,,,Pectinida,,,,,,Pectinoidea,,Pectinidae,Pedinae,,Crassadomini,,Crassadoma,,Crassadoma gigantea,,Crassadoma,"CRAG,CRGI,crag,crag",recBg2fU9hmDEfcsS,,,
Fortipectinini,TRIBE,ACCEPTED,,393714,http://www.marinespecies.org/aphia.php?p=taxdetails&id=393714,https://www.marinespecies.org/rest/AphiaClassificationByAphiaID/393714,urn:lsid:marinespecies.org:taxname:393714,https://airtable.com/tblLqtIyuwA7rbEC3/recE9bQpEj7RADG6O?blocks=bli5ItEhTDGAFc32p,Animalia,,,Mollusca,,,,Bivalvia,Autobranchia,Pteriomorphia,,,Pectinida,,,,,,Pectinoidea,,Pectinidae,Pedinae,,Fortipectinini,,,,,,Pedinae,,recE9bQpEj7RADG6O,,,
Patinopecten,GENUS,ACCEPTED,,203965,http://www.marinespecies.org/aphia.php?p=taxdetails&id=203965,https://www.marinespecies.org/rest/AphiaClassificationByAphiaID/203965,urn:lsid:marinespecies.org:taxname:203965,https://airtable.com/tblLqtIyuwA7rbEC3/recdv1vTw2DXR42fq?blocks=bli5ItEhTDGAFc32p,Animalia,,,Mollusca,,,,Bivalvia,Autobranchia,Pteriomorphia,,,Pectinida,,,,,,Pectinoidea,,Pectinidae,Pedinae,,Fortipectinini,,Patinopecten,,,,Fortipectinini,,recdv1vTw2DXR42fq,,,
Patinopecten caurinus,SPECIES,ACCEPTED,Weathervane scallop,393720,http://www.marinespecies.org/aphia.php?p=taxdetails&id=393720,https://www.marinespecies.org/rest/AphiaClassificationByAphiaID/393720,urn:lsid:marinespecies.org:taxname:393720,https://airtable.com/tblLqtIyuwA7rbEC3/recZr2Sv99kooJaso?blocks=bli5ItEhTDGAFc32p,Animalia,,,Mollusca,,,,Bivalvia,Autobranchia,Pteriomorphia,,,Pectinida,,,,,,Pectinoidea,,Pectinidae,Pedinae,,Fortipectinini,,Patinopecten,,Patinopecten caurinus,,Patinopecten,PATC,recZr2Sv99kooJaso,,,
Cephalopoda,CLASS,ACCEPTED,,11707,http://www.marinespecies.org/aphia.php?p=taxdetails&id=11707,https://www.marinespecies.org/rest/AphiaClassificationByAphiaID/11707,urn:lsid:marinespecies.org:taxname:11707,https://airtable.com/tblLqtIyuwA7rbEC3/recctrJngsnxLVNAe?blocks=bli5ItEhTDGAFc32p,Animalia,,,Mollusca,,,,Cephalopoda,,,,,,,,,,,,,,,,,,,,,,Mollusca,,recctrJngsnxLVNAe,,,
Coleoidea,SUBCLASS,ACCEPTED,,11709,http://www.marinespecies.org/aphia.php?p=taxdetails&id=11709,https://www.marinespecies.org/rest/AphiaClassificationByAphiaID/11709,urn:lsid:marinespecies.org:taxname:11709,https://airtable.com/tblLqtIyuwA7rbEC3/recWWr8x1igVsc0z4?blocks=bli5ItEhTDGAFc32p,Animalia,,,Mollusca,,,,Cephalopoda,Coleoidea,,,,,,,,,,,,,,,,,,,,,Cephalopoda,,recWWr8x1igVsc0z4,,,
Decapodiformes,SUPERORDER,ACCEPTED,,325342,http://www.marinespecies.org/aphia.php?p=taxdetails&id=325342,https://www.marinespecies.org/rest/AphiaClassificationByAphiaID/325342,urn:lsid:marinespecies.org:taxname:325342,https://airtable.com/tblLqtIyuwA7rbEC3/recB7tSlIWfdwf3Bu?blocks=bli5ItEhTDGAFc32p,Animalia,,,Mollusca,,,,Cephalopoda,Coleoidea,,,Decapodiformes,,,,,,,,,,,,,,,,,,Coleoidea,,recB7tSlIWfdwf3Bu,,,
Sepiida,ORDER,ACCEPTED,,11713,http://www.marinespecies.org/aphia.php?p=taxdetails&id=11713,https://www.marinespecies.org/rest/AphiaClassificationByAphiaID/11713,urn:lsid:marinespecies.org:taxname:11713,https://airtable.com/tblLqtIyuwA7rbEC3/recbxepKjDgG8GXSo?blocks=bli5ItEhTDGAFc32p,Animalia,,,Mollusca,,,,Cephalopoda,Coleoidea,,,Decapodiformes,Sepiida,,,,,,,,,,,,,,,,,Decapodiformes,,recbxepKjDgG8GXSo,,,
Sepioloidea,SUPERFAMILY,ACCEPTED,,1454580,http://www.marinespecies.org/aphia.php?p=taxdetails&id=1454580,https://www.marinespecies.org/rest/AphiaClassificationByAphiaID/1454580,urn:lsid:marinespecies.org:taxname:1454580,https://airtable.com/tblLqtIyuwA7rbEC3/rec7K0E6BFWHZZttL?blocks=bli5ItEhTDGAFc32p,Animalia,,,Mollusca,,,,Cephalopoda,Coleoidea,,,Decapodiformes,Sepiida,,,,,,Sepioloidea,,,,,,,,,,,Sepiida,,rec7K0E6BFWHZZttL,,,
Sepiolidae,FAMILY,ACCEPTED,,11725,http://www.marinespecies.org/aphia.php?p=taxdetails&id=11725,https://www.marinespecies.org/rest/AphiaClassificationByAphiaID/11725,urn:lsid:marinespecies.org:taxname:11725,https://airtable.com/tblLqtIyuwA7rbEC3/recrpaRtGjWnpIrsI?blocks=bli5ItEhTDGAFc32p,Animalia,,,Mollusca,,,,Cephalopoda,Coleoidea,,,Decapodiformes,Sepiida,,,,,,Sepioloidea,,Sepiolidae,,,,,,,,,Sepioloidea,,recrpaRtGjWnpIrsI,,,
Heteroteuthinae,SUBFAMILY,ACCEPTED,,877778,http://www.marinespecies.org/aphia.php?p=taxdetails&id=877778,https://www.marinespecies.org/rest/AphiaClassificationByAphiaID/877778,urn:lsid:marinespecies.org:taxname:877778,https://airtable.com/tblLqtIyuwA7rbEC3/rec8Bb7pT8hlEhW7g?blocks=bli5ItEhTDGAFc32p,Animalia,,,Mollusca,,,,Cephalopoda,Coleoidea,,,Decapodiformes,Sepiida,,,,,,Sepioloidea,,Sepiolidae,Heteroteuthinae,,,,,,,,Sepiolidae,,rec8Bb7pT8hlEhW7g,,,
Rossiinae,SUBFAMILY,ACCEPTED,,877777,http://www.marinespecies.org/aphia.php?p=taxdetails&id=877777,https://www.marinespecies.org/rest/AphiaClassificationByAphiaID/877777,urn:lsid:marinespecies.org:taxname:877777,https://airtable.com/tblLqtIyuwA7rbEC3/recRAKM2NrF4hw7KT?blocks=bli5ItEhTDGAFc32p,Animalia,,,Mollusca,,,,Cephalopoda,Coleoidea,,,Decapodiformes,Sepiida,,,,,,Sepioloidea,,Sepiolidae,Rossiinae,,,,,,,,Sepiolidae,,recRAKM2NrF4hw7KT,,,
Rossia,GENUS,ACCEPTED,,138481,http://www.marinespecies.org/aphia.php?p=taxdetails&id=138481,https://www.marinespecies.org/rest/AphiaClassificationByAphiaID/138481,urn:lsid:marinespecies.org:taxname:138481,https://airtable.com/tblLqtIyuwA7rbEC3/recihQ2H4ySZ47QXT?blocks=bli5ItEhTDGAFc32p,Animalia,,,Mollusca,,,,Cephalopoda,Coleoidea,,,Decapodiformes,Sepiida,,,,,,Sepioloidea,,Sepiolidae,Rossiinae,,,,Rossia,,,,Rossiinae,,recihQ2H4ySZ47QXT,,,
Rossia pacifica,SPECIES,ACCEPTED,Stubby Squid,346432,http://www.marinespecies.org/aphia.php?p=taxdetails&id=346432,https://www.marinespecies.org/rest/AphiaClassificationByAphiaID/346432,urn:lsid:marinespecies.org:taxname:346432,https://airtable.com/tblLqtIyuwA7rbEC3/recsFArLvIhUIz2qC?blocks=bli5ItEhTDGAFc32p,Animalia,,,Mollusca,,,,Cephalopoda,Coleoidea,,,Decapodiformes,Sepiida,,,,,,Sepioloidea,,Sepiolidae,Rossiinae,,,,Rossia,,Rossia pacifica,,Rossia,ROSP,recsFArLvIhUIz2qC,,,
Octopodiformes,SUPERORDER,ACCEPTED,,325343,http://www.marinespecies.org/aphia.php?p=taxdetails&id=325343,https://www.marinespecies.org/rest/AphiaClassificationByAphiaID/325343,urn:lsid:marinespecies.org:taxname:325343,https://airtable.com/tblLqtIyuwA7rbEC3/recLzr5gSTAeeXqhq?blocks=bli5ItEhTDGAFc32p,Animalia,,,Mollusca,,,,Cephalopoda,Coleoidea,,,Octopodiformes,,,,,,,,,,,,,,,,,,Coleoidea,,recLzr5gSTAeeXqhq,,,
Octopoda,ORDER,ACCEPTED,,11718,http://www.marinespecies.org/aphia.php?p=taxdetails&id=11718,https://www.marinespecies.org/rest/AphiaClassificationByAphiaID/11718,urn:lsid:marinespecies.org:taxname:11718,https://airtable.com/tblLqtIyuwA7rbEC3/recgXtSyxsHBDeqX4?blocks=bli5ItEhTDGAFc32p,Animalia,,,Mollusca,,,,Cephalopoda,Coleoidea,,,Octopodiformes,Octopoda,,,,,,,,,,,,,,,,,Octopodiformes,,recgXtSyxsHBDeqX4,,,
Incirrata,SUBORDER,ACCEPTED,,11733,http://www.marinespecies.org/aphia.php?p=taxdetails&id=11733,https://www.marinespecies.org/rest/AphiaClassificationByAphiaID/11733,urn:lsid:marinespecies.org:taxname:11733,https://airtable.com/tblLqtIyuwA7rbEC3/recTtmm6Ne3RhDjmk?blocks=bli5ItEhTDGAFc32p,Animalia,,,Mollusca,,,,Cephalopoda,Coleoidea,,,Octopodiformes,Octopoda,Incirrata,,,,,,,,,,,,,,,,Octopoda,,recTtmm6Ne3RhDjmk,,,
Octopodoidea,SUPERFAMILY,ACCEPTED,,14672,http://www.marinespecies.org/aphia.php?p=taxdetails&id=14672,https://www.marinespecies.org/rest/AphiaClassificationByAphiaID/14672,urn:lsid:marinespecies.org:taxname:14672,https://airtable.com/tblLqtIyuwA7rbEC3/recMbvF2CP5O6VGFV?blocks=bli5ItEhTDGAFc32p,Animalia,,,Mollusca,,,,Cephalopoda,Coleoidea,,,Octopodiformes,Octopoda,Incirrata,,,,,Octopodoidea,,,,,,,,,,,Incirrata,,recMbvF2CP5O6VGFV,,,
Enteroctopodidae,FAMILY,ACCEPTED,,834049,http://www.marinespecies.org/aphia.php?p=taxdetails&id=834049,https://www.marinespecies.org/rest/AphiaClassificationByAphiaID/834049,urn:lsid:marinespecies.org:taxname:834049,https://airtable.com/tblLqtIyuwA7rbEC3/rec1xvsa7NY6KjcTB?blocks=bli5ItEhTDGAFc32p,Animalia,,,Mollusca,,,,Cephalopoda,Coleoidea,,,Octopodiformes,Octopoda,Incirrata,,,,,Octopodoidea,,Enteroctopodidae,,,,,,,,,Octopodoidea,,rec1xvsa7NY6KjcTB,,,
Enteroctopus,GENUS,ACCEPTED,,341422,http://www.marinespecies.org/aphia.php?p=taxdetails&id=341422,https://www.marinespecies.org/rest/AphiaClassificationByAphiaID/341422,urn:lsid:marinespecies.org:taxname:341422,https://airtable.com/tblLqtIyuwA7rbEC3/rec6muAHVcMJyon4b?blocks=bli5ItEhTDGAFc32p,Animalia,,,Mollusca,,,,Cephalopoda,Coleoidea,,,Octopodiformes,Octopoda,Incirrata,,,,,Octopodoidea,,Enteroctopodidae,,,,,Enteroctopus,,,,Enteroctopodidae,,rec6muAHVcMJyon4b,,,
Enteroctopus dofleini,SPECIES,ACCEPTED,Giant Pacific Octopus,342305,http://www.marinespecies.org/aphia.php?p=taxdetails&id=342305,https://www.marinespecies.org/rest/AphiaClassificationByAphiaID/342305,urn:lsid:marinespecies.org:taxname:342305,https://airtable.com/tblLqtIyuwA7rbEC3/recNCo77RtVYCZB8M?blocks=bli5ItEhTDGAFc32p,Animalia,,,Mollusca,,,,Cephalopoda,Coleoidea,,,Octopodiformes,Octopoda,Incirrata,,,,,Octopodoidea,,Enteroctopodidae,,,,,Enteroctopus,,Enteroctopus dofleini,,Enteroctopus,"ENTD,entd,entd",recNCo77RtVYCZB8M,,,
Octopodidae,FAMILY,ACCEPTED,,11782,http://www.marinespecies.org/aphia.php?p=taxdetails&id=11782,https://www.marinespecies.org/rest/AphiaClassificationByAphiaID/11782,urn:lsid:marinespecies.org:taxname:11782,https://airtable.com/tblLqtIyuwA7rbEC3/rec9ylBp2JYDoPRpw?blocks=bli5ItEhTDGAFc32p,Animalia,,,Mollusca,,,,Cephalopoda,Coleoidea,,,Octopodiformes,Octopoda,Incirrata,,,,,Octopodoidea,,Octopodidae,,,,,,,,,Octopodoidea,,rec9ylBp2JYDoPRpw,,,
Octopus,GENUS,ACCEPTED,,138268,http://www.marinespecies.org/aphia.php?p=taxdetails&id=138268,https://www.marinespecies.org/rest/AphiaClassificationByAphiaID/138268,urn:lsid:marinespecies.org:taxname:138268,https://airtable.com/tblLqtIyuwA7rbEC3/reclQbkg3jEKuvJMp?blocks=bli5ItEhTDGAFc32p,Animalia,,,Mollusca,,,,Cephalopoda,Coleoidea,,,Octopodiformes,Octopoda,Incirrata,,,,,Octopodoidea,,Octopodidae,,,,,Octopus,,,,Octopodidae,,reclQbkg3jEKuvJMp,,,
Octopus rubescens,SPECIES,ACCEPTED,Red octopus,342023,http://www.marinespecies.org/aphia.php?p=taxdetails&id=342023,https://www.marinespecies.org/rest/AphiaClassificationByAphiaID/342023,urn:lsid:marinespecies.org:taxname:342023,https://airtable.com/tblLqtIyuwA7rbEC3/recKlJlRU6DwhJ8uE?blocks=bli5ItEhTDGAFc32p,Animalia,,,Mollusca,,,,Cephalopoda,Coleoidea,,,Octopodiformes,Octopoda,Incirrata,,,,,Octopodoidea,,Octopodidae,,,,,Octopus,,Octopus rubescens,,Octopus,"OCTR,octr,octr",recKlJlRU6DwhJ8uE,,,
Gastropoda,CLASS,ACCEPTED,,101,http://www.marinespecies.org/aphia.php?p=taxdetails&id=101,https://www.marinespecies.org/rest/AphiaClassificationByAphiaID/101,urn:lsid:marinespecies.org:taxname:101,https://airtable.com/tblLqtIyuwA7rbEC3/recBno7BHBSzEPKpT?blocks=bli5ItEhTDGAFc32p,Animalia,,,Mollusca,,,,Gastropoda,,,,,,,,,,,,,,,,,,,,,,Mollusca,"UNLI,LIMP,unli,UNSN,UNSN,unsn,UNSN",recBno7BHBSzEPKpT,,,LIMPET
Caenogastropoda,SUBCLASS,ACCEPTED,,224570,http://www.marinespecies.org/aphia.php?p=taxdetails&id=224570,https://www.marinespecies.org/rest/AphiaClassificationByAphiaID/224570,urn:lsid:marinespecies.org:taxname:224570,https://airtable.com/tblLqtIyuwA7rbEC3/recBwBcUmU5gWxX0B?blocks=bli5ItEhTDGAFc32p,Animalia,,,Mollusca,,,,Gastropoda,Caenogastropoda,,,,,,,,,,,,,,,,,,,,,Gastropoda,,recBwBcUmU5gWxX0B,,,
[unassigned] Caenogastropoda,ORDER,TEMPORARY NAME,,382204,http://www.marinespecies.org/aphia.php?p=taxdetails&id=382204,https://www.marinespecies.org/rest/AphiaClassificationByAphiaID/382204,urn:lsid:marinespecies.org:taxname:382204,https://airtable.com/tblLqtIyuwA7rbEC3/recGtHD2lAmpXXONb?blocks=bli5ItEhTDGAFc32p,Animalia,,,Mollusca,,,,Gastropoda,Caenogastropoda,,,,[unassigned] Caenogastropoda,,,,,,,,,,,,,,,,,Caenogastropoda,,recGtHD2lAmpXXONb,,,
Cerithioidea,SUPERFAMILY,ACCEPTED,,14769,http://www.marinespecies.org/aphia.php?p=taxdetails&id=14769,https://www.marinespecies.org/rest/AphiaClassificationByAphiaID/14769,urn:lsid:marinespecies.org:taxname:14769,https://airtable.com/tblLqtIyuwA7rbEC3/rec8IUOXtk4KyFGKD?blocks=bli5ItEhTDGAFc32p,Animalia,,,Mollusca,,,,Gastropoda,Caenogastropoda,,,,[unassigned] Caenogastropoda,,,,,,Cerithioidea,,,,,,,,,,,[unassigned] Caenogastropoda,,rec8IUOXtk4KyFGKD,,,
Batillariidae,FAMILY,ACCEPTED,,370444,http://www.marinespecies.org/aphia.php?p=taxdetails&id=370444,https://www.marinespecies.org/rest/AphiaClassificationByAphiaID/370444,urn:lsid:marinespecies.org:taxname:370444,https://airtable.com/tblLqtIyuwA7rbEC3/recNQ6Tz5xyeIaFfA?blocks=bli5ItEhTDGAFc32p,Animalia,,,Mollusca,,,,Gastropoda,Caenogastropoda,,,,[unassigned] Caenogastropoda,,,,,,Cerithioidea,,Batillariidae,,,,,,,,,Cerithioidea,,recNQ6Tz5xyeIaFfA,,,
Batillaria,GENUS,ACCEPTED,Horn snail,370445,http://www.marinespecies.org/aphia.php?p=taxdetails&id=370445,https://www.marinespecies.org/rest/AphiaClassificationByAphiaID/370445,urn:lsid:marinespecies.org:taxname:370445,https://airtable.com/tblLqtIyuwA7rbEC3/rec4Cr7L4LyBP0A6f?blocks=bli5ItEhTDGAFc32p,Animalia,,,Mollusca,,,,Gastropoda,Caenogastropoda,,,,[unassigned] Caenogastropoda,,,,,,Cerithioidea,,Batillariidae,,,,,Batillaria,,,,Batillariidae,BATI,rec4Cr7L4LyBP0A6f,,,
Batillaria zonalis,SPECIES,ACCEPTED,Japanese false cerith,397022,http://www.marinespecies.org/aphia.php?p=taxdetails&id=397022,https://www.marinespecies.org/rest/AphiaClassificationByAphiaID/397022,urn:lsid:marinespecies.org:taxname:397022,https://airtable.com/tblLqtIyuwA7rbEC3/recjZxyEUZFeAVEKt?blocks=bli5ItEhTDGAFc32p,Animalia,,,Mollusca,,,,Gastropoda,Caenogastropoda,,,,[unassigned] Caenogastropoda,,,,,,Cerithioidea,,Batillariidae,,,,,Batillaria,,Batillaria zonalis,,Batillaria,BATZ,recjZxyEUZFeAVEKt,,,
Cerithiidae,FAMILY,ACCEPTED,,128,http://www.marinespecies.org/aphia.php?p=taxdetails&id=128,https://www.marinespecies.org/rest/AphiaClassificationByAphiaID/128,urn:lsid:marinespecies.org:taxname:128,https://airtable.com/tblLqtIyuwA7rbEC3/recrRz66PkCLMp2hf?blocks=bli5ItEhTDGAFc32p,Animalia,,,Mollusca,,,,Gastropoda,Caenogastropoda,,,,[unassigned] Caenogastropoda,,,,,,Cerithioidea,,Cerithiidae,,,,,,,,,Cerithioidea,,recrRz66PkCLMp2hf,,,
Bittiinae,SUBFAMILY,ACCEPTED,,411649,http://www.marinespecies.org/aphia.php?p=taxdetails&id=411649,https://www.marinespecies.org/rest/AphiaClassificationByAphiaID/411649,urn:lsid:marinespecies.org:taxname:411649,https://airtable.com/tblLqtIyuwA7rbEC3/recnltYXhM4Yfukli?blocks=bli5ItEhTDGAFc32p,Animalia,,,Mollusca,,,,Gastropoda,Caenogastropoda,,,,[unassigned] Caenogastropoda,,,,,,Cerithioidea,,Cerithiidae,Bittiinae,,,,,,,,Cerithiidae,,recnltYXhM4Yfukli,,,
Neostylidium,GENUS,ACCEPTED,,744619,http://www.marinespecies.org/aphia.php?p=taxdetails&id=744619,https://www.marinespecies.org/rest/AphiaClassificationByAphiaID/744619,urn:lsid:marinespecies.org:taxname:744619,https://airtable.com/tblLqtIyuwA7rbEC3/recBCrqm9Xo27Oepu?blocks=bli5ItEhTDGAFc32p,Animalia,,,Mollusca,,,,Gastropoda,Caenogastropoda,,,,[unassigned] Caenogastropoda,,,,,,Cerithioidea,,Cerithiidae,Bittiinae,,,,Neostylidium,,,,Bittiinae,,recBCrqm9Xo27Oepu,,,
Neostylidium eschrichtii,SPECIES,ACCEPTED,Slender bittium,744620,http://www.marinespecies.org/aphia.php?p=taxdetails&id=744620,https://www.marinespecies.org/rest/AphiaClassificationByAphiaID/744620,urn:lsid:marinespecies.org:taxname:744620,https://airtable.com/tblLqtIyuwA7rbEC3/recalcOgoWV1TEtRi?blocks=bli5ItEhTDGAFc32p,Animalia,,,Mollusca,,,,Gastropoda,Caenogastropoda,,,,[unassigned] Caenogastropoda,,,,,,Cerithioidea,,Cerithiidae,Bittiinae,,,,Neostylidium,,Neostylidium eschrichtii,,Neostylidium,"NEES,BIES",recalcOgoWV1TEtRi,,,
Epitonioidea,SUPERFAMILY,ACCEPTED,,14781,http://www.marinespecies.org/aphia.php?p=taxdetails&id=14781,https://www.marinespecies.org/rest/AphiaClassificationByAphiaID/14781,urn:lsid:marinespecies.org:taxname:14781,https://airtable.com/tblLqtIyuwA7rbEC3/recoJhRJaG9HKnckF?blocks=bli5ItEhTDGAFc32p,Animalia,,,Mollusca,,,,Gastropoda,Caenogastropoda,,,,[unassigned] Caenogastropoda,,,,,,Epitonioidea,,,,,,,,,,,[unassigned] Caenogastropoda,,recoJhRJaG9HKnckF,,,
Epitoniidae,FAMILY,ACCEPTED,,132,http://www.marinespecies.org/aphia.php?p=taxdetails&id=132,https://www.marinespecies.org/rest/AphiaClassificationByAphiaID/132,urn:lsid:marinespecies.org:taxname:132,https://airtable.com/tblLqtIyuwA7rbEC3/recMLO83hlLDd0ZSY?blocks=bli5ItEhTDGAFc32p,Animalia,,,Mollusca,,,,Gastropoda,Caenogastropoda,,,,[unassigned] Caenogastropoda,,,,,,Epitonioidea,,Epitoniidae,,,,,,,,,Epitonioidea,,recMLO83hlLDd0ZSY,,,
Epitonium,GENUS,ACCEPTED,Wentletrap,137943,http://www.marinespecies.org/aphia.php?p=taxdetails&id=137943,https://www.marinespecies.org/rest/AphiaClassificationByAphiaID/137943,urn:lsid:marinespecies.org:taxname:137943,https://airtable.com/tblLqtIyuwA7rbEC3/recKw11xgJPR31XfA?blocks=bli5ItEhTDGAFc32p,Animalia,,,Mollusca,,,,Gastropoda,Caenogastropoda,,,,[unassigned] Caenogastropoda,,,,,,Epitonioidea,,Epitoniidae,,,,,Epitonium,,,,Epitoniidae,epit,recKw11xgJPR31XfA,,,
Littorinimorpha,ORDER,ACCEPTED,,382213,http://www.marinespecies.org/aphia.php?p=taxdetails&id=382213,https://www.marinespecies.org/rest/AphiaClassificationByAphiaID/382213,urn:lsid:marinespecies.org:taxname:382213,https://airtable.com/tblLqtIyuwA7rbEC3/recvuO00c0tzldMtR?blocks=bli5ItEhTDGAFc32p,Animalia,,,Mollusca,,,,Gastropoda,Caenogastropoda,,,,Littorinimorpha,,,,,,,,,,,,,,,,,Caenogastropoda,,recvuO00c0tzldMtR,,,
Calyptraeoidea,SUPERFAMILY,ACCEPTED,,387334,http://www.marinespecies.org/aphia.php?p=taxdetails&id=387334,https://www.marinespecies.org/rest/AphiaClassificationByAphiaID/387334,urn:lsid:marinespecies.org:taxname:387334,https://airtable.com/tblLqtIyuwA7rbEC3/recl0MAiTUrfowQw6?blocks=bli5ItEhTDGAFc32p,Animalia,,,Mollusca,,,,Gastropoda,Caenogastropoda,,,,Littorinimorpha,,,,,,Calyptraeoidea,,,,,,,,,,,Littorinimorpha,,recl0MAiTUrfowQw6,,,
Calyptraeidae,FAMILY,ACCEPTED,,141,http://www.marinespecies.org/aphia.php?p=taxdetails&id=141,https://www.marinespecies.org/rest/AphiaClassificationByAphiaID/141,urn:lsid:marinespecies.org:taxname:141,https://airtable.com/tblLqtIyuwA7rbEC3/rechMR3oZxuT1BNEF?blocks=bli5ItEhTDGAFc32p,Animalia,,,Mollusca,,,,Gastropoda,Caenogastropoda,,,,Littorinimorpha,,,,,,Calyptraeoidea,,Calyptraeidae,,,,,,,,,Calyptraeoidea,,rechMR3oZxuT1BNEF,,,
Crepidula,GENUS,ACCEPTED,Slipper snail,137722,http://www.marinespecies.org/aphia.php?p=taxdetails&id=137722,https://www.marinespecies.org/rest/AphiaClassificationByAphiaID/137722,urn:lsid:marinespecies.org:taxname:137722,https://airtable.com/tblLqtIyuwA7rbEC3/rechkYs1lIR1Pp57S?blocks=bli5ItEhTDGAFc32p,Animalia,,,Mollusca,,,,Gastropoda,Caenogastropoda,,,,Littorinimorpha,,,,,,Calyptraeoidea,,Calyptraeidae,,,,,Crepidula,,,,Calyptraeidae,CREP,rechkYs1lIR1Pp57S,,,
Capuloidea,SUPERFAMILY,ACCEPTED,,387335,http://www.marinespecies.org/aphia.php?p=taxdetails&id=387335,https://www.marinespecies.org/rest/AphiaClassificationByAphiaID/387335,urn:lsid:marinespecies.org:taxname:387335,https://airtable.com/tblLqtIyuwA7rbEC3/recvJwszlElP8m9kn?blocks=bli5ItEhTDGAFc32p,Animalia,,,Mollusca,,,,Gastropoda,Caenogastropoda,,,,Littorinimorpha,,,,,,Capuloidea,,,,,,,,,,,Littorinimorpha,,recvJwszlElP8m9kn,,,
Capulidae,FAMILY,ACCEPTED,,139,http://www.marinespecies.org/aphia.php?p=taxdetails&id=139,https://www.marinespecies.org/rest/AphiaClassificationByAphiaID/139,urn:lsid:marinespecies.org:taxname:139,https://airtable.com/tblLqtIyuwA7rbEC3/recpuYleYc0vT35O0?blocks=bli5ItEhTDGAFc32p,Animalia,,,Mollusca,,,,Gastropoda,Caenogastropoda,,,,Littorinimorpha,,,,,,Capuloidea,,Capulidae,,,,,,,,,Capuloidea,,recpuYleYc0vT35O0,,,
Trichotropis,GENUS,ACCEPTED,,137731,http://www.marinespecies.org/aphia.php?p=taxdetails&id=137731,https://www.marinespecies.org/rest/AphiaClassificationByAphiaID/137731,urn:lsid:marinespecies.org:taxname:137731,https://airtable.com/tblLqtIyuwA7rbEC3/reciPUIm2NZC6uemZ?blocks=bli5ItEhTDGAFc32p,Animalia,,,Mollusca,,,,Gastropoda,Caenogastropoda,,,,Littorinimorpha,,,,,,Capuloidea,,Capulidae,,,,,Trichotropis,,,,Capulidae,,reciPUIm2NZC6uemZ,,,
Trichotropis cancellata,SPECIES,ACCEPTED,Checkered hairy snail,580665,http://www.marinespecies.org/aphia.php?p=taxdetails&id=580665,https://www.marinespecies.org/rest/AphiaClassificationByAphiaID/580665,urn:lsid:marinespecies.org:taxname:580665,https://airtable.com/tblLqtIyuwA7rbEC3/recuDvVwVHvcn6lTm?blocks=bli5ItEhTDGAFc32p,Animalia,,,Mollusca,,,,Gastropoda,Caenogastropoda,,,,Littorinimorpha,,,,,,Capuloidea,,Capulidae,,,,,Trichotropis,,Trichotropis cancellata,,Trichotropis,tria,recuDvVwVHvcn6lTm,,,
Littorinoidea,SUPERFAMILY,ACCEPTED,,14766,http://www.marinespecies.org/aphia.php?p=taxdetails&id=14766,https://www.marinespecies.org/rest/AphiaClassificationByAphiaID/14766,urn:lsid:marinespecies.org:taxname:14766,https://airtable.com/tblLqtIyuwA7rbEC3/recpb6v45usmwjb0a?blocks=bli5ItEhTDGAFc32p,Animalia,,,Mollusca,,,,Gastropoda,Caenogastropoda,,,,Littorinimorpha,,,,,,Littorinoidea,,,,,,,,,,,Littorinimorpha,,recpb6v45usmwjb0a,,,
Littorinidae,FAMILY,ACCEPTED,,119,http://www.marinespecies.org/aphia.php?p=taxdetails&id=119,https://www.marinespecies.org/rest/AphiaClassificationByAphiaID/119,urn:lsid:marinespecies.org:taxname:119,https://airtable.com/tblLqtIyuwA7rbEC3/rec2mNJZcveDIqGhq?blocks=bli5ItEhTDGAFc32p,Animalia,,,Mollusca,,,,Gastropoda,Caenogastropoda,,,,Littorinimorpha,,,,,,Littorinoidea,,Littorinidae,,,,,,,,,Littorinoidea,,rec2mNJZcveDIqGhq,,,
Lacuninae,SUBFAMILY,ACCEPTED,,1735,http://www.marinespecies.org/aphia.php?p=taxdetails&id=1735,https://www.marinespecies.org/rest/AphiaClassificationByAphiaID/1735,urn:lsid:marinespecies.org:taxname:1735,https://airtable.com/tblLqtIyuwA7rbEC3/recUV2HSgBWdqcaMs?blocks=bli5ItEhTDGAFc32p,Animalia,,,Mollusca,,,,Gastropoda,Caenogastropoda,,,,Littorinimorpha,,,,,,Littorinoidea,,Littorinidae,Lacuninae,,,,,,,,Littorinidae,,recUV2HSgBWdqcaMs,,,
Lacuna,GENUS,ACCEPTED,Lacuna snail,138099,http://www.marinespecies.org/aphia.php?p=taxdetails&id=138099,https://www.marinespecies.org/rest/AphiaClassificationByAphiaID/138099,urn:lsid:marinespecies.org:taxname:138099,https://airtable.com/tblLqtIyuwA7rbEC3/recsdlpsGOZtLAKTE?blocks=bli5ItEhTDGAFc32p,Animalia,,,Mollusca,,,,Gastropoda,Caenogastropoda,,,,Littorinimorpha,,,,,,Littorinoidea,,Littorinidae,Lacuninae,,,,Lacuna,,,,Lacuninae,"LACU,LACU,lacu,LAEG,LAEG",recsdlpsGOZtLAKTE,,,
Lacuna vincta,SPECIES,ACCEPTED,Wide Lacuna,140170,http://www.marinespecies.org/aphia.php?p=taxdetails&id=140170,https://www.marinespecies.org/rest/AphiaClassificationByAphiaID/140170,urn:lsid:marinespecies.org:taxname:140170,https://airtable.com/tblLqtIyuwA7rbEC3/recqwbZiPb5VKxvef?blocks=bli5ItEhTDGAFc32p,Animalia,,,Mollusca,,,,Gastropoda,Caenogastropoda,,,,Littorinimorpha,,,,,,Littorinoidea,,Littorinidae,Lacuninae,,,,Lacuna,,Lacuna vincta,,Lacuna,LACV,recqwbZiPb5VKxvef,,,
Littorininae,SUBFAMILY,ACCEPTED,,153707,http://www.marinespecies.org/aphia.php?p=taxdetails&id=153707,https://www.marinespecies.org/rest/AphiaClassificationByAphiaID/153707,urn:lsid:marinespecies.org:taxname:153707,https://airtable.com/tblLqtIyuwA7rbEC3/recR5zYnBXi0KbLgG?blocks=bli5ItEhTDGAFc32p,Animalia,,,Mollusca,,,,Gastropoda,Caenogastropoda,,,,Littorinimorpha,,,,,,Littorinoidea,,Littorinidae,Littorininae,,,,,,,,Littorinidae,,recR5zYnBXi0KbLgG,,,
Littorina,GENUS,ACCEPTED,periwinkle,138135,http://www.marinespecies.org/aphia.php?p=taxdetails&id=138135,https://www.marinespecies.org/rest/AphiaClassificationByAphiaID/138135,urn:lsid:marinespecies.org:taxname:138135,https://airtable.com/tblLqtIyuwA7rbEC3/recmP9hbJSWSqu1pM?blocks=bli5ItEhTDGAFc32p,Animalia,,,Mollusca,,,,Gastropoda,Caenogastropoda,,,,Littorinimorpha,,,,,,Littorinoidea,,Littorinidae,Littorininae,,,,Littorina,,,,Littorininae,"LITT,litt",recmP9hbJSWSqu1pM,,,
Littorina plena,SPECIES,ACCEPTED,Black periwinkle,445659,http://www.marinespecies.org/aphia.php?p=taxdetails&id=445659,https://www.marinespecies.org/rest/AphiaClassificationByAphiaID/445659,urn:lsid:marinespecies.org:taxname:445659,https://airtable.com/tblLqtIyuwA7rbEC3/reczPzUBNvW1owpqg?blocks=bli5ItEhTDGAFc32p,Animalia,,,Mollusca,,,,Gastropoda,Caenogastropoda,,,,Littorinimorpha,,,,,,Littorinoidea,,Littorinidae,Littorininae,,,,Littorina,,Littorina plena,,Littorina,"LIPL,LITC",reczPzUBNvW1owpqg,,,
Littorina scutulata,SPECIES,ACCEPTED,Checkered periwinkle,445657,http://www.marinespecies.org/aphia.php?p=taxdetails&id=445657,https://www.marinespecies.org/rest/AphiaClassificationByAphiaID/445657,urn:lsid:marinespecies.org:taxname:445657,https://airtable.com/tblLqtIyuwA7rbEC3/recT7t3IDEj2bM3AS?blocks=bli5ItEhTDGAFc32p,Animalia,,,Mollusca,,,,Gastropoda,Caenogastropoda,,,,Littorinimorpha,,,,,,Littorinoidea,,Littorinidae,Littorininae,,,,Littorina,,Littorina scutulata,,Littorina,LISC,recT7t3IDEj2bM3AS,,,
Littorina sitkana,SPECIES,ACCEPTED,Sitka periwinkle,445754,http://www.marinespecies.org/aphia.php?p=taxdetails&id=445754,https://www.marinespecies.org/rest/AphiaClassificationByAphiaID/445754,urn:lsid:marinespecies.org:taxname:445754,https://airtable.com/tblLqtIyuwA7rbEC3/recWQsDMrNBiyZbkF?blocks=bli5ItEhTDGAFc32p,Animalia,,,Mollusca,,,,Gastropoda,Caenogastropoda,,,,Littorinimorpha,,,,,,Littorinoidea,,Littorinidae,Littorininae,,,,Littorina,,Littorina sitkana,,Littorina,"LITS,LISI,LITS",recWQsDMrNBiyZbkF,,,
Naticoidea,SUPERFAMILY,ACCEPTED,,14776,http://www.marinespecies.org/aphia.php?p=taxdetails&id=14776,https://www.marinespecies.org/rest/AphiaClassificationByAphiaID/14776,urn:lsid:marinespecies.org:taxname:14776,https://airtable.com/tblLqtIyuwA7rbEC3/recozDgivpgCbWb4I?blocks=bli5ItEhTDGAFc32p,Animalia,,,Mollusca,,,,Gastropoda,Caenogastropoda,,,,Littorinimorpha,,,,,,Naticoidea,,,,,,,,,,,Littorinimorpha,,recozDgivpgCbWb4I,,,
Naticidae,FAMILY,ACCEPTED,,145,http://www.marinespecies.org/aphia.php?p=taxdetails&id=145,https://www.marinespecies.org/rest/AphiaClassificationByAphiaID/145,urn:lsid:marinespecies.org:taxname:145,https://airtable.com/tblLqtIyuwA7rbEC3/recSzqRv8N02OoVqv?blocks=bli5ItEhTDGAFc32p,Animalia,,,Mollusca,,,,Gastropoda,Caenogastropoda,,,,Littorinimorpha,,,,,,Naticoidea,,Naticidae,,,,,,,,,Naticoidea,,recSzqRv8N02OoVqv,,,
Polinicinae,SUBFAMILY,ACCEPTED,,224937,http://www.marinespecies.org/aphia.php?p=taxdetails&id=224937,https://www.marinespecies.org/rest/AphiaClassificationByAphiaID/224937,urn:lsid:marinespecies.org:taxname:224937,https://airtable.com/tblLqtIyuwA7rbEC3/recyQ5MyYbFLzxL5m?blocks=bli5ItEhTDGAFc32p,Animalia,,,Mollusca,,,,Gastropoda,Caenogastropoda,,,,Littorinimorpha,,,,,,Naticoidea,,Naticidae,Polinicinae,,,,,,,,Naticidae,,recyQ5MyYbFLzxL5m,,,
Euspira,GENUS,ACCEPTED,,138239,http://www.marinespecies.org/aphia.php?p=taxdetails&id=138239,https://www.marinespecies.org/rest/AphiaClassificationByAphiaID/138239,urn:lsid:marinespecies.org:taxname:138239,https://airtable.com/tblLqtIyuwA7rbEC3/recI0BVl1DvNVj8bL?blocks=bli5ItEhTDGAFc32p,Animalia,,,Mollusca,,,,Gastropoda,Caenogastropoda,,,,Littorinimorpha,,,,,,Naticoidea,,Naticidae,Polinicinae,,,,Euspira,,,,Polinicinae,,recI0BVl1DvNVj8bL,,,
Euspira lewisii,SPECIES,UNACCEPTED,Lewis's Moonsnail,246813,http://www.marinespecies.org/aphia.php?p=taxdetails&id=246813,https://www.marinespecies.org/rest/AphiaClassificationByAphiaID/246813,urn:lsid:marinespecies.org:taxname:246813,https://airtable.com/tblLqtIyuwA7rbEC3/recmPPomeZmZu7LkQ?blocks=bli5ItEhTDGAFc32p,Animalia,,,Mollusca,,,,Gastropoda,Caenogastropoda,,,,Littorinimorpha,,,,,,Naticoidea,,Naticidae,Polinicinae,,,,Euspira,,Euspira lewisii,,Euspira,EUSL,recmPPomeZmZu7LkQ,,,
Neverita,GENUS,ACCEPTED,,138241,http://www.marinespecies.org/aphia.php?p=taxdetails&id=138241,https://www.marinespecies.org/rest/AphiaClassificationByAphiaID/138241,urn:lsid:marinespecies.org:taxname:138241,https://airtable.com/tblLqtIyuwA7rbEC3/rec06I30klW9ITlF4?blocks=bli5ItEhTDGAFc32p,Animalia,,,Mollusca,,,,Gastropoda,Caenogastropoda,,,,Littorinimorpha,,,,,,Naticoidea,,Naticidae,Polinicinae,,,,Neverita,,,,Polinicinae,,rec06I30klW9ITlF4,,,
Neverita lewisii,SPECIES,ACCEPTED,,718659,http://www.marinespecies.org/aphia.php?p=taxdetails&id=718659,https://www.marinespecies.org/rest/AphiaClassificationByAphiaID/718659,urn:lsid:marinespecies.org:taxname:718659,https://airtable.com/tblLqtIyuwA7rbEC3/rechQFPNdFHhuuCQM?blocks=bli5ItEhTDGAFc32p,Animalia,,,Mollusca,,,,Gastropoda,Caenogastropoda,,,,Littorinimorpha,,,,,,Naticoidea,,Naticidae,Polinicinae,,,,Neverita,,Neverita lewisii,,Neverita,,rechQFPNdFHhuuCQM,,,
Tonnoidea,SUPERFAMILY,ACCEPTED,,14777,http://www.marinespecies.org/aphia.php?p=taxdetails&id=14777,https://www.marinespecies.org/rest/AphiaClassificationByAphiaID/14777,urn:lsid:marinespecies.org:taxname:14777,https://airtable.com/tblLqtIyuwA7rbEC3/recNF3RosSWbQkCHo?blocks=bli5ItEhTDGAFc32p,Animalia,,,Mollusca,,,,Gastropoda,Caenogastropoda,,,,Littorinimorpha,,,,,,Tonnoidea,,,,,,,,,,,Littorinimorpha,,recNF3RosSWbQkCHo,,,
Cymatiidae,FAMILY,ACCEPTED,,196332,http://www.marinespecies.org/aphia.php?p=taxdetails&id=196332,https://www.marinespecies.org/rest/AphiaClassificationByAphiaID/196332,urn:lsid:marinespecies.org:taxname:196332,https://airtable.com/tblLqtIyuwA7rbEC3/rec6xrG61PcxS4RTT?blocks=bli5ItEhTDGAFc32p,Animalia,,,Mollusca,,,,Gastropoda,Caenogastropoda,,,,Littorinimorpha,,,,,,Tonnoidea,,Cymatiidae,,,,,,,,,Tonnoidea,,rec6xrG61PcxS4RTT,,,
Fusitriton,GENUS,ACCEPTED,,390535,http://www.marinespecies.org/aphia.php?p=taxdetails&id=390535,https://www.marinespecies.org/rest/AphiaClassificationByAphiaID/390535,urn:lsid:marinespecies.org:taxname:390535,https://airtable.com/tblLqtIyuwA7rbEC3/recqg90NnxtxnaBZD?blocks=bli5ItEhTDGAFc32p,Animalia,,,Mollusca,,,,Gastropoda,Caenogastropoda,,,,Littorinimorpha,,,,,,Tonnoidea,,Cymatiidae,,,,,Fusitriton,,,,Cymatiidae,,recqg90NnxtxnaBZD,,,
Fusitriton oregonensis,SPECIES,ACCEPTED,Oregon Triton,476496,http://www.marinespecies.org/aphia.php?p=taxdetails&id=476496,https://www.marinespecies.org/rest/AphiaClassificationByAphiaID/476496,urn:lsid:marinespecies.org:taxname:476496,https://airtable.com/tblLqtIyuwA7rbEC3/recDEmGy9P8PMh3L4?blocks=bli5ItEhTDGAFc32p,Animalia,,,Mollusca,,,,Gastropoda,Caenogastropoda,,,,Littorinimorpha,,,,,,Tonnoidea,,Cymatiidae,,,,,Fusitriton,,Fusitriton oregonensis,,Fusitriton,"FUSO,fuso,fuso",recDEmGy9P8PMh3L4,,,
Vanikoroidea,SUPERFAMILY,ACCEPTED,,387336,http://www.marinespecies.org/aphia.php?p=taxdetails&id=387336,https://www.marinespecies.org/rest/AphiaClassificationByAphiaID/387336,urn:lsid:marinespecies.org:taxname:387336,https://airtable.com/tblLqtIyuwA7rbEC3/recYwTjEbTE7rMgtw?blocks=bli5ItEhTDGAFc32p,Animalia,,,Mollusca,,,,Gastropoda,Caenogastropoda,,,,Littorinimorpha,,,,,,Vanikoroidea,,,,,,,,,,,Littorinimorpha,,recYwTjEbTE7rMgtw,,,
Eulimidae,FAMILY,ACCEPTED,,135,http://www.marinespecies.org/aphia.php?p=taxdetails&id=135,https://www.marinespecies.org/rest/AphiaClassificationByAphiaID/135,urn:lsid:marinespecies.org:taxname:135,https://airtable.com/tblLqtIyuwA7rbEC3/recnFzZN0gEB8VL7O?blocks=bli5ItEhTDGAFc32p,Animalia,,,Mollusca,,,,Gastropoda,Caenogastropoda,,,,Littorinimorpha,,,,,,Vanikoroidea,,Eulimidae,,,,,,,,,Vanikoroidea,,recnFzZN0gEB8VL7O,,,
Melanella,GENUS,ACCEPTED,,137978,http://www.marinespecies.org/aphia.php?p=taxdetails&id=137978,https://www.marinespecies.org/rest/AphiaClassificationByAphiaID/137978,urn:lsid:marinespecies.org:taxname:137978,https://airtable.com/tblLqtIyuwA7rbEC3/recU5yuPXPWMyKy0M?blocks=bli5ItEhTDGAFc32p,Animalia,,,Mollusca,,,,Gastropoda,Caenogastropoda,,,,Littorinimorpha,,,,,,Vanikoroidea,,Eulimidae,,,,,Melanella,,,,Eulimidae,,recU5yuPXPWMyKy0M,,,
Melanella micans,SPECIES,ACCEPTED,Shining balcis,566130,http://www.marinespecies.org/aphia.php?p=taxdetails&id=566130,https://www.marinespecies.org/rest/AphiaClassificationByAphiaID/566130,urn:lsid:marinespecies.org:taxname:566130,https://airtable.com/tblLqtIyuwA7rbEC3/recDsa6qD48S4vRr9?blocks=bli5ItEhTDGAFc32p,Animalia,,,Mollusca,,,,Gastropoda,Caenogastropoda,,,,Littorinimorpha,,,,,,Vanikoroidea,,Eulimidae,,,,,Melanella,,Melanella micans,,Melanella,"balm,MEMI",recDsa6qD48S4vRr9,,,
Neogastropoda,ORDER,ACCEPTED,,146,http://www.marinespecies.org/aphia.php?p=taxdetails&id=146,https://www.marinespecies.org/rest/AphiaClassificationByAphiaID/146,urn:lsid:marinespecies.org:taxname:146,https://airtable.com/tblLqtIyuwA7rbEC3/recMFXdpqX1pnh0x9?blocks=bli5ItEhTDGAFc32p,Animalia,,,Mollusca,,,,Gastropoda,Caenogastropoda,,,,Neogastropoda,,,,,,,,,,,,,,,,,Caenogastropoda,,recMFXdpqX1pnh0x9,,,
Buccinoidea,SUPERFAMILY,ACCEPTED,,382214,http://www.marinespecies.org/aphia.php?p=taxdetails&id=382214,https://www.marinespecies.org/rest/AphiaClassificationByAphiaID/382214,urn:lsid:marinespecies.org:taxname:382214,https://airtable.com/tblLqtIyuwA7rbEC3/recpffkZf2FzIdTS3?blocks=bli5ItEhTDGAFc32p,Animalia,,,Mollusca,,,,Gastropoda,Caenogastropoda,,,,Neogastropoda,,,,,,Buccinoidea,,,,,,,,,,,Neogastropoda,,recpffkZf2FzIdTS3,,,
[unassigned] Buccinoidea,FAMILY,TEMPORARY NAME,,1522643,http://www.marinespecies.org/aphia.php?p=taxdetails&id=1522643,https://www.marinespecies.org/rest/AphiaClassificationByAphiaID/1522643,urn:lsid:marinespecies.org:taxname:1522643,https://airtable.com/tblLqtIyuwA7rbEC3/recC7Uyc3HbYzgMOI?blocks=bli5ItEhTDGAFc32p,Animalia,,,Mollusca,,,,Gastropoda,Caenogastropoda,,,,Neogastropoda,,,,,,Buccinoidea,,[unassigned] Buccinoidea,,,,,,,,,Buccinoidea,,recC7Uyc3HbYzgMOI,,,
Searlesia dira,SPECIES,UNACCEPTED,Dire whelk,719180,http://www.marinespecies.org/aphia.php?p=taxdetails&id=719180,https://www.marinespecies.org/rest/AphiaClassificationByAphiaID/719180,urn:lsid:marinespecies.org:taxname:719180,https://airtable.com/tblLqtIyuwA7rbEC3/recfrhmOvmYTgFn3z?blocks=bli5ItEhTDGAFc32p,Animalia,,,Mollusca,,,,Gastropoda,Caenogastropoda,,,,Neogastropoda,,,,,,Buccinoidea,,[unassigned] Buccinoidea,,,,,Searlesia,,Searlesia dira,,Searlesia,SEDI,recfrhmOvmYTgFn3z,,,
Buccinidae,FAMILY,ACCEPTED,,149,http://www.marinespecies.org/aphia.php?p=taxdetails&id=149,https://www.marinespecies.org/rest/AphiaClassificationByAphiaID/149,urn:lsid:marinespecies.org:taxname:149,https://airtable.com/tblLqtIyuwA7rbEC3/recxZ9Pe7wSdRU4gY?blocks=bli5ItEhTDGAFc32p,Animalia,,,Mollusca,,,,Gastropoda,Caenogastropoda,,,,Neogastropoda,,,,,,Buccinoidea,,Buccinidae,,,,,,,,,Buccinoidea,BUCC,recxZ9Pe7wSdRU4gY,,,
Lirabuccinum,GENUS,ACCEPTED,,490541,http://www.marinespecies.org/aphia.php?p=taxdetails&id=490541,https://www.marinespecies.org/rest/AphiaClassificationByAphiaID/490541,urn:lsid:marinespecies.org:taxname:490541,https://airtable.com/tblLqtIyuwA7rbEC3/recbLYySHpvvbWvHk?blocks=bli5ItEhTDGAFc32p,Animalia,,,Mollusca,,,,Gastropoda,Caenogastropoda,,,,Neogastropoda,,,,,,Buccinoidea,,Buccinidae,,,,,Lirabuccinum,,,,Buccinidae,,recbLYySHpvvbWvHk,,,
Neptunea,GENUS,ACCEPTED,Whelk species,137710,http://www.marinespecies.org/aphia.php?p=taxdetails&id=137710,https://www.marinespecies.org/rest/AphiaClassificationByAphiaID/137710,urn:lsid:marinespecies.org:taxname:137710,https://airtable.com/tblLqtIyuwA7rbEC3/recbTSKYWjjMn3sX7?blocks=bli5ItEhTDGAFc32p,Animalia,,,Mollusca,,,,Gastropoda,Caenogastropoda,,,,Neogastropoda,,,,,,Buccinoidea,,Buccinidae,,,,,Neptunea,,,,Buccinidae,"NEPT,nept,nept",recbTSKYWjjMn3sX7,,,
Searlesia,GENUS,ACCEPTED,,719179,http://www.marinespecies.org/aphia.php?p=taxdetails&id=719179,https://www.marinespecies.org/rest/AphiaClassificationByAphiaID/719179,urn:lsid:marinespecies.org:taxname:719179,https://airtable.com/tblLqtIyuwA7rbEC3/rec7XuV5EUhspD2p1?blocks=bli5ItEhTDGAFc32p,Animalia,,,Mollusca,,,,Gastropoda,Caenogastropoda,,,,Neogastropoda,,,,,,Buccinoidea,,Buccinidae,,,,,Searlesia,,,,Buccinidae,,rec7XuV5EUhspD2p1,,,
Neptuneinae,SUBFAMILY,ACCEPTED,,1522221,http://www.marinespecies.org/aphia.php?p=taxdetails&id=1522221,https://www.marinespecies.org/rest/AphiaClassificationByAphiaID/1522221,urn:lsid:marinespecies.org:taxname:1522221,https://airtable.com/tblLqtIyuwA7rbEC3/recR83fTywWF5W8Mo?blocks=bli5ItEhTDGAFc32p,Animalia,,,Mollusca,,,,Gastropoda,Caenogastropoda,,,,Neogastropoda,,,,,,Buccinoidea,,Buccinidae,Neptuneinae,,,,,,,,Buccinidae,,recR83fTywWF5W8Mo,,,
Columbellidae,FAMILY,ACCEPTED,,23009,http://www.marinespecies.org/aphia.php?p=taxdetails&id=23009,https://www.marinespecies.org/rest/AphiaClassificationByAphiaID/23009,urn:lsid:marinespecies.org:taxname:23009,https://airtable.com/tblLqtIyuwA7rbEC3/recdvoRHETrsOZFM8?blocks=bli5ItEhTDGAFc32p,Animalia,,,Mollusca,,,,Gastropoda,Caenogastropoda,,,,Neogastropoda,,,,,,Buccinoidea,,Columbellidae,,,,,,,,,Buccinoidea,COLU,recdvoRHETrsOZFM8,,,
Alia,GENUS,ACCEPTED,Alia dove snail,512256,http://www.marinespecies.org/aphia.php?p=taxdetails&id=512256,https://www.marinespecies.org/rest/AphiaClassificationByAphiaID/512256,urn:lsid:marinespecies.org:taxname:512256,https://airtable.com/tblLqtIyuwA7rbEC3/recRJ8KmULVPaMVcR?blocks=bli5ItEhTDGAFc32p,Animalia,,,Mollusca,,,,Gastropoda,Caenogastropoda,,,,Neogastropoda,,,,,,Buccinoidea,,Columbellidae,,,,,Alia,,,,Columbellidae,ALDS,recRJ8KmULVPaMVcR,,,
Alia carinata,SPECIES,ACCEPTED,Carinate dovesnail,511703,http://www.marinespecies.org/aphia.php?p=taxdetails&id=511703,https://www.marinespecies.org/rest/AphiaClassificationByAphiaID/511703,urn:lsid:marinespecies.org:taxname:511703,https://airtable.com/tblLqtIyuwA7rbEC3/rec82qf7YCozYlWIx?blocks=bli5ItEhTDGAFc32p,Animalia,,,Mollusca,,,,Gastropoda,Caenogastropoda,,,,Neogastropoda,,,,,,Buccinoidea,,Columbellidae,,,,,Alia,,Alia carinata,,Alia,ALCA,rec82qf7YCozYlWIx,,,
Amphissa,GENUS,ACCEPTED,,137801,http://www.marinespecies.org/aphia.php?p=taxdetails&id=137801,https://www.marinespecies.org/rest/AphiaClassificationByAphiaID/137801,urn:lsid:marinespecies.org:taxname:137801,https://airtable.com/tblLqtIyuwA7rbEC3/recPHvYjkoXvOPMT6?blocks=bli5ItEhTDGAFc32p,Animalia,,,Mollusca,,,,Gastropoda,Caenogastropoda,,,,Neogastropoda,,,,,,Buccinoidea,,Columbellidae,,,,,Amphissa,,,,Columbellidae,"AMDS,ampi",recPHvYjkoXvOPMT6,,,
Amphissa columbiana,SPECIES,ACCEPTED,Wrinkled amphissa,511361,http://www.marinespecies.org/aphia.php?p=taxdetails&id=511361,https://www.marinespecies.org/rest/AphiaClassificationByAphiaID/511361,urn:lsid:marinespecies.org:taxname:511361,https://airtable.com/tblLqtIyuwA7rbEC3/recLXB6CUULl2swJK?blocks=bli5ItEhTDGAFc32p,Animalia,,,Mollusca,,,,Gastropoda,Caenogastropoda,,,,Neogastropoda,,,,,,Buccinoidea,,Columbellidae,,,,,Amphissa,,Amphissa columbiana,,Amphissa,"AMPC,AMCO",recLXB6CUULl2swJK,,,
Amphissa versicolor,SPECIES,ACCEPTED,,511364,http://www.marinespecies.org/aphia.php?p=taxdetails&id=511364,https://www.marinespecies.org/rest/AphiaClassificationByAphiaID/511364,urn:lsid:marinespecies.org:taxname:511364,https://airtable.com/tblLqtIyuwA7rbEC3/recJ1exMcFqY94nfg?blocks=bli5ItEhTDGAFc32p,Animalia,,,Mollusca,,,,Gastropoda,Caenogastropoda,,,,Neogastropoda,,,,,,Buccinoidea,,Columbellidae,,,,,Amphissa,,Amphissa versicolor,,Amphissa,AMVE,recJ1exMcFqY94nfg,,,
Astyris,GENUS,ACCEPTED,,160101,http://www.marinespecies.org/aphia.php?p=taxdetails&id=160101,https://www.marinespecies.org/rest/AphiaClassificationByAphiaID/160101,urn:lsid:marinespecies.org:taxname:160101,https://airtable.com/tblLqtIyuwA7rbEC3/rec32LfuoXkHm5wsM?blocks=bli5ItEhTDGAFc32p,Animalia,,,Mollusca,,,,Gastropoda,Caenogastropoda,,,,Neogastropoda,,,,,,Buccinoidea,,Columbellidae,,,,,Astyris,,,,Columbellidae,ASTY,rec32LfuoXkHm5wsM,,,
Tudiclidae,FAMILY,ACCEPTED,,1296552,http://www.marinespecies.org/aphia.php?p=taxdetails&id=1296552,https://www.marinespecies.org/rest/AphiaClassificationByAphiaID/1296552,urn:lsid:marinespecies.org:taxname:1296552,https://airtable.com/tblLqtIyuwA7rbEC3/recqKPrIWVNE6b8vY?blocks=bli5ItEhTDGAFc32p,Animalia,,,Mollusca,,,,Gastropoda,Caenogastropoda,,,,Neogastropoda,,,,,,Buccinoidea,,Tudiclidae,,,,,,,,,Buccinoidea,,recqKPrIWVNE6b8vY,,,
Lirabuccinum dirum,SPECIES,ACCEPTED,,491076,http://www.marinespecies.org/aphia.php?p=taxdetails&id=491076,https://www.marinespecies.org/rest/AphiaClassificationByAphiaID/491076,urn:lsid:marinespecies.org:taxname:491076,https://airtable.com/tblLqtIyuwA7rbEC3/recjAD2W4TwGMGdWR?blocks=bli5ItEhTDGAFc32p,Animalia,,,Mollusca,,,,Gastropoda,Caenogastropoda,,,,Neogastropoda,,,,,,Buccinoidea,,Tudiclidae,,,,,Lirabuccinum,,Lirabuccinum dirum,,Lirabuccinum,LIDI,recjAD2W4TwGMGdWR,,,
Muricoidea,SUPERFAMILY,ACCEPTED,,15138,http://www.marinespecies.org/aphia.php?p=taxdetails&id=15138,https://www.marinespecies.org/rest/AphiaClassificationByAphiaID/15138,urn:lsid:marinespecies.org:taxname:15138,https://airtable.com/tblLqtIyuwA7rbEC3/recuLtCRW6YKDWUcS?blocks=bli5ItEhTDGAFc32p,Animalia,,,Mollusca,,,,Gastropoda,Caenogastropoda,,,,Neogastropoda,,,,,,Muricoidea,,,,,,,,,,,Neogastropoda,,recuLtCRW6YKDWUcS,,,
Muricidae,FAMILY,ACCEPTED,,148,http://www.marinespecies.org/aphia.php?p=taxdetails&id=148,https://www.marinespecies.org/rest/AphiaClassificationByAphiaID/148,urn:lsid:marinespecies.org:taxname:148,https://airtable.com/tblLqtIyuwA7rbEC3/rechF2trgF4jUAZco?blocks=bli5ItEhTDGAFc32p,Animalia,,,Mollusca,,,,Gastropoda,Caenogastropoda,,,,Neogastropoda,,,,,,Muricoidea,,Muricidae,,,,,,,,,Muricoidea,,rechF2trgF4jUAZco,,,
Ocenebrinae,SUBFAMILY,ACCEPTED,,225324,http://www.marinespecies.org/aphia.php?p=taxdetails&id=225324,https://www.marinespecies.org/rest/AphiaClassificationByAphiaID/225324,urn:lsid:marinespecies.org:taxname:225324,https://airtable.com/tblLqtIyuwA7rbEC3/recDvOIpX3Kqvcs5E?blocks=bli5ItEhTDGAFc32p,Animalia,,,Mollusca,,,,Gastropoda,Caenogastropoda,,,,Neogastropoda,,,,,,Muricoidea,,Muricidae,Ocenebrinae,,,,,,,,Muricidae,,recDvOIpX3Kqvcs5E,,,
Ceratostoma,GENUS,ACCEPTED,,240766,http://www.marinespecies.org/aphia.php?p=taxdetails&id=240766,https://www.marinespecies.org/rest/AphiaClassificationByAphiaID/240766,urn:lsid:marinespecies.org:taxname:240766,https://airtable.com/tblLqtIyuwA7rbEC3/recmcaMGXtFBEmMML?blocks=bli5ItEhTDGAFc32p,Animalia,,,Mollusca,,,,Gastropoda,Caenogastropoda,,,,Neogastropoda,,,,,,Muricoidea,,Muricidae,Ocenebrinae,,,,Ceratostoma,,,,Ocenebrinae,,recmcaMGXtFBEmMML,,,
Ceratostoma foliatum,SPECIES,ACCEPTED,Leafy hornmouth,240767,http://www.marinespecies.org/aphia.php?p=taxdetails&id=240767,https://www.marinespecies.org/rest/AphiaClassificationByAphiaID/240767,urn:lsid:marinespecies.org:taxname:240767,https://airtable.com/tblLqtIyuwA7rbEC3/recqDr6V9ukNRDjXS?blocks=bli5ItEhTDGAFc32p,Animalia,,,Mollusca,,,,Gastropoda,Caenogastropoda,,,,Neogastropoda,,,,,,Muricoidea,,Muricidae,Ocenebrinae,,,,Ceratostoma,,Ceratostoma foliatum,,Ceratostoma,"CERF,cerf,cerf,CEFO",recqDr6V9ukNRDjXS,,,
Ceratostoma nuttalli,SPECIES,ACCEPTED,Nuttal's hornmouth,403965,http://www.marinespecies.org/aphia.php?p=taxdetails&id=403965,https://www.marinespecies.org/rest/AphiaClassificationByAphiaID/403965,urn:lsid:marinespecies.org:taxname:403965,https://airtable.com/tblLqtIyuwA7rbEC3/recJ8y3ZNET25DaIv?blocks=bli5ItEhTDGAFc32p,Animalia,,,Mollusca,,,,Gastropoda,Caenogastropoda,,,,Neogastropoda,,,,,,Muricoidea,,Muricidae,Ocenebrinae,,,,Ceratostoma,,Ceratostoma nuttalli,,Ceratostoma,CENU,recJ8y3ZNET25DaIv,,,
Nucella,GENUS,ACCEPTED,Dog whelk,138199,http://www.marinespecies.org/aphia.php?p=taxdetails&id=138199,https://www.marinespecies.org/rest/AphiaClassificationByAphiaID/138199,urn:lsid:marinespecies.org:taxname:138199,https://airtable.com/tblLqtIyuwA7rbEC3/recdc1sLTFOvdI4ME?blocks=bli5ItEhTDGAFc32p,Animalia,,,Mollusca,,,,Gastropoda,Caenogastropoda,,,,Neogastropoda,,,,,,Muricoidea,,Muricidae,Ocenebrinae,,,,Nucella,,,,Ocenebrinae,"NUCE,nuce,NUEG",recdc1sLTFOvdI4ME,,,
Nucella canaliculata,SPECIES,ACCEPTED,Channelled dog whelk,404205,http://www.marinespecies.org/aphia.php?p=taxdetails&id=404205,https://www.marinespecies.org/rest/AphiaClassificationByAphiaID/404205,urn:lsid:marinespecies.org:taxname:404205,https://airtable.com/tblLqtIyuwA7rbEC3/recEfSdBcqQSLhuaV?blocks=bli5ItEhTDGAFc32p,Animalia,,,Mollusca,,,,Gastropoda,Caenogastropoda,,,,Neogastropoda,,,,,,Muricoidea,,Muricidae,Ocenebrinae,,,,Nucella,,Nucella canaliculata,,Nucella,NUCA,recEfSdBcqQSLhuaV,"NUCA_1B.jpg (https://v5.airtableusercontent.com/v3/u/33/33/1727985600000/1kx_Km-0HgTw1L5C9mtrXw/5nddlNxTgc6cWoNoC86kx0r_VLM3yzejoyY2N38-SqDFIJmwGrZkQIqi-vZRJU-YPwM3NmxCodRDG8A8MFcFrktRuW8Hm0CYCRq3x583tM3qpW8PoPcKnCMcoTNsCSDwQqcS0Ig9Z1-Q5BCjnLngNg/8Y4NO-iDMLkFQyHMh103embW9Rlmti3l8-iG05YKEQA),NUCA_2A.jpg (https://v5.airtableusercontent.com/v3/u/33/33/1727985600000/RKK4VpWlBw4d8kQxlmLXLA/clmIu6H1iAI1Ot0Qtr1TSqwIvOiq1yA1dlNWlaAtvTeF0cnPAUIiPKRpdDYGvKyAyReDPVpuBMs58tD4syZ0iOAauohrRntZwGMrNxNy4m4nxXVTZZ9QEvMdJN-1P1aY6KSdDpSeT835sdUuR6ozVA/eP57u7zDQaHdp3YdmAYGio7iAvxDFL05qiDr7_SMNMw),NUCA_1A.jpg (https://v5.airtableusercontent.com/v3/u/33/33/1727985600000/f7B5hV6j3uzLjrYWEhx2wA/5l-JQogwx2LAFMaNtV0orV7pd8AmdY1hI4mM9HAwdtvLI-Ajpt_YObnhh6RnAUBPlUyJas_pjVr8TeJpmA2mnvJTfQRpbqLIpOQMD7-vTkAByaMdWyJAeppin34bjP0G3nAxSthLct8wwXdzpQdLIA/7rvuQRBqWt3n0Yw1XqtnjThUldJ4DMWzH1NulngIx3E),NUCA_2B.jpg (https://v5.airtableusercontent.com/v3/u/33/33/1727985600000/GE_zD5gg-365hRTkPX51tg/FKoN9AbZiEr_Ge2enhNtPUbvLW-7dn5YEHiI9IIAA-NJCp2bjUG6wXAKqYjrBjGqsDaHql_5iUv63WVWmPtAXOfcoVh0LGgry7qrrzCoDMtynWDiYpCZ4q8ccFCSWMwansuZ80OKeUYWs1bPieEbqA/jmzXz8Sd0qJd5vzsaXoyJ3LCMWZNh6R24wyuX-AUmSQ),NUCA_3A.jpg (https://v5.airtableusercontent.com/v3/u/33/33/1727985600000/XicDPYg5SEj4N-rOMz1kJw/hu6vV87Mj6L2B4k4e3F0RQWMQ_J2rLwMLsFhJmwMmpLcXU14Y0v-ZQ1PTJ9n03o548NFGFSDJcu05nZMSR8WqQh_ioo4mryCt47xxkFkFCH_TjJOrRZHsctpp23gbhtWPNP9CQdTWWvUnOOKOymuag/R0Oycq7Lu1DIlZ_QS6-o_-JNDUlI8IO7yPF5DJNOu1Q),NUCA_4B.jpg (https://v5.airtableusercontent.com/v3/u/33/33/1727985600000/Oimsr50rXcFmpDZOLvisZA/nMYv8LgFbPH_DJY4bjgvQGfy_AUfj9-xhSEvMBroAhBhcZ8eP1xPNZnB73wGXEwP3lJN2wfTmZXRVdd7eG0WAZlnoTc0Lce8muuRbVWcrlS3cFHFS-pbjZBcJXyRPHSUoA2M8Wrc1u7b2IibhTtYNg/sIjqRFiB1xvawqgl19daXyfYJdSsdz0HRbNSLeggwVY),NUCA_3B.jpg (https://v5.airtableusercontent.com/v3/u/33/33/1727985600000/0jzdoh_3a0P2fblYb71IJA/4QYY1-DO7qQSCbe2I2CRaPc8rctasB_YlzKJcDLsCtkCUkg2QAoACc-c_ZYJ14_hJa0GTt26rvMcPkze2xyBNu0zvd2R4fprpib1Dmnapc22P4ey9d-SPL5yDtomsdW7ZUzROJsynOwFwWmPuhkIwg/RdUVdvJeWV3TjPtXY-1cmbvkFpP6Afs4iYRC9icx3qA),NUCA_4A.jpg (https://v5.airtableusercontent.com/v3/u/33/33/1727985600000/nTSBFiqfRrwOD67RI-YooQ/NmXD1xQjfZ4BwVFqFmMBKA3Wjr1m2LzlnE2XNTJ1UE6FJR8lrLW8Tq7HF1p6qVIaUL-TyRuW0yUgWdolP27hGh6f_v5v1NioG5WDAFDdrWA3x_4an04O_FfjknxfhjNzMo0TyT7eI4sPCwZUPJE0IQ/4bmfyTLK5r2YJ4d5GqDdkoJKUClYo4Oe8jxHwM4EGBg)",,
Nucella emarginata,SPECIES,ACCEPTED,Northern striped dogwinkle,404208,http://www.marinespecies.org/aphia.php?p=taxdetails&id=404208,https://www.marinespecies.org/rest/AphiaClassificationByAphiaID/404208,urn:lsid:marinespecies.org:taxname:404208,https://airtable.com/tblLqtIyuwA7rbEC3/recU4e7BQuFcmQ6Ck?blocks=bli5ItEhTDGAFc32p,Animalia,,,Mollusca,,,,Gastropoda,Caenogastropoda,,,,Neogastropoda,,,,,,Muricoidea,,Muricidae,Ocenebrinae,,,,Nucella,,Nucella emarginata,,Nucella,NUCO,recU4e7BQuFcmQ6Ck,,,
Nucella lamellosa,SPECIES,ACCEPTED,Frilled dog whelk,404218,http://www.marinespecies.org/aphia.php?p=taxdetails&id=404218,https://www.marinespecies.org/rest/AphiaClassificationByAphiaID/404218,urn:lsid:marinespecies.org:taxname:404218,https://airtable.com/tblLqtIyuwA7rbEC3/recAcwZ0UD6zIbwUv?blocks=bli5ItEhTDGAFc32p,Animalia,,,Mollusca,,,,Gastropoda,Caenogastropoda,,,,Neogastropoda,,,,,,Muricoidea,,Muricidae,Ocenebrinae,,,,Nucella,,Nucella lamellosa,,Nucella,NULA,recAcwZ0UD6zIbwUv,,,
Nucella ostrina,SPECIES,ACCEPTED,Northern striped dog whelk,404225,http://www.marinespecies.org/aphia.php?p=taxdetails&id=404225,https://www.marinespecies.org/rest/AphiaClassificationByAphiaID/404225,urn:lsid:marinespecies.org:taxname:404225,https://airtable.com/tblLqtIyuwA7rbEC3/rec6qjJlNwTYf2xoM?blocks=bli5ItEhTDGAFc32p,Animalia,,,Mollusca,,,,Gastropoda,Caenogastropoda,,,,Neogastropoda,,,,,,Muricoidea,,Muricidae,Ocenebrinae,,,,Nucella,,Nucella ostrina,,Nucella,NUOS,rec6qjJlNwTYf2xoM,"NUOS_1.jpg (https://v5.airtableusercontent.com/v3/u/33/33/1727985600000/Wx7o1rmunQB96fexdKwABw/VrVPtby9gNvVWxdDGjh-Oco_rDVB19hmNEaGahrZj6KK4UCf5_rprB83_CZO0e60IRCrKvdTx2gjo41MG7qSF_tjA1CgZYmLj4QL0XDjysjEOuwNibz_1HndDVZSuQdgBID-0ORB-7TttfIJF8jEKA/7AAo2OhtNOgsPf8s0IGqQLJCq6Mh-MkLFuIshe3hW_0),NUOS_3.jpg (https://v5.airtableusercontent.com/v3/u/33/33/1727985600000/kh5bWU2WL5FtVD_KM4FxVw/etE2wVVVtB2AG0XkoAYUvv5g575aKEjJ9lqVZ6DZXLQwgIhX3Y20R7dudYVWOOdloBb66MSWQ-c0WUHRfhOEAUdXLxB3oz2G3m7042beU-nScUwzOifCkS8zmp7rqJnyhHlsnpyQbLIqtQbQvKJ0Vw/8lYwqQ1jXSh4EL0O9iEAkWBgCdt65yHwT83BboFVq-0),NUOS_2.jpg (https://v5.airtableusercontent.com/v3/u/33/33/1727985600000/DsBzRyCbGUD3ZT5cT28OeA/mekwieHEZ3YjwiBgWyu936R1b0y5jQVPLzZCpE3VysUUHk9xA0JWy_9rJQLVMmlQfAoi9QIbUUShDGO_0LM2bh7HG1aIg_DazphnjLTHOY7J9dPUZmQRvURXBXI_tgdwO7tiKJRPOjF3asxRBBogOQ/0Agj2Rqo-P9hshhSteN5OlASrTM7YJ1ftwUCWJ8U7po)",,
Paciocinebrina,GENUS,ACCEPTED,,1329560,http://www.marinespecies.org/aphia.php?p=taxdetails&id=1329560,https://www.marinespecies.org/rest/AphiaClassificationByAphiaID/1329560,urn:lsid:marinespecies.org:taxname:1329560,https://airtable.com/tblLqtIyuwA7rbEC3/recr2rLAbSYCwRRip?blocks=bli5ItEhTDGAFc32p,Animalia,,,Mollusca,,,,Gastropoda,Caenogastropoda,,,,Neogastropoda,,,,,,Muricoidea,,Muricidae,Ocenebrinae,,,,Paciocinebrina,,,,Ocenebrinae,,recr2rLAbSYCwRRip,,,
Paciocinebrina interfossa,SPECIES,ACCEPTED,Sculptured rocksnail,1329778,http://www.marinespecies.org/aphia.php?p=taxdetails&id=1329778,https://www.marinespecies.org/rest/AphiaClassificationByAphiaID/1329778,urn:lsid:marinespecies.org:taxname:1329778,https://airtable.com/tblLqtIyuwA7rbEC3/rec2h01EYnM7ofdiG?blocks=bli5ItEhTDGAFc32p,Animalia,,,Mollusca,,,,Gastropoda,Caenogastropoda,,,,Neogastropoda,,,,,,Muricoidea,,Muricidae,Ocenebrinae,,,,Paciocinebrina,,Paciocinebrina interfossa,,Paciocinebrina,PAIN,rec2h01EYnM7ofdiG,IMG_5133.jpg (https://v5.airtableusercontent.com/v3/u/33/33/1727985600000/ON5_K_3jm3OFjSeACGOF7A/wzbrYBq6xpp3VlHQb8vZPpZQRbKpluWIK-yOmae8fY_A5Auru391PT6fQXf5gdU7l_lbG7x-oBuzjuwcgJxi4z5DlYzA7L3tjFXjoOw1SzgfnrrZNJS2DmEfp77Ypxua-ENdJJXxRhmpxgvalk0HMxiy8NyBKyx5YKw5-J4WdH0/YhabCPZuG82WapbosSXaVCnh3lBTWOL0fimal6OyiAE),,
Olivoidea,SUPERFAMILY,ACCEPTED,,411805,http://www.marinespecies.org/aphia.php?p=taxdetails&id=411805,https://www.marinespecies.org/rest/AphiaClassificationByAphiaID/411805,urn:lsid:marinespecies.org:taxname:411805,https://airtable.com/tblLqtIyuwA7rbEC3/recnLgklGBv7QOIWb?blocks=bli5ItEhTDGAFc32p,Animalia,,,Mollusca,,,,Gastropoda,Caenogastropoda,,,,Neogastropoda,,,,,,Olivoidea,,,,,,,,,,,Neogastropoda,,recnLgklGBv7QOIWb,,,
Olividae,FAMILY,ACCEPTED,,23082,http://www.marinespecies.org/aphia.php?p=taxdetails&id=23082,https://www.marinespecies.org/rest/AphiaClassificationByAphiaID/23082,urn:lsid:marinespecies.org:taxname:23082,https://airtable.com/tblLqtIyuwA7rbEC3/rec1Sj1WTkigdzdYe?blocks=bli5ItEhTDGAFc32p,Animalia,,,Mollusca,,,,Gastropoda,Caenogastropoda,,,,Neogastropoda,,,,,,Olivoidea,,Olividae,,,,,,,,,Olivoidea,,rec1Sj1WTkigdzdYe,,,
Olivellinae,SUBFAMILY,ACCEPTED,,225405,http://www.marinespecies.org/aphia.php?p=taxdetails&id=225405,https://www.marinespecies.org/rest/AphiaClassificationByAphiaID/225405,urn:lsid:marinespecies.org:taxname:225405,https://airtable.com/tblLqtIyuwA7rbEC3/reckKQWnECQEB4wzG?blocks=bli5ItEhTDGAFc32p,Animalia,,,Mollusca,,,,Gastropoda,Caenogastropoda,,,,Neogastropoda,,,,,,Olivoidea,,Olividae,Olivellinae,,,,,,,,Olividae,,reckKQWnECQEB4wzG,,,
Olivella,GENUS,ACCEPTED,Olive snail,138274,http://www.marinespecies.org/aphia.php?p=taxdetails&id=138274,https://www.marinespecies.org/rest/AphiaClassificationByAphiaID/138274,urn:lsid:marinespecies.org:taxname:138274,https://airtable.com/tblLqtIyuwA7rbEC3/recOj2FNdBrTVZVBG?blocks=bli5ItEhTDGAFc32p,Animalia,,,Mollusca,,,,Gastropoda,Caenogastropoda,,,,Neogastropoda,,,,,,Olivoidea,,Olividae,Olivellinae,,,,Olivella,,,,Olivellinae,oliv,recOj2FNdBrTVZVBG,,,
Olivella baetica,SPECIES,UNACCEPTED,Baetic Olive Snail,448188,http://www.marinespecies.org/aphia.php?p=taxdetails&id=448188,https://www.marinespecies.org/rest/AphiaClassificationByAphiaID/448188,urn:lsid:marinespecies.org:taxname:448188,https://airtable.com/tblLqtIyuwA7rbEC3/recwFu8F45ONM4zVs?blocks=bli5ItEhTDGAFc32p,Animalia,,,Mollusca,,,,Gastropoda,Caenogastropoda,,,,Neogastropoda,,,,,,Olivoidea,,Olividae,Olivellinae,,,,Olivella,,Olivella baetica,,Olivella,OLLA,recwFu8F45ONM4zVs,,,
Olivella biplicata,SPECIES,UNACCEPTED,Purple Olive Snail,211104,http://www.marinespecies.org/aphia.php?p=taxdetails&id=211104,https://www.marinespecies.org/rest/AphiaClassificationByAphiaID/211104,urn:lsid:marinespecies.org:taxname:211104,https://airtable.com/tblLqtIyuwA7rbEC3/recNADIhIXSJzn0vo?blocks=bli5ItEhTDGAFc32p,Animalia,,,Mollusca,,,,Gastropoda,Caenogastropoda,,,,Neogastropoda,,,,,,Olivoidea,,Olividae,Olivellinae,,,,Olivella,,Olivella biplicata,,Olivella,OLLB,recNADIhIXSJzn0vo,,,
Heterobranchia,SUBCLASS,ACCEPTED,,14712,http://www.marinespecies.org/aphia.php?p=taxdetails&id=14712,https://www.marinespecies.org/rest/AphiaClassificationByAphiaID/14712,urn:lsid:marinespecies.org:taxname:14712,https://airtable.com/tblLqtIyuwA7rbEC3/recC6QFck8rsg7D8G?blocks=bli5ItEhTDGAFc32p,Animalia,,,Mollusca,,,,Gastropoda,Heterobranchia,,,,,,,,,,,,,,,,,,,,,Gastropoda,,recC6QFck8rsg7D8G,,,
Euthyneura,INFRACLASS,ACCEPTED,,1057247,http://www.marinespecies.org/aphia.php?p=taxdetails&id=1057247,https://www.marinespecies.org/rest/AphiaClassificationByAphiaID/1057247,urn:lsid:marinespecies.org:taxname:1057247,https://airtable.com/tblLqtIyuwA7rbEC3/rec4nSjghHCENNvZG?blocks=bli5ItEhTDGAFc32p,Animalia,,,Mollusca,,,,Gastropoda,Heterobranchia,Euthyneura,,,,,,,,,,,,,,,,,,,,Heterobranchia,,rec4nSjghHCENNvZG,,,
Ringipleura,SUBTERCLASS,ACCEPTED,,1057249,http://www.marinespecies.org/aphia.php?p=taxdetails&id=1057249,https://www.marinespecies.org/rest/AphiaClassificationByAphiaID/1057249,urn:lsid:marinespecies.org:taxname:1057249,https://airtable.com/tblLqtIyuwA7rbEC3/recj8F4HZxSb7c42z?blocks=bli5ItEhTDGAFc32p,Animalia,,,Mollusca,,,,Gastropoda,Heterobranchia,Euthyneura,Ringipleura,,,,,,,,,,,,,,,,,,,Euthyneura,,recj8F4HZxSb7c42z,,,
Nudipleura,SUPERORDER,ACCEPTED,,411966,http://www.marinespecies.org/aphia.php?p=taxdetails&id=411966,https://www.marinespecies.org/rest/AphiaClassificationByAphiaID/411966,urn:lsid:marinespecies.org:taxname:411966,https://airtable.com/tblLqtIyuwA7rbEC3/reckcFgKYT0ve499g?blocks=bli5ItEhTDGAFc32p,Animalia,,,Mollusca,,,,Gastropoda,Heterobranchia,Euthyneura,Ringipleura,Nudipleura,,,,,,,,,,,,,,,,,,Ringipleura,,reckcFgKYT0ve499g,,,
Nudibranchia,ORDER,ACCEPTED,Nudibranch,1762,http://www.marinespecies.org/aphia.php?p=taxdetails&id=1762,https://www.marinespecies.org/rest/AphiaClassificationByAphiaID/1762,urn:lsid:marinespecies.org:taxname:1762,https://airtable.com/tblLqtIyuwA7rbEC3/recnkT6TaRaEeZA35?blocks=bli5ItEhTDGAFc32p,Animalia,,,Mollusca,,,,Gastropoda,Heterobranchia,Euthyneura,Ringipleura,Nudipleura,Nudibranchia,,,,,,,,,,,,,,,,,Nudipleura,"NUDI,UNNU,BNUD",recnkT6TaRaEeZA35,,,
Cladobranchia,SUBORDER,ACCEPTED,,827889,http://www.marinespecies.org/aphia.php?p=taxdetails&id=827889,https://www.marinespecies.org/rest/AphiaClassificationByAphiaID/827889,urn:lsid:marinespecies.org:taxname:827889,https://airtable.com/tblLqtIyuwA7rbEC3/recUkDZPO6S7R0B3Z?blocks=bli5ItEhTDGAFc32p,Animalia,,,Mollusca,,,,Gastropoda,Heterobranchia,Euthyneura,Ringipleura,Nudipleura,Nudibranchia,Cladobranchia,,,,,,,,,,,,,,,,Nudibranchia,,recUkDZPO6S7R0B3Z,,,
Aeolidioidea,SUPERFAMILY,ACCEPTED,,189,http://www.marinespecies.org/aphia.php?p=taxdetails&id=189,https://www.marinespecies.org/rest/AphiaClassificationByAphiaID/189,urn:lsid:marinespecies.org:taxname:189,https://airtable.com/tblLqtIyuwA7rbEC3/reccnG5x5LeUqfEFN?blocks=bli5ItEhTDGAFc32p,Animalia,,,Mollusca,,,,Gastropoda,Heterobranchia,Euthyneura,Ringipleura,Nudipleura,Nudibranchia,Cladobranchia,,,,,Aeolidioidea,,,,,,,,,,,Cladobranchia,,reccnG5x5LeUqfEFN,,,
Myrrhinidae,FAMILY,ACCEPTED,,570862,http://www.marinespecies.org/aphia.php?p=taxdetails&id=570862,https://www.marinespecies.org/rest/AphiaClassificationByAphiaID/570862,urn:lsid:marinespecies.org:taxname:570862,https://airtable.com/tblLqtIyuwA7rbEC3/rece2XInqgfeV2tam?blocks=bli5ItEhTDGAFc32p,Animalia,,,Mollusca,,,,Gastropoda,Heterobranchia,Euthyneura,Ringipleura,Nudipleura,Nudibranchia,Cladobranchia,,,,,Aeolidioidea,,Myrrhinidae,,,,,,,,,Aeolidioidea,,rece2XInqgfeV2tam,,,
Hermissenda,GENUS,ACCEPTED,,367881,http://www.marinespecies.org/aphia.php?p=taxdetails&id=367881,https://www.marinespecies.org/rest/AphiaClassificationByAphiaID/367881,urn:lsid:marinespecies.org:taxname:367881,https://airtable.com/tblLqtIyuwA7rbEC3/recWbmUwDPPpgYP5h?blocks=bli5ItEhTDGAFc32p,Animalia,,,Mollusca,,,,Gastropoda,Heterobranchia,Euthyneura,Ringipleura,Nudipleura,Nudibranchia,Cladobranchia,,,,,Aeolidioidea,,Myrrhinidae,,,,,Hermissenda,,,,Myrrhinidae,,recWbmUwDPPpgYP5h,,,
Hermissenda crassicornis,SPECIES,ACCEPTED,Opalescent nudibranch,367883,http://www.marinespecies.org/aphia.php?p=taxdetails&id=367883,https://www.marinespecies.org/rest/AphiaClassificationByAphiaID/367883,urn:lsid:marinespecies.org:taxname:367883,https://airtable.com/tblLqtIyuwA7rbEC3/recA35zZCeGsbnHTf?blocks=bli5ItEhTDGAFc32p,Animalia,,,Mollusca,,,,Gastropoda,Heterobranchia,Euthyneura,Ringipleura,Nudipleura,Nudibranchia,Cladobranchia,,,,,Aeolidioidea,,Myrrhinidae,,,,,Hermissenda,,Hermissenda crassicornis,,Hermissenda,"HERC,HECR,herc",recA35zZCeGsbnHTf,,,
Dendronotoidea,SUPERFAMILY,ACCEPTED,,182,http://www.marinespecies.org/aphia.php?p=taxdetails&id=182,https://www.marinespecies.org/rest/AphiaClassificationByAphiaID/182,urn:lsid:marinespecies.org:taxname:182,https://airtable.com/tblLqtIyuwA7rbEC3/recG8BNnst8Q9JFcn?blocks=bli5ItEhTDGAFc32p,Animalia,,,Mollusca,,,,Gastropoda,Heterobranchia,Euthyneura,Ringipleura,Nudipleura,Nudibranchia,Cladobranchia,,,,,Dendronotoidea,,,,,,,,,,,Cladobranchia,,recG8BNnst8Q9JFcn,,,
Dendronotidae,FAMILY,ACCEPTED,,186,http://www.marinespecies.org/aphia.php?p=taxdetails&id=186,https://www.marinespecies.org/rest/AphiaClassificationByAphiaID/186,urn:lsid:marinespecies.org:taxname:186,https://airtable.com/tblLqtIyuwA7rbEC3/recNBJGJ7kV9UR2tj?blocks=bli5ItEhTDGAFc32p,Animalia,,,Mollusca,,,,Gastropoda,Heterobranchia,Euthyneura,Ringipleura,Nudipleura,Nudibranchia,Cladobranchia,,,,,Dendronotoidea,,Dendronotidae,,,,,,,,,Dendronotoidea,,recNBJGJ7kV9UR2tj,,,
Dendronotus,GENUS,ACCEPTED,,137885,http://www.marinespecies.org/aphia.php?p=taxdetails&id=137885,https://www.marinespecies.org/rest/AphiaClassificationByAphiaID/137885,urn:lsid:marinespecies.org:taxname:137885,https://airtable.com/tblLqtIyuwA7rbEC3/recR0YAjuqpRp7eOe?blocks=bli5ItEhTDGAFc32p,Animalia,,,Mollusca,,,,Gastropoda,Heterobranchia,Euthyneura,Ringipleura,Nudipleura,Nudibranchia,Cladobranchia,,,,,Dendronotoidea,,Dendronotidae,,,,,Dendronotus,,,,Dendronotidae,,recR0YAjuqpRp7eOe,,,
Dendronotus albus,SPECIES,ACCEPTED,,548242,http://www.marinespecies.org/aphia.php?p=taxdetails&id=548242,https://www.marinespecies.org/rest/AphiaClassificationByAphiaID/548242,urn:lsid:marinespecies.org:taxname:548242,https://airtable.com/tblLqtIyuwA7rbEC3/recFfjKKlK4ViGAJw?blocks=bli5ItEhTDGAFc32p,Animalia,,,Mollusca,,,,Gastropoda,Heterobranchia,Euthyneura,Ringipleura,Nudipleura,Nudibranchia,Cladobranchia,,,,,Dendronotoidea,,Dendronotidae,,,,,Dendronotus,,Dendronotus albus,,Dendronotus,,recFfjKKlK4ViGAJw,,,
Dendronotus diversicolor,SPECIES,UNACCEPTED,Multicolor dendronotid,548235,http://www.marinespecies.org/aphia.php?p=taxdetails&id=548235,https://www.marinespecies.org/rest/AphiaClassificationByAphiaID/548235,urn:lsid:marinespecies.org:taxname:548235,https://airtable.com/tblLqtIyuwA7rbEC3/recNWWRroXFYgKdR8?blocks=bli5ItEhTDGAFc32p,Animalia,,,Mollusca,,,,Gastropoda,Heterobranchia,Euthyneura,Ringipleura,Nudipleura,Nudibranchia,Cladobranchia,,,,,Dendronotoidea,,Dendronotidae,,,,,Dendronotus,,Dendronotus diversicolor,,Dendronotus,DEND,recNWWRroXFYgKdR8,,,
Dendronotus iris,SPECIES,ACCEPTED,Giant nudibranch,548245,http://www.marinespecies.org/aphia.php?p=taxdetails&id=548245,https://www.marinespecies.org/rest/AphiaClassificationByAphiaID/548245,urn:lsid:marinespecies.org:taxname:548245,https://airtable.com/tblLqtIyuwA7rbEC3/recOZyWxrxapivQcG?blocks=bli5ItEhTDGAFc32p,Animalia,,,Mollusca,,,,Gastropoda,Heterobranchia,Euthyneura,Ringipleura,Nudipleura,Nudibranchia,Cladobranchia,,,,,Dendronotoidea,,Dendronotidae,,,,,Dendronotus,,Dendronotus iris,,Dendronotus,"DENI,deni,deni",recOZyWxrxapivQcG,,,
Tethydidae,FAMILY,ACCEPTED,,23125,http://www.marinespecies.org/aphia.php?p=taxdetails&id=23125,https://www.marinespecies.org/rest/AphiaClassificationByAphiaID/23125,urn:lsid:marinespecies.org:taxname:23125,https://airtable.com/tblLqtIyuwA7rbEC3/recClfopTXsTKkrYQ?blocks=bli5ItEhTDGAFc32p,Animalia,,,Mollusca,,,,Gastropoda,Heterobranchia,Euthyneura,Ringipleura,Nudipleura,Nudibranchia,Cladobranchia,,,,,Dendronotoidea,,Tethydidae,,,,,,,,,Dendronotoidea,,recClfopTXsTKkrYQ,,,
Melibe,GENUS,ACCEPTED,,138547,http://www.marinespecies.org/aphia.php?p=taxdetails&id=138547,https://www.marinespecies.org/rest/AphiaClassificationByAphiaID/138547,urn:lsid:marinespecies.org:taxname:138547,https://airtable.com/tblLqtIyuwA7rbEC3/recOKUfHsP7oZcdVh?blocks=bli5ItEhTDGAFc32p,Animalia,,,Mollusca,,,,Gastropoda,Heterobranchia,Euthyneura,Ringipleura,Nudipleura,Nudibranchia,Cladobranchia,,,,,Dendronotoidea,,Tethydidae,,,,,Melibe,,,,Tethydidae,,recOKUfHsP7oZcdVh,,,
Melibe leonina,SPECIES,ACCEPTED,Hooded nudibranch,575441,http://www.marinespecies.org/aphia.php?p=taxdetails&id=575441,https://www.marinespecies.org/rest/AphiaClassificationByAphiaID/575441,urn:lsid:marinespecies.org:taxname:575441,https://airtable.com/tblLqtIyuwA7rbEC3/reciix1wjJ22Hlc6o?blocks=bli5ItEhTDGAFc32p,Animalia,,,Mollusca,,,,Gastropoda,Heterobranchia,Euthyneura,Ringipleura,Nudipleura,Nudibranchia,Cladobranchia,,,,,Dendronotoidea,,Tethydidae,,,,,Melibe,,Melibe leonina,,Melibe,"MELL,MELL,mell,mell",reciix1wjJ22Hlc6o,,,
Fionoidea,SUPERFAMILY,ACCEPTED,,412646,http://www.marinespecies.org/aphia.php?p=taxdetails&id=412646,https://www.marinespecies.org/rest/AphiaClassificationByAphiaID/412646,urn:lsid:marinespecies.org:taxname:412646,https://airtable.com/tblLqtIyuwA7rbEC3/recGuEkRu29YlYhNc?blocks=bli5ItEhTDGAFc32p,Animalia,,,Mollusca,,,,Gastropoda,Heterobranchia,Euthyneura,Ringipleura,Nudipleura,Nudibranchia,Cladobranchia,,,,,Fionoidea,,,,,,,,,,,Cladobranchia,,recGuEkRu29YlYhNc,,,
Coryphellidae,FAMILY,ACCEPTED,,153374,http://www.marinespecies.org/aphia.php?p=taxdetails&id=153374,https://www.marinespecies.org/rest/AphiaClassificationByAphiaID/153374,urn:lsid:marinespecies.org:taxname:153374,https://airtable.com/tblLqtIyuwA7rbEC3/recMUYVtUCGzFRPkr?blocks=bli5ItEhTDGAFc32p,Animalia,,,Mollusca,,,,Gastropoda,Heterobranchia,Euthyneura,Ringipleura,Nudipleura,Nudibranchia,Cladobranchia,,,,,Fionoidea,,Coryphellidae,,,,,,,,,Fionoidea,,recMUYVtUCGzFRPkr,,,
Coryphella,GENUS,ACCEPTED,,138018,http://www.marinespecies.org/aphia.php?p=taxdetails&id=138018,https://www.marinespecies.org/rest/AphiaClassificationByAphiaID/138018,urn:lsid:marinespecies.org:taxname:138018,https://airtable.com/tblLqtIyuwA7rbEC3/recu99WbCEDelE9sO?blocks=bli5ItEhTDGAFc32p,Animalia,,,Mollusca,,,,Gastropoda,Heterobranchia,Euthyneura,Ringipleura,Nudipleura,Nudibranchia,Cladobranchia,,,,,Fionoidea,,Coryphellidae,,,,,Coryphella,,,,Coryphellidae,,recu99WbCEDelE9sO,,,
Coryphella trilineata,SPECIES,ACCEPTED,Three-lined nudibranch,1052886,http://www.marinespecies.org/aphia.php?p=taxdetails&id=1052886,https://www.marinespecies.org/rest/AphiaClassificationByAphiaID/1052886,urn:lsid:marinespecies.org:taxname:1052886,https://airtable.com/tblLqtIyuwA7rbEC3/recEIX3EQenfFpi92?blocks=bli5ItEhTDGAFc32p,Animalia,,,Mollusca,,,,Gastropoda,Heterobranchia,Euthyneura,Ringipleura,Nudipleura,Nudibranchia,Cladobranchia,,,,,Fionoidea,,Coryphellidae,,,,,Coryphella,,Coryphella trilineata,,Coryphella,COTR,recEIX3EQenfFpi92,IMG_5135.jpg (https://v5.airtableusercontent.com/v3/u/33/33/1727985600000/iBszLvgv5ZitAbKRYPM-jQ/UoPWkMdMWukicIiMq5OtmFqc2CDwTXSyApvh7cxrldOC_tgnmhEY4tw_rKsAu1VnE7RVop_GlRZN1NWulVJZkMo7lNSzVGAwz7imBy_VExg-PyjpklxkdFqhMVqWDfdsGPwBHt2gZCOd_yjO5QrJ7RdG7pAp-kJATFgbCPZZRY0/zVc65a1Pxp7MWEZB8yG-P0oPLpzFnXKO0f_YPyLEiwg),,
Proctonotoidea,SUPERFAMILY,ACCEPTED,,1052378,http://www.marinespecies.org/aphia.php?p=taxdetails&id=1052378,https://www.marinespecies.org/rest/AphiaClassificationByAphiaID/1052378,urn:lsid:marinespecies.org:taxname:1052378,https://airtable.com/tblLqtIyuwA7rbEC3/recgjxTpU8wHl6xCu?blocks=bli5ItEhTDGAFc32p,Animalia,,,Mollusca,,,,Gastropoda,Heterobranchia,Euthyneura,Ringipleura,Nudipleura,Nudibranchia,Cladobranchia,,,,,Proctonotoidea,,,,,,,,,,,Cladobranchia,,recgjxTpU8wHl6xCu,,,
Dironidae,FAMILY,ACCEPTED,,412591,http://www.marinespecies.org/aphia.php?p=taxdetails&id=412591,https://www.marinespecies.org/rest/AphiaClassificationByAphiaID/412591,urn:lsid:marinespecies.org:taxname:412591,https://airtable.com/tblLqtIyuwA7rbEC3/recPbw9FUbFRNQLee?blocks=bli5ItEhTDGAFc32p,Animalia,,,Mollusca,,,,Gastropoda,Heterobranchia,Euthyneura,Ringipleura,Nudipleura,Nudibranchia,Cladobranchia,,,,,Proctonotoidea,,Dironidae,,,,,,,,,Proctonotoidea,,recPbw9FUbFRNQLee,,,
Dirona,GENUS,ACCEPTED,,558926,http://www.marinespecies.org/aphia.php?p=taxdetails&id=558926,https://www.marinespecies.org/rest/AphiaClassificationByAphiaID/558926,urn:lsid:marinespecies.org:taxname:558926,https://airtable.com/tblLqtIyuwA7rbEC3/recJWKeaIwF9hlyZY?blocks=bli5ItEhTDGAFc32p,Animalia,,,Mollusca,,,,Gastropoda,Heterobranchia,Euthyneura,Ringipleura,Nudipleura,Nudibranchia,Cladobranchia,,,,,Proctonotoidea,,Dironidae,,,,,Dirona,,,,Dironidae,,recJWKeaIwF9hlyZY,,,
Dirona albolineata,SPECIES,ACCEPTED,Frosted nudibranch,581837,http://www.marinespecies.org/aphia.php?p=taxdetails&id=581837,https://www.marinespecies.org/rest/AphiaClassificationByAphiaID/581837,urn:lsid:marinespecies.org:taxname:581837,https://airtable.com/tblLqtIyuwA7rbEC3/recd46mkbYQXskEmB?blocks=bli5ItEhTDGAFc32p,Animalia,,,Mollusca,,,,Gastropoda,Heterobranchia,Euthyneura,Ringipleura,Nudipleura,Nudibranchia,Cladobranchia,,,,,Proctonotoidea,,Dironidae,,,,,Dirona,,Dirona albolineata,,Dirona,"DIRA,DIRA,dira,dira",recd46mkbYQXskEmB,,,
Janolidae,FAMILY,ACCEPTED,,153450,http://www.marinespecies.org/aphia.php?p=taxdetails&id=153450,https://www.marinespecies.org/rest/AphiaClassificationByAphiaID/153450,urn:lsid:marinespecies.org:taxname:153450,https://airtable.com/tblLqtIyuwA7rbEC3/recMTOgaKYoldcVi5?blocks=bli5ItEhTDGAFc32p,Animalia,,,Mollusca,,,,Gastropoda,Heterobranchia,Euthyneura,Ringipleura,Nudipleura,Nudibranchia,Cladobranchia,,,,,Proctonotoidea,,Janolidae,,,,,,,,,Proctonotoidea,,recMTOgaKYoldcVi5,,,
Janolus,GENUS,ACCEPTED,,138379,http://www.marinespecies.org/aphia.php?p=taxdetails&id=138379,https://www.marinespecies.org/rest/AphiaClassificationByAphiaID/138379,urn:lsid:marinespecies.org:taxname:138379,https://airtable.com/tblLqtIyuwA7rbEC3/reczKJTl5XfFh8ml2?blocks=bli5ItEhTDGAFc32p,Animalia,,,Mollusca,,,,Gastropoda,Heterobranchia,Euthyneura,Ringipleura,Nudipleura,Nudibranchia,Cladobranchia,,,,,Proctonotoidea,,Janolidae,,,,,Janolus,,,,Janolidae,,reczKJTl5XfFh8ml2,,,
Janolus fuscus,SPECIES,UNACCEPTED,Orange & White tipped nudibranch,581840,http://www.marinespecies.org/aphia.php?p=taxdetails&id=581840,https://www.marinespecies.org/rest/AphiaClassificationByAphiaID/581840,urn:lsid:marinespecies.org:taxname:581840,https://airtable.com/tblLqtIyuwA7rbEC3/recTXwOCGooXD5T73?blocks=bli5ItEhTDGAFc32p,Animalia,,,Mollusca,,,,Gastropoda,Heterobranchia,Euthyneura,Ringipleura,Nudipleura,Nudibranchia,Cladobranchia,,,,,Proctonotoidea,,Janolidae,,,,,Janolus,,Janolus fuscus,,Janolus,"JANF,janf,janf",recTXwOCGooXD5T73,,,
Proctonotidae,FAMILY,ACCEPTED,,23103,http://www.marinespecies.org/aphia.php?p=taxdetails&id=23103,https://www.marinespecies.org/rest/AphiaClassificationByAphiaID/23103,urn:lsid:marinespecies.org:taxname:23103,https://airtable.com/tblLqtIyuwA7rbEC3/recExYijWI0MRqxax?blocks=bli5ItEhTDGAFc32p,Animalia,,,Mollusca,,,,Gastropoda,Heterobranchia,Euthyneura,Ringipleura,Nudipleura,Nudibranchia,Cladobranchia,,,,,Proctonotoidea,,Proctonotidae,,,,,,,,,Proctonotoidea,,recExYijWI0MRqxax,,,
Tritonioidea,SUPERFAMILY,ACCEPTED,,412595,http://www.marinespecies.org/aphia.php?p=taxdetails&id=412595,https://www.marinespecies.org/rest/AphiaClassificationByAphiaID/412595,urn:lsid:marinespecies.org:taxname:412595,https://airtable.com/tblLqtIyuwA7rbEC3/recUKRiw9p2FyPQCL?blocks=bli5ItEhTDGAFc32p,Animalia,,,Mollusca,,,,Gastropoda,Heterobranchia,Euthyneura,Ringipleura,Nudipleura,Nudibranchia,Cladobranchia,,,,,Tritonioidea,,,,,,,,,,,Cladobranchia,,recUKRiw9p2FyPQCL,,,
Tritoniidae,FAMILY,ACCEPTED,,183,http://www.marinespecies.org/aphia.php?p=taxdetails&id=183,https://www.marinespecies.org/rest/AphiaClassificationByAphiaID/183,urn:lsid:marinespecies.org:taxname:183,https://airtable.com/tblLqtIyuwA7rbEC3/rec2SwvNaK7nEKOBC?blocks=bli5ItEhTDGAFc32p,Animalia,,,Mollusca,,,,Gastropoda,Heterobranchia,Euthyneura,Ringipleura,Nudipleura,Nudibranchia,Cladobranchia,,,,,Tritonioidea,,Tritoniidae,,,,,,,,,Tritonioidea,,rec2SwvNaK7nEKOBC,,,
Tochuina,GENUS,ACCEPTED,,248350,http://www.marinespecies.org/aphia.php?p=taxdetails&id=248350,https://www.marinespecies.org/rest/AphiaClassificationByAphiaID/248350,urn:lsid:marinespecies.org:taxname:248350,https://airtable.com/tblLqtIyuwA7rbEC3/recruSTPTjFUw7F6V?blocks=bli5ItEhTDGAFc32p,Animalia,,,Mollusca,,,,Gastropoda,Heterobranchia,Euthyneura,Ringipleura,Nudipleura,Nudibranchia,Cladobranchia,,,,,Tritonioidea,,Tritoniidae,,,,,Tochuina,,,,Tritoniidae,,recruSTPTjFUw7F6V,,,
Tochuina tetraquetra,SPECIES,UNACCEPTED,Orange peel nudibranch,1376424,http://www.marinespecies.org/aphia.php?p=taxdetails&id=1376424,https://www.marinespecies.org/rest/AphiaClassificationByAphiaID/1376424,urn:lsid:marinespecies.org:taxname:1376424,https://airtable.com/tblLqtIyuwA7rbEC3/rec63OU6l8VaFb5iX?blocks=bli5ItEhTDGAFc32p,Animalia,,,Mollusca,,,,Gastropoda,Heterobranchia,Euthyneura,Ringipleura,Nudipleura,Nudibranchia,Cladobranchia,,,,,Tritonioidea,,Tritoniidae,,,,,Tochuina,,Tochuina tetraquetra,,Tochuina,"toqt,toqt,TOCT",rec63OU6l8VaFb5iX,,,
Tritonia,GENUS,ACCEPTED,,138580,http://www.marinespecies.org/aphia.php?p=taxdetails&id=138580,https://www.marinespecies.org/rest/AphiaClassificationByAphiaID/138580,urn:lsid:marinespecies.org:taxname:138580,https://airtable.com/tblLqtIyuwA7rbEC3/recox8Q1dv77RvjtV?blocks=bli5ItEhTDGAFc32p,Animalia,,,Mollusca,,,,Gastropoda,Heterobranchia,Euthyneura,Ringipleura,Nudipleura,Nudibranchia,Cladobranchia,,,,,Tritonioidea,,Tritoniidae,,,,,Tritonia,,,,Tritoniidae,,recox8Q1dv77RvjtV,,,
Tritonia tetraquetra,SPECIES,ACCEPTED,,851422,http://www.marinespecies.org/aphia.php?p=taxdetails&id=851422,https://www.marinespecies.org/rest/AphiaClassificationByAphiaID/851422,urn:lsid:marinespecies.org:taxname:851422,https://airtable.com/tblLqtIyuwA7rbEC3/recAcpIRuWwm1IwqZ?blocks=bli5ItEhTDGAFc32p,Animalia,,,Mollusca,,,,Gastropoda,Heterobranchia,Euthyneura,Ringipleura,Nudipleura,Nudibranchia,Cladobranchia,,,,,Tritonioidea,,Tritoniidae,,,,,Tritonia,,Tritonia tetraquetra,,Tritonia,,recAcpIRuWwm1IwqZ,,,
Doridina,SUBORDER,ACCEPTED,,1052385,http://www.marinespecies.org/aphia.php?p=taxdetails&id=1052385,https://www.marinespecies.org/rest/AphiaClassificationByAphiaID/1052385,urn:lsid:marinespecies.org:taxname:1052385,https://airtable.com/tblLqtIyuwA7rbEC3/rec9kUR5II0lwWAOe?blocks=bli5ItEhTDGAFc32p,Animalia,,,Mollusca,,,,Gastropoda,Heterobranchia,Euthyneura,Ringipleura,Nudipleura,Nudibranchia,Doridina,,,,,,,,,,,,,,,,Nudibranchia,,rec9kUR5II0lwWAOe,,,
Doridoidei,INFRAORDER,ACCEPTED,,246038,http://www.marinespecies.org/aphia.php?p=taxdetails&id=246038,https://www.marinespecies.org/rest/AphiaClassificationByAphiaID/246038,urn:lsid:marinespecies.org:taxname:246038,https://airtable.com/tblLqtIyuwA7rbEC3/recfeWAN5RVFQJZaV?blocks=bli5ItEhTDGAFc32p,Animalia,,,Mollusca,,,,Gastropoda,Heterobranchia,Euthyneura,Ringipleura,Nudipleura,Nudibranchia,Doridina,Doridoidei,,,,,,,,,,,,,,,Doridina,,recfeWAN5RVFQJZaV,,,
Chromodoridoidea,SUPERFAMILY,ACCEPTED,,1370609,http://www.marinespecies.org/aphia.php?p=taxdetails&id=1370609,https://www.marinespecies.org/rest/AphiaClassificationByAphiaID/1370609,urn:lsid:marinespecies.org:taxname:1370609,https://airtable.com/tblLqtIyuwA7rbEC3/recpa2OfUkAtNTcyV?blocks=bli5ItEhTDGAFc32p,Animalia,,,Mollusca,,,,Gastropoda,Heterobranchia,Euthyneura,Ringipleura,Nudipleura,Nudibranchia,Doridina,Doridoidei,,,,Chromodoridoidea,,,,,,,,,,,Doridoidei,,recpa2OfUkAtNTcyV,,,
Cadlinidae,FAMILY,ACCEPTED,,151277,http://www.marinespecies.org/aphia.php?p=taxdetails&id=151277,https://www.marinespecies.org/rest/AphiaClassificationByAphiaID/151277,urn:lsid:marinespecies.org:taxname:151277,https://airtable.com/tblLqtIyuwA7rbEC3/recicI5U9FfgO3hoX?blocks=bli5ItEhTDGAFc32p,Animalia,,,Mollusca,,,,Gastropoda,Heterobranchia,Euthyneura,Ringipleura,Nudipleura,Nudibranchia,Doridina,Doridoidei,,,,Chromodoridoidea,,Cadlinidae,,,,,,,,,Chromodoridoidea,,recicI5U9FfgO3hoX,,,
Cadlina,GENUS,ACCEPTED,,137781,http://www.marinespecies.org/aphia.php?p=taxdetails&id=137781,https://www.marinespecies.org/rest/AphiaClassificationByAphiaID/137781,urn:lsid:marinespecies.org:taxname:137781,https://airtable.com/tblLqtIyuwA7rbEC3/reccLN5BJeVstTW4T?blocks=bli5ItEhTDGAFc32p,Animalia,,,Mollusca,,,,Gastropoda,Heterobranchia,Euthyneura,Ringipleura,Nudipleura,Nudibranchia,Doridina,Doridoidei,,,,Chromodoridoidea,,Cadlinidae,,,,,Cadlina,,,,Cadlinidae,,reccLN5BJeVstTW4T,,,
Cadlina modesta,SPECIES,ACCEPTED,,564148,http://www.marinespecies.org/aphia.php?p=taxdetails&id=564148,https://www.marinespecies.org/rest/AphiaClassificationByAphiaID/564148,urn:lsid:marinespecies.org:taxname:564148,https://airtable.com/tblLqtIyuwA7rbEC3/recC4M8qlJsbXnSfV?blocks=bli5ItEhTDGAFc32p,Animalia,,,Mollusca,,,,Gastropoda,Heterobranchia,Euthyneura,Ringipleura,Nudipleura,Nudibranchia,Doridina,Doridoidei,,,,Chromodoridoidea,,Cadlinidae,,,,,Cadlina,,Cadlina modesta,,Cadlina,CAMO,recC4M8qlJsbXnSfV,,,
Doridoidea,SUPERFAMILY,ACCEPTED,,173,http://www.marinespecies.org/aphia.php?p=taxdetails&id=173,https://www.marinespecies.org/rest/AphiaClassificationByAphiaID/173,urn:lsid:marinespecies.org:taxname:173,https://airtable.com/tblLqtIyuwA7rbEC3/recdMyU1NQKElmPX8?blocks=bli5ItEhTDGAFc32p,Animalia,,,Mollusca,,,,Gastropoda,Heterobranchia,Euthyneura,Ringipleura,Nudipleura,Nudibranchia,Doridina,Doridoidei,,,,Doridoidea,,,,,,,,,,,Doridoidei,,recdMyU1NQKElmPX8,,,
Discodorididae,FAMILY,ACCEPTED,,1761,http://www.marinespecies.org/aphia.php?p=taxdetails&id=1761,https://www.marinespecies.org/rest/AphiaClassificationByAphiaID/1761,urn:lsid:marinespecies.org:taxname:1761,https://airtable.com/tblLqtIyuwA7rbEC3/recHnklfiilpt0TxV?blocks=bli5ItEhTDGAFc32p,Animalia,,,Mollusca,,,,Gastropoda,Heterobranchia,Euthyneura,Ringipleura,Nudipleura,Nudibranchia,Doridina,Doridoidei,,,,Doridoidea,,Discodorididae,,,,,,,,,Doridoidea,,recHnklfiilpt0TxV,,,
Diaulula,GENUS,ACCEPTED,,415291,http://www.marinespecies.org/aphia.php?p=taxdetails&id=415291,https://www.marinespecies.org/rest/AphiaClassificationByAphiaID/415291,urn:lsid:marinespecies.org:taxname:415291,https://airtable.com/tblLqtIyuwA7rbEC3/reczYvR9mvlUdD2kO?blocks=bli5ItEhTDGAFc32p,Animalia,,,Mollusca,,,,Gastropoda,Heterobranchia,Euthyneura,Ringipleura,Nudipleura,Nudibranchia,Doridina,Doridoidei,,,,Doridoidea,,Discodorididae,,,,,Diaulula,,,,Discodorididae,,reczYvR9mvlUdD2kO,,,
Diaulula sandiegensis,SPECIES,ACCEPTED,Leopard nudibranch,536817,http://www.marinespecies.org/aphia.php?p=taxdetails&id=536817,https://www.marinespecies.org/rest/AphiaClassificationByAphiaID/536817,urn:lsid:marinespecies.org:taxname:536817,https://airtable.com/tblLqtIyuwA7rbEC3/recfBhjKtYSDGKxMD?blocks=bli5ItEhTDGAFc32p,Animalia,,,Mollusca,,,,Gastropoda,Heterobranchia,Euthyneura,Ringipleura,Nudipleura,Nudibranchia,Doridina,Doridoidei,,,,Doridoidea,,Discodorididae,,,,,Diaulula,,Diaulula sandiegensis,,Diaulula,"DIAS,dias,dias",recfBhjKtYSDGKxMD,,,
Peltodoris,GENUS,ACCEPTED,,225423,http://www.marinespecies.org/aphia.php?p=taxdetails&id=225423,https://www.marinespecies.org/rest/AphiaClassificationByAphiaID/225423,urn:lsid:marinespecies.org:taxname:225423,https://airtable.com/tblLqtIyuwA7rbEC3/reckynCeP8R7bEtDW?blocks=bli5ItEhTDGAFc32p,Animalia,,,Mollusca,,,,Gastropoda,Heterobranchia,Euthyneura,Ringipleura,Nudipleura,Nudibranchia,Doridina,Doridoidei,,,,Doridoidea,,Discodorididae,,,,,Peltodoris,,,,Discodorididae,,reckynCeP8R7bEtDW,,,
Peltodoris nobilis,SPECIES,ACCEPTED,Noble sea lemon,594422,http://www.marinespecies.org/aphia.php?p=taxdetails&id=594422,https://www.marinespecies.org/rest/AphiaClassificationByAphiaID/594422,urn:lsid:marinespecies.org:taxname:594422,https://airtable.com/tblLqtIyuwA7rbEC3/recMtcr0gDwJYgEA4?blocks=bli5ItEhTDGAFc32p,Animalia,,,Mollusca,,,,Gastropoda,Heterobranchia,Euthyneura,Ringipleura,Nudipleura,Nudibranchia,Doridina,Doridoidei,,,,Doridoidea,,Discodorididae,,,,,Peltodoris,,Peltodoris nobilis,,Peltodoris,PENO,recMtcr0gDwJYgEA4,,,
Dorididae,FAMILY,ACCEPTED,Dorid nudibranch,9904,http://www.marinespecies.org/aphia.php?p=taxdetails&id=9904,https://www.marinespecies.org/rest/AphiaClassificationByAphiaID/9904,urn:lsid:marinespecies.org:taxname:9904,https://airtable.com/tblLqtIyuwA7rbEC3/recJmUArEl5z3OBnM?blocks=bli5ItEhTDGAFc32p,Animalia,,,Mollusca,,,,Gastropoda,Heterobranchia,Euthyneura,Ringipleura,Nudipleura,Nudibranchia,Doridina,Doridoidei,,,,Doridoidea,,Dorididae,,,,,,,,,Doridoidea,"DORI,DORW,dorw,dorw,DORY,DORY,dory,dory",recJmUArEl5z3OBnM,,,
Polyceroidea,SUPERFAMILY,ACCEPTED,,412569,http://www.marinespecies.org/aphia.php?p=taxdetails&id=412569,https://www.marinespecies.org/rest/AphiaClassificationByAphiaID/412569,urn:lsid:marinespecies.org:taxname:412569,https://airtable.com/tblLqtIyuwA7rbEC3/recsJtBIdk39R7DqI?blocks=bli5ItEhTDGAFc32p,Animalia,,,Mollusca,,,,Gastropoda,Heterobranchia,Euthyneura,Ringipleura,Nudipleura,Nudibranchia,Doridina,Doridoidei,,,,Polyceroidea,,,,,,,,,,,Doridoidei,,recsJtBIdk39R7DqI,,,
Polyceridae,FAMILY,ACCEPTED,,177,http://www.marinespecies.org/aphia.php?p=taxdetails&id=177,https://www.marinespecies.org/rest/AphiaClassificationByAphiaID/177,urn:lsid:marinespecies.org:taxname:177,https://airtable.com/tblLqtIyuwA7rbEC3/recF5G7rSNSYsE770?blocks=bli5ItEhTDGAFc32p,Animalia,,,Mollusca,,,,Gastropoda,Heterobranchia,Euthyneura,Ringipleura,Nudipleura,Nudibranchia,Doridina,Doridoidei,,,,Polyceroidea,,Polyceridae,,,,,,,,,Polyceroidea,,recF5G7rSNSYsE770,,,
Triophinae,SUBFAMILY,ACCEPTED,,412577,http://www.marinespecies.org/aphia.php?p=taxdetails&id=412577,https://www.marinespecies.org/rest/AphiaClassificationByAphiaID/412577,urn:lsid:marinespecies.org:taxname:412577,https://airtable.com/tblLqtIyuwA7rbEC3/recHGpqkQVqyG6yzq?blocks=bli5ItEhTDGAFc32p,Animalia,,,Mollusca,,,,Gastropoda,Heterobranchia,Euthyneura,Ringipleura,Nudipleura,Nudibranchia,Doridina,Doridoidei,,,,Polyceroidea,,Polyceridae,Triophinae,,,,,,,,Polyceridae,,recHGpqkQVqyG6yzq,,,
Triopha,GENUS,ACCEPTED,,531257,http://www.marinespecies.org/aphia.php?p=taxdetails&id=531257,https://www.marinespecies.org/rest/AphiaClassificationByAphiaID/531257,urn:lsid:marinespecies.org:taxname:531257,https://airtable.com/tblLqtIyuwA7rbEC3/rec6cnf7FcLd47GwY?blocks=bli5ItEhTDGAFc32p,Animalia,,,Mollusca,,,,Gastropoda,Heterobranchia,Euthyneura,Ringipleura,Nudipleura,Nudibranchia,Doridina,Doridoidei,,,,Polyceroidea,,Polyceridae,Triophinae,,,,Triopha,,,,Triophinae,,rec6cnf7FcLd47GwY,,,
Triopha catalinae,SPECIES,ACCEPTED,Clown nudibrach,531258,http://www.marinespecies.org/aphia.php?p=taxdetails&id=531258,https://www.marinespecies.org/rest/AphiaClassificationByAphiaID/531258,urn:lsid:marinespecies.org:taxname:531258,https://airtable.com/tblLqtIyuwA7rbEC3/recXbWOQWCQtSfgYO?blocks=bli5ItEhTDGAFc32p,Animalia,,,Mollusca,,,,Gastropoda,Heterobranchia,Euthyneura,Ringipleura,Nudipleura,Nudibranchia,Doridina,Doridoidei,,,,Polyceroidea,,Polyceridae,Triophinae,,,,Triopha,,Triopha catalinae,,Triopha,"TRIC,TRIC,tric,tric",recXbWOQWCQtSfgYO,,,
Tectipleura,SUBTERCLASS,ACCEPTED,,1057250,http://www.marinespecies.org/aphia.php?p=taxdetails&id=1057250,https://www.marinespecies.org/rest/AphiaClassificationByAphiaID/1057250,urn:lsid:marinespecies.org:taxname:1057250,https://airtable.com/tblLqtIyuwA7rbEC3/recQdZxKOugYeaTpO?blocks=bli5ItEhTDGAFc32p,Animalia,,,Mollusca,,,,Gastropoda,Heterobranchia,Euthyneura,Tectipleura,,,,,,,,,,,,,,,,,,,Euthyneura,,recQdZxKOugYeaTpO,,,
Cephalaspidea,ORDER,ACCEPTED,,154,http://www.marinespecies.org/aphia.php?p=taxdetails&id=154,https://www.marinespecies.org/rest/AphiaClassificationByAphiaID/154,urn:lsid:marinespecies.org:taxname:154,https://airtable.com/tblLqtIyuwA7rbEC3/recPuCBaGkkfBPkAx?blocks=bli5ItEhTDGAFc32p,Animalia,,,Mollusca,,,,Gastropoda,Heterobranchia,Euthyneura,Tectipleura,,Cephalaspidea,,,,,,,,,,,,,,,,,Tectipleura,,recPuCBaGkkfBPkAx,,,
Haminoeoidea,SUPERFAMILY,ACCEPTED,,411892,http://www.marinespecies.org/aphia.php?p=taxdetails&id=411892,https://www.marinespecies.org/rest/AphiaClassificationByAphiaID/411892,urn:lsid:marinespecies.org:taxname:411892,https://airtable.com/tblLqtIyuwA7rbEC3/rec0ciyAwOonpaGn5?blocks=bli5ItEhTDGAFc32p,Animalia,,,Mollusca,,,,Gastropoda,Heterobranchia,Euthyneura,Tectipleura,,Cephalaspidea,,,,,,Haminoeoidea,,,,,,,,,,,Cephalaspidea,,rec0ciyAwOonpaGn5,,,
Haminoeidae,FAMILY,ACCEPTED,,23052,http://www.marinespecies.org/aphia.php?p=taxdetails&id=23052,https://www.marinespecies.org/rest/AphiaClassificationByAphiaID/23052,urn:lsid:marinespecies.org:taxname:23052,https://airtable.com/tblLqtIyuwA7rbEC3/recnnG7F98NTXxGUn?blocks=bli5ItEhTDGAFc32p,Animalia,,,Mollusca,,,,Gastropoda,Heterobranchia,Euthyneura,Tectipleura,,Cephalaspidea,,,,,,Haminoeoidea,,Haminoeidae,,,,,,,,,Haminoeoidea,,recnnG7F98NTXxGUn,,,
Haminoea,GENUS,ACCEPTED,Bubble snail,138054,http://www.marinespecies.org/aphia.php?p=taxdetails&id=138054,https://www.marinespecies.org/rest/AphiaClassificationByAphiaID/138054,urn:lsid:marinespecies.org:taxname:138054,https://airtable.com/tblLqtIyuwA7rbEC3/recnQbJhnkHQ8XrbR?blocks=bli5ItEhTDGAFc32p,Animalia,,,Mollusca,,,,Gastropoda,Heterobranchia,Euthyneura,Tectipleura,,Cephalaspidea,,,,,,Haminoeoidea,,Haminoeidae,,,,,Haminoea,,,,Haminoeidae,"HAMI,HAMI,hami,BSEG",recnQbJhnkHQ8XrbR,,,
Eupulmonata,SUPERORDER,ACCEPTED,,412657,http://www.marinespecies.org/aphia.php?p=taxdetails&id=412657,https://www.marinespecies.org/rest/AphiaClassificationByAphiaID/412657,urn:lsid:marinespecies.org:taxname:412657,https://airtable.com/tblLqtIyuwA7rbEC3/reclgB3qmWq6kudOW?blocks=bli5ItEhTDGAFc32p,Animalia,,,Mollusca,,,,Gastropoda,Heterobranchia,Euthyneura,Tectipleura,Eupulmonata,,,,,,,,,,,,,,,,,,Tectipleura,,reclgB3qmWq6kudOW,,,
Systellommatophora,ORDER,ACCEPTED,,1772,http://www.marinespecies.org/aphia.php?p=taxdetails&id=1772,https://www.marinespecies.org/rest/AphiaClassificationByAphiaID/1772,urn:lsid:marinespecies.org:taxname:1772,https://airtable.com/tblLqtIyuwA7rbEC3/rec1B0fEFrNdfxFwW?blocks=bli5ItEhTDGAFc32p,Animalia,,,Mollusca,,,,Gastropoda,Heterobranchia,Euthyneura,Tectipleura,Eupulmonata,Systellommatophora,,,,,,,,,,,,,,,,,Eupulmonata,,rec1B0fEFrNdfxFwW,,,
Onchidioidea,SUPERFAMILY,ACCEPTED,,196317,http://www.marinespecies.org/aphia.php?p=taxdetails&id=196317,https://www.marinespecies.org/rest/AphiaClassificationByAphiaID/196317,urn:lsid:marinespecies.org:taxname:196317,https://airtable.com/tblLqtIyuwA7rbEC3/reciPwrhsjkSHgMWo?blocks=bli5ItEhTDGAFc32p,Animalia,,,Mollusca,,,,Gastropoda,Heterobranchia,Euthyneura,Tectipleura,Eupulmonata,Systellommatophora,,,,,,Onchidioidea,,,,,,,,,,,Systellommatophora,,reciPwrhsjkSHgMWo,,,
Onchidiidae,FAMILY,ACCEPTED,,1773,http://www.marinespecies.org/aphia.php?p=taxdetails&id=1773,https://www.marinespecies.org/rest/AphiaClassificationByAphiaID/1773,urn:lsid:marinespecies.org:taxname:1773,https://airtable.com/tblLqtIyuwA7rbEC3/recgCKwJ36d0HoIyL?blocks=bli5ItEhTDGAFc32p,Animalia,,,Mollusca,,,,Gastropoda,Heterobranchia,Euthyneura,Tectipleura,Eupulmonata,Systellommatophora,,,,,,Onchidioidea,,Onchidiidae,,,,,,,,,Onchidioidea,,recgCKwJ36d0HoIyL,,,
Onchidella,GENUS,ACCEPTED,,138283,http://www.marinespecies.org/aphia.php?p=taxdetails&id=138283,https://www.marinespecies.org/rest/AphiaClassificationByAphiaID/138283,urn:lsid:marinespecies.org:taxname:138283,https://airtable.com/tblLqtIyuwA7rbEC3/rec5aWQ9y1lIf8X4c?blocks=bli5ItEhTDGAFc32p,Animalia,,,Mollusca,,,,Gastropoda,Heterobranchia,Euthyneura,Tectipleura,Eupulmonata,Systellommatophora,,,,,,Onchidioidea,,Onchidiidae,,,,,Onchidella,,,,Onchidiidae,,rec5aWQ9y1lIf8X4c,,,
Onchidella borealis,SPECIES,ACCEPTED,Leather limpet,446167,http://www.marinespecies.org/aphia.php?p=taxdetails&id=446167,https://www.marinespecies.org/rest/AphiaClassificationByAphiaID/446167,urn:lsid:marinespecies.org:taxname:446167,https://airtable.com/tblLqtIyuwA7rbEC3/recnV6Kj9LPoagbg1?blocks=bli5ItEhTDGAFc32p,Animalia,,,Mollusca,,,,Gastropoda,Heterobranchia,Euthyneura,Tectipleura,Eupulmonata,Systellommatophora,,,,,,Onchidioidea,,Onchidiidae,,,,,Onchidella,,Onchidella borealis,,Onchidella,ONBO,recnV6Kj9LPoagbg1,,,
Sacoglossa,SUPERORDER,ACCEPTED,,167,http://www.marinespecies.org/aphia.php?p=taxdetails&id=167,https://www.marinespecies.org/rest/AphiaClassificationByAphiaID/167,urn:lsid:marinespecies.org:taxname:167,https://airtable.com/tblLqtIyuwA7rbEC3/recnAOpkktTLaI05c?blocks=bli5ItEhTDGAFc32p,Animalia,,,Mollusca,,,,Gastropoda,Heterobranchia,Euthyneura,Tectipleura,Sacoglossa,,,,,,,,,,,,,,,,,,Tectipleura,,recnAOpkktTLaI05c,,,
Plakobranchoidea,SUPERFAMILY,ACCEPTED,,411959,http://www.marinespecies.org/aphia.php?p=taxdetails&id=411959,https://www.marinespecies.org/rest/AphiaClassificationByAphiaID/411959,urn:lsid:marinespecies.org:taxname:411959,https://airtable.com/tblLqtIyuwA7rbEC3/recneZYdY2upkRchW?blocks=bli5ItEhTDGAFc32p,Animalia,,,Mollusca,,,,Gastropoda,Heterobranchia,Euthyneura,Tectipleura,Sacoglossa,,,,,,,Plakobranchoidea,,,,,,,,,,,Sacoglossa,,recneZYdY2upkRchW,,,
Hermaeidae,FAMILY,ACCEPTED,,23055,http://www.marinespecies.org/aphia.php?p=taxdetails&id=23055,https://www.marinespecies.org/rest/AphiaClassificationByAphiaID/23055,urn:lsid:marinespecies.org:taxname:23055,https://airtable.com/tblLqtIyuwA7rbEC3/rec5dSOqNt7CdtyQQ?blocks=bli5ItEhTDGAFc32p,Animalia,,,Mollusca,,,,Gastropoda,Heterobranchia,Euthyneura,Tectipleura,Sacoglossa,,,,,,,Plakobranchoidea,,Hermaeidae,,,,,,,,,Plakobranchoidea,,rec5dSOqNt7CdtyQQ,,,
Aplysiopsis,GENUS,ACCEPTED,,138060,http://www.marinespecies.org/aphia.php?p=taxdetails&id=138060,https://www.marinespecies.org/rest/AphiaClassificationByAphiaID/138060,urn:lsid:marinespecies.org:taxname:138060,https://airtable.com/tblLqtIyuwA7rbEC3/recGuIy7qBqyGZxLi?blocks=bli5ItEhTDGAFc32p,Animalia,,,Mollusca,,,,Gastropoda,Heterobranchia,Euthyneura,Tectipleura,Sacoglossa,,,,,,,Plakobranchoidea,,Hermaeidae,,,,,Aplysiopsis,,,,Hermaeidae,,recGuIy7qBqyGZxLi,,,
Aplysiopsis enteromorphae,SPECIES,ACCEPTED,Green alga sacoglossid,494528,http://www.marinespecies.org/aphia.php?p=taxdetails&id=494528,https://www.marinespecies.org/rest/AphiaClassificationByAphiaID/494528,urn:lsid:marinespecies.org:taxname:494528,https://airtable.com/tblLqtIyuwA7rbEC3/rec9hsDjkXetOU6si?blocks=bli5ItEhTDGAFc32p,Animalia,,,Mollusca,,,,Gastropoda,Heterobranchia,Euthyneura,Tectipleura,Sacoglossa,,,,,,,Plakobranchoidea,,Hermaeidae,,,,,Aplysiopsis,,Aplysiopsis enteromorphae,,Aplysiopsis,APLE,rec9hsDjkXetOU6si,,,
Patellogastropoda,SUBCLASS,ACCEPTED,,382158,http://www.marinespecies.org/aphia.php?p=taxdetails&id=382158,https://www.marinespecies.org/rest/AphiaClassificationByAphiaID/382158,urn:lsid:marinespecies.org:taxname:382158,https://airtable.com/tblLqtIyuwA7rbEC3/recncfwgACNHNzeeb?blocks=bli5ItEhTDGAFc32p,Animalia,,,Mollusca,,,,Gastropoda,Patellogastropoda,,,,,,,,,,,,,,,,,,,,,Gastropoda,,recncfwgACNHNzeeb,,,
Lottioidea,SUPERFAMILY,ACCEPTED,,391063,http://www.marinespecies.org/aphia.php?p=taxdetails&id=391063,https://www.marinespecies.org/rest/AphiaClassificationByAphiaID/391063,urn:lsid:marinespecies.org:taxname:391063,https://airtable.com/tblLqtIyuwA7rbEC3/recsEPsdaVqjC3QeI?blocks=bli5ItEhTDGAFc32p,Animalia,,,Mollusca,,,,Gastropoda,Patellogastropoda,,,,,,,,,,Lottioidea,,,,,,,,,,,Patellogastropoda,,recsEPsdaVqjC3QeI,,,
Acmaeidae,FAMILY,ACCEPTED,,114,http://www.marinespecies.org/aphia.php?p=taxdetails&id=114,https://www.marinespecies.org/rest/AphiaClassificationByAphiaID/114,urn:lsid:marinespecies.org:taxname:114,https://airtable.com/tblLqtIyuwA7rbEC3/reczsCbobntmvIR2J?blocks=bli5ItEhTDGAFc32p,Animalia,,,Mollusca,,,,Gastropoda,Patellogastropoda,,,,,,,,,,Lottioidea,,Acmaeidae,,,,,,,,,Lottioidea,,reczsCbobntmvIR2J,,,
Acmaea,GENUS,ACCEPTED,,137616,http://www.marinespecies.org/aphia.php?p=taxdetails&id=137616,https://www.marinespecies.org/rest/AphiaClassificationByAphiaID/137616,urn:lsid:marinespecies.org:taxname:137616,https://airtable.com/tblLqtIyuwA7rbEC3/rec8YS5dS4TQ4MjNB?blocks=bli5ItEhTDGAFc32p,Animalia,,,Mollusca,,,,Gastropoda,Patellogastropoda,,,,,,,,,,Lottioidea,,Acmaeidae,,,,,Acmaea,,,,Acmaeidae,,rec8YS5dS4TQ4MjNB,,,
Acmaea mitra,SPECIES,ACCEPTED,White-cap limpet,456582,http://www.marinespecies.org/aphia.php?p=taxdetails&id=456582,https://www.marinespecies.org/rest/AphiaClassificationByAphiaID/456582,urn:lsid:marinespecies.org:taxname:456582,https://airtable.com/tblLqtIyuwA7rbEC3/recE9f168P653YC1c?blocks=bli5ItEhTDGAFc32p,Animalia,,,Mollusca,,,,Gastropoda,Patellogastropoda,,,,,,,,,,Lottioidea,,Acmaeidae,,,,,Acmaea,,Acmaea mitra,,Acmaea,ACMI,recE9f168P653YC1c,,,
Lottiidae,FAMILY,ACCEPTED,,7173,http://www.marinespecies.org/aphia.php?p=taxdetails&id=7173,https://www.marinespecies.org/rest/AphiaClassificationByAphiaID/7173,urn:lsid:marinespecies.org:taxname:7173,https://airtable.com/tblLqtIyuwA7rbEC3/rec0nzCtHeou7MFAX?blocks=bli5ItEhTDGAFc32p,Animalia,,,Mollusca,,,,Gastropoda,Patellogastropoda,,,,,,,,,,Lottioidea,,Lottiidae,,,,,,,,,Lottioidea,,rec0nzCtHeou7MFAX,,,
Lottiinae,SUBFAMILY,ACCEPTED,,411585,http://www.marinespecies.org/aphia.php?p=taxdetails&id=411585,https://www.marinespecies.org/rest/AphiaClassificationByAphiaID/411585,urn:lsid:marinespecies.org:taxname:411585,https://airtable.com/tblLqtIyuwA7rbEC3/recQM9A2Aqch88Z3t?blocks=bli5ItEhTDGAFc32p,Animalia,,,Mollusca,,,,Gastropoda,Patellogastropoda,,,,,,,,,,Lottioidea,,Lottiidae,Lottiinae,,,,,,,,Lottiidae,,recQM9A2Aqch88Z3t,,,
Lottiini,TRIBE,ACCEPTED,,411586,http://www.marinespecies.org/aphia.php?p=taxdetails&id=411586,https://www.marinespecies.org/rest/AphiaClassificationByAphiaID/411586,urn:lsid:marinespecies.org:taxname:411586,https://airtable.com/tblLqtIyuwA7rbEC3/recnLWmC40LBxbdLG?blocks=bli5ItEhTDGAFc32p,Animalia,,,Mollusca,,,,Gastropoda,Patellogastropoda,,,,,,,,,,Lottioidea,,Lottiidae,Lottiinae,,Lottiini,,,,,,Lottiinae,,recnLWmC40LBxbdLG,,,
Lottia,GENUS,ACCEPTED,"Lottia ""limpet""",160336,http://www.marinespecies.org/aphia.php?p=taxdetails&id=160336,https://www.marinespecies.org/rest/AphiaClassificationByAphiaID/160336,urn:lsid:marinespecies.org:taxname:160336,https://airtable.com/tblLqtIyuwA7rbEC3/recEmCdbvriJjMVP8?blocks=bli5ItEhTDGAFc32p,Animalia,,,Mollusca,,,,Gastropoda,Patellogastropoda,,,,,,,,,,Lottioidea,,Lottiidae,Lottiinae,,Lottiini,,Lottia,,,,Lottiini,"LOTT,LOTD",recEmCdbvriJjMVP8,,,
Lottia asmi,SPECIES,ACCEPTED,,510016,http://www.marinespecies.org/aphia.php?p=taxdetails&id=510016,https://www.marinespecies.org/rest/AphiaClassificationByAphiaID/510016,urn:lsid:marinespecies.org:taxname:510016,https://airtable.com/tblLqtIyuwA7rbEC3/rectb3Hea4Kfm6EhD?blocks=bli5ItEhTDGAFc32p,Animalia,,,Mollusca,,,,Gastropoda,Patellogastropoda,,,,,,,,,,Lottioidea,,Lottiidae,Lottiinae,,Lottiini,,Lottia,,Lottia asmi,,Lottia,LOAS,rectb3Hea4Kfm6EhD,,,
Lottia digitalis,SPECIES,ACCEPTED,Fingered limpet,456588,http://www.marinespecies.org/aphia.php?p=taxdetails&id=456588,https://www.marinespecies.org/rest/AphiaClassificationByAphiaID/456588,urn:lsid:marinespecies.org:taxname:456588,https://airtable.com/tblLqtIyuwA7rbEC3/recMua5g0AscvcLZM?blocks=bli5ItEhTDGAFc32p,Animalia,,,Mollusca,,,,Gastropoda,Patellogastropoda,,,,,,,,,,Lottioidea,,Lottiidae,Lottiinae,,Lottiini,,Lottia,,Lottia digitalis,,Lottia,LODI,recMua5g0AscvcLZM,,,
Lottia paradigitalis,SPECIES,ACCEPTED,Boreal limpet,510029,http://www.marinespecies.org/aphia.php?p=taxdetails&id=510029,https://www.marinespecies.org/rest/AphiaClassificationByAphiaID/510029,urn:lsid:marinespecies.org:taxname:510029,https://airtable.com/tblLqtIyuwA7rbEC3/recrw9i15I5IYiXAf?blocks=bli5ItEhTDGAFc32p,Animalia,,,Mollusca,,,,Gastropoda,Patellogastropoda,,,,,,,,,,Lottioidea,,Lottiidae,Lottiinae,,Lottiini,,Lottia,,Lottia paradigitalis,,Lottia,LOPA,recrw9i15I5IYiXAf,,,
Lottia pelta,SPECIES,ACCEPTED,Shield limpet,456602,http://www.marinespecies.org/aphia.php?p=taxdetails&id=456602,https://www.marinespecies.org/rest/AphiaClassificationByAphiaID/456602,urn:lsid:marinespecies.org:taxname:456602,https://airtable.com/tblLqtIyuwA7rbEC3/recP6N4T05I4BXkhI?blocks=bli5ItEhTDGAFc32p,Animalia,,,Mollusca,,,,Gastropoda,Patellogastropoda,,,,,,,,,,Lottioidea,,Lottiidae,Lottiinae,,Lottiini,,Lottia,,Lottia pelta,,Lottia,LOPE,recP6N4T05I4BXkhI,,,
Lottia persona,SPECIES,ACCEPTED,,456603,http://www.marinespecies.org/aphia.php?p=taxdetails&id=456603,https://www.marinespecies.org/rest/AphiaClassificationByAphiaID/456603,urn:lsid:marinespecies.org:taxname:456603,https://airtable.com/tblLqtIyuwA7rbEC3/recwUgSVe8l41teIR?blocks=bli5ItEhTDGAFc32p,Animalia,,,Mollusca,,,,Gastropoda,Patellogastropoda,,,,,,,,,,Lottioidea,,Lottiidae,Lottiinae,,Lottiini,,Lottia,,Lottia persona,,Lottia,,recwUgSVe8l41teIR,,,
Lottia scutum,SPECIES,ACCEPTED,Plate limpet,456605,http://www.marinespecies.org/aphia.php?p=taxdetails&id=456605,https://www.marinespecies.org/rest/AphiaClassificationByAphiaID/456605,urn:lsid:marinespecies.org:taxname:456605,https://airtable.com/tblLqtIyuwA7rbEC3/recyP7yy283xI18O7?blocks=bli5ItEhTDGAFc32p,Animalia,,,Mollusca,,,,Gastropoda,Patellogastropoda,,,,,,,,,,Lottioidea,,Lottiidae,Lottiinae,,Lottiini,,Lottia,,Lottia scutum,,Lottia,"LOSC,TECS",recyP7yy283xI18O7,,,
Tecturinae,SUBFAMILY,ACCEPTED,,411589,http://www.marinespecies.org/aphia.php?p=taxdetails&id=411589,https://www.marinespecies.org/rest/AphiaClassificationByAphiaID/411589,urn:lsid:marinespecies.org:taxname:411589,https://airtable.com/tblLqtIyuwA7rbEC3/recObwxR96WBlV7Xd?blocks=bli5ItEhTDGAFc32p,Animalia,,,Mollusca,,,,Gastropoda,Patellogastropoda,,,,,,,,,,Lottioidea,,Lottiidae,Tecturinae,,,,,,,,Lottiidae,,recObwxR96WBlV7Xd,,,
Tectura,GENUS,ACCEPTED,,138142,http://www.marinespecies.org/aphia.php?p=taxdetails&id=138142,https://www.marinespecies.org/rest/AphiaClassificationByAphiaID/138142,urn:lsid:marinespecies.org:taxname:138142,https://airtable.com/tblLqtIyuwA7rbEC3/rec0QXrkWY25TPkPo?blocks=bli5ItEhTDGAFc32p,Animalia,,,Mollusca,,,,Gastropoda,Patellogastropoda,,,,,,,,,,Lottioidea,,Lottiidae,Tecturinae,,,,Tectura,,,,Tecturinae,,rec0QXrkWY25TPkPo,,,
Tectura persona,SPECIES,UNACCEPTED,Mask limpet,527870,http://www.marinespecies.org/aphia.php?p=taxdetails&id=527870,https://www.marinespecies.org/rest/AphiaClassificationByAphiaID/527870,urn:lsid:marinespecies.org:taxname:527870,https://airtable.com/tblLqtIyuwA7rbEC3/recVWhQUoOJBzl3zw?blocks=bli5ItEhTDGAFc32p,Animalia,,,Mollusca,,,,Gastropoda,Patellogastropoda,,,,,,,,,,Lottioidea,,Lottiidae,Tecturinae,,,,Tectura,,Tectura persona,,Tectura,TECP,recVWhQUoOJBzl3zw,,,
Vetigastropoda,SUBCLASS,ACCEPTED,,156485,http://www.marinespecies.org/aphia.php?p=taxdetails&id=156485,https://www.marinespecies.org/rest/AphiaClassificationByAphiaID/156485,urn:lsid:marinespecies.org:taxname:156485,https://airtable.com/tblLqtIyuwA7rbEC3/recgR41aAGNGeIPFC?blocks=bli5ItEhTDGAFc32p,Animalia,,,Mollusca,,,,Gastropoda,Vetigastropoda,,,,,,,,,,,,,,,,,,,,,Gastropoda,,recgR41aAGNGeIPFC,,,
Lepetellida,ORDER,ACCEPTED,,1052447,http://www.marinespecies.org/aphia.php?p=taxdetails&id=1052447,https://www.marinespecies.org/rest/AphiaClassificationByAphiaID/1052447,urn:lsid:marinespecies.org:taxname:1052447,https://airtable.com/tblLqtIyuwA7rbEC3/recdrOc9Ede1VUDLa?blocks=bli5ItEhTDGAFc32p,Animalia,,,Mollusca,,,,Gastropoda,Vetigastropoda,,,,Lepetellida,,,,,,,,,,,,,,,,,Vetigastropoda,,recdrOc9Ede1VUDLa,,,
Fissurelloidea,SUPERFAMILY,ACCEPTED,,156486,http://www.marinespecies.org/aphia.php?p=taxdetails&id=156486,https://www.marinespecies.org/rest/AphiaClassificationByAphiaID/156486,urn:lsid:marinespecies.org:taxname:156486,https://airtable.com/tblLqtIyuwA7rbEC3/recgM58oy6W01okc4?blocks=bli5ItEhTDGAFc32p,Animalia,,,Mollusca,,,,Gastropoda,Vetigastropoda,,,,Lepetellida,,,,,,Fissurelloidea,,,,,,,,,,,Lepetellida,,recgM58oy6W01okc4,,,
Fissurellidae,FAMILY,ACCEPTED,,111,http://www.marinespecies.org/aphia.php?p=taxdetails&id=111,https://www.marinespecies.org/rest/AphiaClassificationByAphiaID/111,urn:lsid:marinespecies.org:taxname:111,https://airtable.com/tblLqtIyuwA7rbEC3/reclbKcys8FyDXkMP?blocks=bli5ItEhTDGAFc32p,Animalia,,,Mollusca,,,,Gastropoda,Vetigastropoda,,,,Lepetellida,,,,,,Fissurelloidea,,Fissurellidae,,,,,,,,,Fissurelloidea,,reclbKcys8FyDXkMP,,,
Diodorinae,SUBFAMILY,ACCEPTED,,224335,http://www.marinespecies.org/aphia.php?p=taxdetails&id=224335,https://www.marinespecies.org/rest/AphiaClassificationByAphiaID/224335,urn:lsid:marinespecies.org:taxname:224335,https://airtable.com/tblLqtIyuwA7rbEC3/recfKibj5HmAenmnJ?blocks=bli5ItEhTDGAFc32p,Animalia,,,Mollusca,,,,Gastropoda,Vetigastropoda,,,,Lepetellida,,,,,,Fissurelloidea,,Fissurellidae,Diodorinae,,,,,,,,Fissurellidae,,recfKibj5HmAenmnJ,,,
Diodora,GENUS,ACCEPTED,,138011,http://www.marinespecies.org/aphia.php?p=taxdetails&id=138011,https://www.marinespecies.org/rest/AphiaClassificationByAphiaID/138011,urn:lsid:marinespecies.org:taxname:138011,https://airtable.com/tblLqtIyuwA7rbEC3/rec19vnnX71orzvnP?blocks=bli5ItEhTDGAFc32p,Animalia,,,Mollusca,,,,Gastropoda,Vetigastropoda,,,,Lepetellida,,,,,,Fissurelloidea,,Fissurellidae,Diodorinae,,,,Diodora,,,,Diodorinae,,rec19vnnX71orzvnP,,,
Diodora aspera,SPECIES,ACCEPTED,Keyhole limpet,367955,http://www.marinespecies.org/aphia.php?p=taxdetails&id=367955,https://www.marinespecies.org/rest/AphiaClassificationByAphiaID/367955,urn:lsid:marinespecies.org:taxname:367955,https://airtable.com/tblLqtIyuwA7rbEC3/rec7AAybZkvoT1XG9?blocks=bli5ItEhTDGAFc32p,Animalia,,,Mollusca,,,,Gastropoda,Vetigastropoda,,,,Lepetellida,,,,,,Fissurelloidea,,Fissurellidae,Diodorinae,,,,Diodora,,Diodora aspera,,Diodora,"DIOA,DIAS,dioa,dioa",rec7AAybZkvoT1XG9,,,
Fissurellidea,GENUS,ACCEPTED,,205107,http://www.marinespecies.org/aphia.php?p=taxdetails&id=205107,https://www.marinespecies.org/rest/AphiaClassificationByAphiaID/205107,urn:lsid:marinespecies.org:taxname:205107,https://airtable.com/tblLqtIyuwA7rbEC3/recr2Elgj4c00jD1p?blocks=bli5ItEhTDGAFc32p,Animalia,,,Mollusca,,,,Gastropoda,Vetigastropoda,,,,Lepetellida,,,,,,Fissurelloidea,,Fissurellidae,Diodorinae,,,,Fissurellidea,,,,Diodorinae,,recr2Elgj4c00jD1p,,,
Fissurellidea bimaculata,SPECIES,ACCEPTED,,527882,http://www.marinespecies.org/aphia.php?p=taxdetails&id=527882,https://www.marinespecies.org/rest/AphiaClassificationByAphiaID/527882,urn:lsid:marinespecies.org:taxname:527882,https://airtable.com/tblLqtIyuwA7rbEC3/reciPcUKDJyObYoJt?blocks=bli5ItEhTDGAFc32p,Animalia,,,Mollusca,,,,Gastropoda,Vetigastropoda,,,,Lepetellida,,,,,,Fissurelloidea,,Fissurellidae,Diodorinae,,,,Fissurellidea,,Fissurellidea bimaculata,,Fissurellidea,FIBI,reciPcUKDJyObYoJt,,,
Haliotoidea,SUPERFAMILY,ACCEPTED,,156488,http://www.marinespecies.org/aphia.php?p=taxdetails&id=156488,https://www.marinespecies.org/rest/AphiaClassificationByAphiaID/156488,urn:lsid:marinespecies.org:taxname:156488,https://airtable.com/tblLqtIyuwA7rbEC3/rec5rX4l7ztoZ9Lja?blocks=bli5ItEhTDGAFc32p,Animalia,,,Mollusca,,,,Gastropoda,Vetigastropoda,,,,Lepetellida,,,,,,Haliotoidea,,,,,,,,,,,Lepetellida,,rec5rX4l7ztoZ9Lja,,,
Haliotidae,FAMILY,ACCEPTED,,1727,http://www.marinespecies.org/aphia.php?p=taxdetails&id=1727,https://www.marinespecies.org/rest/AphiaClassificationByAphiaID/1727,urn:lsid:marinespecies.org:taxname:1727,https://airtable.com/tblLqtIyuwA7rbEC3/recuZDQzKdMULdca7?blocks=bli5ItEhTDGAFc32p,Animalia,,,Mollusca,,,,Gastropoda,Vetigastropoda,,,,Lepetellida,,,,,,Haliotoidea,,Haliotidae,,,,,,,,,Haliotoidea,,recuZDQzKdMULdca7,,,
Haliotis,GENUS,ACCEPTED,,138050,http://www.marinespecies.org/aphia.php?p=taxdetails&id=138050,https://www.marinespecies.org/rest/AphiaClassificationByAphiaID/138050,urn:lsid:marinespecies.org:taxname:138050,https://airtable.com/tblLqtIyuwA7rbEC3/recNFHCSh51NWJxKg?blocks=bli5ItEhTDGAFc32p,Animalia,,,Mollusca,,,,Gastropoda,Vetigastropoda,,,,Lepetellida,,,,,,Haliotoidea,,Haliotidae,,,,,Haliotis,,,,Haliotidae,,recNFHCSh51NWJxKg,,,
Haliotis kamtschatkana,SPECIES,ACCEPTED,Northern abalone,405014,http://www.marinespecies.org/aphia.php?p=taxdetails&id=405014,https://www.marinespecies.org/rest/AphiaClassificationByAphiaID/405014,urn:lsid:marinespecies.org:taxname:405014,https://airtable.com/tblLqtIyuwA7rbEC3/recV7nxgylqtCscH1?blocks=bli5ItEhTDGAFc32p,Animalia,,,Mollusca,,,,Gastropoda,Vetigastropoda,,,,Lepetellida,,,,,,Haliotoidea,,Haliotidae,,,,,Haliotis,,Haliotis kamtschatkana,,Haliotis,"HALK,HAKA,halk,halk,HALS,hals,hals",recV7nxgylqtCscH1,,,
Trochida,ORDER,ACCEPTED,,1052448,http://www.marinespecies.org/aphia.php?p=taxdetails&id=1052448,https://www.marinespecies.org/rest/AphiaClassificationByAphiaID/1052448,urn:lsid:marinespecies.org:taxname:1052448,https://airtable.com/tblLqtIyuwA7rbEC3/recylvBB2Dhkkh6oI?blocks=bli5ItEhTDGAFc32p,Animalia,,,Mollusca,,,,Gastropoda,Vetigastropoda,,,,Trochida,,,,,,,,,,,,,,,,,Vetigastropoda,,recylvBB2Dhkkh6oI,,,
Trochoidea,SUPERFAMILY,ACCEPTED,,156489,http://www.marinespecies.org/aphia.php?p=taxdetails&id=156489,https://www.marinespecies.org/rest/AphiaClassificationByAphiaID/156489,urn:lsid:marinespecies.org:taxname:156489,https://airtable.com/tblLqtIyuwA7rbEC3/recw0m7dwiPX0hyLO?blocks=bli5ItEhTDGAFc32p,Animalia,,,Mollusca,,,,Gastropoda,Vetigastropoda,,,,Trochida,,,,,,Trochoidea,,,,,,,,,,,Trochida,,recw0m7dwiPX0hyLO,,,
Calliostomatidae,FAMILY,ACCEPTED,,382180,http://www.marinespecies.org/aphia.php?p=taxdetails&id=382180,https://www.marinespecies.org/rest/AphiaClassificationByAphiaID/382180,urn:lsid:marinespecies.org:taxname:382180,https://airtable.com/tblLqtIyuwA7rbEC3/recN3npTviVLMDiny?blocks=bli5ItEhTDGAFc32p,Animalia,,,Mollusca,,,,Gastropoda,Vetigastropoda,,,,Trochida,,,,,,Trochoidea,,Calliostomatidae,,,,,,,,,Trochoidea,,recN3npTviVLMDiny,,,
Calliostomatinae,SUBFAMILY,ACCEPTED,,411630,http://www.marinespecies.org/aphia.php?p=taxdetails&id=411630,https://www.marinespecies.org/rest/AphiaClassificationByAphiaID/411630,urn:lsid:marinespecies.org:taxname:411630,https://airtable.com/tblLqtIyuwA7rbEC3/rec2V0qKNzsGxqhf5?blocks=bli5ItEhTDGAFc32p,Animalia,,,Mollusca,,,,Gastropoda,Vetigastropoda,,,,Trochida,,,,,,Trochoidea,,Calliostomatidae,Calliostomatinae,,,,,,,,Calliostomatidae,,rec2V0qKNzsGxqhf5,,,
Calliostoma,GENUS,ACCEPTED,Calliostoma topsnail,138584,http://www.marinespecies.org/aphia.php?p=taxdetails&id=138584,https://www.marinespecies.org/rest/AphiaClassificationByAphiaID/138584,urn:lsid:marinespecies.org:taxname:138584,https://airtable.com/tblLqtIyuwA7rbEC3/recWmu6VJjJHJpdoR?blocks=bli5ItEhTDGAFc32p,Animalia,,,Mollusca,,,,Gastropoda,Vetigastropoda,,,,Trochida,,,,,,Trochoidea,,Calliostomatidae,Calliostomatinae,,,,Calliostoma,,,,Calliostomatinae,"CALL,CALL,call",recWmu6VJjJHJpdoR,,,
Calliostoma annulatum,SPECIES,ACCEPTED,Purple topsnail,534197,http://www.marinespecies.org/aphia.php?p=taxdetails&id=534197,https://www.marinespecies.org/rest/AphiaClassificationByAphiaID/534197,urn:lsid:marinespecies.org:taxname:534197,https://airtable.com/tblLqtIyuwA7rbEC3/recwg7sIFQGFT7QUT?blocks=bli5ItEhTDGAFc32p,Animalia,,,Mollusca,,,,Gastropoda,Vetigastropoda,,,,Trochida,,,,,,Trochoidea,,Calliostomatidae,Calliostomatinae,,,,Calliostoma,,Calliostoma annulatum,,Calliostoma,"CALA,cala",recwg7sIFQGFT7QUT,,,
Calliostoma canaliculatum,SPECIES,ACCEPTED,Channeled topsnail,580410,http://www.marinespecies.org/aphia.php?p=taxdetails&id=580410,https://www.marinespecies.org/rest/AphiaClassificationByAphiaID/580410,urn:lsid:marinespecies.org:taxname:580410,https://airtable.com/tblLqtIyuwA7rbEC3/recRTGlSW1jUg9n3e?blocks=bli5ItEhTDGAFc32p,Animalia,,,Mollusca,,,,Gastropoda,Vetigastropoda,,,,Trochida,,,,,,Trochoidea,,Calliostomatidae,Calliostomatinae,,,,Calliostoma,,Calliostoma canaliculatum,,Calliostoma,CACA,recRTGlSW1jUg9n3e,,,
Calliostoma ligatum,SPECIES,ACCEPTED,Blue topsnail,580412,http://www.marinespecies.org/aphia.php?p=taxdetails&id=580412,https://www.marinespecies.org/rest/AphiaClassificationByAphiaID/580412,urn:lsid:marinespecies.org:taxname:580412,https://airtable.com/tblLqtIyuwA7rbEC3/rec9EUxYzJttHhXJQ?blocks=bli5ItEhTDGAFc32p,Animalia,,,Mollusca,,,,Gastropoda,Vetigastropoda,,,,Trochida,,,,,,Trochoidea,,Calliostomatidae,Calliostomatinae,,,,Calliostoma,,Calliostoma ligatum,,Calliostoma,"CALI,CALI,cali",rec9EUxYzJttHhXJQ,,,
Colloniidae,FAMILY,ACCEPTED,,382202,http://www.marinespecies.org/aphia.php?p=taxdetails&id=382202,https://www.marinespecies.org/rest/AphiaClassificationByAphiaID/382202,urn:lsid:marinespecies.org:taxname:382202,https://airtable.com/tblLqtIyuwA7rbEC3/reclhCzCVlmWDCg9p?blocks=bli5ItEhTDGAFc32p,Animalia,,,Mollusca,,,,Gastropoda,Vetigastropoda,,,,Trochida,,,,,,Trochoidea,,Colloniidae,,,,,,,,,Trochoidea,,reclhCzCVlmWDCg9p,,,
Colloniinae,SUBFAMILY,ACCEPTED,,411634,http://www.marinespecies.org/aphia.php?p=taxdetails&id=411634,https://www.marinespecies.org/rest/AphiaClassificationByAphiaID/411634,urn:lsid:marinespecies.org:taxname:411634,https://airtable.com/tblLqtIyuwA7rbEC3/rec0ktpABz4hvqZpG?blocks=bli5ItEhTDGAFc32p,Animalia,,,Mollusca,,,,Gastropoda,Vetigastropoda,,,,Trochida,,,,,,Trochoidea,,Colloniidae,Colloniinae,,,,,,,,Colloniidae,,rec0ktpABz4hvqZpG,,,
Homalopoma,GENUS,ACCEPTED,Dwarf turban snail,138605,http://www.marinespecies.org/aphia.php?p=taxdetails&id=138605,https://www.marinespecies.org/rest/AphiaClassificationByAphiaID/138605,urn:lsid:marinespecies.org:taxname:138605,https://airtable.com/tblLqtIyuwA7rbEC3/recMLur5Q6uhNjSgh?blocks=bli5ItEhTDGAFc32p,Animalia,,,Mollusca,,,,Gastropoda,Vetigastropoda,,,,Trochida,,,,,,Trochoidea,,Colloniidae,Colloniinae,,,,Homalopoma,,,,Colloniinae,HOMA,recMLur5Q6uhNjSgh,,,
Margaritidae,FAMILY,ACCEPTED,,714634,http://www.marinespecies.org/aphia.php?p=taxdetails&id=714634,https://www.marinespecies.org/rest/AphiaClassificationByAphiaID/714634,urn:lsid:marinespecies.org:taxname:714634,https://airtable.com/tblLqtIyuwA7rbEC3/recJNjj5BZn8qxDNK?blocks=bli5ItEhTDGAFc32p,Animalia,,,Mollusca,,,,Gastropoda,Vetigastropoda,,,,Trochida,,,,,,Trochoidea,,Margaritidae,,,,,,,,,Trochoidea,,recJNjj5BZn8qxDNK,,,
Margarites,GENUS,ACCEPTED,Pearly topsnails,138592,http://www.marinespecies.org/aphia.php?p=taxdetails&id=138592,https://www.marinespecies.org/rest/AphiaClassificationByAphiaID/138592,urn:lsid:marinespecies.org:taxname:138592,https://airtable.com/tblLqtIyuwA7rbEC3/recOd9AjE6u959ABz?blocks=bli5ItEhTDGAFc32p,Animalia,,,Mollusca,,,,Gastropoda,Vetigastropoda,,,,Trochida,,,,,,Trochoidea,,Margaritidae,,,,,Margarites,,,,Margaritidae,MARG,recOd9AjE6u959ABz,,,
Tegulidae,FAMILY,ACCEPTED,,715868,http://www.marinespecies.org/aphia.php?p=taxdetails&id=715868,https://www.marinespecies.org/rest/AphiaClassificationByAphiaID/715868,urn:lsid:marinespecies.org:taxname:715868,https://airtable.com/tblLqtIyuwA7rbEC3/recRT1eFVpyZPoaiV?blocks=bli5ItEhTDGAFc32p,Animalia,,,Mollusca,,,,Gastropoda,Vetigastropoda,,,,Trochida,,,,,,Trochoidea,,Tegulidae,,,,,,,,,Trochoidea,,recRT1eFVpyZPoaiV,,,
Tegula,GENUS,ACCEPTED,Tegula snail,413467,http://www.marinespecies.org/aphia.php?p=taxdetails&id=413467,https://www.marinespecies.org/rest/AphiaClassificationByAphiaID/413467,urn:lsid:marinespecies.org:taxname:413467,https://airtable.com/tblLqtIyuwA7rbEC3/reczzVZixjcWN7m9f?blocks=bli5ItEhTDGAFc32p,Animalia,,,Mollusca,,,,Gastropoda,Vetigastropoda,,,,Trochida,,,,,,Trochoidea,,Tegulidae,,,,,Tegula,,,,Tegulidae,tegu,reczzVZixjcWN7m9f,,,
Tegula funebralis,SPECIES,ACCEPTED,Black turban snail,534190,http://www.marinespecies.org/aphia.php?p=taxdetails&id=534190,https://www.marinespecies.org/rest/AphiaClassificationByAphiaID/534190,urn:lsid:marinespecies.org:taxname:534190,https://airtable.com/tblLqtIyuwA7rbEC3/rec97ko0ccddQz2lE?blocks=bli5ItEhTDGAFc32p,Animalia,,,Mollusca,,,,Gastropoda,Vetigastropoda,,,,Trochida,,,,,,Trochoidea,,Tegulidae,,,,,Tegula,,Tegula funebralis,,Tegula,"TEFU,tegf",rec97ko0ccddQz2lE,,,
Tegula pulligo,SPECIES,ACCEPTED,Dusky turban snail,534194,http://www.marinespecies.org/aphia.php?p=taxdetails&id=534194,https://www.marinespecies.org/rest/AphiaClassificationByAphiaID/534194,urn:lsid:marinespecies.org:taxname:534194,https://airtable.com/tblLqtIyuwA7rbEC3/recerWTtaJFVHqEu0?blocks=bli5ItEhTDGAFc32p,Animalia,,,Mollusca,,,,Gastropoda,Vetigastropoda,,,,Trochida,,,,,,Trochoidea,,Tegulidae,,,,,Tegula,,Tegula pulligo,,Tegula,"TEPU,tegp,tegp",recerWTtaJFVHqEu0,,,
Trochidae,FAMILY,ACCEPTED,,443,http://www.marinespecies.org/aphia.php?p=taxdetails&id=443,https://www.marinespecies.org/rest/AphiaClassificationByAphiaID/443,urn:lsid:marinespecies.org:taxname:443,https://airtable.com/tblLqtIyuwA7rbEC3/recCh0lZjro9RxdVG?blocks=bli5ItEhTDGAFc32p,Animalia,,,Mollusca,,,,Gastropoda,Vetigastropoda,,,,Trochida,,,,,,Trochoidea,,Trochidae,,,,,,,,,Trochoidea,TROC,recCh0lZjro9RxdVG,,,
Turbinidae,FAMILY,ACCEPTED,,503,http://www.marinespecies.org/aphia.php?p=taxdetails&id=503,https://www.marinespecies.org/rest/AphiaClassificationByAphiaID/503,urn:lsid:marinespecies.org:taxname:503,https://airtable.com/tblLqtIyuwA7rbEC3/recqFO2NpLZK8Kzvh?blocks=bli5ItEhTDGAFc32p,Animalia,,,Mollusca,,,,Gastropoda,Vetigastropoda,,,,Trochida,,,,,,Trochoidea,,Turbinidae,,,,,,,,,Trochoidea,,recqFO2NpLZK8Kzvh,,,
Turbininae,SUBFAMILY,ACCEPTED,,225151,http://www.marinespecies.org/aphia.php?p=taxdetails&id=225151,https://www.marinespecies.org/rest/AphiaClassificationByAphiaID/225151,urn:lsid:marinespecies.org:taxname:225151,https://airtable.com/tblLqtIyuwA7rbEC3/reccP5UEiyOhwZgUk?blocks=bli5ItEhTDGAFc32p,Animalia,,,Mollusca,,,,Gastropoda,Vetigastropoda,,,,Trochida,,,,,,Trochoidea,,Turbinidae,Turbininae,,,,,,,,Turbinidae,,reccP5UEiyOhwZgUk,,,
Pomaulax,GENUS,ACCEPTED,,413355,http://www.marinespecies.org/aphia.php?p=taxdetails&id=413355,https://www.marinespecies.org/rest/AphiaClassificationByAphiaID/413355,urn:lsid:marinespecies.org:taxname:413355,https://airtable.com/tblLqtIyuwA7rbEC3/recIN7HF0x2Yvcr2I?blocks=bli5ItEhTDGAFc32p,Animalia,,,Mollusca,,,,Gastropoda,Vetigastropoda,,,,Trochida,,,,,,Trochoidea,,Turbinidae,Turbininae,,,,Pomaulax,,,,Turbininae,,recIN7HF0x2Yvcr2I,,,
Pomaulax gibberosus,SPECIES,ACCEPTED,Red Turban Snail,581670,http://www.marinespecies.org/aphia.php?p=taxdetails&id=581670,https://www.marinespecies.org/rest/AphiaClassificationByAphiaID/581670,urn:lsid:marinespecies.org:taxname:581670,https://airtable.com/tblLqtIyuwA7rbEC3/rec4CXq7IslKRFMhA?blocks=bli5ItEhTDGAFc32p,Animalia,,,Mollusca,,,,Gastropoda,Vetigastropoda,,,,Trochida,,,,,,Trochoidea,,Turbinidae,Turbininae,,,,Pomaulax,,Pomaulax gibberosus,,Pomaulax,"pomg,pomg,POMG",rec4CXq7IslKRFMhA,,,
Polyplacophora,CLASS,ACCEPTED,Chiton,55,http://www.marinespecies.org/aphia.php?p=taxdetails&id=55,https://www.marinespecies.org/rest/AphiaClassificationByAphiaID/55,urn:lsid:marinespecies.org:taxname:55,https://airtable.com/tblLqtIyuwA7rbEC3/recIeOBpja8IO1JpF?blocks=bli5ItEhTDGAFc32p,Animalia,,,Mollusca,,,,Polyplacophora,,,,,,,,,,,,,,,,,,,,,,Mollusca,PPLAC,recIeOBpja8IO1JpF,,,CHITON
Neoloricata,SUBCLASS,ACCEPTED,,57,http://www.marinespecies.org/aphia.php?p=taxdetails&id=57,https://www.marinespecies.org/rest/AphiaClassificationByAphiaID/57,urn:lsid:marinespecies.org:taxname:57,https://airtable.com/tblLqtIyuwA7rbEC3/recW7iQOXZR17A8SW?blocks=bli5ItEhTDGAFc32p,Animalia,,,Mollusca,,,,Polyplacophora,Neoloricata,,,,,,,,,,,,,,,,,,,,,Polyplacophora,,recW7iQOXZR17A8SW,,,
Chitonida,ORDER,ACCEPTED,,382003,http://www.marinespecies.org/aphia.php?p=taxdetails&id=382003,https://www.marinespecies.org/rest/AphiaClassificationByAphiaID/382003,urn:lsid:marinespecies.org:taxname:382003,https://airtable.com/tblLqtIyuwA7rbEC3/recvGKpEE8OhOdVZ1?blocks=bli5ItEhTDGAFc32p,Animalia,,,Mollusca,,,,Polyplacophora,Neoloricata,,,,Chitonida,,,,,,,,,,,,,,,,,Neoloricata,,recvGKpEE8OhOdVZ1,,,
Acanthochitonina,SUBORDER,ACCEPTED,,90,http://www.marinespecies.org/aphia.php?p=taxdetails&id=90,https://www.marinespecies.org/rest/AphiaClassificationByAphiaID/90,urn:lsid:marinespecies.org:taxname:90,https://airtable.com/tblLqtIyuwA7rbEC3/recTqMnZMOHz1jqeh?blocks=bli5ItEhTDGAFc32p,Animalia,,,Mollusca,,,,Polyplacophora,Neoloricata,,,,Chitonida,Acanthochitonina,,,,,,,,,,,,,,,,Chitonida,,recTqMnZMOHz1jqeh,,,
Cryptoplacoidea,SUPERFAMILY,ACCEPTED,,385402,http://www.marinespecies.org/aphia.php?p=taxdetails&id=385402,https://www.marinespecies.org/rest/AphiaClassificationByAphiaID/385402,urn:lsid:marinespecies.org:taxname:385402,https://airtable.com/tblLqtIyuwA7rbEC3/recQ81p6tZoHeHW5R?blocks=bli5ItEhTDGAFc32p,Animalia,,,Mollusca,,,,Polyplacophora,Neoloricata,,,,Chitonida,Acanthochitonina,,,,,Cryptoplacoidea,,,,,,,,,,,Acanthochitonina,,recQ81p6tZoHeHW5R,,,
Acanthochitonidae,FAMILY,ACCEPTED,,91,http://www.marinespecies.org/aphia.php?p=taxdetails&id=91,https://www.marinespecies.org/rest/AphiaClassificationByAphiaID/91,urn:lsid:marinespecies.org:taxname:91,https://airtable.com/tblLqtIyuwA7rbEC3/recS7lg7Cv4MEs286?blocks=bli5ItEhTDGAFc32p,Animalia,,,Mollusca,,,,Polyplacophora,Neoloricata,,,,Chitonida,Acanthochitonina,,,,,Cryptoplacoidea,,Acanthochitonidae,,,,,,,,,Cryptoplacoidea,,recS7lg7Cv4MEs286,,,
Cryptochitoninae,SUBFAMILY,ACCEPTED,,385534,http://www.marinespecies.org/aphia.php?p=taxdetails&id=385534,https://www.marinespecies.org/rest/AphiaClassificationByAphiaID/385534,urn:lsid:marinespecies.org:taxname:385534,https://airtable.com/tblLqtIyuwA7rbEC3/recnnpn1XPCUdQ6rh?blocks=bli5ItEhTDGAFc32p,Animalia,,,Mollusca,,,,Polyplacophora,Neoloricata,,,,Chitonida,Acanthochitonina,,,,,Cryptoplacoidea,,Acanthochitonidae,Cryptochitoninae,,,,,,,,Acanthochitonidae,,recnnpn1XPCUdQ6rh,,,
Cryptochiton,GENUS,ACCEPTED,,240775,http://www.marinespecies.org/aphia.php?p=taxdetails&id=240775,https://www.marinespecies.org/rest/AphiaClassificationByAphiaID/240775,urn:lsid:marinespecies.org:taxname:240775,https://airtable.com/tblLqtIyuwA7rbEC3/recQnmiNNElbxCLO5?blocks=bli5ItEhTDGAFc32p,Animalia,,,Mollusca,,,,Polyplacophora,Neoloricata,,,,Chitonida,Acanthochitonina,,,,,Cryptoplacoidea,,Acanthochitonidae,Cryptochitoninae,,,,Cryptochiton,,,,Cryptochitoninae,,recQnmiNNElbxCLO5,,,
Cryptochiton stelleri,SPECIES,ACCEPTED,Gumboot chiton,240776,http://www.marinespecies.org/aphia.php?p=taxdetails&id=240776,https://www.marinespecies.org/rest/AphiaClassificationByAphiaID/240776,urn:lsid:marinespecies.org:taxname:240776,https://airtable.com/tblLqtIyuwA7rbEC3/reckPPW45EVjvySML?blocks=bli5ItEhTDGAFc32p,Animalia,,,Mollusca,,,,Polyplacophora,Neoloricata,,,,Chitonida,Acanthochitonina,,,,,Cryptoplacoidea,,Acanthochitonidae,Cryptochitoninae,,,,Cryptochiton,,Cryptochiton stelleri,,Cryptochiton,"CRYS,CRST,crys,crys",reckPPW45EVjvySML,,,
Mopalioidea,SUPERFAMILY,ACCEPTED,,385408,http://www.marinespecies.org/aphia.php?p=taxdetails&id=385408,https://www.marinespecies.org/rest/AphiaClassificationByAphiaID/385408,urn:lsid:marinespecies.org:taxname:385408,https://airtable.com/tblLqtIyuwA7rbEC3/rectm8iJO7LSFTYje?blocks=bli5ItEhTDGAFc32p,Animalia,,,Mollusca,,,,Polyplacophora,Neoloricata,,,,Chitonida,Acanthochitonina,,,,,Mopalioidea,,,,,,,,,,,Acanthochitonina,,rectm8iJO7LSFTYje,,,
Lepidochitonidae,FAMILY,UNACCEPTED,,488020,http://www.marinespecies.org/aphia.php?p=taxdetails&id=488020,https://www.marinespecies.org/rest/AphiaClassificationByAphiaID/488020,urn:lsid:marinespecies.org:taxname:488020,https://airtable.com/tblLqtIyuwA7rbEC3/reczdBP1nOyuCRhNW?blocks=bli5ItEhTDGAFc32p,Animalia,,,Mollusca,,,,Polyplacophora,Neoloricata,,,,Chitonida,Acanthochitonina,,,,,Mopalioidea,,Lepidochitonidae,,,,,,,,,Mopalioidea,,reczdBP1nOyuCRhNW,,,
Mopaliidae,FAMILY,ACCEPTED,,23074,http://www.marinespecies.org/aphia.php?p=taxdetails&id=23074,https://www.marinespecies.org/rest/AphiaClassificationByAphiaID/23074,urn:lsid:marinespecies.org:taxname:23074,https://airtable.com/tblLqtIyuwA7rbEC3/recmm8o3ewOPMFASI?blocks=bli5ItEhTDGAFc32p,Animalia,,,Mollusca,,,,Polyplacophora,Neoloricata,,,,Chitonida,Acanthochitonina,,,,,Mopalioidea,,Mopaliidae,,,,,,,,,Mopalioidea,,recmm8o3ewOPMFASI,,,
Mopaliinae,SUBFAMILY,ACCEPTED,,385536,http://www.marinespecies.org/aphia.php?p=taxdetails&id=385536,https://www.marinespecies.org/rest/AphiaClassificationByAphiaID/385536,urn:lsid:marinespecies.org:taxname:385536,https://airtable.com/tblLqtIyuwA7rbEC3/recV5wrHePhsdvKfK?blocks=bli5ItEhTDGAFc32p,Animalia,,,Mollusca,,,,Polyplacophora,Neoloricata,,,,Chitonida,Acanthochitonina,,,,,Mopalioidea,,Mopaliidae,Mopaliinae,,,,,,,,Mopaliidae,,recV5wrHePhsdvKfK,,,
Katharina,GENUS,ACCEPTED,,385566,http://www.marinespecies.org/aphia.php?p=taxdetails&id=385566,https://www.marinespecies.org/rest/AphiaClassificationByAphiaID/385566,urn:lsid:marinespecies.org:taxname:385566,https://airtable.com/tblLqtIyuwA7rbEC3/rec8FcsZe8YJS6ygi?blocks=bli5ItEhTDGAFc32p,Animalia,,,Mollusca,,,,Polyplacophora,Neoloricata,,,,Chitonida,Acanthochitonina,,,,,Mopalioidea,,Mopaliidae,Mopaliinae,,,,Katharina,,,,Mopaliinae,,rec8FcsZe8YJS6ygi,,,
Katharina tunicata,SPECIES,ACCEPTED,Leather chiton,386338,http://www.marinespecies.org/aphia.php?p=taxdetails&id=386338,https://www.marinespecies.org/rest/AphiaClassificationByAphiaID/386338,urn:lsid:marinespecies.org:taxname:386338,https://airtable.com/tblLqtIyuwA7rbEC3/recdnnzxDQUtK8uSN?blocks=bli5ItEhTDGAFc32p,Animalia,,,Mollusca,,,,Polyplacophora,Neoloricata,,,,Chitonida,Acanthochitonina,,,,,Mopalioidea,,Mopaliidae,Mopaliinae,,,,Katharina,,Katharina tunicata,,Katharina,"KATU,katt",recdnnzxDQUtK8uSN,,,KATTUN
Mopalia,GENUS,ACCEPTED,Mopalia chiton,385567,http://www.marinespecies.org/aphia.php?p=taxdetails&id=385567,https://www.marinespecies.org/rest/AphiaClassificationByAphiaID/385567,urn:lsid:marinespecies.org:taxname:385567,https://airtable.com/tblLqtIyuwA7rbEC3/rec73NunondbCI9ub?blocks=bli5ItEhTDGAFc32p,Animalia,,,Mollusca,,,,Polyplacophora,Neoloricata,,,,Chitonida,Acanthochitonina,,,,,Mopalioidea,,Mopaliidae,Mopaliinae,,,,Mopalia,,,,Mopaliinae,"MOPA,MOPA",rec73NunondbCI9ub,,,MOPSPP
Mopalia muscosa,SPECIES,ACCEPTED,Mossy chiton,386353,http://www.marinespecies.org/aphia.php?p=taxdetails&id=386353,https://www.marinespecies.org/rest/AphiaClassificationByAphiaID/386353,urn:lsid:marinespecies.org:taxname:386353,https://airtable.com/tblLqtIyuwA7rbEC3/reci4J4VQi4qgpwaD?blocks=bli5ItEhTDGAFc32p,Animalia,,,Mollusca,,,,Polyplacophora,Neoloricata,,,,Chitonida,Acanthochitonina,,,,,Mopalioidea,,Mopaliidae,Mopaliinae,,,,Mopalia,,Mopalia muscosa,,Mopalia,mopm,reci4J4VQi4qgpwaD,,,
Placiphorella,GENUS,ACCEPTED,Veiled chiton,138187,http://www.marinespecies.org/aphia.php?p=taxdetails&id=138187,https://www.marinespecies.org/rest/AphiaClassificationByAphiaID/138187,urn:lsid:marinespecies.org:taxname:138187,https://airtable.com/tblLqtIyuwA7rbEC3/recxgyoF2QWy4bM1S?blocks=bli5ItEhTDGAFc32p,Animalia,,,Mollusca,,,,Polyplacophora,Neoloricata,,,,Chitonida,Acanthochitonina,,,,,Mopalioidea,,Mopaliidae,Mopaliinae,,,,Placiphorella,,,,Mopaliinae,,recxgyoF2QWy4bM1S,,,
Placiphorella rufa,SPECIES,ACCEPTED,Red veiled chiton,386375,http://www.marinespecies.org/aphia.php?p=taxdetails&id=386375,https://www.marinespecies.org/rest/AphiaClassificationByAphiaID/386375,urn:lsid:marinespecies.org:taxname:386375,https://airtable.com/tblLqtIyuwA7rbEC3/recNhYRWNXnXTGkVc?blocks=bli5ItEhTDGAFc32p,Animalia,,,Mollusca,,,,Polyplacophora,Neoloricata,,,,Chitonida,Acanthochitonina,,,,,Mopalioidea,,Mopaliidae,Mopaliinae,,,,Placiphorella,,Placiphorella rufa,,Placiphorella,PLRU,recNhYRWNXnXTGkVc,,,
Tonicellidae,FAMILY,ACCEPTED,,385500,http://www.marinespecies.org/aphia.php?p=taxdetails&id=385500,https://www.marinespecies.org/rest/AphiaClassificationByAphiaID/385500,urn:lsid:marinespecies.org:taxname:385500,https://airtable.com/tblLqtIyuwA7rbEC3/recbPLBQCFduqYu7g?blocks=bli5ItEhTDGAFc32p,Animalia,,,Mollusca,,,,Polyplacophora,Neoloricata,,,,Chitonida,Acanthochitonina,,,,,Mopalioidea,,Tonicellidae,,,,,,,,,Mopalioidea,,recbPLBQCFduqYu7g,,,
Tonicellinae,SUBFAMILY,ACCEPTED,,385537,http://www.marinespecies.org/aphia.php?p=taxdetails&id=385537,https://www.marinespecies.org/rest/AphiaClassificationByAphiaID/385537,urn:lsid:marinespecies.org:taxname:385537,https://airtable.com/tblLqtIyuwA7rbEC3/recfuUJWfhb2Uy4FD?blocks=bli5ItEhTDGAFc32p,Animalia,,,Mollusca,,,,Polyplacophora,Neoloricata,,,,Chitonida,Acanthochitonina,,,,,Mopalioidea,,Tonicellidae,Tonicellinae,,,,,,,,Tonicellidae,,recfuUJWfhb2Uy4FD,,,
Cyanoplax,GENUS,ACCEPTED,,385574,http://www.marinespecies.org/aphia.php?p=taxdetails&id=385574,https://www.marinespecies.org/rest/AphiaClassificationByAphiaID/385574,urn:lsid:marinespecies.org:taxname:385574,https://airtable.com/tblLqtIyuwA7rbEC3/recWLp6mDG6VLUMUd?blocks=bli5ItEhTDGAFc32p,Animalia,,,Mollusca,,,,Polyplacophora,Neoloricata,,,,Chitonida,Acanthochitonina,,,,,Mopalioidea,,Tonicellidae,Tonicellinae,,,,Cyanoplax,,,,Tonicellinae,"CYAN,LEPI",recWLp6mDG6VLUMUd,,,LEPSPP
Cyanoplax dentiens,SPECIES,ACCEPTED,,386414,http://www.marinespecies.org/aphia.php?p=taxdetails&id=386414,https://www.marinespecies.org/rest/AphiaClassificationByAphiaID/386414,urn:lsid:marinespecies.org:taxname:386414,https://airtable.com/tblLqtIyuwA7rbEC3/recQfM0eE5EIpqNcb?blocks=bli5ItEhTDGAFc32p,Animalia,,,Mollusca,,,,Polyplacophora,Neoloricata,,,,Chitonida,Acanthochitonina,,,,,Mopalioidea,,Tonicellidae,Tonicellinae,,,,Cyanoplax,,Cyanoplax dentiens,,Cyanoplax,"CYDE,LEDE",recQfM0eE5EIpqNcb,,,
Cyanoplax hartwegii,SPECIES,ACCEPTED,,386416,http://www.marinespecies.org/aphia.php?p=taxdetails&id=386416,https://www.marinespecies.org/rest/AphiaClassificationByAphiaID/386416,urn:lsid:marinespecies.org:taxname:386416,https://airtable.com/tblLqtIyuwA7rbEC3/recCVN9RZUMoWqCZ5?blocks=bli5ItEhTDGAFc32p,Animalia,,,Mollusca,,,,Polyplacophora,Neoloricata,,,,Chitonida,Acanthochitonina,,,,,Mopalioidea,,Tonicellidae,Tonicellinae,,,,Cyanoplax,,Cyanoplax hartwegii,,Cyanoplax,CYPR,recCVN9RZUMoWqCZ5,,,
Tonicella,GENUS,ACCEPTED,Tonicella chiton,138090,http://www.marinespecies.org/aphia.php?p=taxdetails&id=138090,https://www.marinespecies.org/rest/AphiaClassificationByAphiaID/138090,urn:lsid:marinespecies.org:taxname:138090,https://airtable.com/tblLqtIyuwA7rbEC3/recI26npiBLgW3Cno?blocks=bli5ItEhTDGAFc32p,Animalia,,,Mollusca,,,,Polyplacophora,Neoloricata,,,,Chitonida,Acanthochitonina,,,,,Mopalioidea,,Tonicellidae,Tonicellinae,,,,Tonicella,,,,Tonicellinae,"TONI,toni",recI26npiBLgW3Cno,,,
Tonicella undocaerulea,SPECIES,ACCEPTED,,386445,http://www.marinespecies.org/aphia.php?p=taxdetails&id=386445,https://www.marinespecies.org/rest/AphiaClassificationByAphiaID/386445,urn:lsid:marinespecies.org:taxname:386445,https://airtable.com/tblLqtIyuwA7rbEC3/rec7PzFsUKtdn58pB?blocks=bli5ItEhTDGAFc32p,Animalia,,,Mollusca,,,,Polyplacophora,Neoloricata,,,,Chitonida,Acanthochitonina,,,,,Mopalioidea,,Tonicellidae,Tonicellinae,,,,Tonicella,,,,Tonicella,TOUN,rec7PzFsUKtdn58pB,,,
Tonicella insignis,SPECIES,ACCEPTED,,386440,http://www.marinespecies.org/aphia.php?p=taxdetails&id=386440,https://www.marinespecies.org/rest/AphiaClassificationByAphiaID/386440,urn:lsid:marinespecies.org:taxname:386440,https://airtable.com/tblLqtIyuwA7rbEC3/recEbir2bpQTLiqxr?blocks=bli5ItEhTDGAFc32p,Animalia,,,Mollusca,,,,Polyplacophora,Neoloricata,,,,Chitonida,Acanthochitonina,,,,,Mopalioidea,,Tonicellidae,Tonicellinae,,,,Tonicella,,Tonicella insignis,,Tonicella,TOIN,recEbir2bpQTLiqxr,,,
Tonicella lineata,SPECIES,ACCEPTED,Lined chiton,386441,http://www.marinespecies.org/aphia.php?p=taxdetails&id=386441,https://www.marinespecies.org/rest/AphiaClassificationByAphiaID/386441,urn:lsid:marinespecies.org:taxname:386441,https://airtable.com/tblLqtIyuwA7rbEC3/recDv1KHAK67SDqU3?blocks=bli5ItEhTDGAFc32p,Animalia,,,Mollusca,,,,Polyplacophora,Neoloricata,,,,Chitonida,Acanthochitonina,,,,,Mopalioidea,,Tonicellidae,Tonicellinae,,,,Tonicella,,Tonicella lineata,,Tonicella,TONL,recDv1KHAK67SDqU3,,,
Chitonina,SUBORDER,ACCEPTED,,382004,http://www.marinespecies.org/aphia.php?p=taxdetails&id=382004,https://www.marinespecies.org/rest/AphiaClassificationByAphiaID/382004,urn:lsid:marinespecies.org:taxname:382004,https://airtable.com/tblLqtIyuwA7rbEC3/rec3YhN11atH3veTc?blocks=bli5ItEhTDGAFc32p,Animalia,,,Mollusca,,,,Polyplacophora,Neoloricata,,,,Chitonida,Chitonina,,,,,,,,,,,,,,,,Chitonida,,rec3YhN11atH3veTc,,,
Chitonoidea,SUPERFAMILY,ACCEPTED,,385404,http://www.marinespecies.org/aphia.php?p=taxdetails&id=385404,https://www.marinespecies.org/rest/AphiaClassificationByAphiaID/385404,urn:lsid:marinespecies.org:taxname:385404,https://airtable.com/tblLqtIyuwA7rbEC3/recHWOMuZNDzSWsXO?blocks=bli5ItEhTDGAFc32p,Animalia,,,Mollusca,,,,Polyplacophora,Neoloricata,,,,Chitonida,Chitonina,,,,,Chitonoidea,,,,,,,,,,,Chitonina,,recHWOMuZNDzSWsXO,,,
Ischnochitonidae,FAMILY,ACCEPTED,,69,http://www.marinespecies.org/aphia.php?p=taxdetails&id=69,https://www.marinespecies.org/rest/AphiaClassificationByAphiaID/69,urn:lsid:marinespecies.org:taxname:69,https://airtable.com/tblLqtIyuwA7rbEC3/recwRSWjiNMIk39kv?blocks=bli5ItEhTDGAFc32p,Animalia,,,Mollusca,,,,Polyplacophora,Neoloricata,,,,Chitonida,Chitonina,,,,,Chitonoidea,,Ischnochitonidae,,,,,,,,,Chitonoidea,,recwRSWjiNMIk39kv,,,
Lepidozona,GENUS,ACCEPTED,Lepidozona chiton,204533,http://www.marinespecies.org/aphia.php?p=taxdetails&id=204533,https://www.marinespecies.org/rest/AphiaClassificationByAphiaID/204533,urn:lsid:marinespecies.org:taxname:204533,https://airtable.com/tblLqtIyuwA7rbEC3/recK9L8vP4wdvTNgE?blocks=bli5ItEhTDGAFc32p,Animalia,,,Mollusca,,,,Polyplacophora,Neoloricata,,,,Chitonida,Chitonina,,,,,Chitonoidea,,Ischnochitonidae,,,,,Lepidozona,,,,Ischnochitonidae,LEPIZ,recK9L8vP4wdvTNgE,,,
Lepidozona mertensii,SPECIES,ACCEPTED,,386048,http://www.marinespecies.org/aphia.php?p=taxdetails&id=386048,https://www.marinespecies.org/rest/AphiaClassificationByAphiaID/386048,urn:lsid:marinespecies.org:taxname:386048,https://airtable.com/tblLqtIyuwA7rbEC3/recNCnUQC7ShV4x95?blocks=bli5ItEhTDGAFc32p,Animalia,,,Mollusca,,,,Polyplacophora,Neoloricata,,,,Chitonida,Chitonina,,,,,Chitonoidea,,Ischnochitonidae,,,,,Lepidozona,,Lepidozona mertensii,,Lepidozona,LEME,recNCnUQC7ShV4x95,,,
Nematoda,PHYLUM,ACCEPTED,Roundworms,799,http://www.marinespecies.org/aphia.php?p=taxdetails&id=799,https://www.marinespecies.org/rest/AphiaClassificationByAphiaID/799,urn:lsid:marinespecies.org:taxname:799,https://airtable.com/tblLqtIyuwA7rbEC3/recdnjmZg6C5qTYO1?blocks=bli5ItEhTDGAFc32p,Animalia,,,Nematoda,,,,,,,,,,,,,,,,,,,,,,,,,,Animalia,"NEMA,NEMA",recdnjmZg6C5qTYO1,,,
Nemertea,PHYLUM,ACCEPTED,Ribbon worm,152391,http://www.marinespecies.org/aphia.php?p=taxdetails&id=152391,https://www.marinespecies.org/rest/AphiaClassificationByAphiaID/152391,urn:lsid:marinespecies.org:taxname:152391,https://airtable.com/tblLqtIyuwA7rbEC3/recZ4EKqihrwI3m0F?blocks=bli5ItEhTDGAFc32p,Animalia,,,Nemertea,,,,,,,,,,,,,,,,,,,,,,,,,,Animalia,"NEME,GREG",recZ4EKqihrwI3m0F,,,
Hoplonemertea,CLASS,ACCEPTED,,122309,http://www.marinespecies.org/aphia.php?p=taxdetails&id=122309,https://www.marinespecies.org/rest/AphiaClassificationByAphiaID/122309,urn:lsid:marinespecies.org:taxname:122309,https://airtable.com/tblLqtIyuwA7rbEC3/recZ6s4af68QB5I8Q?blocks=bli5ItEhTDGAFc32p,Animalia,,,Nemertea,,,,Hoplonemertea,,,,,,,,,,,,,,,,,,,,,,Nemertea,,recZ6s4af68QB5I8Q,,,
Monostilifera,ORDER,ACCEPTED,,122303,http://www.marinespecies.org/aphia.php?p=taxdetails&id=122303,https://www.marinespecies.org/rest/AphiaClassificationByAphiaID/122303,urn:lsid:marinespecies.org:taxname:122303,https://airtable.com/tblLqtIyuwA7rbEC3/recKuB7pMo0ncjQx8?blocks=bli5ItEhTDGAFc32p,Animalia,,,Nemertea,,,,Hoplonemertea,,,,,Monostilifera,,,,,,,,,,,,,,,,,Hoplonemertea,,recKuB7pMo0ncjQx8,,,
Eumonostilifera,SUBORDER,ACCEPTED,,568218,http://www.marinespecies.org/aphia.php?p=taxdetails&id=568218,https://www.marinespecies.org/rest/AphiaClassificationByAphiaID/568218,urn:lsid:marinespecies.org:taxname:568218,https://airtable.com/tblLqtIyuwA7rbEC3/recSMORR1z3Y44k34?blocks=bli5ItEhTDGAFc32p,Animalia,,,Nemertea,,,,Hoplonemertea,,,,,Monostilifera,Eumonostilifera,,,,,,,,,,,,,,,,Monostilifera,,recSMORR1z3Y44k34,,,
Amphiporidae,FAMILY,ACCEPTED,,122323,http://www.marinespecies.org/aphia.php?p=taxdetails&id=122323,https://www.marinespecies.org/rest/AphiaClassificationByAphiaID/122323,urn:lsid:marinespecies.org:taxname:122323,https://airtable.com/tblLqtIyuwA7rbEC3/rec4HHOCM5IknIZaR?blocks=bli5ItEhTDGAFc32p,Animalia,,,Nemertea,,,,Hoplonemertea,,,,,Monostilifera,Eumonostilifera,,,,,,,Amphiporidae,,,,,,,,,Eumonostilifera,,rec4HHOCM5IknIZaR,,,
Amphiporus,GENUS,ACCEPTED,Amphiporus ribbon worm,122391,http://www.marinespecies.org/aphia.php?p=taxdetails&id=122391,https://www.marinespecies.org/rest/AphiaClassificationByAphiaID/122391,urn:lsid:marinespecies.org:taxname:122391,https://airtable.com/tblLqtIyuwA7rbEC3/rec2949x5eNxnhtcm?blocks=bli5ItEhTDGAFc32p,Animalia,,,Nemertea,,,,Hoplonemertea,,,,,Monostilifera,Eumonostilifera,,,,,,,Amphiporidae,,,,,Amphiporus,,,,Amphiporidae,AMRW,rec2949x5eNxnhtcm,,,
Amphiporus imparispinosus,SPECIES,ACCEPTED,Pink-fronted ribbon worm,156295,http://www.marinespecies.org/aphia.php?p=taxdetails&id=156295,https://www.marinespecies.org/rest/AphiaClassificationByAphiaID/156295,urn:lsid:marinespecies.org:taxname:156295,https://airtable.com/tblLqtIyuwA7rbEC3/recADGZAYqrCvLNx7?blocks=bli5ItEhTDGAFc32p,Animalia,,,Nemertea,,,,Hoplonemertea,,,,,Monostilifera,Eumonostilifera,,,,,,,Amphiporidae,,,,,Amphiporus,,Amphiporus imparispinosus,,Amphiporus,AMIM,recADGZAYqrCvLNx7,,,
Emplectonematidae,FAMILY,ACCEPTED,,122326,http://www.marinespecies.org/aphia.php?p=taxdetails&id=122326,https://www.marinespecies.org/rest/AphiaClassificationByAphiaID/122326,urn:lsid:marinespecies.org:taxname:122326,https://airtable.com/tblLqtIyuwA7rbEC3/recYdX82IV2qZf0Ms?blocks=bli5ItEhTDGAFc32p,Animalia,,,Nemertea,,,,Hoplonemertea,,,,,Monostilifera,Eumonostilifera,,,,,,,Emplectonematidae,,,,,,,,,Eumonostilifera,,recYdX82IV2qZf0Ms,,,
Emplectonema,GENUS,ACCEPTED,,122404,http://www.marinespecies.org/aphia.php?p=taxdetails&id=122404,https://www.marinespecies.org/rest/AphiaClassificationByAphiaID/122404,urn:lsid:marinespecies.org:taxname:122404,https://airtable.com/tblLqtIyuwA7rbEC3/rec8scmwooPbaVVvs?blocks=bli5ItEhTDGAFc32p,Animalia,,,Nemertea,,,,Hoplonemertea,,,,,Monostilifera,Eumonostilifera,,,,,,,Emplectonematidae,,,,,Emplectonema,,,,Emplectonematidae,,rec8scmwooPbaVVvs,,,
Emplectonema gracile,SPECIES,ACCEPTED,Green ribbon worm,122710,http://www.marinespecies.org/aphia.php?p=taxdetails&id=122710,https://www.marinespecies.org/rest/AphiaClassificationByAphiaID/122710,urn:lsid:marinespecies.org:taxname:122710,https://airtable.com/tblLqtIyuwA7rbEC3/recVcSkig4VWcsrWR?blocks=bli5ItEhTDGAFc32p,Animalia,,,Nemertea,,,,Hoplonemertea,,,,,Monostilifera,Eumonostilifera,,,,,,,Emplectonematidae,,,,,Emplectonema,,Emplectonema gracile,,Emplectonema,EMGR,recVcSkig4VWcsrWR,,,
Neesiidae,FAMILY,ACCEPTED,,1416266,http://www.marinespecies.org/aphia.php?p=taxdetails&id=1416266,https://www.marinespecies.org/rest/AphiaClassificationByAphiaID/1416266,urn:lsid:marinespecies.org:taxname:1416266,https://airtable.com/tblLqtIyuwA7rbEC3/recPAmBeCxtcwmxwY?blocks=bli5ItEhTDGAFc32p,Animalia,,,Nemertea,,,,Hoplonemertea,,,,,Monostilifera,Eumonostilifera,,,,,,,Neesiidae,,,,,,,,,Eumonostilifera,,recPAmBeCxtcwmxwY,,,
Paranemertes,GENUS,ACCEPTED,Ribbon worm,122406,http://www.marinespecies.org/aphia.php?p=taxdetails&id=122406,https://www.marinespecies.org/rest/AphiaClassificationByAphiaID/122406,urn:lsid:marinespecies.org:taxname:122406,https://airtable.com/tblLqtIyuwA7rbEC3/recLBfFR3CNWcblDq?blocks=bli5ItEhTDGAFc32p,Animalia,,,Nemertea,,,,Hoplonemertea,,,,,Monostilifera,Eumonostilifera,,,,,,,Neesiidae,,,,,Paranemertes,,,,Neesiidae,PARA,recLBfFR3CNWcblDq,,,
Paranemertes peregrina,SPECIES,ACCEPTED,Wandering ribbon worm,162261,http://www.marinespecies.org/aphia.php?p=taxdetails&id=162261,https://www.marinespecies.org/rest/AphiaClassificationByAphiaID/162261,urn:lsid:marinespecies.org:taxname:162261,https://airtable.com/tblLqtIyuwA7rbEC3/recYAy49wdAAr2vGo?blocks=bli5ItEhTDGAFc32p,Animalia,,,Nemertea,,,,Hoplonemertea,,,,,Monostilifera,Eumonostilifera,,,,,,,Neesiidae,,,,,Paranemertes,,Paranemertes peregrina,,Paranemertes,PAPE,recYAy49wdAAr2vGo,,,
Platyhelminthes,PHYLUM,ACCEPTED,Flatworm,793,http://www.marinespecies.org/aphia.php?p=taxdetails&id=793,https://www.marinespecies.org/rest/AphiaClassificationByAphiaID/793,urn:lsid:marinespecies.org:taxname:793,https://airtable.com/tblLqtIyuwA7rbEC3/rec127YZFCDNZOADK?blocks=bli5ItEhTDGAFc32p,Animalia,,,Platyhelminthes,,,,,,,,,,,,,,,,,,,,,,,,,,Animalia,"PLAT,PLAT",rec127YZFCDNZOADK,,,
Porifera,PHYLUM,ACCEPTED,,558,http://www.marinespecies.org/aphia.php?p=taxdetails&id=558,https://www.marinespecies.org/rest/AphiaClassificationByAphiaID/558,urn:lsid:marinespecies.org:taxname:558,https://airtable.com/tblLqtIyuwA7rbEC3/receIvqqx264XM3cP?blocks=bli5ItEhTDGAFc32p,Animalia,,,Porifera,,,,,,,,,,,,,,,,,,,,,,,,,,Animalia,PORI,receIvqqx264XM3cP,,,OTHSPO
Demospongiae,CLASS,ACCEPTED,,164811,http://www.marinespecies.org/aphia.php?p=taxdetails&id=164811,https://www.marinespecies.org/rest/AphiaClassificationByAphiaID/164811,urn:lsid:marinespecies.org:taxname:164811,https://airtable.com/tblLqtIyuwA7rbEC3/rechKTRIX3QAU0zwz?blocks=bli5ItEhTDGAFc32p,Animalia,,,Porifera,,,,Demospongiae,,,,,,,,,,,,,,,,,,,,,,Porifera,,rechKTRIX3QAU0zwz,,,
Heteroscleromorpha,SUBCLASS,ACCEPTED,,607950,http://www.marinespecies.org/aphia.php?p=taxdetails&id=607950,https://www.marinespecies.org/rest/AphiaClassificationByAphiaID/607950,urn:lsid:marinespecies.org:taxname:607950,https://airtable.com/tblLqtIyuwA7rbEC3/recfED6J0WXrb6zkO?blocks=bli5ItEhTDGAFc32p,Animalia,,,Porifera,,,,Demospongiae,Heteroscleromorpha,,,,,,,,,,,,,,,,,,,,,Demospongiae,,recfED6J0WXrb6zkO,,,
Haplosclerida,ORDER,ACCEPTED,,131598,http://www.marinespecies.org/aphia.php?p=taxdetails&id=131598,https://www.marinespecies.org/rest/AphiaClassificationByAphiaID/131598,urn:lsid:marinespecies.org:taxname:131598,https://airtable.com/tblLqtIyuwA7rbEC3/recr1zFg9NISeszQ8?blocks=bli5ItEhTDGAFc32p,Animalia,,,Porifera,,,,Demospongiae,Heteroscleromorpha,,,,Haplosclerida,,,,,,,,,,,,,,,,,Heteroscleromorpha,,recr1zFg9NISeszQ8,,,
Chalinidae,FAMILY,ACCEPTED,,131636,http://www.marinespecies.org/aphia.php?p=taxdetails&id=131636,https://www.marinespecies.org/rest/AphiaClassificationByAphiaID/131636,urn:lsid:marinespecies.org:taxname:131636,https://airtable.com/tblLqtIyuwA7rbEC3/recuWt0yv3ugg4DXd?blocks=bli5ItEhTDGAFc32p,Animalia,,,Porifera,,,,Demospongiae,Heteroscleromorpha,,,,Haplosclerida,,,,,,,,Chalinidae,,,,,,,,,Haplosclerida,,recuWt0yv3ugg4DXd,,,
Haliclona,GENUS,ACCEPTED,Purple Intertidal Sponge,131834,http://www.marinespecies.org/aphia.php?p=taxdetails&id=131834,https://www.marinespecies.org/rest/AphiaClassificationByAphiaID/131834,urn:lsid:marinespecies.org:taxname:131834,https://airtable.com/tblLqtIyuwA7rbEC3/recz7YnQMpe3n8Os8?blocks=bli5ItEhTDGAFc32p,Animalia,,,Porifera,,,,Demospongiae,Heteroscleromorpha,,,,Haplosclerida,,,,,,,,Chalinidae,,,,,Haliclona,,,,Chalinidae,HALC,recz7YnQMpe3n8Os8,,,HALICL
Haliclona permollis,SPECIES,UNACCEPTED,Purple encrusting sponge,157391,http://www.marinespecies.org/aphia.php?p=taxdetails&id=157391,https://www.marinespecies.org/rest/AphiaClassificationByAphiaID/157391,urn:lsid:marinespecies.org:taxname:157391,https://airtable.com/tblLqtIyuwA7rbEC3/recu7sry215eWLNme?blocks=bli5ItEhTDGAFc32p,Animalia,,,Porifera,,,,Demospongiae,Heteroscleromorpha,,,,Haplosclerida,,,,,,,,Chalinidae,,,,,Haliclona,,Haliclona permollis,,Haliclona,HAPE,recu7sry215eWLNme,,,
Haliclona (Reniera),SUBGENUS,ACCEPTED,,166600,http://www.marinespecies.org/aphia.php?p=taxdetails&id=166600,https://www.marinespecies.org/rest/AphiaClassificationByAphiaID/166600,urn:lsid:marinespecies.org:taxname:166600,https://airtable.com/tblLqtIyuwA7rbEC3/recwcr0Q8FlkMmgXb?blocks=bli5ItEhTDGAFc32p,Animalia,,,Porifera,,,,Demospongiae,Heteroscleromorpha,,,,Haplosclerida,,,,,,,,Chalinidae,,,,,Haliclona,Haliclona (Reniera),,,Haliclona,,recwcr0Q8FlkMmgXb,,,
Haliclona (Reniera) cinerea,SPECIES,ACCEPTED,,166605,http://www.marinespecies.org/aphia.php?p=taxdetails&id=166605,https://www.marinespecies.org/rest/AphiaClassificationByAphiaID/166605,urn:lsid:marinespecies.org:taxname:166605,https://airtable.com/tblLqtIyuwA7rbEC3/rec0e7kc4PAXiUjsI?blocks=bli5ItEhTDGAFc32p,Animalia,,,Porifera,,,,Demospongiae,Heteroscleromorpha,,,,Haplosclerida,,,,,,,,Chalinidae,,,,,Haliclona,Haliclona (Reniera),Haliclona (Reniera) cinerea,,Haliclona (Reniera),,rec0e7kc4PAXiUjsI,,,
Poecilosclerida,ORDER,ACCEPTED,,131599,http://www.marinespecies.org/aphia.php?p=taxdetails&id=131599,https://www.marinespecies.org/rest/AphiaClassificationByAphiaID/131599,urn:lsid:marinespecies.org:taxname:131599,https://airtable.com/tblLqtIyuwA7rbEC3/reccfcXKUrcF8wU51?blocks=bli5ItEhTDGAFc32p,Animalia,,,Porifera,,,,Demospongiae,Heteroscleromorpha,,,,Poecilosclerida,,,,,,,,,,,,,,,,,Heteroscleromorpha,,reccfcXKUrcF8wU51,,,
Microcionidae,FAMILY,ACCEPTED,,131641,http://www.marinespecies.org/aphia.php?p=taxdetails&id=131641,https://www.marinespecies.org/rest/AphiaClassificationByAphiaID/131641,urn:lsid:marinespecies.org:taxname:131641,https://airtable.com/tblLqtIyuwA7rbEC3/rec1AZzaPCsTknq4z?blocks=bli5ItEhTDGAFc32p,Animalia,,,Porifera,,,,Demospongiae,Heteroscleromorpha,,,,Poecilosclerida,,,,,,,,Microcionidae,,,,,,,,,Poecilosclerida,,rec1AZzaPCsTknq4z,,,
Microcioninae,SUBFAMILY,ACCEPTED,,167457,http://www.marinespecies.org/aphia.php?p=taxdetails&id=167457,https://www.marinespecies.org/rest/AphiaClassificationByAphiaID/167457,urn:lsid:marinespecies.org:taxname:167457,https://airtable.com/tblLqtIyuwA7rbEC3/rec4lIimwQdGqBxxS?blocks=bli5ItEhTDGAFc32p,Animalia,,,Porifera,,,,Demospongiae,Heteroscleromorpha,,,,Poecilosclerida,,,,,,,,Microcionidae,Microcioninae,,,,,,,,Microcionidae,,rec4lIimwQdGqBxxS,,,
Clathria,GENUS,ACCEPTED,,131868,http://www.marinespecies.org/aphia.php?p=taxdetails&id=131868,https://www.marinespecies.org/rest/AphiaClassificationByAphiaID/131868,urn:lsid:marinespecies.org:taxname:131868,https://airtable.com/tblLqtIyuwA7rbEC3/rec5ABctybmbNbfQy?blocks=bli5ItEhTDGAFc32p,Animalia,,,Porifera,,,,Demospongiae,Heteroscleromorpha,,,,Poecilosclerida,,,,,,,,Microcionidae,Microcioninae,,,,Clathria,,,,Microcioninae,,rec5ABctybmbNbfQy,,,
Clathria pennata,SPECIES,ALTERNATE REPRESENTATION,,408725,http://www.marinespecies.org/aphia.php?p=taxdetails&id=408725,https://www.marinespecies.org/rest/AphiaClassificationByAphiaID/408725,urn:lsid:marinespecies.org:taxname:408725,https://airtable.com/tblLqtIyuwA7rbEC3/recH1rTJ4T2r6wYcH?blocks=bli5ItEhTDGAFc32p,Animalia,,,Porifera,,,,Demospongiae,Heteroscleromorpha,,,,Poecilosclerida,,,,,,,,Microcionidae,Microcioninae,,,,Clathria,,Clathria pennata,,Clathria,,recH1rTJ4T2r6wYcH,,,
Ophlitaspongiinae,SUBFAMILY,ACCEPTED,,167842,http://www.marinespecies.org/aphia.php?p=taxdetails&id=167842,https://www.marinespecies.org/rest/AphiaClassificationByAphiaID/167842,urn:lsid:marinespecies.org:taxname:167842,https://airtable.com/tblLqtIyuwA7rbEC3/rect7IFAdEnRJTuY9?blocks=bli5ItEhTDGAFc32p,Animalia,,,Porifera,,,,Demospongiae,Heteroscleromorpha,,,,Poecilosclerida,,,,,,,,Microcionidae,Ophlitaspongiinae,,,,,,,,Microcionidae,,rect7IFAdEnRJTuY9,,,
Ophlitaspongia,GENUS,ACCEPTED,,131873,http://www.marinespecies.org/aphia.php?p=taxdetails&id=131873,https://www.marinespecies.org/rest/AphiaClassificationByAphiaID/131873,urn:lsid:marinespecies.org:taxname:131873,https://airtable.com/tblLqtIyuwA7rbEC3/recig6njWmrasWzQ8?blocks=bli5ItEhTDGAFc32p,Animalia,,,Porifera,,,,Demospongiae,Heteroscleromorpha,,,,Poecilosclerida,,,,,,,,Microcionidae,Ophlitaspongiinae,,,,Ophlitaspongia,,,,Ophlitaspongiinae,,recig6njWmrasWzQ8,,,
Ophlitaspongia pennata,SPECIES,UNACCEPTED,Velvety red sponge,408723,http://www.marinespecies.org/aphia.php?p=taxdetails&id=408723,https://www.marinespecies.org/rest/AphiaClassificationByAphiaID/408723,urn:lsid:marinespecies.org:taxname:408723,https://airtable.com/tblLqtIyuwA7rbEC3/recI2EEtNP9Y2vQ3P?blocks=bli5ItEhTDGAFc32p,Animalia,,,Porifera,,,,Demospongiae,Heteroscleromorpha,,,,Poecilosclerida,,,,,,,,Microcionidae,Ophlitaspongiinae,,,,Ophlitaspongia,,Ophlitaspongia pennata,,Ophlitaspongia,OPHP,recI2EEtNP9Y2vQ3P,,,
Suberitida,ORDER,ACCEPTED,,845509,http://www.marinespecies.org/aphia.php?p=taxdetails&id=845509,https://www.marinespecies.org/rest/AphiaClassificationByAphiaID/845509,urn:lsid:marinespecies.org:taxname:845509,https://airtable.com/tblLqtIyuwA7rbEC3/recg4lGK3aPbKDksx?blocks=bli5ItEhTDGAFc32p,Animalia,,,Porifera,,,,Demospongiae,Heteroscleromorpha,,,,Suberitida,,,,,,,,,,,,,,,,,Heteroscleromorpha,,recg4lGK3aPbKDksx,,,
Halichondriidae,FAMILY,ACCEPTED,,131633,http://www.marinespecies.org/aphia.php?p=taxdetails&id=131633,https://www.marinespecies.org/rest/AphiaClassificationByAphiaID/131633,urn:lsid:marinespecies.org:taxname:131633,https://airtable.com/tblLqtIyuwA7rbEC3/recVM72bMREr2RRw6?blocks=bli5ItEhTDGAFc32p,Animalia,,,Porifera,,,,Demospongiae,Heteroscleromorpha,,,,Suberitida,,,,,,,,Halichondriidae,,,,,,,,,Suberitida,,recVM72bMREr2RRw6,,,
Halichondria,GENUS,ACCEPTED,Crumb of Bread Sponge,131807,http://www.marinespecies.org/aphia.php?p=taxdetails&id=131807,https://www.marinespecies.org/rest/AphiaClassificationByAphiaID/131807,urn:lsid:marinespecies.org:taxname:131807,https://airtable.com/tblLqtIyuwA7rbEC3/recCiUId05cUmm1D5?blocks=bli5ItEhTDGAFc32p,Animalia,,,Porifera,,,,Demospongiae,Heteroscleromorpha,,,,Suberitida,,,,,,,,Halichondriidae,,,,,Halichondria,,,,Halichondriidae,HALI,recCiUId05cUmm1D5,,,
Sipuncula,PHYLUM,ACCEPTED,Peanut Worm,1268,http://www.marinespecies.org/aphia.php?p=taxdetails&id=1268,https://www.marinespecies.org/rest/AphiaClassificationByAphiaID/1268,urn:lsid:marinespecies.org:taxname:1268,https://airtable.com/tblLqtIyuwA7rbEC3/receLClY4EuiCQ3EH?blocks=bli5ItEhTDGAFc32p,Animalia,,,Sipuncula,,,,,,,,,,,,,,,,,,,,,,,,,,Animalia,"SIPU,SIPU",receLClY4EuiCQ3EH,,,
Chromista,KINGDOM,ACCEPTED,Brown algae,7,http://www.marinespecies.org/aphia.php?p=taxdetails&id=7,https://www.marinespecies.org/rest/AphiaClassificationByAphiaID/7,urn:lsid:marinespecies.org:taxname:7,https://airtable.com/tblLqtIyuwA7rbEC3/reciWT3TLnYaMIvpM?blocks=bli5ItEhTDGAFc32p,Chromista,,,,,,,,,,,,,,,,,,,,,,,,,,,,,BIOTA,,reciWT3TLnYaMIvpM,,,OTHBRO
Harosa,SUBKINGDOM,ACCEPTED,,582419,http://www.marinespecies.org/aphia.php?p=taxdetails&id=582419,https://www.marinespecies.org/rest/AphiaClassificationByAphiaID/582419,urn:lsid:marinespecies.org:taxname:582419,https://airtable.com/tblLqtIyuwA7rbEC3/recULyUTMPcRQl7YN?blocks=bli5ItEhTDGAFc32p,Chromista,Harosa,,,,,,,,,,,,,,,,,,,,,,,,,,,,Chromista,,recULyUTMPcRQl7YN,,,
Heterokonta,INFRAKINGDOM,ACCEPTED,,368898,http://www.marinespecies.org/aphia.php?p=taxdetails&id=368898,https://www.marinespecies.org/rest/AphiaClassificationByAphiaID/368898,urn:lsid:marinespecies.org:taxname:368898,https://airtable.com/tblLqtIyuwA7rbEC3/recPgs1UtmVfqEE2u?blocks=bli5ItEhTDGAFc32p,Chromista,Harosa,Heterokonta,,,,,,,,,,,,,,,,,,,,,,,,,,,Harosa,,recPgs1UtmVfqEE2u,,,
Ochrophyta,PHYLUM,ACCEPTED,,345465,http://www.marinespecies.org/aphia.php?p=taxdetails&id=345465,https://www.marinespecies.org/rest/AphiaClassificationByAphiaID/345465,urn:lsid:marinespecies.org:taxname:345465,https://airtable.com/tblLqtIyuwA7rbEC3/recPd5wWrELxHtC5C?blocks=bli5ItEhTDGAFc32p,Chromista,Harosa,Heterokonta,Ochrophyta,,,,,,,,,,,,,,,,,,,,,,,,,,Heterokonta,,recPd5wWrELxHtC5C,,,
Sphacelariales,ORDER,ACCEPTED,,1028,http://www.marinespecies.org/aphia.php?p=taxdetails&id=1028,https://www.marinespecies.org/rest/AphiaClassificationByAphiaID/1028,urn:lsid:marinespecies.org:taxname:1028,https://airtable.com/tblLqtIyuwA7rbEC3/recIVYTZIC5Tj6Hwx?blocks=bli5ItEhTDGAFc32p,Chromista,Harosa,Heterokonta,Ochrophyta,,,,Phaeophyceae,Dictyotophycidae,,,,Sphacelariales,,,,,,,,,,,,,,,,,Dictyotophycidae,,recIVYTZIC5Tj6Hwx,,Quadra,
Sphacelariaceae,FAMILY,ACCEPTED,,143782,http://www.marinespecies.org/aphia.php?p=taxdetails&id=143782,https://www.marinespecies.org/rest/AphiaClassificationByAphiaID/143782,urn:lsid:marinespecies.org:taxname:143782,https://airtable.com/tblLqtIyuwA7rbEC3/recb2QlLSE8FM1jwR?blocks=bli5ItEhTDGAFc32p,Chromista,Harosa,Heterokonta,Ochrophyta,,,,Phaeophyceae,Dictyotophycidae,,,,Sphacelariales,,,,,,,,Sphacelariaceae,,,,,,,,,Sphacelariales,,recb2QlLSE8FM1jwR,,,
Sphacelaria,GENUS,ACCEPTED,,144272,http://www.marinespecies.org/aphia.php?p=taxdetails&id=144272,https://www.marinespecies.org/rest/AphiaClassificationByAphiaID/144272,urn:lsid:marinespecies.org:taxname:144272,https://airtable.com/tblLqtIyuwA7rbEC3/rec1dorHON68rNZng?blocks=bli5ItEhTDGAFc32p,Chromista,Harosa,Heterokonta,Ochrophyta,,,,Phaeophyceae,Dictyotophycidae,,,,Sphacelariales,,,,,,,,Sphacelariaceae,,,,,Sphacelaria,,,,Sphacelariaceae,,rec1dorHON68rNZng,,,
Sphacelaria rigidula,SPECIES,ACCEPTED,,145902,http://www.marinespecies.org/aphia.php?p=taxdetails&id=145902,https://www.marinespecies.org/rest/AphiaClassificationByAphiaID/145902,urn:lsid:marinespecies.org:taxname:145902,https://airtable.com/tblLqtIyuwA7rbEC3/recMWthZh94WxfHFm?blocks=bli5ItEhTDGAFc32p,Chromista,Harosa,Heterokonta,Ochrophyta,,,,Phaeophyceae,Dictyotophycidae,,,,Sphacelariales,,,,,,,,Sphacelariaceae,,,,,Sphacelaria,,Sphacelaria rigidula,,Sphacelaria,,recMWthZh94WxfHFm,,Vancouver,
Acinetosporaceae,FAMILY,ACCEPTED,,147106,http://www.marinespecies.org/aphia.php?p=taxdetails&id=147106,https://www.marinespecies.org/rest/AphiaClassificationByAphiaID/147106,urn:lsid:marinespecies.org:taxname:147106,https://airtable.com/tblLqtIyuwA7rbEC3/rec5yGKteWyZrcQBL?blocks=bli5ItEhTDGAFc32p,Chromista,Harosa,Heterokonta,Ochrophyta,,,,Phaeophyceae,Fucophycidae,,,,Ectocarpales,,,,,,,,Acinetosporaceae,,,,,,,,,Ectocarpales,,rec5yGKteWyZrcQBL,,,
Hincksia,GENUS,ACCEPTED,,144102,http://www.marinespecies.org/aphia.php?p=taxdetails&id=144102,https://www.marinespecies.org/rest/AphiaClassificationByAphiaID/144102,urn:lsid:marinespecies.org:taxname:144102,https://airtable.com/tblLqtIyuwA7rbEC3/recRo2hzmDBKFTvoR?blocks=bli5ItEhTDGAFc32p,Chromista,Harosa,Heterokonta,Ochrophyta,,,,Phaeophyceae,Fucophycidae,,,,Ectocarpales,,,,,,,,Acinetosporaceae,,,,,Hincksia,,,,Acinetosporaceae,,recRo2hzmDBKFTvoR,,,
Hincksia sandriana,SPECIES,ACCEPTED,,145440,http://www.marinespecies.org/aphia.php?p=taxdetails&id=145440,https://www.marinespecies.org/rest/AphiaClassificationByAphiaID/145440,urn:lsid:marinespecies.org:taxname:145440,https://airtable.com/tblLqtIyuwA7rbEC3/rec2EO7Me7ddipQFz?blocks=bli5ItEhTDGAFc32p,Chromista,Harosa,Heterokonta,Ochrophyta,,,,Phaeophyceae,Fucophycidae,,,,Ectocarpales,,,,,,,,Acinetosporaceae,,,,,Hincksia,,Hincksia sandriana,,Hincksia,,rec2EO7Me7ddipQFz,,Vancouver,
Pylaiella,GENUS,ACCEPTED,,157186,http://www.marinespecies.org/aphia.php?p=taxdetails&id=157186,https://www.marinespecies.org/rest/AphiaClassificationByAphiaID/157186,urn:lsid:marinespecies.org:taxname:157186,https://airtable.com/tblLqtIyuwA7rbEC3/reca6PpzfV9Z6e9q9?blocks=bli5ItEhTDGAFc32p,Chromista,Harosa,Heterokonta,Ochrophyta,,,,Phaeophyceae,Fucophycidae,,,,Ectocarpales,,,,,,,,Acinetosporaceae,,,,,Pylaiella,,,,Acinetosporaceae,,reca6PpzfV9Z6e9q9,,Vancouver,
Pylaiella littoralis,SPECIES,ACCEPTED,,157188,http://www.marinespecies.org/aphia.php?p=taxdetails&id=157188,https://www.marinespecies.org/rest/AphiaClassificationByAphiaID/157188,urn:lsid:marinespecies.org:taxname:157188,https://airtable.com/tblLqtIyuwA7rbEC3/recYVMJUcDeABXaVH?blocks=bli5ItEhTDGAFc32p,Chromista,Harosa,Heterokonta,Ochrophyta,,,,Phaeophyceae,Fucophycidae,,,,Ectocarpales,,,,,,,,Acinetosporaceae,,,,,Pylaiella,,Pylaiella littoralis,,Pylaiella,,recYVMJUcDeABXaVH,,Vancouver,
Khakista,SUBPHYLUM,ACCEPTED,,576884,http://www.marinespecies.org/aphia.php?p=taxdetails&id=576884,https://www.marinespecies.org/rest/AphiaClassificationByAphiaID/576884,urn:lsid:marinespecies.org:taxname:576884,https://airtable.com/tblLqtIyuwA7rbEC3/recurG6KXVFvWR1DB?blocks=bli5ItEhTDGAFc32p,Chromista,Harosa,Heterokonta,Ochrophyta,Khakista,,,,,,,,,,,,,,,,,,,,,,,,,Ochrophyta,,recurG6KXVFvWR1DB,,,
Bacillariophyceae,CLASS,ACCEPTED,Diatoms,148899,http://www.marinespecies.org/aphia.php?p=taxdetails&id=148899,https://www.marinespecies.org/rest/AphiaClassificationByAphiaID/148899,urn:lsid:marinespecies.org:taxname:148899,https://airtable.com/tblLqtIyuwA7rbEC3/recKFf3ksg0Y8Vcm3?blocks=bli5ItEhTDGAFc32p,Chromista,Harosa,Heterokonta,Ochrophyta,Khakista,,,Bacillariophyceae,,,,,,,,,,,,,,,,,,,,,,Khakista,"diat,DIAT",recKFf3ksg0Y8Vcm3,,,
Phaeista,SUBPHYLUM,ACCEPTED,,588641,http://www.marinespecies.org/aphia.php?p=taxdetails&id=588641,https://www.marinespecies.org/rest/AphiaClassificationByAphiaID/588641,urn:lsid:marinespecies.org:taxname:588641,https://airtable.com/tblLqtIyuwA7rbEC3/recnouT21knxGpYjF?blocks=bli5ItEhTDGAFc32p,Chromista,Harosa,Heterokonta,Ochrophyta,Phaeista,,,,,,,,,,,,,,,,,,,,,,,,,Ochrophyta,,recnouT21knxGpYjF,,,
Limnista,INFRAPHYLUM,ACCEPTED,,591205,http://www.marinespecies.org/aphia.php?p=taxdetails&id=591205,https://www.marinespecies.org/rest/AphiaClassificationByAphiaID/591205,urn:lsid:marinespecies.org:taxname:591205,https://airtable.com/tblLqtIyuwA7rbEC3/recYaHbzymkoH1q44?blocks=bli5ItEhTDGAFc32p,Chromista,Harosa,Heterokonta,Ochrophyta,Phaeista,Limnista,,,,,,,,,,,,,,,,,,,,,,,,Phaeista,,recYaHbzymkoH1q44,,,
Fucistia,SUPERCLASS,ACCEPTED,,588642,http://www.marinespecies.org/aphia.php?p=taxdetails&id=588642,https://www.marinespecies.org/rest/AphiaClassificationByAphiaID/588642,urn:lsid:marinespecies.org:taxname:588642,https://airtable.com/tblLqtIyuwA7rbEC3/recdoXgJllZIyhi5W?blocks=bli5ItEhTDGAFc32p,Chromista,Harosa,Heterokonta,Ochrophyta,Phaeista,Limnista,Fucistia,,,,,,,,,,,,,,,,,,,,,,,Limnista,,recdoXgJllZIyhi5W,,,
Phaeophyceae,CLASS,ACCEPTED,Other brown algae,830,http://www.marinespecies.org/aphia.php?p=taxdetails&id=830,https://www.marinespecies.org/rest/AphiaClassificationByAphiaID/830,urn:lsid:marinespecies.org:taxname:830,https://airtable.com/tblLqtIyuwA7rbEC3/recDirHL9Y26e53wW?blocks=bli5ItEhTDGAFc32p,Chromista,Harosa,Heterokonta,Ochrophyta,Phaeista,Limnista,Fucistia,Phaeophyceae,,,,,,,,,,,,,,,,,,,,,,Fucistia,"BRO,ECTO",recDirHL9Y26e53wW,,,
Desmarestiales,ORDER,ACCEPTED,,21237,http://www.marinespecies.org/aphia.php?p=taxdetails&id=21237,https://www.marinespecies.org/rest/AphiaClassificationByAphiaID/21237,urn:lsid:marinespecies.org:taxname:21237,https://airtable.com/tblLqtIyuwA7rbEC3/recUldSJbOqDznIP3?blocks=bli5ItEhTDGAFc32p,Chromista,Harosa,Heterokonta,Ochrophyta,Phaeista,Limnista,Fucistia,Phaeophyceae,,,,,Desmarestiales,,,,,,,,,,,,,,,,,Phaeophyceae,,recUldSJbOqDznIP3,,,
Desmarestiaceae,FAMILY,ACCEPTED,,143705,http://www.marinespecies.org/aphia.php?p=taxdetails&id=143705,https://www.marinespecies.org/rest/AphiaClassificationByAphiaID/143705,urn:lsid:marinespecies.org:taxname:143705,https://airtable.com/tblLqtIyuwA7rbEC3/recEuxnxBtV75kseF?blocks=bli5ItEhTDGAFc32p,Chromista,Harosa,Heterokonta,Ochrophyta,Phaeista,Limnista,Fucistia,Phaeophyceae,,,,,Desmarestiales,,,,,,,,Desmarestiaceae,,,,,,,,,Desmarestiales,,recEuxnxBtV75kseF,,,
Desmarestia,GENUS,ACCEPTED,Acid weed,144061,http://www.marinespecies.org/aphia.php?p=taxdetails&id=144061,https://www.marinespecies.org/rest/AphiaClassificationByAphiaID/144061,urn:lsid:marinespecies.org:taxname:144061,https://airtable.com/tblLqtIyuwA7rbEC3/recCWOyyVDb9tpMBA?blocks=bli5ItEhTDGAFc32p,Chromista,Harosa,Heterokonta,Ochrophyta,Phaeista,Limnista,Fucistia,Phaeophyceae,,,,,Desmarestiales,,,,,,,,Desmarestiaceae,,,,,Desmarestia,,,,Desmarestiaceae,"DESE,DESM,dese,DESM",recCWOyyVDb9tpMBA,,,
Desmarestia aculeata,SPECIES,ACCEPTED,Desmerestia aculeata,145307,http://www.marinespecies.org/aphia.php?p=taxdetails&id=145307,https://www.marinespecies.org/rest/AphiaClassificationByAphiaID/145307,urn:lsid:marinespecies.org:taxname:145307,https://airtable.com/tblLqtIyuwA7rbEC3/recrU6obAjtP2hlEu?blocks=bli5ItEhTDGAFc32p,Chromista,Harosa,Heterokonta,Ochrophyta,Phaeista,Limnista,Fucistia,Phaeophyceae,,,,,Desmarestiales,,,,,,,,Desmarestiaceae,,,,,Desmarestia,,Desmarestia aculeata,,Desmarestia,desa,recrU6obAjtP2hlEu,,,
Desmarestia foliacea,SPECIES,UNACCEPTED,Desmerestia foliacea,373883,http://www.marinespecies.org/aphia.php?p=taxdetails&id=373883,https://www.marinespecies.org/rest/AphiaClassificationByAphiaID/373883,urn:lsid:marinespecies.org:taxname:373883,https://airtable.com/tblLqtIyuwA7rbEC3/recbHNggxzKzwRTXY?blocks=bli5ItEhTDGAFc32p,Chromista,Harosa,Heterokonta,Ochrophyta,Phaeista,Limnista,Fucistia,Phaeophyceae,,,,,Desmarestiales,,,,,,,,Desmarestiaceae,,,,,Desmarestia,,Desmarestia foliacea,,Desmarestia,desf,recbHNggxzKzwRTXY,,,
Desmarestia herbacea,SPECIES,ACCEPTED,Desmerestia herbacea,239201,http://www.marinespecies.org/aphia.php?p=taxdetails&id=239201,https://www.marinespecies.org/rest/AphiaClassificationByAphiaID/239201,urn:lsid:marinespecies.org:taxname:239201,https://airtable.com/tblLqtIyuwA7rbEC3/recWVqoLrEAcEONYL?blocks=bli5ItEhTDGAFc32p,Chromista,Harosa,Heterokonta,Ochrophyta,Phaeista,Limnista,Fucistia,Phaeophyceae,,,,,Desmarestiales,,,,,,,,Desmarestiaceae,,,,,Desmarestia,,Desmarestia herbacea,,Desmarestia,,recWVqoLrEAcEONYL,,Vancouver,
Desmarestia ligulata,SPECIES,ACCEPTED,Desmerestia ligulata,145309,http://www.marinespecies.org/aphia.php?p=taxdetails&id=145309,https://www.marinespecies.org/rest/AphiaClassificationByAphiaID/145309,urn:lsid:marinespecies.org:taxname:145309,https://airtable.com/tblLqtIyuwA7rbEC3/recriOvnxmsCQ6Yus?blocks=bli5ItEhTDGAFc32p,Chromista,Harosa,Heterokonta,Ochrophyta,Phaeista,Limnista,Fucistia,Phaeophyceae,,,,,Desmarestiales,,,,,,,,Desmarestiaceae,,,,,Desmarestia,,Desmarestia ligulata,,Desmarestia,"desl,desl",recriOvnxmsCQ6Yus,,,
Desmarestia munda,SPECIES,ACCEPTED,Desmerestia munda,372499,http://www.marinespecies.org/aphia.php?p=taxdetails&id=372499,https://www.marinespecies.org/rest/AphiaClassificationByAphiaID/372499,urn:lsid:marinespecies.org:taxname:372499,https://airtable.com/tblLqtIyuwA7rbEC3/recAIgnb6u6AeH0Ur?blocks=bli5ItEhTDGAFc32p,Chromista,Harosa,Heterokonta,Ochrophyta,Phaeista,Limnista,Fucistia,Phaeophyceae,,,,,Desmarestiales,,,,,,,,Desmarestiaceae,,,,,Desmarestia,,Desmarestia munda,,Desmarestia,"desm,desm",recAIgnb6u6AeH0Ur,,,
Desmarestia viridis,SPECIES,ACCEPTED,Desmerestia viridis,145310,http://www.marinespecies.org/aphia.php?p=taxdetails&id=145310,https://www.marinespecies.org/rest/AphiaClassificationByAphiaID/145310,urn:lsid:marinespecies.org:taxname:145310,https://airtable.com/tblLqtIyuwA7rbEC3/recFDPQwejayiuduG?blocks=bli5ItEhTDGAFc32p,Chromista,Harosa,Heterokonta,Ochrophyta,Phaeista,Limnista,Fucistia,Phaeophyceae,,,,,Desmarestiales,,,,,,,,Desmarestiaceae,,,,,Desmarestia,,Desmarestia viridis,,Desmarestia,"desv,desv",recFDPQwejayiuduG,,,
Laminariales,ORDER,ACCEPTED,Juvenile kelp,845,http://www.marinespecies.org/aphia.php?p=taxdetails&id=845,https://www.marinespecies.org/rest/AphiaClassificationByAphiaID/845,urn:lsid:marinespecies.org:taxname:845,https://airtable.com/tblLqtIyuwA7rbEC3/recTm873XgeRVath9?blocks=bli5ItEhTDGAFc32p,Chromista,Harosa,Heterokonta,Ochrophyta,Phaeista,Limnista,Fucistia,Phaeophyceae,,,,,Laminariales,,,,,,,,,,,,,,,,,Phaeophyceae,"juve,JUVK,JUKE",recTm873XgeRVath9,,,
Agaraceae,FAMILY,ACCEPTED,,1309299,http://www.marinespecies.org/aphia.php?p=taxdetails&id=1309299,https://www.marinespecies.org/rest/AphiaClassificationByAphiaID/1309299,urn:lsid:marinespecies.org:taxname:1309299,https://airtable.com/tblLqtIyuwA7rbEC3/recD36hmAxel8mESj?blocks=bli5ItEhTDGAFc32p,Chromista,Harosa,Heterokonta,Ochrophyta,Phaeista,Limnista,Fucistia,Phaeophyceae,,,,,Laminariales,,,,,,,,Agaraceae,,,,,,,,,Laminariales,,recD36hmAxel8mESj,,,
Agarum,GENUS,ACCEPTED,Agarum,157205,http://www.marinespecies.org/aphia.php?p=taxdetails&id=157205,https://www.marinespecies.org/rest/AphiaClassificationByAphiaID/157205,urn:lsid:marinespecies.org:taxname:157205,https://airtable.com/tblLqtIyuwA7rbEC3/recH7c6ovGLHAZSdV?blocks=bli5ItEhTDGAFc32p,Chromista,Harosa,Heterokonta,Ochrophyta,Phaeista,Limnista,Fucistia,Phaeophyceae,,,,,Laminariales,,,,,,,,Agaraceae,,,,,Agarum,,,,Agaraceae,"AGAR,agar,agar,AGAR",recH7c6ovGLHAZSdV,,,
Alariaceae,FAMILY,ACCEPTED,,143753,http://www.marinespecies.org/aphia.php?p=taxdetails&id=143753,https://www.marinespecies.org/rest/AphiaClassificationByAphiaID/143753,urn:lsid:marinespecies.org:taxname:143753,https://airtable.com/tblLqtIyuwA7rbEC3/recUp3pYreACrGcgy?blocks=bli5ItEhTDGAFc32p,Chromista,Harosa,Heterokonta,Ochrophyta,Phaeista,Limnista,Fucistia,Phaeophyceae,,,,,Laminariales,,,,,,,,Alariaceae,,,,,,,,,Laminariales,,recUp3pYreACrGcgy,,,
Alaria,GENUS,ACCEPTED,,144194,http://www.marinespecies.org/aphia.php?p=taxdetails&id=144194,https://www.marinespecies.org/rest/AphiaClassificationByAphiaID/144194,urn:lsid:marinespecies.org:taxname:144194,https://airtable.com/tblLqtIyuwA7rbEC3/rec2QYCmtwu1pm0bb?blocks=bli5ItEhTDGAFc32p,Chromista,Harosa,Heterokonta,Ochrophyta,Phaeista,Limnista,Fucistia,Phaeophyceae,,,,,Laminariales,,,,,,,,Alariaceae,,,,,Alaria,,,,Alariaceae,,rec2QYCmtwu1pm0bb,,,
Alaria marginata,SPECIES,ACCEPTED,Ribbon kelp,371791,http://www.marinespecies.org/aphia.php?p=taxdetails&id=371791,https://www.marinespecies.org/rest/AphiaClassificationByAphiaID/371791,urn:lsid:marinespecies.org:taxname:371791,https://airtable.com/tblLqtIyuwA7rbEC3/recOr7RGUsagNfQeX?blocks=bli5ItEhTDGAFc32p,Chromista,Harosa,Heterokonta,Ochrophyta,Phaeista,Limnista,Fucistia,Phaeophyceae,,,,,Laminariales,,,,,,,,Alariaceae,,,,,Alaria,,Alaria marginata,,Alaria,"ALAM,ALMA,alam,alam,ALAM,ALAM",recOr7RGUsagNfQeX,"PXL_20240610_184536451.jpg (https://v5.airtableusercontent.com/v3/u/33/33/1727985600000/cP6xX4iY8nDEqLbyFV7f_Q/i9Di1RQhmI1fzrinmFCmiPCZGXDO7Cwmu3qScSfFduT3g8K5Qx0NSaMHw-MKH2tKG3Uf9FJelNbMb_rLY9d7z00eqBn07VhhTxIAS9QS5bCs8za21oVpWVCHvHbecHt2MJonG4WTV1NBf2KOz2GN3QuxefX-mQZMufTGoOwoRthI0gM3-GlYYIIYZCI8AqMn/O19xGkWCM6en3OWoU_y6_HQcN77PHU_FPo6Aogt0Kcc),PXL_20240610_184513089.jpg (https://v5.airtableusercontent.com/v3/u/33/33/1727985600000/yHARgBG0oiZVO0ggpxF_hQ/JyWl5s9EyWav2MKky71JWRl_Fh7-HuDcsMXQSHIb9C5zuaGHL6sAoe170avM8Dln3IHuF8RQCFmqixAwv_BtbEY-2JZZlLKc_RKg5H4m5qneYnwTLJMjHR557VR5JbshONT4fOTsuWwlfmcFwHaSkjyilGiSVy9h7XkPrdxebGWRDcvrydyElKAbVAZK1D0S/l631iQaUG9vNNsosKDGReyTQ34SiJP8KujNGQYgFWdI)",Vancouver,ALAMAR
Alaria nana,SPECIES,UNACCEPTED,Alaria nana,371792,http://www.marinespecies.org/aphia.php?p=taxdetails&id=371792,https://www.marinespecies.org/rest/AphiaClassificationByAphiaID/371792,urn:lsid:marinespecies.org:taxname:371792,https://airtable.com/tblLqtIyuwA7rbEC3/reczsV6oYUGCyx59N?blocks=bli5ItEhTDGAFc32p,Chromista,Harosa,Heterokonta,Ochrophyta,Phaeista,Limnista,Fucistia,Phaeophyceae,,,,,Laminariales,,,,,,,,Alariaceae,,,,,Alaria,,Alaria nana,,Alaria,alan,reczsV6oYUGCyx59N,,,
Pleurophycus,GENUS,ACCEPTED,,370064,http://www.marinespecies.org/aphia.php?p=taxdetails&id=370064,https://www.marinespecies.org/rest/AphiaClassificationByAphiaID/370064,urn:lsid:marinespecies.org:taxname:370064,https://airtable.com/tblLqtIyuwA7rbEC3/recYXTw9ts5Bdhlbi?blocks=bli5ItEhTDGAFc32p,Chromista,Harosa,Heterokonta,Ochrophyta,Phaeista,Limnista,Fucistia,Phaeophyceae,,,,,Laminariales,,,,,,,,Alariaceae,,,,,Pleurophycus,,,,Alariaceae,,recYXTw9ts5Bdhlbi,,,
Pleurophycus gardneri,SPECIES,ACCEPTED,Pleurophycus gardneri,372517,http://www.marinespecies.org/aphia.php?p=taxdetails&id=372517,https://www.marinespecies.org/rest/AphiaClassificationByAphiaID/372517,urn:lsid:marinespecies.org:taxname:372517,https://airtable.com/tblLqtIyuwA7rbEC3/recVLbfuMsy7dzy08?blocks=bli5ItEhTDGAFc32p,Chromista,Harosa,Heterokonta,Ochrophyta,Phaeista,Limnista,Fucistia,Phaeophyceae,,,,,Laminariales,,,,,,,,Alariaceae,,,,,Pleurophycus,,Pleurophycus gardneri,,Pleurophycus,"PLEG,pleg,pleg",recVLbfuMsy7dzy08,,,
Pterygophora,GENUS,ACCEPTED,,240749,http://www.marinespecies.org/aphia.php?p=taxdetails&id=240749,https://www.marinespecies.org/rest/AphiaClassificationByAphiaID/240749,urn:lsid:marinespecies.org:taxname:240749,https://airtable.com/tblLqtIyuwA7rbEC3/recV7fzcby4pDx50r?blocks=bli5ItEhTDGAFc32p,Chromista,Harosa,Heterokonta,Ochrophyta,Phaeista,Limnista,Fucistia,Phaeophyceae,,,,,Laminariales,,,,,,,,Alariaceae,,,,,Pterygophora,,,,Alariaceae,,recV7fzcby4pDx50r,,,
Pterygophora californica,SPECIES,ACCEPTED,Pterygophora californica,240750,http://www.marinespecies.org/aphia.php?p=taxdetails&id=240750,https://www.marinespecies.org/rest/AphiaClassificationByAphiaID/240750,urn:lsid:marinespecies.org:taxname:240750,https://airtable.com/tblLqtIyuwA7rbEC3/recavLRGpqtLdgvHu?blocks=bli5ItEhTDGAFc32p,Chromista,Harosa,Heterokonta,Ochrophyta,Phaeista,Limnista,Fucistia,Phaeophyceae,,,,,Laminariales,,,,,,,,Alariaceae,,,,,Pterygophora,,Pterygophora californica,,Pterygophora,"PTEC,ptec,ptec",recavLRGpqtLdgvHu,,,
Costariaceae,FAMILY,ACCEPTED,,368784,http://www.marinespecies.org/aphia.php?p=taxdetails&id=368784,https://www.marinespecies.org/rest/AphiaClassificationByAphiaID/368784,urn:lsid:marinespecies.org:taxname:368784,https://airtable.com/tblLqtIyuwA7rbEC3/rec6fedIGrp8TnUaZ?blocks=bli5ItEhTDGAFc32p,Chromista,Harosa,Heterokonta,Ochrophyta,Phaeista,Limnista,Fucistia,Phaeophyceae,,,,,Laminariales,,,,,,,,Costariaceae,,,,,,,,,Laminariales,,rec6fedIGrp8TnUaZ,,,
Costaria,GENUS,ACCEPTED,,369527,http://www.marinespecies.org/aphia.php?p=taxdetails&id=369527,https://www.marinespecies.org/rest/AphiaClassificationByAphiaID/369527,urn:lsid:marinespecies.org:taxname:369527,https://airtable.com/tblLqtIyuwA7rbEC3/recx7UOsBLgMM4OFU?blocks=bli5ItEhTDGAFc32p,Chromista,Harosa,Heterokonta,Ochrophyta,Phaeista,Limnista,Fucistia,Phaeophyceae,,,,,Laminariales,,,,,,,,Costariaceae,,,,,Costaria,,,,Costariaceae,,recx7UOsBLgMM4OFU,,,
Costaria costata,SPECIES,ACCEPTED,Costaria costata,371985,http://www.marinespecies.org/aphia.php?p=taxdetails&id=371985,https://www.marinespecies.org/rest/AphiaClassificationByAphiaID/371985,urn:lsid:marinespecies.org:taxname:371985,https://airtable.com/tblLqtIyuwA7rbEC3/recYJ9FLcAyAPgowV?blocks=bli5ItEhTDGAFc32p,Chromista,Harosa,Heterokonta,Ochrophyta,Phaeista,Limnista,Fucistia,Phaeophyceae,,,,,Laminariales,,,,,,,,Costariaceae,,,,,Costaria,,Costaria costata,,Costaria,"COSC,cosc,cosc",recYJ9FLcAyAPgowV,,Vancouver,
Dictyoneurum,GENUS,ACCEPTED,,369575,http://www.marinespecies.org/aphia.php?p=taxdetails&id=369575,https://www.marinespecies.org/rest/AphiaClassificationByAphiaID/369575,urn:lsid:marinespecies.org:taxname:369575,https://airtable.com/tblLqtIyuwA7rbEC3/recDPov3FfBO10Bql?blocks=bli5ItEhTDGAFc32p,Chromista,Harosa,Heterokonta,Ochrophyta,Phaeista,Limnista,Fucistia,Phaeophyceae,,,,,Laminariales,,,,,,,,Costariaceae,,,,,Dictyoneurum,,,,Costariaceae,,recDPov3FfBO10Bql,,,
Dictyoneurum californicum,SPECIES,ACCEPTED,Dictyoneurum californicum,372515,http://www.marinespecies.org/aphia.php?p=taxdetails&id=372515,https://www.marinespecies.org/rest/AphiaClassificationByAphiaID/372515,urn:lsid:marinespecies.org:taxname:372515,https://airtable.com/tblLqtIyuwA7rbEC3/recsnw8Ovelu2eabJ?blocks=bli5ItEhTDGAFc32p,Chromista,Harosa,Heterokonta,Ochrophyta,Phaeista,Limnista,Fucistia,Phaeophyceae,,,,,Laminariales,,,,,,,,Costariaceae,,,,,Dictyoneurum,,Dictyoneurum californicum,,Dictyoneurum,"DICC,dicc,dicc",recsnw8Ovelu2eabJ,,,
Laminariaceae,FAMILY,ACCEPTED,,143755,http://www.marinespecies.org/aphia.php?p=taxdetails&id=143755,https://www.marinespecies.org/rest/AphiaClassificationByAphiaID/143755,urn:lsid:marinespecies.org:taxname:143755,https://airtable.com/tblLqtIyuwA7rbEC3/recu7Y72aIV90nzrw?blocks=bli5ItEhTDGAFc32p,Chromista,Harosa,Heterokonta,Ochrophyta,Phaeista,Limnista,Fucistia,Phaeophyceae,,,,,Laminariales,,,,,,,,Laminariaceae,,,,,,,,,Laminariales,,recu7Y72aIV90nzrw,,,
Cymathaere,GENUS,ACCEPTED,,369546,http://www.marinespecies.org/aphia.php?p=taxdetails&id=369546,https://www.marinespecies.org/rest/AphiaClassificationByAphiaID/369546,urn:lsid:marinespecies.org:taxname:369546,https://airtable.com/tblLqtIyuwA7rbEC3/rec8GocjTx97DydSj?blocks=bli5ItEhTDGAFc32p,Chromista,Harosa,Heterokonta,Ochrophyta,Phaeista,Limnista,Fucistia,Phaeophyceae,,,,,Laminariales,,,,,,,,Laminariaceae,,,,,Cymathaere,,,,Laminariaceae,,rec8GocjTx97DydSj,,,
Cymathaere triplicata,SPECIES,ACCEPTED,,373978,http://www.marinespecies.org/aphia.php?p=taxdetails&id=373978,https://www.marinespecies.org/rest/AphiaClassificationByAphiaID/373978,urn:lsid:marinespecies.org:taxname:373978,https://airtable.com/tblLqtIyuwA7rbEC3/reccKz8KYBbJWvdGr?blocks=bli5ItEhTDGAFc32p,Chromista,Harosa,Heterokonta,Ochrophyta,Phaeista,Limnista,Fucistia,Phaeophyceae,,,,,Laminariales,,,,,,,,Laminariaceae,,,,,Cymathaere,,Cymathaere triplicata,,Cymathaere,"CYMT,cymt,cymt,CYMT",reccKz8KYBbJWvdGr,,,
Laminaria,GENUS,ACCEPTED,Split Kelp,144199,http://www.marinespecies.org/aphia.php?p=taxdetails&id=144199,https://www.marinespecies.org/rest/AphiaClassificationByAphiaID/144199,urn:lsid:marinespecies.org:taxname:144199,https://airtable.com/tblLqtIyuwA7rbEC3/recC5yINNf4O0hTXa?blocks=bli5ItEhTDGAFc32p,Chromista,Harosa,Heterokonta,Ochrophyta,Phaeista,Limnista,Fucistia,Phaeophyceae,,,,,Laminariales,,,,,,,,Laminariaceae,,,,,Laminaria,,,,Laminariaceae,"lami,LAMI",recC5yINNf4O0hTXa,,,
Laminaria ephemera,SPECIES,ACCEPTED,Laminaria ephemera,372506,http://www.marinespecies.org/aphia.php?p=taxdetails&id=372506,https://www.marinespecies.org/rest/AphiaClassificationByAphiaID/372506,urn:lsid:marinespecies.org:taxname:372506,https://airtable.com/tblLqtIyuwA7rbEC3/recwG8UWrmFgRyPqW?blocks=bli5ItEhTDGAFc32p,Chromista,Harosa,Heterokonta,Ochrophyta,Phaeista,Limnista,Fucistia,Phaeophyceae,,,,,Laminariales,,,,,,,,Laminariaceae,,,,,Laminaria,,Laminaria ephemera,,Laminaria,LAME,recwG8UWrmFgRyPqW,,,
Laminaria setchellii,SPECIES,ACCEPTED,Split Kelp,240748,http://www.marinespecies.org/aphia.php?p=taxdetails&id=240748,https://www.marinespecies.org/rest/AphiaClassificationByAphiaID/240748,urn:lsid:marinespecies.org:taxname:240748,https://airtable.com/tblLqtIyuwA7rbEC3/reco0UgWAClIvyerO?blocks=bli5ItEhTDGAFc32p,Chromista,Harosa,Heterokonta,Ochrophyta,Phaeista,Limnista,Fucistia,Phaeophyceae,,,,,Laminariales,,,,,,,,Laminariaceae,,,,,Laminaria,,Laminaria setchellii,,Laminaria,"LAMS,LASE,lams,lams",reco0UgWAClIvyerO,,,
Laminaria yezoensis,SPECIES,ACCEPTED,Laminaria yozoensis,371993,http://www.marinespecies.org/aphia.php?p=taxdetails&id=371993,https://www.marinespecies.org/rest/AphiaClassificationByAphiaID/371993,urn:lsid:marinespecies.org:taxname:371993,https://airtable.com/tblLqtIyuwA7rbEC3/recyosHIHjdzrlAGh?blocks=bli5ItEhTDGAFc32p,Chromista,Harosa,Heterokonta,Ochrophyta,Phaeista,Limnista,Fucistia,Phaeophyceae,,,,,Laminariales,,,,,,,,Laminariaceae,,,,,Laminaria,,Laminaria yezoensis,,Laminaria,"LAMY,lamy,lamy",recyosHIHjdzrlAGh,,,
Macrocystis,GENUS,ACCEPTED,,206527,http://www.marinespecies.org/aphia.php?p=taxdetails&id=206527,https://www.marinespecies.org/rest/AphiaClassificationByAphiaID/206527,urn:lsid:marinespecies.org:taxname:206527,https://airtable.com/tblLqtIyuwA7rbEC3/rec3PXlr1tMCoeQ12?blocks=bli5ItEhTDGAFc32p,Chromista,Harosa,Heterokonta,Ochrophyta,Phaeista,Limnista,Fucistia,Phaeophyceae,,,,,Laminariales,,,,,,,,Laminariaceae,,,,,Macrocystis,,,,Laminariaceae,,rec3PXlr1tMCoeQ12,,,
Macrocystis integrifolia,SPECIES,UNACCEPTED,Macrocystis integrifolia,372509,http://www.marinespecies.org/aphia.php?p=taxdetails&id=372509,https://www.marinespecies.org/rest/AphiaClassificationByAphiaID/372509,urn:lsid:marinespecies.org:taxname:372509,https://airtable.com/tblLqtIyuwA7rbEC3/recjbD62DS9aNkwaa?blocks=bli5ItEhTDGAFc32p,Chromista,Harosa,Heterokonta,Ochrophyta,Phaeista,Limnista,Fucistia,Phaeophyceae,,,,,Laminariales,,,,,,,,Laminariaceae,,,,,Macrocystis,,Macrocystis integrifolia,,Macrocystis,"juvm,macro,macro",recjbD62DS9aNkwaa,,,
Macrocystis pyrifera,SPECIES,ACCEPTED,Giant Kelp,232231,http://www.marinespecies.org/aphia.php?p=taxdetails&id=232231,https://www.marinespecies.org/rest/AphiaClassificationByAphiaID/232231,urn:lsid:marinespecies.org:taxname:232231,https://airtable.com/tblLqtIyuwA7rbEC3/recWlIBvKFdXoDxWZ?blocks=bli5ItEhTDGAFc32p,Chromista,Harosa,Heterokonta,Ochrophyta,Phaeista,Limnista,Fucistia,Phaeophyceae,,,,,Laminariales,,,,,,,,Laminariaceae,,,,,Macrocystis,,Macrocystis pyrifera,,Macrocystis,"MACRO_LG,MACRO_SM,MACP",recWlIBvKFdXoDxWZ,,,
Nereocystis,GENUS,ACCEPTED,,240751,http://www.marinespecies.org/aphia.php?p=taxdetails&id=240751,https://www.marinespecies.org/rest/AphiaClassificationByAphiaID/240751,urn:lsid:marinespecies.org:taxname:240751,https://airtable.com/tblLqtIyuwA7rbEC3/recxpsS4jLSCRxU5u?blocks=bli5ItEhTDGAFc32p,Chromista,Harosa,Heterokonta,Ochrophyta,Phaeista,Limnista,Fucistia,Phaeophyceae,,,,,Laminariales,,,,,,,,Laminariaceae,,,,,Nereocystis,,,,Laminariaceae,,recxpsS4jLSCRxU5u,,,
Nereocystis luetkeana,SPECIES,ACCEPTED,Bull kelp,240752,http://www.marinespecies.org/aphia.php?p=taxdetails&id=240752,https://www.marinespecies.org/rest/AphiaClassificationByAphiaID/240752,urn:lsid:marinespecies.org:taxname:240752,https://airtable.com/tblLqtIyuwA7rbEC3/recHcD3nn4mQu2Rxn?blocks=bli5ItEhTDGAFc32p,Chromista,Harosa,Heterokonta,Ochrophyta,Phaeista,Limnista,Fucistia,Phaeophyceae,,,,,Laminariales,,,,,,,,Laminariaceae,,,,,Nereocystis,,Nereocystis luetkeana,,Nereocystis,"juvn,nereo,nereo,NEREO_LG,NEREO_SM,NERL",recHcD3nn4mQu2Rxn,,Vancouver,
Saccharina,GENUS,ACCEPTED,Saccharina species,234482,http://www.marinespecies.org/aphia.php?p=taxdetails&id=234482,https://www.marinespecies.org/rest/AphiaClassificationByAphiaID/234482,urn:lsid:marinespecies.org:taxname:234482,https://airtable.com/tblLqtIyuwA7rbEC3/rec3Vq71U7Oqr5BN1?blocks=bli5ItEhTDGAFc32p,Chromista,Harosa,Heterokonta,Ochrophyta,Phaeista,Limnista,Fucistia,Phaeophyceae,,,,,Laminariales,,,,,,,,Laminariaceae,,,,,Saccharina,,,,Laminariaceae,"SACC,sacc",rec3Vq71U7Oqr5BN1,,,
Saccharina latissima,SPECIES,ACCEPTED,Saccharina latissima,234483,http://www.marinespecies.org/aphia.php?p=taxdetails&id=234483,https://www.marinespecies.org/rest/AphiaClassificationByAphiaID/234483,urn:lsid:marinespecies.org:taxname:234483,https://airtable.com/tblLqtIyuwA7rbEC3/recJoXMrWYu0klsdy?blocks=bli5ItEhTDGAFc32p,Chromista,Harosa,Heterokonta,Ochrophyta,Phaeista,Limnista,Fucistia,Phaeophyceae,,,,,Laminariales,,,,,,,,Laminariaceae,,,,,Saccharina,,Saccharina latissima,,Saccharina,"SACL,sacl,sacl",recJoXMrWYu0klsdy,,"Quadra,Vancouver",
Saccharina nigripes,SPECIES,ACCEPTED,Saccharina nigripes,1313320,http://www.marinespecies.org/aphia.php?p=taxdetails&id=1313320,https://www.marinespecies.org/rest/AphiaClassificationByAphiaID/1313320,urn:lsid:marinespecies.org:taxname:1313320,https://airtable.com/tblLqtIyuwA7rbEC3/recn3L7xnuT7N59tA?blocks=bli5ItEhTDGAFc32p,Chromista,Harosa,Heterokonta,Ochrophyta,Phaeista,Limnista,Fucistia,Phaeophyceae,,,,,Laminariales,,,,,,,,Laminariaceae,,,,,Saccharina,,Saccharina nigripes,,Saccharina,"SACG,sacg,sacg",recn3L7xnuT7N59tA,,,
Saccharina sessilis,SPECIES,UNACCEPTED,Sugar kelp,376879,http://www.marinespecies.org/aphia.php?p=taxdetails&id=376879,https://www.marinespecies.org/rest/AphiaClassificationByAphiaID/376879,urn:lsid:marinespecies.org:taxname:376879,https://airtable.com/tblLqtIyuwA7rbEC3/recpJRGXuJG8ZOz9i?blocks=bli5ItEhTDGAFc32p,Chromista,Harosa,Heterokonta,Ochrophyta,Phaeista,Limnista,Fucistia,Phaeophyceae,,,,,Laminariales,,,,,,,,Laminariaceae,,,,,Saccharina,,Saccharina sessilis,,Saccharina,"SASE,sacs,sacs,SACS,SACS",recpJRGXuJG8ZOz9i,,,HEDSES
Lessoniaceae,FAMILY,ACCEPTED,,196198,http://www.marinespecies.org/aphia.php?p=taxdetails&id=196198,https://www.marinespecies.org/rest/AphiaClassificationByAphiaID/196198,urn:lsid:marinespecies.org:taxname:196198,https://airtable.com/tblLqtIyuwA7rbEC3/recZuWQz17oev4aVN?blocks=bli5ItEhTDGAFc32p,Chromista,Harosa,Heterokonta,Ochrophyta,Phaeista,Limnista,Fucistia,Phaeophyceae,,,,,Laminariales,,,,,,,,Lessoniaceae,,,,,,,,,Laminariales,,recZuWQz17oev4aVN,,,
Egregia,GENUS,ACCEPTED,,369610,http://www.marinespecies.org/aphia.php?p=taxdetails&id=369610,https://www.marinespecies.org/rest/AphiaClassificationByAphiaID/369610,urn:lsid:marinespecies.org:taxname:369610,https://airtable.com/tblLqtIyuwA7rbEC3/recSCimDLFskcpwZU?blocks=bli5ItEhTDGAFc32p,Chromista,Harosa,Heterokonta,Ochrophyta,Phaeista,Limnista,Fucistia,Phaeophyceae,,,,,Laminariales,,,,,,,,Lessoniaceae,,,,,Egregia,,,,Lessoniaceae,,recSCimDLFskcpwZU,,,
Egregia menziesii,SPECIES,ACCEPTED,Egregia menziesii,372502,http://www.marinespecies.org/aphia.php?p=taxdetails&id=372502,https://www.marinespecies.org/rest/AphiaClassificationByAphiaID/372502,urn:lsid:marinespecies.org:taxname:372502,https://airtable.com/tblLqtIyuwA7rbEC3/recD9XFuFCz9Cu3i0?blocks=bli5ItEhTDGAFc32p,Chromista,Harosa,Heterokonta,Ochrophyta,Phaeista,Limnista,Fucistia,Phaeophyceae,,,,,Laminariales,,,,,,,,Lessoniaceae,,,,,Egregia,,Egregia menziesii,,Egregia,"egrm,egrm,EGRM,EGRM",recD9XFuFCz9Cu3i0,,,EGRMEN
Eisenia,GENUS,ACCEPTED,,369611,http://www.marinespecies.org/aphia.php?p=taxdetails&id=369611,https://www.marinespecies.org/rest/AphiaClassificationByAphiaID/369611,urn:lsid:marinespecies.org:taxname:369611,https://airtable.com/tblLqtIyuwA7rbEC3/recDBAsUVh9vmbmgD?blocks=bli5ItEhTDGAFc32p,Chromista,Harosa,Heterokonta,Ochrophyta,Phaeista,Limnista,Fucistia,Phaeophyceae,,,,,Laminariales,,,,,,,,Lessoniaceae,,,,,Eisenia,,,,Lessoniaceae,,recDBAsUVh9vmbmgD,,,
Eisenia arborea,SPECIES,ACCEPTED,Eisenia arborea,371990,http://www.marinespecies.org/aphia.php?p=taxdetails&id=371990,https://www.marinespecies.org/rest/AphiaClassificationByAphiaID/371990,urn:lsid:marinespecies.org:taxname:371990,https://airtable.com/tblLqtIyuwA7rbEC3/rec8txtXlTqtsWla1?blocks=bli5ItEhTDGAFc32p,Chromista,Harosa,Heterokonta,Ochrophyta,Phaeista,Limnista,Fucistia,Phaeophyceae,,,,,Laminariales,,,,,,,,Lessoniaceae,,,,,Eisenia,,Eisenia arborea,,Eisenia,"EISA,eisa,eisa",rec8txtXlTqtsWla1,,,EISARB
Dictyotophycidae,SUBCLASS,ACCEPTED,,1304855,http://www.marinespecies.org/aphia.php?p=taxdetails&id=1304855,https://www.marinespecies.org/rest/AphiaClassificationByAphiaID/1304855,urn:lsid:marinespecies.org:taxname:1304855,https://airtable.com/tblLqtIyuwA7rbEC3/recmYvENqdHM94swv?blocks=bli5ItEhTDGAFc32p,Chromista,Harosa,Heterokonta,Ochrophyta,Phaeista,Limnista,Fucistia,Phaeophyceae,Dictyotophycidae,,,,,,,,,,,,,,,,,,,,,Phaeophyceae,,recmYvENqdHM94swv,,,
Dictyotales,ORDER,ACCEPTED,,839,http://www.marinespecies.org/aphia.php?p=taxdetails&id=839,https://www.marinespecies.org/rest/AphiaClassificationByAphiaID/839,urn:lsid:marinespecies.org:taxname:839,https://airtable.com/tblLqtIyuwA7rbEC3/recGLWzKNkQxzXJIu?blocks=bli5ItEhTDGAFc32p,Chromista,Harosa,Heterokonta,Ochrophyta,Phaeista,Limnista,Fucistia,Phaeophyceae,Dictyotophycidae,,,,Dictyotales,,,,,,,,,,,,,,,,,Dictyotophycidae,,recGLWzKNkQxzXJIu,,,
Dictyotaceae,FAMILY,ACCEPTED,,143716,http://www.marinespecies.org/aphia.php?p=taxdetails&id=143716,https://www.marinespecies.org/rest/AphiaClassificationByAphiaID/143716,urn:lsid:marinespecies.org:taxname:143716,https://airtable.com/tblLqtIyuwA7rbEC3/recQhtYahuRKSBkKN?blocks=bli5ItEhTDGAFc32p,Chromista,Harosa,Heterokonta,Ochrophyta,Phaeista,Limnista,Fucistia,Phaeophyceae,Dictyotophycidae,,,,Dictyotales,,,,,,,,Dictyotaceae,,,,,,,,,Dictyotales,,recQhtYahuRKSBkKN,,,
Dictyoteae,TRIBE,ACCEPTED,,172641,http://www.marinespecies.org/aphia.php?p=taxdetails&id=172641,https://www.marinespecies.org/rest/AphiaClassificationByAphiaID/172641,urn:lsid:marinespecies.org:taxname:172641,https://airtable.com/tblLqtIyuwA7rbEC3/recML8xuWY1u01EEY?blocks=bli5ItEhTDGAFc32p,Chromista,Harosa,Heterokonta,Ochrophyta,Phaeista,Limnista,Fucistia,Phaeophyceae,Dictyotophycidae,,,,Dictyotales,,,,,,,,Dictyotaceae,,,Dictyoteae,,,,,,Dictyotaceae,,recML8xuWY1u01EEY,,,
Dictyota,GENUS,ACCEPTED,Dictyota,144086,http://www.marinespecies.org/aphia.php?p=taxdetails&id=144086,https://www.marinespecies.org/rest/AphiaClassificationByAphiaID/144086,urn:lsid:marinespecies.org:taxname:144086,https://airtable.com/tblLqtIyuwA7rbEC3/recpie8cmNUUdiMV3?blocks=bli5ItEhTDGAFc32p,Chromista,Harosa,Heterokonta,Ochrophyta,Phaeista,Limnista,Fucistia,Phaeophyceae,Dictyotophycidae,,,,Dictyotales,,,,,,,,Dictyotaceae,,,Dictyoteae,,Dictyota,,,,Dictyoteae,dict,recpie8cmNUUdiMV3,,,DICSPP
Fucophycidae,SUBCLASS,ACCEPTED,,1304856,http://www.marinespecies.org/aphia.php?p=taxdetails&id=1304856,https://www.marinespecies.org/rest/AphiaClassificationByAphiaID/1304856,urn:lsid:marinespecies.org:taxname:1304856,https://airtable.com/tblLqtIyuwA7rbEC3/recNvnhpGPLOhazt9?blocks=bli5ItEhTDGAFc32p,Chromista,Harosa,Heterokonta,Ochrophyta,Phaeista,Limnista,Fucistia,Phaeophyceae,Fucophycidae,,,,,,,,,,,,,,,,,,,,,Phaeophyceae,,recNvnhpGPLOhazt9,,,
Ectocarpales,ORDER,ACCEPTED,,842,http://www.marinespecies.org/aphia.php?p=taxdetails&id=842,https://www.marinespecies.org/rest/AphiaClassificationByAphiaID/842,urn:lsid:marinespecies.org:taxname:842,https://airtable.com/tblLqtIyuwA7rbEC3/recg1gXFOPIq8HMfm?blocks=bli5ItEhTDGAFc32p,Chromista,Harosa,Heterokonta,Ochrophyta,Phaeista,Limnista,Fucistia,Phaeophyceae,Fucophycidae,,,,Ectocarpales,,,,,,,,,,,,,,,,,Phaeophyceae,,recg1gXFOPIq8HMfm,,Quadra,"SCYSPP,COLLEA"
Chordariaceae,FAMILY,ACCEPTED,,143680,http://www.marinespecies.org/aphia.php?p=taxdetails&id=143680,https://www.marinespecies.org/rest/AphiaClassificationByAphiaID/143680,urn:lsid:marinespecies.org:taxname:143680,https://airtable.com/tblLqtIyuwA7rbEC3/recHwtq3HHmz3mM2z?blocks=bli5ItEhTDGAFc32p,Chromista,Harosa,Heterokonta,Ochrophyta,Phaeista,Limnista,Fucistia,Phaeophyceae,Fucophycidae,,,,Ectocarpales,,,,,,,,Chordariaceae,,,,,,,,,Ectocarpales,,recHwtq3HHmz3mM2z,,,
Dictyosiphon,GENUS,ACCEPTED,,144067,http://www.marinespecies.org/aphia.php?p=taxdetails&id=144067,https://www.marinespecies.org/rest/AphiaClassificationByAphiaID/144067,urn:lsid:marinespecies.org:taxname:144067,https://airtable.com/tblLqtIyuwA7rbEC3/rec1w9qRx5Dl8T9op?blocks=bli5ItEhTDGAFc32p,Chromista,Harosa,Heterokonta,Ochrophyta,Phaeista,Limnista,Fucistia,Phaeophyceae,Fucophycidae,,,,Ectocarpales,,,,,,,,Chordariaceae,,,,,Dictyosiphon,,,,Chordariaceae,,rec1w9qRx5Dl8T9op,,,
Dictyosiphon sinicola,SPECIES,ACCEPTED,,373980,http://www.marinespecies.org/aphia.php?p=taxdetails&id=373980,https://www.marinespecies.org/rest/AphiaClassificationByAphiaID/373980,urn:lsid:marinespecies.org:taxname:373980,https://airtable.com/tblLqtIyuwA7rbEC3/receoWtH7aPuGnz1n?blocks=bli5ItEhTDGAFc32p,Chromista,Harosa,Heterokonta,Ochrophyta,Phaeista,Limnista,Fucistia,Phaeophyceae,Fucophycidae,,,,Ectocarpales,,,,,,,,Chordariaceae,,,,,Dictyosiphon,,Dictyosiphon sinicola,,Dictyosiphon,,receoWtH7aPuGnz1n,,Quadra,
Elachista,GENUS,ACCEPTED,,143968,http://www.marinespecies.org/aphia.php?p=taxdetails&id=143968,https://www.marinespecies.org/rest/AphiaClassificationByAphiaID/143968,urn:lsid:marinespecies.org:taxname:143968,https://airtable.com/tblLqtIyuwA7rbEC3/recGZyYfPHH1H0URx?blocks=bli5ItEhTDGAFc32p,Chromista,Harosa,Heterokonta,Ochrophyta,Phaeista,Limnista,Fucistia,Phaeophyceae,Fucophycidae,,,,Ectocarpales,,,,,,,,Chordariaceae,,,,,Elachista,,,,Chordariaceae,,recGZyYfPHH1H0URx,,,
Elachista fucicola,SPECIES,ACCEPTED,Elachista fucicola,144937,http://www.marinespecies.org/aphia.php?p=taxdetails&id=144937,https://www.marinespecies.org/rest/AphiaClassificationByAphiaID/144937,urn:lsid:marinespecies.org:taxname:144937,https://airtable.com/tblLqtIyuwA7rbEC3/rechRxcgGsdUpBng0?blocks=bli5ItEhTDGAFc32p,Chromista,Harosa,Heterokonta,Ochrophyta,Phaeista,Limnista,Fucistia,Phaeophyceae,Fucophycidae,,,,Ectocarpales,,,,,,,,Chordariaceae,,,,,Elachista,,Elachista fucicola,,Elachista,ELAF,rechRxcgGsdUpBng0,,,
Leathesia,GENUS,ACCEPTED,Leathesia species,143973,http://www.marinespecies.org/aphia.php?p=taxdetails&id=143973,https://www.marinespecies.org/rest/AphiaClassificationByAphiaID/143973,urn:lsid:marinespecies.org:taxname:143973,https://airtable.com/tblLqtIyuwA7rbEC3/recX7hWcUnyVl4ZJq?blocks=bli5ItEhTDGAFc32p,Chromista,Harosa,Heterokonta,Ochrophyta,Phaeista,Limnista,Fucistia,Phaeophyceae,Fucophycidae,,,,Ectocarpales,,,,,,,,Chordariaceae,,,,,Leathesia,,,,Chordariaceae,LEAT,recX7hWcUnyVl4ZJq,,,
Leathesia difformis,SPECIES,UNACCEPTED,Leathesia difformis,144953,http://www.marinespecies.org/aphia.php?p=taxdetails&id=144953,https://www.marinespecies.org/rest/AphiaClassificationByAphiaID/144953,urn:lsid:marinespecies.org:taxname:144953,https://airtable.com/tblLqtIyuwA7rbEC3/recBccTJdj3fOEtjD?blocks=bli5ItEhTDGAFc32p,Chromista,Harosa,Heterokonta,Ochrophyta,Phaeista,Limnista,Fucistia,Phaeophyceae,Fucophycidae,,,,Ectocarpales,,,,,,,,Chordariaceae,,,,,Leathesia,,Leathesia difformis,,Leathesia,"LEAD,lead",recBccTJdj3fOEtjD,,,
Leathesia marina,SPECIES,ACCEPTED,Leathesia marina,494940,http://www.marinespecies.org/aphia.php?p=taxdetails&id=494940,https://www.marinespecies.org/rest/AphiaClassificationByAphiaID/494940,urn:lsid:marinespecies.org:taxname:494940,https://airtable.com/tblLqtIyuwA7rbEC3/recJQdcRTx3yK5koC?blocks=bli5ItEhTDGAFc32p,Chromista,Harosa,Heterokonta,Ochrophyta,Phaeista,Limnista,Fucistia,Phaeophyceae,Fucophycidae,,,,Ectocarpales,,,,,,,,Chordariaceae,,,,,Leathesia,,Leathesia marina,,Leathesia,LEAM,recJQdcRTx3yK5koC,PXL_20230805_185130574.jpg (https://v5.airtableusercontent.com/v3/u/33/33/1727985600000/cRGnnKHz5tNSVdu1w2ozwA/nRzP0V4RJqTUp9AnXdi_iG2DLSgWFTREm_KgrOhrSXYGN8fzAAfJs5-KMl7CkaVqrv7RtlGyFyv7AU1_kmRhtrQeLsoVPDMLTnU_J0Y5u-H7z7U5icOlurJSj-bct6BgxD2eKh0E4VR6bBWaAoacFd_mHkEhmJpYj7TrELOJmxhzl-cYvF1pWZ0PLyJz2odd/fe5kN4k4u2qqBuXEBSsFA1-v5UMKRPsf-i0o4zb5Fao),"Quadra,Vancouver",
Melanosiphon,GENUS,ACCEPTED,,157149,http://www.marinespecies.org/aphia.php?p=taxdetails&id=157149,https://www.marinespecies.org/rest/AphiaClassificationByAphiaID/157149,urn:lsid:marinespecies.org:taxname:157149,https://airtable.com/tblLqtIyuwA7rbEC3/reciTFDOCZ2g7XTfx?blocks=bli5ItEhTDGAFc32p,Chromista,Harosa,Heterokonta,Ochrophyta,Phaeista,Limnista,Fucistia,Phaeophyceae,Fucophycidae,,,,Ectocarpales,,,,,,,,Chordariaceae,,,,,Melanosiphon,,,,Chordariaceae,,reciTFDOCZ2g7XTfx,,,
Melanosiphon intestinalis,SPECIES,ACCEPTED,,157151,http://www.marinespecies.org/aphia.php?p=taxdetails&id=157151,https://www.marinespecies.org/rest/AphiaClassificationByAphiaID/157151,urn:lsid:marinespecies.org:taxname:157151,https://airtable.com/tblLqtIyuwA7rbEC3/recjsHh1OLSmvCQhi?blocks=bli5ItEhTDGAFc32p,Chromista,Harosa,Heterokonta,Ochrophyta,Phaeista,Limnista,Fucistia,Phaeophyceae,Fucophycidae,,,,Ectocarpales,,,,,,,,Chordariaceae,,,,,Melanosiphon,,Melanosiphon intestinalis,,Melanosiphon,MEIN,recjsHh1OLSmvCQhi,,"Quadra,Vancouver",
Ectocarpaceae,FAMILY,ACCEPTED,,143717,http://www.marinespecies.org/aphia.php?p=taxdetails&id=143717,https://www.marinespecies.org/rest/AphiaClassificationByAphiaID/143717,urn:lsid:marinespecies.org:taxname:143717,https://airtable.com/tblLqtIyuwA7rbEC3/recd4jFfrNikAFgIv?blocks=bli5ItEhTDGAFc32p,Chromista,Harosa,Heterokonta,Ochrophyta,Phaeista,Limnista,Fucistia,Phaeophyceae,Fucophycidae,,,,Ectocarpales,,,,,,,,Ectocarpaceae,,,,,,,,,Ectocarpales,,recd4jFfrNikAFgIv,,,
Ectocarpus,GENUS,ACCEPTED,Ectocarpus species,144099,http://www.marinespecies.org/aphia.php?p=taxdetails&id=144099,https://www.marinespecies.org/rest/AphiaClassificationByAphiaID/144099,urn:lsid:marinespecies.org:taxname:144099,https://airtable.com/tblLqtIyuwA7rbEC3/recOVXX57bhdW3iTJ?blocks=bli5ItEhTDGAFc32p,Chromista,Harosa,Heterokonta,Ochrophyta,Phaeista,Limnista,Fucistia,Phaeophyceae,Fucophycidae,,,,Ectocarpales,,,,,,,,Ectocarpaceae,,,,,Ectocarpus,,,,Ectocarpaceae,ECTO,recOVXX57bhdW3iTJ,,Quadra,
Scytosiphonaceae,FAMILY,ACCEPTED,,143777,http://www.marinespecies.org/aphia.php?p=taxdetails&id=143777,https://www.marinespecies.org/rest/AphiaClassificationByAphiaID/143777,urn:lsid:marinespecies.org:taxname:143777,https://airtable.com/tblLqtIyuwA7rbEC3/recvOmtY13rpqYrNg?blocks=bli5ItEhTDGAFc32p,Chromista,Harosa,Heterokonta,Ochrophyta,Phaeista,Limnista,Fucistia,Phaeophyceae,Fucophycidae,,,,Ectocarpales,,,,,,,,Scytosiphonaceae,,,,,,,,,Ectocarpales,,recvOmtY13rpqYrNg,,,
Analipus,GENUS,ACCEPTED,,369340,http://www.marinespecies.org/aphia.php?p=taxdetails&id=369340,https://www.marinespecies.org/rest/AphiaClassificationByAphiaID/369340,urn:lsid:marinespecies.org:taxname:369340,https://airtable.com/tblLqtIyuwA7rbEC3/recWx8j1Mwq9arJdd?blocks=bli5ItEhTDGAFc32p,Chromista,Harosa,Heterokonta,Ochrophyta,Phaeista,Limnista,Fucistia,Phaeophyceae,Fucophycidae,,,,Ectocarpales,,,,,,,,Scytosiphonaceae,,,,,Analipus,,,,Scytosiphonaceae,,recWx8j1Mwq9arJdd,,,
Analipus japonicus,SPECIES,ACCEPTED,Sea fir,371891,http://www.marinespecies.org/aphia.php?p=taxdetails&id=371891,https://www.marinespecies.org/rest/AphiaClassificationByAphiaID/371891,urn:lsid:marinespecies.org:taxname:371891,https://airtable.com/tblLqtIyuwA7rbEC3/recEaUtkWwj1s5K5y?blocks=bli5ItEhTDGAFc32p,Chromista,Harosa,Heterokonta,Ochrophyta,Phaeista,Limnista,Fucistia,Phaeophyceae,Fucophycidae,,,,Ectocarpales,,,,,,,,Scytosiphonaceae,,,,,Analipus,,Analipus japonicus,,Analipus,"ANJA,ANAJ",recEaUtkWwj1s5K5y,,,ANAJAP
Colpomenia,GENUS,ACCEPTED,Colpomenia,144253,http://www.marinespecies.org/aphia.php?p=taxdetails&id=144253,https://www.marinespecies.org/rest/AphiaClassificationByAphiaID/144253,urn:lsid:marinespecies.org:taxname:144253,https://airtable.com/tblLqtIyuwA7rbEC3/recjdHPDtFzKBSABK?blocks=bli5ItEhTDGAFc32p,Chromista,Harosa,Heterokonta,Ochrophyta,Phaeista,Limnista,Fucistia,Phaeophyceae,Fucophycidae,,,,Ectocarpales,,,,,,,,Scytosiphonaceae,,,,,Colpomenia,,,,Scytosiphonaceae,COLP,recjdHPDtFzKBSABK,,,
Colpomenia peregrina,SPECIES,ACCEPTED,Colpomenia peregrina,145856,http://www.marinespecies.org/aphia.php?p=taxdetails&id=145856,https://www.marinespecies.org/rest/AphiaClassificationByAphiaID/145856,urn:lsid:marinespecies.org:taxname:145856,https://airtable.com/tblLqtIyuwA7rbEC3/rec1XwzjihDlJkjNp?blocks=bli5ItEhTDGAFc32p,Chromista,Harosa,Heterokonta,Ochrophyta,Phaeista,Limnista,Fucistia,Phaeophyceae,Fucophycidae,,,,Ectocarpales,,,,,,,,Scytosiphonaceae,,,,,Colpomenia,,Colpomenia peregrina,,Colpomenia,"COPE,colp",rec1XwzjihDlJkjNp,,Vancouver,COLPER
Scytosiphon,GENUS,ACCEPTED,,144259,http://www.marinespecies.org/aphia.php?p=taxdetails&id=144259,https://www.marinespecies.org/rest/AphiaClassificationByAphiaID/144259,urn:lsid:marinespecies.org:taxname:144259,https://airtable.com/tblLqtIyuwA7rbEC3/reciuX1yjXljVt1ip?blocks=bli5ItEhTDGAFc32p,Chromista,Harosa,Heterokonta,Ochrophyta,Phaeista,Limnista,Fucistia,Phaeophyceae,Fucophycidae,,,,Ectocarpales,,,,,,,,Scytosiphonaceae,,,,,Scytosiphon,,,,Scytosiphonaceae,,reciuX1yjXljVt1ip,,Vancouver,
Scytosiphon lomentaria,SPECIES,ACCEPTED,Soda-straw alga,145869,http://www.marinespecies.org/aphia.php?p=taxdetails&id=145869,https://www.marinespecies.org/rest/AphiaClassificationByAphiaID/145869,urn:lsid:marinespecies.org:taxname:145869,https://airtable.com/tblLqtIyuwA7rbEC3/recR4hbScfm4jnxUA?blocks=bli5ItEhTDGAFc32p,Chromista,Harosa,Heterokonta,Ochrophyta,Phaeista,Limnista,Fucistia,Phaeophyceae,Fucophycidae,,,,Ectocarpales,,,,,,,,Scytosiphonaceae,,,,,Scytosiphon,,Scytosiphon lomentaria,,Scytosiphon,"SCLO,SCYL",recR4hbScfm4jnxUA,"PXL_20240509_202228445.PORTRAIT.ORIGINAL.jpg (https://v5.airtableusercontent.com/v3/u/33/33/1727985600000/g9q_FBZPTXUS8c4FnXua7g/Bs8xdeDQgkC36s39U10KZ5_M5SNYvtWDDML3Er4jqnNCfiliTQYWeZpa6FIezypsEKrHq4kABi-JfgwAvu9ACrnH08D4IYNE8qsdfmWUojCW4HFBO198Bjw-lwwffuaXpKNT0zdzQc9QoGz8-CmUrzgL80mt3XD0LMjFvU6y3eOXLV-tqGeF2t99Dva06f_ZCQugRkfizcDTEVwPmmDw9g/phm4VPpEuzmtKkpxRgGwjyy7-VtvCkAK2tOaRqyY51c),PXL_20240509_202247474.PORTRAIT.ORIGINAL.jpg (https://v5.airtableusercontent.com/v3/u/33/33/1727985600000/fcrFh5ZOR2LDfuh4y52ehw/1VIbDz_4XC3vYIXXxNOrTSlmo3MzpOd7ncax2ib_4qaFcijJ7H2f-FVW8rKEYtAajrTuUkRcp85jZ7oTVJGrRiUCjvDr78oIHLwluRCYyNErkAAB4xFv193md1x_KURhGSbt6Igqdpi-aNQEgSoIaWsxLNDjDF6bYKVg--EBqFVTUD1D_evIYDgeJKB6-AGJdkEF3gIyZhmdTyqFmpeGxQ/mT_5gNunO_Oo0EH1cKiIXI9WeQuKwQJMmjM3JZoZ0eE)",Quadra,
Scytosiphoneae,TRIBE,ACCEPTED,,1652944,http://www.marinespecies.org/aphia.php?p=taxdetails&id=1652944,https://www.marinespecies.org/rest/AphiaClassificationByAphiaID/1652944,urn:lsid:marinespecies.org:taxname:1652944,https://airtable.com/tblLqtIyuwA7rbEC3/recV8uz8UXsE41Oab?blocks=bli5ItEhTDGAFc32p,Chromista,Harosa,Heterokonta,Ochrophyta,Phaeista,Limnista,Fucistia,Phaeophyceae,Fucophycidae,,,,Ectocarpales,,,,,,,,Scytosiphonaceae,,,Scytosiphoneae,,,,,,Ectocarpales,,recV8uz8UXsE41Oab,,,
Petalonia,GENUS,ACCEPTED,,144257,http://www.marinespecies.org/aphia.php?p=taxdetails&id=144257,https://www.marinespecies.org/rest/AphiaClassificationByAphiaID/144257,urn:lsid:marinespecies.org:taxname:144257,https://airtable.com/tblLqtIyuwA7rbEC3/recIetVQ7AdW11eTz?blocks=bli5ItEhTDGAFc32p,Chromista,Harosa,Heterokonta,Ochrophyta,Phaeista,Limnista,Fucistia,Phaeophyceae,Fucophycidae,,,,Ectocarpales,,,,,,,,Scytosiphonaceae,,,Scytosiphoneae,,Petalonia,,,,Scytosiphoneae,,recIetVQ7AdW11eTz,,Vancouver,
Petalonia fascia,SPECIES,ACCEPTED,,145863,http://www.marinespecies.org/aphia.php?p=taxdetails&id=145863,https://www.marinespecies.org/rest/AphiaClassificationByAphiaID/145863,urn:lsid:marinespecies.org:taxname:145863,https://airtable.com/tblLqtIyuwA7rbEC3/recySMg8paUFxAM9s?blocks=bli5ItEhTDGAFc32p,Chromista,Harosa,Heterokonta,Ochrophyta,Phaeista,Limnista,Fucistia,Phaeophyceae,Fucophycidae,,,,Ectocarpales,,,,,,,,Scytosiphonaceae,,,Scytosiphoneae,,Petalonia,,Petalonia fascia,,Petalonia,,recySMg8paUFxAM9s,,"Quadra,Vancouver",
Fucales,ORDER,ACCEPTED,,844,http://www.marinespecies.org/aphia.php?p=taxdetails&id=844,https://www.marinespecies.org/rest/AphiaClassificationByAphiaID/844,urn:lsid:marinespecies.org:taxname:844,https://airtable.com/tblLqtIyuwA7rbEC3/rec7Keu4fDK1e3AYh?blocks=bli5ItEhTDGAFc32p,Chromista,Harosa,Heterokonta,Ochrophyta,Phaeista,Limnista,Fucistia,Phaeophyceae,Fucophycidae,,,,Fucales,,,,,,,,,,,,,,,,,Fucophycidae,,rec7Keu4fDK1e3AYh,,,
Fucaceae,FAMILY,ACCEPTED,,143723,http://www.marinespecies.org/aphia.php?p=taxdetails&id=143723,https://www.marinespecies.org/rest/AphiaClassificationByAphiaID/143723,urn:lsid:marinespecies.org:taxname:143723,https://airtable.com/tblLqtIyuwA7rbEC3/rec29GGKCjJfrEgYh?blocks=bli5ItEhTDGAFc32p,Chromista,Harosa,Heterokonta,Ochrophyta,Phaeista,Limnista,Fucistia,Phaeophyceae,Fucophycidae,,,,Fucales,,,,,,,,Fucaceae,,,,,,,,,Fucales,,rec29GGKCjJfrEgYh,,,
Fucus,GENUS,ACCEPTED,,144129,http://www.marinespecies.org/aphia.php?p=taxdetails&id=144129,https://www.marinespecies.org/rest/AphiaClassificationByAphiaID/144129,urn:lsid:marinespecies.org:taxname:144129,https://airtable.com/tblLqtIyuwA7rbEC3/recTSd0F412tbDcKw?blocks=bli5ItEhTDGAFc32p,Chromista,Harosa,Heterokonta,Ochrophyta,Phaeista,Limnista,Fucistia,Phaeophyceae,Fucophycidae,,,,Fucales,,,,,,,,Fucaceae,,,,,Fucus,,,,Fucaceae,,recTSd0F412tbDcKw,,,
Fucus distichus,SPECIES,ACCEPTED,Rockweed,145544,http://www.marinespecies.org/aphia.php?p=taxdetails&id=145544,https://www.marinespecies.org/rest/AphiaClassificationByAphiaID/145544,urn:lsid:marinespecies.org:taxname:145544,https://airtable.com/tblLqtIyuwA7rbEC3/rectc0PnXOGaolkGs?blocks=bli5ItEhTDGAFc32p,Chromista,Harosa,Heterokonta,Ochrophyta,Phaeista,Limnista,Fucistia,Phaeophyceae,Fucophycidae,,,,Fucales,,,,,,,,Fucaceae,,,,,Fucus,,Fucus distichus,,Fucus,"FUDI,fucg,FUCG,FUCD",rectc0PnXOGaolkGs,"PXL_20240509_202208131.PORTRAIT.ORIGINAL.jpg (https://v5.airtableusercontent.com/v3/u/33/33/1727985600000/j4yA7nhRwi9lSmURgrUgeg/CosJ5ME84Vd0UpyaXPEiUQkyCQKzSWTluVs8vvXKJb1t9J-3CNyMBelBFHGCWi-_k8Kt53FaGWXI1kVDRPWE3OHzp3dDoGHaehD0eC_sqe8mMpG3iILTpvtkLWIrCGbonA1hpITb-RA3xinY9EPom5N4bdHwWIwymtGmzwxZW4qlqc3458NLdzwpRL7Z65LELXpxGqUBF7sclcmWokKDVA/lVQXck-sgYiqiTTOPWwtHsS_mzukzdbtAm4l8_ofkZk),PXL_20240505_173754101.jpg (https://v5.airtableusercontent.com/v3/u/33/33/1727985600000/gLMblCr8lqi1xmQ9zGoAWQ/sCjUT4dBIi1zyTY7N3Lfolyxwrqzv3kJwnFbwN8CEuG22Y3uE6KSZtk4bGQr-KAaqV6AyTMDDTKjZXYHhsd_2OWgIi07PUWgIeWRmeHjokm4vE9NYO0dmA26b6rf4OayLjZ2KrI9TlXf5sfiEc2WtU45QaX15VpmNc7cii5zm0pvZXlUhGbUYATQ29wk-4Br/fIZCPJQFwg6r5NYSY-qPmd7alPS9HSl5XfH4dEKelrU)","Quadra,Vancouver,Toby Island",FUCGAR
Silvetia,GENUS,ACCEPTED,,370216,http://www.marinespecies.org/aphia.php?p=taxdetails&id=370216,https://www.marinespecies.org/rest/AphiaClassificationByAphiaID/370216,urn:lsid:marinespecies.org:taxname:370216,https://airtable.com/tblLqtIyuwA7rbEC3/recZ5V2QnbfqYL0Fm?blocks=bli5ItEhTDGAFc32p,Chromista,Harosa,Heterokonta,Ochrophyta,Phaeista,Limnista,Fucistia,Phaeophyceae,Fucophycidae,,,,Fucales,,,,,,,,Fucaceae,,,,,Silvetia,,,,Fucaceae,,recZ5V2QnbfqYL0Fm,,,
Silvetia compressa,SPECIES,ACCEPTED,Silvetia rockweed,374120,http://www.marinespecies.org/aphia.php?p=taxdetails&id=374120,https://www.marinespecies.org/rest/AphiaClassificationByAphiaID/374120,urn:lsid:marinespecies.org:taxname:374120,https://airtable.com/tblLqtIyuwA7rbEC3/recOXv1PcYkHmexM0?blocks=bli5ItEhTDGAFc32p,Chromista,Harosa,Heterokonta,Ochrophyta,Phaeista,Limnista,Fucistia,Phaeophyceae,Fucophycidae,,,,Fucales,,,,,,,,Fucaceae,,,,,Silvetia,,Silvetia compressa,,Silvetia,SICO,recOXv1PcYkHmexM0,,,SILCOM
Sargassaceae,FAMILY,ACCEPTED,,143725,http://www.marinespecies.org/aphia.php?p=taxdetails&id=143725,https://www.marinespecies.org/rest/AphiaClassificationByAphiaID/143725,urn:lsid:marinespecies.org:taxname:143725,https://airtable.com/tblLqtIyuwA7rbEC3/recYRtJxSjFNjaRK9?blocks=bli5ItEhTDGAFc32p,Chromista,Harosa,Heterokonta,Ochrophyta,Phaeista,Limnista,Fucistia,Phaeophyceae,Fucophycidae,,,,Fucales,,,,,,,,Sargassaceae,,,,,,,,,Fucales,,recYRtJxSjFNjaRK9,,,
Sargassum,GENUS,ACCEPTED,,144132,http://www.marinespecies.org/aphia.php?p=taxdetails&id=144132,https://www.marinespecies.org/rest/AphiaClassificationByAphiaID/144132,urn:lsid:marinespecies.org:taxname:144132,https://airtable.com/tblLqtIyuwA7rbEC3/recwfsjWzhyjLcLSN?blocks=bli5ItEhTDGAFc32p,Chromista,Harosa,Heterokonta,Ochrophyta,Phaeista,Limnista,Fucistia,Phaeophyceae,Fucophycidae,,,,Fucales,,,,,,,,Sargassaceae,,,,,Sargassum,,,,Sargassaceae,,recwfsjWzhyjLcLSN,,,
Sargassum muticum,SPECIES,ACCEPTED,Japanese wireweed,494791,http://www.marinespecies.org/aphia.php?p=taxdetails&id=494791,https://www.marinespecies.org/rest/AphiaClassificationByAphiaID/494791,urn:lsid:marinespecies.org:taxname:494791,https://airtable.com/tblLqtIyuwA7rbEC3/recEALM0kbqsRdW0H?blocks=bli5ItEhTDGAFc32p,Chromista,Harosa,Heterokonta,Ochrophyta,Phaeista,Limnista,Fucistia,Phaeophyceae,Fucophycidae,,,,Fucales,,,,,,,,Sargassaceae,,,,,Sargassum,,Sargassum muticum,,Sargassum,"sarm,SARM,sarg",recEALM0kbqsRdW0H,large (1).jpeg (https://v5.airtableusercontent.com/v3/u/33/33/1727985600000/nBGUK6LaPl_ekemQC-56Bw/1-qZ7_YXaCCS5TP75wEkMmsodyWfxrSwFBUTQmdzbFcfFIA-BxbqooSr9vVykar-ieJVg90bhraSR_XzmYFJjN4sdrg7pGYw3l3wGHob5uuERR_Ym2YWTNISoAwa3F6gg1Ut5QOXktTcFlzMOiBYfK4Tp3Pf59yAf5igrtDusjs/94-Kb0BGKpIWmWWiC8GUONKPDIAxVI_TonxztPsxINU),"Quadra,Vancouver,Toby Island",SARMUT
Ralfsiales,ORDER,ACCEPTED,,163325,http://www.marinespecies.org/aphia.php?p=taxdetails&id=163325,https://www.marinespecies.org/rest/AphiaClassificationByAphiaID/163325,urn:lsid:marinespecies.org:taxname:163325,https://airtable.com/tblLqtIyuwA7rbEC3/recWlTpzCGiCAGLha?blocks=bli5ItEhTDGAFc32p,Chromista,Harosa,Heterokonta,Ochrophyta,Phaeista,Limnista,Fucistia,Phaeophyceae,Fucophycidae,,,,Ralfsiales,,,,,,,,,,,,,,,,,Fucophycidae,,recWlTpzCGiCAGLha,,,
Ralfsiaceae,FAMILY,ACCEPTED,,143684,http://www.marinespecies.org/aphia.php?p=taxdetails&id=143684,https://www.marinespecies.org/rest/AphiaClassificationByAphiaID/143684,urn:lsid:marinespecies.org:taxname:143684,https://airtable.com/tblLqtIyuwA7rbEC3/reca63YaI7mFELeJy?blocks=bli5ItEhTDGAFc32p,Chromista,Harosa,Heterokonta,Ochrophyta,Phaeista,Limnista,Fucistia,Phaeophyceae,Fucophycidae,,,,Ralfsiales,,,,,,,,Ralfsiaceae,,,,,,,,,Ralfsiales,,reca63YaI7mFELeJy,,Toby Island,
Ralfsia,GENUS,ACCEPTED,Ralfsia,143985,http://www.marinespecies.org/aphia.php?p=taxdetails&id=143985,https://www.marinespecies.org/rest/AphiaClassificationByAphiaID/143985,urn:lsid:marinespecies.org:taxname:143985,https://airtable.com/tblLqtIyuwA7rbEC3/recYWBfJVlMtLUNC7?blocks=bli5ItEhTDGAFc32p,Chromista,Harosa,Heterokonta,Ochrophyta,Phaeista,Limnista,Fucistia,Phaeophyceae,Fucophycidae,,,,Ralfsiales,,,,,,,,Ralfsiaceae,,,,,Ralfsia,,,,Ralfsiaceae,"RALF,RALF",recYWBfJVlMtLUNC7,,,
Ralfsia fungiformis,SPECIES,ACCEPTED,Ralfsia,144997,http://www.marinespecies.org/aphia.php?p=taxdetails&id=144997,https://www.marinespecies.org/rest/AphiaClassificationByAphiaID/144997,urn:lsid:marinespecies.org:taxname:144997,https://airtable.com/tblLqtIyuwA7rbEC3/rectUPSvMemeuItIL?blocks=bli5ItEhTDGAFc32p,Chromista,Harosa,Heterokonta,Ochrophyta,Phaeista,Limnista,Fucistia,Phaeophyceae,Fucophycidae,,,,Ralfsiales,,,,,,,,Ralfsiaceae,,,,,Ralfsia,,Ralfsia fungiformis,,Ralfsia,,rectUPSvMemeuItIL,"1000015877.jpg (https://v5.airtableusercontent.com/v3/u/33/33/1727985600000/gCgCB1ocbc_7aGVDv8ZuMA/3KHHA8Im-vcEG-D0gKzw6wfO7DGBhRwYai22jJogPtfQbx4S8hJRgDspxyomTIN19xDQf0WezqWwcZNljCDKXRZhpT2ePP3CRNKzPhSScWI3i7oavgju-pdtvd8RGvnKPyQmBntw3VTBmYFQxOKePI7SzMALl09tIBzaYVgTbdk/wQVcj42MIBbRmd7RyU9ukEbeE0MZzxsGfln8nLk_yBA),1000015878.jpg (https://v5.airtableusercontent.com/v3/u/33/33/1727985600000/Nacu61JneZd7vVZkNfWUYg/B85zfVaV4UlikbnayMRXYPEjVIAiH9DobICuBw11PKs80Mhn9UHBvobzcRoKTPU-uEUeVTal-HIAtdDF9v249Z7kwWuqG74Ktkyt1MGKSAc4mfz3XieHyDDA9ytUBcqLgQ-7PsvFt1po5m6r5TARDqsVmN_X9oxCfYSonlGyKQE/WiLvtJfr3zPQppnZ7rM2e2EFdofY4064KRvI2xAryDA)",Toby Island,
Plantae,KINGDOM,ACCEPTED,Green algae,3,http://www.marinespecies.org/aphia.php?p=taxdetails&id=3,https://www.marinespecies.org/rest/AphiaClassificationByAphiaID/3,urn:lsid:marinespecies.org:taxname:3,https://airtable.com/tblLqtIyuwA7rbEC3/reczwZA4ajD7PRZ2P?blocks=bli5ItEhTDGAFc32p,Plantae,,,,,,,,,,,,,,,,,,,,,,,,,,,,,BIOTA,GRAL,reczwZA4ajD7PRZ2P,,,OTHGRE
Rhodophyta,PHYLUM,ACCEPTED,Red algae,852,http://www.marinespecies.org/aphia.php?p=taxdetails&id=852,https://www.marinespecies.org/rest/AphiaClassificationByAphiaID/852,urn:lsid:marinespecies.org:taxname:852,https://airtable.com/tblLqtIyuwA7rbEC3/recQVWDtWSoLIB2EH?blocks=bli5ItEhTDGAFc32p,Plantae,Biliphyta,,Rhodophyta,,,,,,,,,,,,,,,,,,,,,,,,,,Biliphyta,"UNKR,POLS,pols,POLS,RED,FRED",recQVWDtWSoLIB2EH,,,"OTHRED,FILRED"
Biliphyta,SUBKINGDOM,ACCEPTED,,368662,http://www.marinespecies.org/aphia.php?p=taxdetails&id=368662,https://www.marinespecies.org/rest/AphiaClassificationByAphiaID/368662,urn:lsid:marinespecies.org:taxname:368662,https://airtable.com/tblLqtIyuwA7rbEC3/recSSfxwTJi00tVdt?blocks=bli5ItEhTDGAFc32p,Plantae,Biliphyta,,Rhodophyta,,,,,,,,,,,,,,,,,,,,,,,,,,Plantae,,recSSfxwTJi00tVdt,,,
Eurhodophytina,SUBPHYLUM,ACCEPTED,,493826,http://www.marinespecies.org/aphia.php?p=taxdetails&id=493826,https://www.marinespecies.org/rest/AphiaClassificationByAphiaID/493826,urn:lsid:marinespecies.org:taxname:493826,https://airtable.com/tblLqtIyuwA7rbEC3/recxr7atxS2eECtSy?blocks=bli5ItEhTDGAFc32p,Plantae,Biliphyta,,Rhodophyta,Eurhodophytina,,,,,,,,,,,,,,,,,,,,,,,,,Rhodophyta,,recxr7atxS2eECtSy,,,
Bangiophyceae,CLASS,ACCEPTED,,368668,http://www.marinespecies.org/aphia.php?p=taxdetails&id=368668,https://www.marinespecies.org/rest/AphiaClassificationByAphiaID/368668,urn:lsid:marinespecies.org:taxname:368668,https://airtable.com/tblLqtIyuwA7rbEC3/rec42m9b03XyLZfOk?blocks=bli5ItEhTDGAFc32p,Plantae,Biliphyta,,Rhodophyta,Eurhodophytina,,,Bangiophyceae,,,,,,,,,,,,,,,,,,,,,,Eurhodophytina,,rec42m9b03XyLZfOk,,,
Bangiophycidae,SUBCLASS,ACCEPTED,,856,http://www.marinespecies.org/aphia.php?p=taxdetails&id=856,https://www.marinespecies.org/rest/AphiaClassificationByAphiaID/856,urn:lsid:marinespecies.org:taxname:856,https://airtable.com/tblLqtIyuwA7rbEC3/recW2DPMztCPQZ1YL?blocks=bli5ItEhTDGAFc32p,Plantae,Biliphyta,,Rhodophyta,Eurhodophytina,,,Bangiophyceae,Bangiophycidae,,,,,,,,,,,,,,,,,,,,,Bangiophyceae,,recW2DPMztCPQZ1YL,,,
Bangiales,ORDER,ACCEPTED,,857,http://www.marinespecies.org/aphia.php?p=taxdetails&id=857,https://www.marinespecies.org/rest/AphiaClassificationByAphiaID/857,urn:lsid:marinespecies.org:taxname:857,https://airtable.com/tblLqtIyuwA7rbEC3/recHxn6UxfFWMgjjz?blocks=bli5ItEhTDGAFc32p,Plantae,Biliphyta,,Rhodophyta,Eurhodophytina,,,Bangiophyceae,Bangiophycidae,,,,Bangiales,,,,,,,,,,,,,,,,,Bangiophycidae,,recHxn6UxfFWMgjjz,,,
Bangiaceae,FAMILY,ACCEPTED,Bangiaceae algae,143664,http://www.marinespecies.org/aphia.php?p=taxdetails&id=143664,https://www.marinespecies.org/rest/AphiaClassificationByAphiaID/143664,urn:lsid:marinespecies.org:taxname:143664,https://airtable.com/tblLqtIyuwA7rbEC3/recZbxAtYIuXMz3wh?blocks=bli5ItEhTDGAFc32p,Plantae,Biliphyta,,Rhodophyta,Eurhodophytina,,,Bangiophyceae,Bangiophycidae,,,,Bangiales,,,,,,,,Bangiaceae,,,,,,,,,Bangiales,PYWI,recZbxAtYIuXMz3wh,,,
Porphyra,GENUS,ACCEPTED,Porphyra,143808,http://www.marinespecies.org/aphia.php?p=taxdetails&id=143808,https://www.marinespecies.org/rest/AphiaClassificationByAphiaID/143808,urn:lsid:marinespecies.org:taxname:143808,https://airtable.com/tblLqtIyuwA7rbEC3/recFjzg69fsYoZDTH?blocks=bli5ItEhTDGAFc32p,Plantae,Biliphyta,,Rhodophyta,Eurhodophytina,,,Bangiophyceae,Bangiophycidae,,,,Bangiales,,,,,,,,Bangiaceae,,,,,Porphyra,,,,Bangiaceae,PORP,recFjzg69fsYoZDTH,,,
Porphyra purpurea,SPECIES,ACCEPTED,,144434,http://www.marinespecies.org/aphia.php?p=taxdetails&id=144434,https://www.marinespecies.org/rest/AphiaClassificationByAphiaID/144434,urn:lsid:marinespecies.org:taxname:144434,https://airtable.com/tblLqtIyuwA7rbEC3/recUxQGaj4frlCN7b?blocks=bli5ItEhTDGAFc32p,Plantae,Biliphyta,,Rhodophyta,Eurhodophytina,,,Bangiophyceae,Bangiophycidae,,,,Bangiales,,,,,,,,Bangiaceae,,,,,Porphyra,,Porphyra purpurea,,Porphyra,,recUxQGaj4frlCN7b,,Vancouver,
Pyropia,GENUS,ACCEPTED,Pyropia,603075,http://www.marinespecies.org/aphia.php?p=taxdetails&id=603075,https://www.marinespecies.org/rest/AphiaClassificationByAphiaID/603075,urn:lsid:marinespecies.org:taxname:603075,https://airtable.com/tblLqtIyuwA7rbEC3/recNBkqHWDomuDU03?blocks=bli5ItEhTDGAFc32p,Plantae,Biliphyta,,Rhodophyta,Eurhodophytina,,,Bangiophyceae,Bangiophycidae,,,,Bangiales,,,,,,,,Bangiaceae,,,,,Pyropia,,,,Bangiaceae,"PYRO,pyro,PYRO,PYRO",recNBkqHWDomuDU03,,,PORSPP
Pyropia abbottiae,SPECIES,ACCEPTED,Pyropia abbottiae,626032,http://www.marinespecies.org/aphia.php?p=taxdetails&id=626032,https://www.marinespecies.org/rest/AphiaClassificationByAphiaID/626032,urn:lsid:marinespecies.org:taxname:626032,https://airtable.com/tblLqtIyuwA7rbEC3/recsmZPAhbXWMMzjB?blocks=bli5ItEhTDGAFc32p,Plantae,Biliphyta,,Rhodophyta,Eurhodophytina,,,Bangiophyceae,Bangiophycidae,,,,Bangiales,,,,,,,,Bangiaceae,,,,,Pyropia,,Pyropia abbottiae,,Pyropia,"PYRA,PYRA",recsmZPAhbXWMMzjB,,,
Pyropia fallax,SPECIES,ACCEPTED,Pyropia fallax,626044,http://www.marinespecies.org/aphia.php?p=taxdetails&id=626044,https://www.marinespecies.org/rest/AphiaClassificationByAphiaID/626044,urn:lsid:marinespecies.org:taxname:626044,https://airtable.com/tblLqtIyuwA7rbEC3/recfViiYNmPE3jnNR?blocks=bli5ItEhTDGAFc32p,Plantae,Biliphyta,,Rhodophyta,Eurhodophytina,,,Bangiophyceae,Bangiophycidae,,,,Bangiales,,,,,,,,Bangiaceae,,,,,Pyropia,,Pyropia fallax,,Pyropia,,recfViiYNmPE3jnNR,,Vancouver,
Pyropia fucicola,SPECIES,ACCEPTED,Pyropia fucilcola,626045,http://www.marinespecies.org/aphia.php?p=taxdetails&id=626045,https://www.marinespecies.org/rest/AphiaClassificationByAphiaID/626045,urn:lsid:marinespecies.org:taxname:626045,https://airtable.com/tblLqtIyuwA7rbEC3/recI41gOfn1HAQzDx?blocks=bli5ItEhTDGAFc32p,Plantae,Biliphyta,,Rhodophyta,Eurhodophytina,,,Bangiophyceae,Bangiophycidae,,,,Bangiales,,,,,,,,Bangiaceae,,,,,Pyropia,,Pyropia fucicola,,Pyropia,PYRF,recI41gOfn1HAQzDx,,,
Pyropia lanceolata,SPECIES,ACCEPTED,Pyropia lanceolata,626058,http://www.marinespecies.org/aphia.php?p=taxdetails&id=626058,https://www.marinespecies.org/rest/AphiaClassificationByAphiaID/626058,urn:lsid:marinespecies.org:taxname:626058,https://airtable.com/tblLqtIyuwA7rbEC3/recmizpzQeMT9q1c7?blocks=bli5ItEhTDGAFc32p,Plantae,Biliphyta,,Rhodophyta,Eurhodophytina,,,Bangiophyceae,Bangiophycidae,,,,Bangiales,,,,,,,,Bangiaceae,,,,,Pyropia,,Pyropia lanceolata,,Pyropia,,recmizpzQeMT9q1c7,,Vancouver,
Pyropia perforata,SPECIES,ACCEPTED,Pyropia perforata,626064,http://www.marinespecies.org/aphia.php?p=taxdetails&id=626064,https://www.marinespecies.org/rest/AphiaClassificationByAphiaID/626064,urn:lsid:marinespecies.org:taxname:626064,https://airtable.com/tblLqtIyuwA7rbEC3/recaPYV5lvBtA6DGL?blocks=bli5ItEhTDGAFc32p,Plantae,Biliphyta,,Rhodophyta,Eurhodophytina,,,Bangiophyceae,Bangiophycidae,,,,Bangiales,,,,,,,,Bangiaceae,,,,,Pyropia,,Pyropia perforata,,Pyropia,PYRT,recaPYV5lvBtA6DGL,,"Quadra,Vancouver",
Pyropia torta,SPECIES,ACCEPTED,Pyropia torta,626078,http://www.marinespecies.org/aphia.php?p=taxdetails&id=626078,https://www.marinespecies.org/rest/AphiaClassificationByAphiaID/626078,urn:lsid:marinespecies.org:taxname:626078,https://airtable.com/tblLqtIyuwA7rbEC3/recwKXH6KGUpBwHv7?blocks=bli5ItEhTDGAFc32p,Plantae,Biliphyta,,Rhodophyta,Eurhodophytina,,,Bangiophyceae,Bangiophycidae,,,,Bangiales,,,,,,,,Bangiaceae,,,,,Pyropia,,Pyropia torta,,Pyropia,,recwKXH6KGUpBwHv7,,,
Wildemania,GENUS,ACCEPTED,,370332,http://www.marinespecies.org/aphia.php?p=taxdetails&id=370332,https://www.marinespecies.org/rest/AphiaClassificationByAphiaID/370332,urn:lsid:marinespecies.org:taxname:370332,https://airtable.com/tblLqtIyuwA7rbEC3/recyTi9Fa4g1NuFIp?blocks=bli5ItEhTDGAFc32p,Plantae,Biliphyta,,Rhodophyta,Eurhodophytina,,,Bangiophyceae,Bangiophycidae,,,,Bangiales,,,,,,,,Bangiaceae,,,,,Wildemania,,,,Bangiaceae,,recyTi9Fa4g1NuFIp,,,
Wildemania amplissima,SPECIES,ACCEPTED,,501881,http://www.marinespecies.org/aphia.php?p=taxdetails&id=501881,https://www.marinespecies.org/rest/AphiaClassificationByAphiaID/501881,urn:lsid:marinespecies.org:taxname:501881,https://airtable.com/tblLqtIyuwA7rbEC3/recVYpKHPNrgNzE44?blocks=bli5ItEhTDGAFc32p,Plantae,Biliphyta,,Rhodophyta,Eurhodophytina,,,Bangiophyceae,Bangiophycidae,,,,Bangiales,,,,,,,,Bangiaceae,,,,,Wildemania,,Wildemania amplissima,,Wildemania,,recVYpKHPNrgNzE44,,Vancouver,
Wildemania norrisii,SPECIES,ACCEPTED,Wildemania norrisii,626028,http://www.marinespecies.org/aphia.php?p=taxdetails&id=626028,https://www.marinespecies.org/rest/AphiaClassificationByAphiaID/626028,urn:lsid:marinespecies.org:taxname:626028,https://airtable.com/tblLqtIyuwA7rbEC3/rec7vFLAkPbyvUDku?blocks=bli5ItEhTDGAFc32p,Plantae,Biliphyta,,Rhodophyta,Eurhodophytina,,,Bangiophyceae,Bangiophycidae,,,,Bangiales,,,,,,,,Bangiaceae,,,,,Wildemania,,Wildemania norrisii,,Wildemania,"WINO,WILN,WILN",rec7vFLAkPbyvUDku,,,
Florideophyceae,CLASS,ACCEPTED,,368670,http://www.marinespecies.org/aphia.php?p=taxdetails&id=368670,https://www.marinespecies.org/rest/AphiaClassificationByAphiaID/368670,urn:lsid:marinespecies.org:taxname:368670,https://airtable.com/tblLqtIyuwA7rbEC3/recLO87CeucSyhVMb?blocks=bli5ItEhTDGAFc32p,Plantae,Biliphyta,,Rhodophyta,Eurhodophytina,,,Florideophyceae,,,,,,,,,,,,,,,,,,,,,,Eurhodophytina,,recLO87CeucSyhVMb,,,
Chamberlainium tumidum,SPECIES,NOT IN WORMS,Spongites tumidus,,,,,https://airtable.com/tblLqtIyuwA7rbEC3/recaPBcxYESRD7vVu?blocks=bli5ItEhTDGAFc32p,Plantae,Biliphyta,,Rhodophyta,Eurhodophytina,,,Florideophyceae,,,,,Corallinales,,,,,,,,Corallinaceae,,,,,Chamberlainium,,Chamberlainium tumidum,,Chamberlainium,"CHAM,CHTU",recaPBcxYESRD7vVu,,,
Ahnfeltiophycidae,SUBCLASS,ACCEPTED,,368686,http://www.marinespecies.org/aphia.php?p=taxdetails&id=368686,https://www.marinespecies.org/rest/AphiaClassificationByAphiaID/368686,urn:lsid:marinespecies.org:taxname:368686,https://airtable.com/tblLqtIyuwA7rbEC3/recJQ834i0bc8JoLv?blocks=bli5ItEhTDGAFc32p,Plantae,Biliphyta,,Rhodophyta,Eurhodophytina,,,Florideophyceae,Ahnfeltiophycidae,,,,,,,,,,,,,,,,,,,,,Florideophyceae,,recJQ834i0bc8JoLv,,,
Ahnfeltiales,ORDER,ACCEPTED,,146312,http://www.marinespecies.org/aphia.php?p=taxdetails&id=146312,https://www.marinespecies.org/rest/AphiaClassificationByAphiaID/146312,urn:lsid:marinespecies.org:taxname:146312,https://airtable.com/tblLqtIyuwA7rbEC3/rece8miOMm9oVLP1d?blocks=bli5ItEhTDGAFc32p,Plantae,Biliphyta,,Rhodophyta,Eurhodophytina,,,Florideophyceae,Ahnfeltiophycidae,,,,Ahnfeltiales,,,,,,,,,,,,,,,,,Ahnfeltiophycidae,,rece8miOMm9oVLP1d,,,
Ahnfeltiaceae,FAMILY,ACCEPTED,,146313,http://www.marinespecies.org/aphia.php?p=taxdetails&id=146313,https://www.marinespecies.org/rest/AphiaClassificationByAphiaID/146313,urn:lsid:marinespecies.org:taxname:146313,https://airtable.com/tblLqtIyuwA7rbEC3/recZQ6UmwLQ5Z5SGW?blocks=bli5ItEhTDGAFc32p,Plantae,Biliphyta,,Rhodophyta,Eurhodophytina,,,Florideophyceae,Ahnfeltiophycidae,,,,Ahnfeltiales,,,,,,,,Ahnfeltiaceae,,,,,,,,,Ahnfeltiales,,recZQ6UmwLQ5Z5SGW,,,
Ahnfeltia,GENUS,ACCEPTED,,143806,http://www.marinespecies.org/aphia.php?p=taxdetails&id=143806,https://www.marinespecies.org/rest/AphiaClassificationByAphiaID/143806,urn:lsid:marinespecies.org:taxname:143806,https://airtable.com/tblLqtIyuwA7rbEC3/recEUHVyhPSgqoCOS?blocks=bli5ItEhTDGAFc32p,Plantae,Biliphyta,,Rhodophyta,Eurhodophytina,,,Florideophyceae,Ahnfeltiophycidae,,,,Ahnfeltiales,,,,,,,,Ahnfeltiaceae,,,,,Ahnfeltia,,,,Ahnfeltiaceae,,recEUHVyhPSgqoCOS,,,
Ahnfeltia fastigiata,SPECIES,ACCEPTED,Bushy Ahnfelt’s seaweed,372235,http://www.marinespecies.org/aphia.php?p=taxdetails&id=372235,https://www.marinespecies.org/rest/AphiaClassificationByAphiaID/372235,urn:lsid:marinespecies.org:taxname:372235,https://airtable.com/tblLqtIyuwA7rbEC3/recymML5F491VVPpC?blocks=bli5ItEhTDGAFc32p,Plantae,Biliphyta,,Rhodophyta,Eurhodophytina,,,Florideophyceae,Ahnfeltiophycidae,,,,Ahnfeltiales,,,,,,,,Ahnfeltiaceae,,,,,Ahnfeltia,,Ahnfeltia fastigiata,,Ahnfeltia,AHFA,recymML5F491VVPpC,,Vancouver,
Corallinophycidae,SUBCLASS,ACCEPTED,,368687,http://www.marinespecies.org/aphia.php?p=taxdetails&id=368687,https://www.marinespecies.org/rest/AphiaClassificationByAphiaID/368687,urn:lsid:marinespecies.org:taxname:368687,https://airtable.com/tblLqtIyuwA7rbEC3/rec6SMEfuhIsN47LB?blocks=bli5ItEhTDGAFc32p,Plantae,Biliphyta,,Rhodophyta,Eurhodophytina,,,Florideophyceae,Corallinophycidae,,,,,,,,,,,,,,,,,,,,,Florideophyceae,,rec6SMEfuhIsN47LB,,,
Corallinales,ORDER,ACCEPTED,Coralline algae,15308,http://www.marinespecies.org/aphia.php?p=taxdetails&id=15308,https://www.marinespecies.org/rest/AphiaClassificationByAphiaID/15308,urn:lsid:marinespecies.org:taxname:15308,https://airtable.com/tblLqtIyuwA7rbEC3/rec4pApV5UkfzsJFJ?blocks=bli5ItEhTDGAFc32p,Plantae,Biliphyta,,Rhodophyta,Eurhodophytina,,,Florideophyceae,Corallinophycidae,,,,Corallinales,,,,,,,,,,,,,,,,,Corallinophycidae,"CCOR,ACOR",rec4pApV5UkfzsJFJ,,,"ARTCOR,CRUCOR"
Corallinineae,SUBORDER,ACCEPTED,,1646220,http://www.marinespecies.org/aphia.php?p=taxdetails&id=1646220,https://www.marinespecies.org/rest/AphiaClassificationByAphiaID/1646220,urn:lsid:marinespecies.org:taxname:1646220,https://airtable.com/tblLqtIyuwA7rbEC3/reck8Rt9pEBaLs5Bn?blocks=bli5ItEhTDGAFc32p,Plantae,Biliphyta,,Rhodophyta,Eurhodophytina,,,Florideophyceae,Corallinophycidae,,,,Corallinales,Corallinineae,,,,,,,,,,,,,,,,Corallinales,,reck8Rt9pEBaLs5Bn,,,
Corallinaceae,FAMILY,ACCEPTED,,143691,http://www.marinespecies.org/aphia.php?p=taxdetails&id=143691,https://www.marinespecies.org/rest/AphiaClassificationByAphiaID/143691,urn:lsid:marinespecies.org:taxname:143691,https://airtable.com/tblLqtIyuwA7rbEC3/recp8BTQMrSVdbEHi?blocks=bli5ItEhTDGAFc32p,Plantae,Biliphyta,,Rhodophyta,Eurhodophytina,,,Florideophyceae,Corallinophycidae,,,,Corallinales,Corallinineae,,,,,,,Corallinaceae,,,,,,,,,Corallinineae,,recp8BTQMrSVdbEHi,,,
Chamberlainoideae,SUBFAMILY,ACCEPTED,,1391340,http://www.marinespecies.org/aphia.php?p=taxdetails&id=1391340,https://www.marinespecies.org/rest/AphiaClassificationByAphiaID/1391340,urn:lsid:marinespecies.org:taxname:1391340,https://airtable.com/tblLqtIyuwA7rbEC3/recqRG7V8eea8gDgF?blocks=bli5ItEhTDGAFc32p,Plantae,Biliphyta,,Rhodophyta,Eurhodophytina,,,Florideophyceae,Corallinophycidae,,,,Corallinales,Corallinineae,,,,,,,Corallinaceae,Chamberlainoideae,,,,,,,,Corallinaceae,,recqRG7V8eea8gDgF,,,
Chamberlainium,GENUS,ACCEPTED,,1391341,http://www.marinespecies.org/aphia.php?p=taxdetails&id=1391341,https://www.marinespecies.org/rest/AphiaClassificationByAphiaID/1391341,urn:lsid:marinespecies.org:taxname:1391341,https://airtable.com/tblLqtIyuwA7rbEC3/receTlzLeXZ9MqGsc?blocks=bli5ItEhTDGAFc32p,Plantae,Biliphyta,,Rhodophyta,Eurhodophytina,,,Florideophyceae,Corallinophycidae,,,,Corallinales,Corallinineae,,,,,,,Corallinaceae,Chamberlainoideae,,,,Chamberlainium,,,,Chamberlainoideae,,receTlzLeXZ9MqGsc,,,
Corallinoideae,SUBFAMILY,ACCEPTED,,163505,http://www.marinespecies.org/aphia.php?p=taxdetails&id=163505,https://www.marinespecies.org/rest/AphiaClassificationByAphiaID/163505,urn:lsid:marinespecies.org:taxname:163505,https://airtable.com/tblLqtIyuwA7rbEC3/rec0kw51pUQkAOn2i?blocks=bli5ItEhTDGAFc32p,Plantae,Biliphyta,,Rhodophyta,Eurhodophytina,,,Florideophyceae,Corallinophycidae,,,,Corallinales,Corallinineae,,,,,,,Corallinaceae,Corallinoideae,,,,,,,,Corallinaceae,,rec0kw51pUQkAOn2i,,,
Bossiella,GENUS,ACCEPTED,Bossiella alga,369418,http://www.marinespecies.org/aphia.php?p=taxdetails&id=369418,https://www.marinespecies.org/rest/AphiaClassificationByAphiaID/369418,urn:lsid:marinespecies.org:taxname:369418,https://airtable.com/tblLqtIyuwA7rbEC3/recKyxI9MKSF427vB?blocks=bli5ItEhTDGAFc32p,Plantae,Biliphyta,,Rhodophyta,Eurhodophytina,,,Florideophyceae,Corallinophycidae,,,,Corallinales,Corallinineae,,,,,,,Corallinaceae,Corallinoideae,,,,Bossiella,,,,Corallinoideae,"boss,BOSS",recKyxI9MKSF427vB,,,
Bossiella frondescens,SPECIES,ACCEPTED,,498493,http://www.marinespecies.org/aphia.php?p=taxdetails&id=498493,https://www.marinespecies.org/rest/AphiaClassificationByAphiaID/498493,urn:lsid:marinespecies.org:taxname:498493,https://airtable.com/tblLqtIyuwA7rbEC3/recPJ4yHjblVBYcl4?blocks=bli5ItEhTDGAFc32p,Plantae,Biliphyta,,Rhodophyta,Eurhodophytina,,,Florideophyceae,Corallinophycidae,,,,Corallinales,Corallinineae,,,,,,,Corallinaceae,Corallinoideae,,,,Bossiella,,Bossiella frondescens,,Bossiella,,recPJ4yHjblVBYcl4,,Quadra,
Bossiella mayae,SPECIES,ACCEPTED,,1345662,http://www.marinespecies.org/aphia.php?p=taxdetails&id=1345662,https://www.marinespecies.org/rest/AphiaClassificationByAphiaID/1345662,urn:lsid:marinespecies.org:taxname:1345662,https://airtable.com/tblLqtIyuwA7rbEC3/receKA2eyHxnopnke?blocks=bli5ItEhTDGAFc32p,Plantae,Biliphyta,,Rhodophyta,Eurhodophytina,,,Florideophyceae,Corallinophycidae,,,,Corallinales,Corallinineae,,,,,,,Corallinaceae,Corallinoideae,,,,Bossiella,,Bossiella mayae,,Bossiella,BOMA,receKA2eyHxnopnke,,,
Calliarthron,GENUS,ACCEPTED,Calliarthron,369428,http://www.marinespecies.org/aphia.php?p=taxdetails&id=369428,https://www.marinespecies.org/rest/AphiaClassificationByAphiaID/369428,urn:lsid:marinespecies.org:taxname:369428,https://airtable.com/tblLqtIyuwA7rbEC3/reccdJHH8FiV9Uugs?blocks=bli5ItEhTDGAFc32p,Plantae,Biliphyta,,Rhodophyta,Eurhodophytina,,,Florideophyceae,Corallinophycidae,,,,Corallinales,Corallinineae,,,,,,,Corallinaceae,Corallinoideae,,,,Calliarthron,,,,Corallinoideae,calr,reccdJHH8FiV9Uugs,,,
Calliarthron tuberculosum,SPECIES,ACCEPTED,,372537,http://www.marinespecies.org/aphia.php?p=taxdetails&id=372537,https://www.marinespecies.org/rest/AphiaClassificationByAphiaID/372537,urn:lsid:marinespecies.org:taxname:372537,https://airtable.com/tblLqtIyuwA7rbEC3/recTnX9QD8GOx8SdW?blocks=bli5ItEhTDGAFc32p,Plantae,Biliphyta,,Rhodophyta,Eurhodophytina,,,Florideophyceae,Corallinophycidae,,,,Corallinales,Corallinineae,,,,,,,Corallinaceae,Corallinoideae,,,,Calliarthron,,Calliarthron tuberculosum,,Calliarthron,,recTnX9QD8GOx8SdW,original.jpeg (https://v5.airtableusercontent.com/v3/u/33/33/1727985600000/Mp4Z3I8eaPRiYCEdzI2jcg/Csl3dEfzmk-TZ0pTkrftFMVgdHI3VnOCQ0byKOGR5CZQhQDQVBwHTEMyLfZenDQiEeGSnBP7j527HDvH8mZ92LoVWYM3BH7EBsoyN47LLAruGJiCwj_tZ-f_TJP_i1WxdXxfJitA1obZIlBaTwa1NschEzhpahiTLNKdrHKiciM/eKXR0ov7POh63x7D5acjOZeO9KRDA1Slm0IdXuprFpo),"Quadra,Toby Island",
Corallineae,TRIBE,ACCEPTED,,493999,http://www.marinespecies.org/aphia.php?p=taxdetails&id=493999,https://www.marinespecies.org/rest/AphiaClassificationByAphiaID/493999,urn:lsid:marinespecies.org:taxname:493999,https://airtable.com/tblLqtIyuwA7rbEC3/receoJwgd7r7ar0nJ?blocks=bli5ItEhTDGAFc32p,Plantae,Biliphyta,,Rhodophyta,Eurhodophytina,,,Florideophyceae,Corallinophycidae,,,,Corallinales,Corallinineae,,,,,,,Corallinaceae,Corallinoideae,,Corallineae,,,,,,Corallinoideae,,receoJwgd7r7ar0nJ,,,
Corallina,GENUS,ACCEPTED,Corallina,144007,http://www.marinespecies.org/aphia.php?p=taxdetails&id=144007,https://www.marinespecies.org/rest/AphiaClassificationByAphiaID/144007,urn:lsid:marinespecies.org:taxname:144007,https://airtable.com/tblLqtIyuwA7rbEC3/recz3B5O8YcnNPC39?blocks=bli5ItEhTDGAFc32p,Plantae,Biliphyta,,Rhodophyta,Eurhodophytina,,,Florideophyceae,Corallinophycidae,,,,Corallinales,Corallinineae,,,,,,,Corallinaceae,Corallinoideae,,Corallineae,,Corallina,,,,Corallineae,cora,recz3B5O8YcnNPC39,,,
Corallina officinalis,SPECIES,ACCEPTED,,,,,,https://airtable.com/tblLqtIyuwA7rbEC3/recNUAgenBsjSDtyu?blocks=bli5ItEhTDGAFc32p,Plantae,Biliphyta,,Rhodophyta,Eurhodophytina,,,Florideophyceae,Corallinophycidae,,,,Corallinales,Corallinineae,,,,,,,Corallinaceae,Corallinoideae,,Corallineae,,Corallina,,Corallina officinalis,,Corallina,,recNUAgenBsjSDtyu,,"Quadra,Toby Island",
Corallina vancouveriensis,SPECIES,ACCEPTED,Corallina,494902,http://www.marinespecies.org/aphia.php?p=taxdetails&id=494902,https://www.marinespecies.org/rest/AphiaClassificationByAphiaID/494902,urn:lsid:marinespecies.org:taxname:494902,https://airtable.com/tblLqtIyuwA7rbEC3/reckGkW2UNCV4gr1i?blocks=bli5ItEhTDGAFc32p,Plantae,Biliphyta,,Rhodophyta,Eurhodophytina,,,Florideophyceae,Corallinophycidae,,,,Corallinales,Corallinineae,,,,,,,Corallinaceae,Corallinoideae,,Corallineae,,Corallina,,Corallina vancouveriensis,,Corallina,COVA,reckGkW2UNCV4gr1i,PXL_20240610_184615144.jpg (https://v5.airtableusercontent.com/v3/u/33/33/1727985600000/_iqoqbOXqUXLEkUAEK2d9A/v0WPKw4OUyFn4lOo90yOcXG7MJylAqGFG5fy9nGzDDVB0CesMYnrIBpeIufU5fOjq-CPeRAOOyS4Kox7DiKDYSFbHhdciGPRl2UDSGZJ0ecO29mv6xmuf5pJzOK2fh3EDrFFx5zq_1b08QZz-80pced7dLsK7erR_UbWXR73vt9g0Yw02wP_ILk6nUk0iSAq/S7e4g4Bzbmmw90bLutdUevobL1Y3CrD4nlc2XdnRip0),Toby Island,
Hapalidiales,ORDER,ACCEPTED,,1306465,http://www.marinespecies.org/aphia.php?p=taxdetails&id=1306465,https://www.marinespecies.org/rest/AphiaClassificationByAphiaID/1306465,urn:lsid:marinespecies.org:taxname:1306465,https://airtable.com/tblLqtIyuwA7rbEC3/recW1yVAhmo2qT4p2?blocks=bli5ItEhTDGAFc32p,Plantae,Biliphyta,,Rhodophyta,Eurhodophytina,,,Florideophyceae,Corallinophycidae,,,,Hapalidiales,Corallinineae,,,,,,,,,,,,,,,,Corallinophycidae,,recW1yVAhmo2qT4p2,,,
Hapalidiaceae,FAMILY,ACCEPTED,,368755,http://www.marinespecies.org/aphia.php?p=taxdetails&id=368755,https://www.marinespecies.org/rest/AphiaClassificationByAphiaID/368755,urn:lsid:marinespecies.org:taxname:368755,https://airtable.com/tblLqtIyuwA7rbEC3/rec8iCNQp9M7gZZdk?blocks=bli5ItEhTDGAFc32p,Plantae,Biliphyta,,Rhodophyta,Eurhodophytina,,,Florideophyceae,Corallinophycidae,,,,Hapalidiales,Corallinineae,,,,,,,Hapalidiaceae,,,,,,,,,Hapalidiales,,rec8iCNQp9M7gZZdk,,,
Melobesioideae,SUBFAMILY,ACCEPTED,,162555,http://www.marinespecies.org/aphia.php?p=taxdetails&id=162555,https://www.marinespecies.org/rest/AphiaClassificationByAphiaID/162555,urn:lsid:marinespecies.org:taxname:162555,https://airtable.com/tblLqtIyuwA7rbEC3/rec2Dv0dqj1Mj1rU9?blocks=bli5ItEhTDGAFc32p,Plantae,Biliphyta,,Rhodophyta,Eurhodophytina,,,Florideophyceae,Corallinophycidae,,,,Hapalidiales,Corallinineae,,,,,,,Hapalidiaceae,Melobesioideae,,,,,,,,Hapalidiaceae,,rec2Dv0dqj1Mj1rU9,,,
Melobesia,GENUS,ACCEPTED,,144019,http://www.marinespecies.org/aphia.php?p=taxdetails&id=144019,https://www.marinespecies.org/rest/AphiaClassificationByAphiaID/144019,urn:lsid:marinespecies.org:taxname:144019,https://airtable.com/tblLqtIyuwA7rbEC3/rec0EedxEZOjdhEC3?blocks=bli5ItEhTDGAFc32p,Plantae,Biliphyta,,Rhodophyta,Eurhodophytina,,,Florideophyceae,Corallinophycidae,,,,Hapalidiales,Corallinineae,,,,,,,Hapalidiaceae,Melobesioideae,,,,Melobesia,,,,Melobesioideae,,rec0EedxEZOjdhEC3,,,
Melobesia mediocris,SPECIES,ACCEPTED,Seagrass crust,372603,http://www.marinespecies.org/aphia.php?p=taxdetails&id=372603,https://www.marinespecies.org/rest/AphiaClassificationByAphiaID/372603,urn:lsid:marinespecies.org:taxname:372603,https://airtable.com/tblLqtIyuwA7rbEC3/recBu2cosASRCsU0l?blocks=bli5ItEhTDGAFc32p,Plantae,Biliphyta,,Rhodophyta,Eurhodophytina,,,Florideophyceae,Corallinophycidae,,,,Hapalidiales,Corallinineae,,,,,,,Hapalidiaceae,Melobesioideae,,,,Melobesia,,Melobesia mediocris,,Melobesia,MEME,recBu2cosASRCsU0l,,,
Hildenbrandiophycidae,SUBCLASS,ACCEPTED,,368689,http://www.marinespecies.org/aphia.php?p=taxdetails&id=368689,https://www.marinespecies.org/rest/AphiaClassificationByAphiaID/368689,urn:lsid:marinespecies.org:taxname:368689,https://airtable.com/tblLqtIyuwA7rbEC3/recqOaXrVNuKOr4LR?blocks=bli5ItEhTDGAFc32p,Plantae,Biliphyta,,Rhodophyta,Eurhodophytina,,,Florideophyceae,Hildenbrandiophycidae,,,,,,,,,,,,,,,,,,,,,Florideophyceae,,recqOaXrVNuKOr4LR,,,
Hildenbrandiales,ORDER,ACCEPTED,,146316,http://www.marinespecies.org/aphia.php?p=taxdetails&id=146316,https://www.marinespecies.org/rest/AphiaClassificationByAphiaID/146316,urn:lsid:marinespecies.org:taxname:146316,https://airtable.com/tblLqtIyuwA7rbEC3/recw98FHWTUPQEmLy?blocks=bli5ItEhTDGAFc32p,Plantae,Biliphyta,,Rhodophyta,Eurhodophytina,,,Florideophyceae,Hildenbrandiophycidae,,,,Hildenbrandiales,,,,,,,,,,,,,,,,,Hildenbrandiophycidae,,recw98FHWTUPQEmLy,,,
Hildenbrandiaceae,FAMILY,ACCEPTED,,143750,http://www.marinespecies.org/aphia.php?p=taxdetails&id=143750,https://www.marinespecies.org/rest/AphiaClassificationByAphiaID/143750,urn:lsid:marinespecies.org:taxname:143750,https://airtable.com/tblLqtIyuwA7rbEC3/recOk2WcS8LvoWIg4?blocks=bli5ItEhTDGAFc32p,Plantae,Biliphyta,,Rhodophyta,Eurhodophytina,,,Florideophyceae,Hildenbrandiophycidae,,,,Hildenbrandiales,,,,,,,,Hildenbrandiaceae,,,,,,,,,Hildenbrandiales,,recOk2WcS8LvoWIg4,,,
Hildenbrandia,GENUS,ACCEPTED,Hildenbrandia species,144191,http://www.marinespecies.org/aphia.php?p=taxdetails&id=144191,https://www.marinespecies.org/rest/AphiaClassificationByAphiaID/144191,urn:lsid:marinespecies.org:taxname:144191,https://airtable.com/tblLqtIyuwA7rbEC3/recHH6nKqduTmQGiY?blocks=bli5ItEhTDGAFc32p,Plantae,Biliphyta,,Rhodophyta,Eurhodophytina,,,Florideophyceae,Hildenbrandiophycidae,,,,Hildenbrandiales,,,,,,,,Hildenbrandiaceae,,,,,Hildenbrandia,,,,Hildenbrandiaceae,HILD,recHH6nKqduTmQGiY,,"Quadra,Toby Island",HILSPP
Hildenbrandia occidentalis,SPECIES,ACCEPTED,Hildenbrandia occidentalis,145711,http://www.marinespecies.org/aphia.php?p=taxdetails&id=145711,https://www.marinespecies.org/rest/AphiaClassificationByAphiaID/145711,urn:lsid:marinespecies.org:taxname:145711,https://airtable.com/tblLqtIyuwA7rbEC3/recj7iux1nRdxRzWa?blocks=bli5ItEhTDGAFc32p,Plantae,Biliphyta,,Rhodophyta,Eurhodophytina,,,Florideophyceae,Hildenbrandiophycidae,,,,Hildenbrandiales,,,,,,,,Hildenbrandiaceae,,,,,Hildenbrandia,,Hildenbrandia occidentalis,,Hildenbrandia,HILO,recj7iux1nRdxRzWa,,,
Hildenbrandia rubra,SPECIES,ACCEPTED,Hildenbrandia rubra,145712,http://www.marinespecies.org/aphia.php?p=taxdetails&id=145712,https://www.marinespecies.org/rest/AphiaClassificationByAphiaID/145712,urn:lsid:marinespecies.org:taxname:145712,https://airtable.com/tblLqtIyuwA7rbEC3/rectu1H2rYG12LbYc?blocks=bli5ItEhTDGAFc32p,Plantae,Biliphyta,,Rhodophyta,Eurhodophytina,,,Florideophyceae,Hildenbrandiophycidae,,,,Hildenbrandiales,,,,,,,,Hildenbrandiaceae,,,,,Hildenbrandia,,Hildenbrandia rubra,,Hildenbrandia,HILR,rectu1H2rYG12LbYc,,Vancouver,
Nemaliophycidae,SUBCLASS,ACCEPTED,,368690,http://www.marinespecies.org/aphia.php?p=taxdetails&id=368690,https://www.marinespecies.org/rest/AphiaClassificationByAphiaID/368690,urn:lsid:marinespecies.org:taxname:368690,https://airtable.com/tblLqtIyuwA7rbEC3/recRz9zRuAPcqZHfh?blocks=bli5ItEhTDGAFc32p,Plantae,Biliphyta,,Rhodophyta,Eurhodophytina,,,Florideophyceae,Nemaliophycidae,,,,,,,,,,,,,,,,,,,,,Florideophyceae,,recRz9zRuAPcqZHfh,,,
Acrochaetiales,ORDER,ACCEPTED,,146311,http://www.marinespecies.org/aphia.php?p=taxdetails&id=146311,https://www.marinespecies.org/rest/AphiaClassificationByAphiaID/146311,urn:lsid:marinespecies.org:taxname:146311,https://airtable.com/tblLqtIyuwA7rbEC3/recMrOBqkZxdf7HqN?blocks=bli5ItEhTDGAFc32p,Plantae,Biliphyta,,Rhodophyta,Eurhodophytina,,,Florideophyceae,Nemaliophycidae,,,,Acrochaetiales,,,,,,,,,,,,,,,,,Nemaliophycidae,,recMrOBqkZxdf7HqN,,,
Rhodochortonaceae,FAMILY,ACCEPTED,,1646274,http://www.marinespecies.org/aphia.php?p=taxdetails&id=1646274,https://www.marinespecies.org/rest/AphiaClassificationByAphiaID/1646274,urn:lsid:marinespecies.org:taxname:1646274,https://airtable.com/tblLqtIyuwA7rbEC3/rec9kQ3wjwtDnmiZF?blocks=bli5ItEhTDGAFc32p,Plantae,Biliphyta,,Rhodophyta,Eurhodophytina,,,Florideophyceae,Nemaliophycidae,,,,Acrochaetiales,,,,,,,,Rhodochortonaceae,,,,,,,,,Acrochaetiales,,rec9kQ3wjwtDnmiZF,,,
Rhodochorton,GENUS,ACCEPTED,,143801,http://www.marinespecies.org/aphia.php?p=taxdetails&id=143801,https://www.marinespecies.org/rest/AphiaClassificationByAphiaID/143801,urn:lsid:marinespecies.org:taxname:143801,https://airtable.com/tblLqtIyuwA7rbEC3/rec7Mtd18CoJWLD7o?blocks=bli5ItEhTDGAFc32p,Plantae,Biliphyta,,Rhodophyta,Eurhodophytina,,,Florideophyceae,Nemaliophycidae,,,,Acrochaetiales,,,,,,,,Rhodochortonaceae,,,,,Rhodochorton,,,,Rhodochortonaceae,,rec7Mtd18CoJWLD7o,,,
Rhodochorton purpureum,SPECIES,ACCEPTED,,144404,http://www.marinespecies.org/aphia.php?p=taxdetails&id=144404,https://www.marinespecies.org/rest/AphiaClassificationByAphiaID/144404,urn:lsid:marinespecies.org:taxname:144404,https://airtable.com/tblLqtIyuwA7rbEC3/rec5beEW0xRgBeXsx?blocks=bli5ItEhTDGAFc32p,Plantae,Biliphyta,,Rhodophyta,Eurhodophytina,,,Florideophyceae,Nemaliophycidae,,,,Acrochaetiales,,,,,,,,Rhodochortonaceae,,,,,Rhodochorton,,Rhodochorton purpureum,,Rhodochorton,,rec5beEW0xRgBeXsx,,Vancouver,
Nemaliales,ORDER,ACCEPTED,,21305,http://www.marinespecies.org/aphia.php?p=taxdetails&id=21305,https://www.marinespecies.org/rest/AphiaClassificationByAphiaID/21305,urn:lsid:marinespecies.org:taxname:21305,https://airtable.com/tblLqtIyuwA7rbEC3/rect2sUau8x500Suv?blocks=bli5ItEhTDGAFc32p,Plantae,Biliphyta,,Rhodophyta,Eurhodophytina,,,Florideophyceae,Nemaliophycidae,,,,Nemaliales,,,,,,,,,,,,,,,,,Nemaliophycidae,,rect2sUau8x500Suv,,,
Liagoraceae,FAMILY,ACCEPTED,,143759,http://www.marinespecies.org/aphia.php?p=taxdetails&id=143759,https://www.marinespecies.org/rest/AphiaClassificationByAphiaID/143759,urn:lsid:marinespecies.org:taxname:143759,https://airtable.com/tblLqtIyuwA7rbEC3/recH8pzm3egisbhTl?blocks=bli5ItEhTDGAFc32p,Plantae,Biliphyta,,Rhodophyta,Eurhodophytina,,,Florideophyceae,Nemaliophycidae,,,,Nemaliales,,,,,,,,Liagoraceae,,,,,,,,,Nemaliales,,recH8pzm3egisbhTl,,,
Nemaliaceae,FAMILY,ACCEPTED,,1307223,http://www.marinespecies.org/aphia.php?p=taxdetails&id=1307223,https://www.marinespecies.org/rest/AphiaClassificationByAphiaID/1307223,urn:lsid:marinespecies.org:taxname:1307223,https://airtable.com/tblLqtIyuwA7rbEC3/recyERhbiFp8BKkfp?blocks=bli5ItEhTDGAFc32p,Plantae,Biliphyta,,Rhodophyta,Eurhodophytina,,,Florideophyceae,Nemaliophycidae,,,,Nemaliales,,,,,,,,Nemaliaceae,,,,,,,,,Nemaliales,,recyERhbiFp8BKkfp,,,
Nemalion,GENUS,ACCEPTED,,144212,http://www.marinespecies.org/aphia.php?p=taxdetails&id=144212,https://www.marinespecies.org/rest/AphiaClassificationByAphiaID/144212,urn:lsid:marinespecies.org:taxname:144212,https://airtable.com/tblLqtIyuwA7rbEC3/recuy97Kgw6xgjlOJ?blocks=bli5ItEhTDGAFc32p,Plantae,Biliphyta,,Rhodophyta,Eurhodophytina,,,Florideophyceae,Nemaliophycidae,,,,Nemaliales,,,,,,,,Nemaliaceae,,,,,Nemalion,,,,Nemaliaceae,,recuy97Kgw6xgjlOJ,,,NEMHEL
Nemalion elminthoides,SPECIES,ACCEPTED,,145765,http://www.marinespecies.org/aphia.php?p=taxdetails&id=145765,https://www.marinespecies.org/rest/AphiaClassificationByAphiaID/145765,urn:lsid:marinespecies.org:taxname:145765,https://airtable.com/tblLqtIyuwA7rbEC3/recft3e7fQg4FYmTC?blocks=bli5ItEhTDGAFc32p,Plantae,Biliphyta,,Rhodophyta,Eurhodophytina,,,Florideophyceae,Nemaliophycidae,,,,Nemaliales,,,,,,,,Nemaliaceae,,,,,Nemalion,,Nemalion elminthoides,,Nemalion,"NEHE,NEMH,NEEL",recft3e7fQg4FYmTC,,,
Nemalion multifidum,SPECIES,ACCEPTED,,156261,http://www.marinespecies.org/aphia.php?p=taxdetails&id=156261,https://www.marinespecies.org/rest/AphiaClassificationByAphiaID/156261,urn:lsid:marinespecies.org:taxname:156261,https://airtable.com/tblLqtIyuwA7rbEC3/recfM2DsgDvU67Pe1?blocks=bli5ItEhTDGAFc32p,Plantae,Biliphyta,,Rhodophyta,Eurhodophytina,,,Florideophyceae,Nemaliophycidae,,,,Nemaliales,,,,,,,,Nemaliaceae,,,,,Nemalion,,Nemalion multifidum,,Nemalion,,recfM2DsgDvU67Pe1,,,
Palmariales,ORDER,ACCEPTED,,878,http://www.marinespecies.org/aphia.php?p=taxdetails&id=878,https://www.marinespecies.org/rest/AphiaClassificationByAphiaID/878,urn:lsid:marinespecies.org:taxname:878,https://airtable.com/tblLqtIyuwA7rbEC3/rec1dSXEd94jMlj8u?blocks=bli5ItEhTDGAFc32p,Plantae,Biliphyta,,Rhodophyta,Eurhodophytina,,,Florideophyceae,Nemaliophycidae,,,,Palmariales,,,,,,,,,,,,,,,,,Nemaliophycidae,,rec1dSXEd94jMlj8u,,,
Palmariaceae,FAMILY,ACCEPTED,,143761,http://www.marinespecies.org/aphia.php?p=taxdetails&id=143761,https://www.marinespecies.org/rest/AphiaClassificationByAphiaID/143761,urn:lsid:marinespecies.org:taxname:143761,https://airtable.com/tblLqtIyuwA7rbEC3/recQhZgj4Wvyt9Ren?blocks=bli5ItEhTDGAFc32p,Plantae,Biliphyta,,Rhodophyta,Eurhodophytina,,,Florideophyceae,Nemaliophycidae,,,,Palmariales,,,,,,,,Palmariaceae,,,,,,,,,Palmariales,,recQhZgj4Wvyt9Ren,,,
Halosaccion,GENUS,ACCEPTED,,146966,http://www.marinespecies.org/aphia.php?p=taxdetails&id=146966,https://www.marinespecies.org/rest/AphiaClassificationByAphiaID/146966,urn:lsid:marinespecies.org:taxname:146966,https://airtable.com/tblLqtIyuwA7rbEC3/recg0FdrHEBkzreih?blocks=bli5ItEhTDGAFc32p,Plantae,Biliphyta,,Rhodophyta,Eurhodophytina,,,Florideophyceae,Nemaliophycidae,,,,Palmariales,,,,,,,,Palmariaceae,,,,,Halosaccion,,,,Palmariaceae,,recg0FdrHEBkzreih,,,
Halosaccion glandiforme,SPECIES,ACCEPTED,Dead man’s fingers,372579,http://www.marinespecies.org/aphia.php?p=taxdetails&id=372579,https://www.marinespecies.org/rest/AphiaClassificationByAphiaID/372579,urn:lsid:marinespecies.org:taxname:372579,https://airtable.com/tblLqtIyuwA7rbEC3/recYDHrihzvxYTe2U?blocks=bli5ItEhTDGAFc32p,Plantae,Biliphyta,,Rhodophyta,Eurhodophytina,,,Florideophyceae,Nemaliophycidae,,,,Palmariales,,,,,,,,Palmariaceae,,,,,Halosaccion,,Halosaccion glandiforme,,Halosaccion,"HAGL,halg,HALG",recYDHrihzvxYTe2U,PXL_20240610_184714094.jpg (https://v5.airtableusercontent.com/v3/u/33/33/1727985600000/NwPgG2Meoxt94IiLWxe26g/RIgRGLfBkJ5kMlY3CWZWuq0w96iiHfF6a-MYStpApteh5CYmPPfJwjzdib-DBsBM7wglasKOCcKvfBLFYJ0ZUN72IYxDtUYvjaHP1ubJhUBoDFNh97q3UO0w-5Q7VMuAVTo1sk00DlDwRMFggTH5DOcZAC5rBunUMwjniofVwB4nftP67LLCr0WE74j7oduL/RZ7S4L7w_NNBd3hxesE-vrh7U6UwzKVxr04JqP1VuTo),,HALGLA
Palmaria,GENUS,ACCEPTED,Palmaria,144217,http://www.marinespecies.org/aphia.php?p=taxdetails&id=144217,https://www.marinespecies.org/rest/AphiaClassificationByAphiaID/144217,urn:lsid:marinespecies.org:taxname:144217,https://airtable.com/tblLqtIyuwA7rbEC3/recgPT4bgUIEEcNNe?blocks=bli5ItEhTDGAFc32p,Plantae,Biliphyta,,Rhodophyta,Eurhodophytina,,,Florideophyceae,Nemaliophycidae,,,,Palmariales,,,,,,,,Palmariaceae,,,,,Palmaria,,,,Palmariaceae,palm,recgPT4bgUIEEcNNe,,,
Rhodymeniophycidae,SUBCLASS,ACCEPTED,,196243,http://www.marinespecies.org/aphia.php?p=taxdetails&id=196243,https://www.marinespecies.org/rest/AphiaClassificationByAphiaID/196243,urn:lsid:marinespecies.org:taxname:196243,https://airtable.com/tblLqtIyuwA7rbEC3/recp5ADo6lQLTcPon?blocks=bli5ItEhTDGAFc32p,Plantae,Biliphyta,,Rhodophyta,Eurhodophytina,,,Florideophyceae,Rhodymeniophycidae,,,,,,,,,,,,,,,,,,,,,Florideophyceae,,recp5ADo6lQLTcPon,,,
Bonnemaisoniales,ORDER,ACCEPTED,,146314,http://www.marinespecies.org/aphia.php?p=taxdetails&id=146314,https://www.marinespecies.org/rest/AphiaClassificationByAphiaID/146314,urn:lsid:marinespecies.org:taxname:146314,https://airtable.com/tblLqtIyuwA7rbEC3/rec6Wa0hrqjre1pdM?blocks=bli5ItEhTDGAFc32p,Plantae,Biliphyta,,Rhodophyta,Eurhodophytina,,,Florideophyceae,Rhodymeniophycidae,,,,Bonnemaisoniales,,,,,,,,,,,,,,,,,Rhodymeniophycidae,,rec6Wa0hrqjre1pdM,,,
Bonnemaisoniaceae,FAMILY,ACCEPTED,,143665,http://www.marinespecies.org/aphia.php?p=taxdetails&id=143665,https://www.marinespecies.org/rest/AphiaClassificationByAphiaID/143665,urn:lsid:marinespecies.org:taxname:143665,https://airtable.com/tblLqtIyuwA7rbEC3/reciMp1rzrq2wTC5D?blocks=bli5ItEhTDGAFc32p,Plantae,Biliphyta,,Rhodophyta,Eurhodophytina,,,Florideophyceae,Rhodymeniophycidae,,,,Bonnemaisoniales,,,,,,,,Bonnemaisoniaceae,,,,,,,,,Bonnemaisoniales,,reciMp1rzrq2wTC5D,,,
Bonnemaisonia,GENUS,ACCEPTED,,143810,http://www.marinespecies.org/aphia.php?p=taxdetails&id=143810,https://www.marinespecies.org/rest/AphiaClassificationByAphiaID/143810,urn:lsid:marinespecies.org:taxname:143810,https://airtable.com/tblLqtIyuwA7rbEC3/rec0OEe659EJxsJxl?blocks=bli5ItEhTDGAFc32p,Plantae,Biliphyta,,Rhodophyta,Eurhodophytina,,,Florideophyceae,Rhodymeniophycidae,,,,Bonnemaisoniales,,,,,,,,Bonnemaisoniaceae,,,,,Bonnemaisonia,,,,Bonnemaisoniaceae,,rec0OEe659EJxsJxl,,,
Bonnemaisonia californica,SPECIES,ACCEPTED,,373884,http://www.marinespecies.org/aphia.php?p=taxdetails&id=373884,https://www.marinespecies.org/rest/AphiaClassificationByAphiaID/373884,urn:lsid:marinespecies.org:taxname:373884,https://airtable.com/tblLqtIyuwA7rbEC3/recYGfN3NKw1uxC3E?blocks=bli5ItEhTDGAFc32p,Plantae,Biliphyta,,Rhodophyta,Eurhodophytina,,,Florideophyceae,Rhodymeniophycidae,,,,Bonnemaisoniales,,,,,,,,Bonnemaisoniaceae,,,,,Bonnemaisonia,,Bonnemaisonia californica,,Bonnemaisonia,,recYGfN3NKw1uxC3E,,Vancouver,
Ceramiales,ORDER,ACCEPTED,,860,http://www.marinespecies.org/aphia.php?p=taxdetails&id=860,https://www.marinespecies.org/rest/AphiaClassificationByAphiaID/860,urn:lsid:marinespecies.org:taxname:860,https://airtable.com/tblLqtIyuwA7rbEC3/recS3hjb5ew7OgIZt?blocks=bli5ItEhTDGAFc32p,Plantae,Biliphyta,,Rhodophyta,Eurhodophytina,,,Florideophyceae,Rhodymeniophycidae,,,,Ceramiales,,,,,,,,,,,,,,,,,Rhodymeniophycidae,,recS3hjb5ew7OgIZt,,,
Callithamniaceae,FAMILY,ACCEPTED,,493878,http://www.marinespecies.org/aphia.php?p=taxdetails&id=493878,https://www.marinespecies.org/rest/AphiaClassificationByAphiaID/493878,urn:lsid:marinespecies.org:taxname:493878,https://airtable.com/tblLqtIyuwA7rbEC3/rechO40arvpYfUQU3?blocks=bli5ItEhTDGAFc32p,Plantae,Biliphyta,,Rhodophyta,Eurhodophytina,,,Florideophyceae,Rhodymeniophycidae,,,,Ceramiales,,,,,,,,Callithamniaceae,,,,,,,,,Ceramiales,,rechO40arvpYfUQU3,,,
Callithamnioideae,SUBFAMILY,ACCEPTED,,1305110,http://www.marinespecies.org/aphia.php?p=taxdetails&id=1305110,https://www.marinespecies.org/rest/AphiaClassificationByAphiaID/1305110,urn:lsid:marinespecies.org:taxname:1305110,https://airtable.com/tblLqtIyuwA7rbEC3/recwPvESwb5sQpjnm?blocks=bli5ItEhTDGAFc32p,Plantae,Biliphyta,,Rhodophyta,Eurhodophytina,,,Florideophyceae,Rhodymeniophycidae,,,,Ceramiales,,,,,,,,Callithamniaceae,Callithamnioideae,,,,,,,,Callithamniaceae,,recwPvESwb5sQpjnm,,,
Callithamnieae,TRIBE,ACCEPTED,,163088,http://www.marinespecies.org/aphia.php?p=taxdetails&id=163088,https://www.marinespecies.org/rest/AphiaClassificationByAphiaID/163088,urn:lsid:marinespecies.org:taxname:163088,https://airtable.com/tblLqtIyuwA7rbEC3/recupeE4eP4qsHzjM?blocks=bli5ItEhTDGAFc32p,Plantae,Biliphyta,,Rhodophyta,Eurhodophytina,,,Florideophyceae,Rhodymeniophycidae,,,,Ceramiales,,,,,,,,Callithamniaceae,Callithamnioideae,,Callithamnieae,,,,,,Callithamnioideae,,recupeE4eP4qsHzjM,,,
Callithamnion,GENUS,ACCEPTED,Callithamnion,143832,http://www.marinespecies.org/aphia.php?p=taxdetails&id=143832,https://www.marinespecies.org/rest/AphiaClassificationByAphiaID/143832,urn:lsid:marinespecies.org:taxname:143832,https://airtable.com/tblLqtIyuwA7rbEC3/rectwjp4h87zeV73r?blocks=bli5ItEhTDGAFc32p,Plantae,Biliphyta,,Rhodophyta,Eurhodophytina,,,Florideophyceae,Rhodymeniophycidae,,,,Ceramiales,,,,,,,,Callithamniaceae,Callithamnioideae,,Callithamnieae,,Callithamnion,,,,Callithamnieae,CALT,rectwjp4h87zeV73r,,,
Callithamnion pikeanum,SPECIES,ACCEPTED,Beauty bush alga,372539,http://www.marinespecies.org/aphia.php?p=taxdetails&id=372539,https://www.marinespecies.org/rest/AphiaClassificationByAphiaID/372539,urn:lsid:marinespecies.org:taxname:372539,https://airtable.com/tblLqtIyuwA7rbEC3/recfIVaF0NqbxN6V2?blocks=bli5ItEhTDGAFc32p,Plantae,Biliphyta,,Rhodophyta,Eurhodophytina,,,Florideophyceae,Rhodymeniophycidae,,,,Ceramiales,,,,,,,,Callithamniaceae,Callithamnioideae,,Callithamnieae,,Callithamnion,,Callithamnion pikeanum,,Callithamnion,CAPI,recfIVaF0NqbxN6V2,,Quadra,CALPIK
Ptiloteae,TRIBE,ACCEPTED,,172527,http://www.marinespecies.org/aphia.php?p=taxdetails&id=172527,https://www.marinespecies.org/rest/AphiaClassificationByAphiaID/172527,urn:lsid:marinespecies.org:taxname:172527,https://airtable.com/tblLqtIyuwA7rbEC3/recGtx8jL2yAB1W3l?blocks=bli5ItEhTDGAFc32p,Plantae,Biliphyta,,Rhodophyta,Eurhodophytina,,,Florideophyceae,Rhodymeniophycidae,,,,Ceramiales,,,,,,,,Callithamniaceae,Callithamnioideae,,Ptiloteae,,,,,,Callithamnioideae,,recGtx8jL2yAB1W3l,,,
Ptilota,GENUS,ACCEPTED,Ptilota species,143858,http://www.marinespecies.org/aphia.php?p=taxdetails&id=143858,https://www.marinespecies.org/rest/AphiaClassificationByAphiaID/143858,urn:lsid:marinespecies.org:taxname:143858,https://airtable.com/tblLqtIyuwA7rbEC3/recgaiG1WttomZISp?blocks=bli5ItEhTDGAFc32p,Plantae,Biliphyta,,Rhodophyta,Eurhodophytina,,,Florideophyceae,Rhodymeniophycidae,,,,Ceramiales,,,,,,,,Callithamniaceae,Callithamnioideae,,Ptiloteae,,Ptilota,,,,Ptiloteae,"PTIL,PTIL",recgaiG1WttomZISp,,,
Ceramothamnion,GENUS,ACCEPTED,,369458,http://www.marinespecies.org/aphia.php?p=taxdetails&id=369458,https://www.marinespecies.org/rest/AphiaClassificationByAphiaID/369458,urn:lsid:marinespecies.org:taxname:369458,https://airtable.com/tblLqtIyuwA7rbEC3/recpdHRVMn9CdmEck?blocks=bli5ItEhTDGAFc32p,Plantae,Biliphyta,,Rhodophyta,Eurhodophytina,,,Florideophyceae,Rhodymeniophycidae,,,,Ceramiales,,,,,,,,Ceramiaceae,,,,,Ceramothamnion,,,,Ceramiaceae,,recpdHRVMn9CdmEck,,,
Ceramothamnion pacificum,SPECIES,ACCEPTED,,1739124,http://www.marinespecies.org/aphia.php?p=taxdetails&id=1739124,https://www.marinespecies.org/rest/AphiaClassificationByAphiaID/1739124,urn:lsid:marinespecies.org:taxname:1739124,https://airtable.com/tblLqtIyuwA7rbEC3/recGaSy5wQQWRSKuu?blocks=bli5ItEhTDGAFc32p,Plantae,Biliphyta,,Rhodophyta,Eurhodophytina,,,Florideophyceae,Rhodymeniophycidae,,,,Ceramiales,,,,,,,,Ceramiaceae,,,,,Ceramothamnion,,Ceramothamnion pacificum,,Ceramothamnion,,recGaSy5wQQWRSKuu,,Quadra,
Campylaephora,GENUS,ACCEPTED,,369436,http://www.marinespecies.org/aphia.php?p=taxdetails&id=369436,https://www.marinespecies.org/rest/AphiaClassificationByAphiaID/369436,urn:lsid:marinespecies.org:taxname:369436,https://airtable.com/tblLqtIyuwA7rbEC3/recj7BuENU7u6RNuW?blocks=bli5ItEhTDGAFc32p,Plantae,Biliphyta,,Rhodophyta,Eurhodophytina,,,Florideophyceae,Rhodymeniophycidae,,,,Ceramiales,,,,,,,,Ceramiaceae,Ceramioideae,,Ceramieae,,Campylaephora,,,,Ceramieae,,recj7BuENU7u6RNuW,,,
Campylaephora gardneri,SPECIES,ACCEPTED,,1734913,http://www.marinespecies.org/aphia.php?p=taxdetails&id=1734913,https://www.marinespecies.org/rest/AphiaClassificationByAphiaID/1734913,urn:lsid:marinespecies.org:taxname:1734913,https://airtable.com/tblLqtIyuwA7rbEC3/recIGTEfjheoOhsYE?blocks=bli5ItEhTDGAFc32p,Plantae,Biliphyta,,Rhodophyta,Eurhodophytina,,,Florideophyceae,Rhodymeniophycidae,,,,Ceramiales,,,,,,,,Ceramiaceae,Ceramioideae,,Ceramieae,,Campylaephora,,Campylaephora gardneri,,Campylaephora,,recIGTEfjheoOhsYE,,,
Dohrnielleae,TRIBE,ACCEPTED,,368726,http://www.marinespecies.org/aphia.php?p=taxdetails&id=368726,https://www.marinespecies.org/rest/AphiaClassificationByAphiaID/368726,urn:lsid:marinespecies.org:taxname:368726,https://airtable.com/tblLqtIyuwA7rbEC3/recvOUxSEO8LrP2Oz?blocks=bli5ItEhTDGAFc32p,Plantae,Biliphyta,,Rhodophyta,Eurhodophytina,,,Florideophyceae,Rhodymeniophycidae,,,,Ceramiales,,,,,,,,Ceramiaceae,Ceramioideae,,Dohrnielleae,,,,,,Ceramioideae,,recvOUxSEO8LrP2Oz,,,
Antithamnionella,GENUS,ACCEPTED,,143828,http://www.marinespecies.org/aphia.php?p=taxdetails&id=143828,https://www.marinespecies.org/rest/AphiaClassificationByAphiaID/143828,urn:lsid:marinespecies.org:taxname:143828,https://airtable.com/tblLqtIyuwA7rbEC3/recYnBlugXb6JN4md?blocks=bli5ItEhTDGAFc32p,Plantae,Biliphyta,,Rhodophyta,Eurhodophytina,,,Florideophyceae,Rhodymeniophycidae,,,,Ceramiales,,,,,,,,Ceramiaceae,Ceramioideae,,Dohrnielleae,,Antithamnionella,,,,Dohrnielleae,,recYnBlugXb6JN4md,,Vancouver,
Pterothamnieae,TRIBE,ACCEPTED,,163007,http://www.marinespecies.org/aphia.php?p=taxdetails&id=163007,https://www.marinespecies.org/rest/AphiaClassificationByAphiaID/163007,urn:lsid:marinespecies.org:taxname:163007,https://airtable.com/tblLqtIyuwA7rbEC3/reccP8iF8OfC5Mg4o?blocks=bli5ItEhTDGAFc32p,Plantae,Biliphyta,,Rhodophyta,Eurhodophytina,,,Florideophyceae,Rhodymeniophycidae,,,,Ceramiales,,,,,,,,Ceramiaceae,Ceramioideae,,Pterothamnieae,,,,,,Ceramioideae,,reccP8iF8OfC5Mg4o,,,
Pterothamnion,GENUS,ACCEPTED,,143856,http://www.marinespecies.org/aphia.php?p=taxdetails&id=143856,https://www.marinespecies.org/rest/AphiaClassificationByAphiaID/143856,urn:lsid:marinespecies.org:taxname:143856,https://airtable.com/tblLqtIyuwA7rbEC3/recvw2ZnB69kIEGND?blocks=bli5ItEhTDGAFc32p,Plantae,Biliphyta,,Rhodophyta,Eurhodophytina,,,Florideophyceae,Rhodymeniophycidae,,,,Ceramiales,,,,,,,,Ceramiaceae,Ceramioideae,,Pterothamnieae,,Pterothamnion,,,,Pterothamnieae,,recvw2ZnB69kIEGND,,Vancouver,
Pterothamnion pectinatum,SPECIES,ACCEPTED,,371324,http://www.marinespecies.org/aphia.php?p=taxdetails&id=371324,https://www.marinespecies.org/rest/AphiaClassificationByAphiaID/371324,urn:lsid:marinespecies.org:taxname:371324,https://airtable.com/tblLqtIyuwA7rbEC3/recAdtA8hkvxpjjOk?blocks=bli5ItEhTDGAFc32p,Plantae,Biliphyta,,Rhodophyta,Eurhodophytina,,,Florideophyceae,Rhodymeniophycidae,,,,Ceramiales,,,,,,,,Ceramiaceae,Ceramioideae,,Pterothamnieae,,Pterothamnion,,Pterothamnion pectinatum,,Pterothamnion,,recAdtA8hkvxpjjOk,,Vancouver,
Scagelieae,TRIBE,ACCEPTED,,368727,http://www.marinespecies.org/aphia.php?p=taxdetails&id=368727,https://www.marinespecies.org/rest/AphiaClassificationByAphiaID/368727,urn:lsid:marinespecies.org:taxname:368727,https://airtable.com/tblLqtIyuwA7rbEC3/rec0wgTQj4LaN0g3c?blocks=bli5ItEhTDGAFc32p,Plantae,Biliphyta,,Rhodophyta,Eurhodophytina,,,Florideophyceae,Rhodymeniophycidae,,,,Ceramiales,,,,,,,,Ceramiaceae,Ceramioideae,,Scagelieae,,,,,,Ceramioideae,,rec0wgTQj4LaN0g3c,,,
Scagelia,GENUS,ACCEPTED,,143860,http://www.marinespecies.org/aphia.php?p=taxdetails&id=143860,https://www.marinespecies.org/rest/AphiaClassificationByAphiaID/143860,urn:lsid:marinespecies.org:taxname:143860,https://airtable.com/tblLqtIyuwA7rbEC3/rechyLHwLkIscpmqE?blocks=bli5ItEhTDGAFc32p,Plantae,Biliphyta,,Rhodophyta,Eurhodophytina,,,Florideophyceae,Rhodymeniophycidae,,,,Ceramiales,,,,,,,,Ceramiaceae,Ceramioideae,,Scagelieae,,Scagelia,,,,Scagelieae,,rechyLHwLkIscpmqE,,,
Scagelia pylaisaei,SPECIES,ACCEPTED,,144691,http://www.marinespecies.org/aphia.php?p=taxdetails&id=144691,https://www.marinespecies.org/rest/AphiaClassificationByAphiaID/144691,urn:lsid:marinespecies.org:taxname:144691,https://airtable.com/tblLqtIyuwA7rbEC3/reck2L0VWsVhqM5um?blocks=bli5ItEhTDGAFc32p,Plantae,Biliphyta,,Rhodophyta,Eurhodophytina,,,Florideophyceae,Rhodymeniophycidae,,,,Ceramiales,,,,,,,,Ceramiaceae,Ceramioideae,,Scagelieae,,Scagelia,,Scagelia pylaisaei,,Scagelia,,reck2L0VWsVhqM5um,,Vancouver,
Spongoclonioideae,SUBFAMILY,ACCEPTED,,1311386,http://www.marinespecies.org/aphia.php?p=taxdetails&id=1311386,https://www.marinespecies.org/rest/AphiaClassificationByAphiaID/1311386,urn:lsid:marinespecies.org:taxname:1311386,https://airtable.com/tblLqtIyuwA7rbEC3/recKWiAicrAhKgL04?blocks=bli5ItEhTDGAFc32p,Plantae,Biliphyta,,Rhodophyta,Eurhodophytina,,,Florideophyceae,Rhodymeniophycidae,,,,Ceramiales,,,,,,,,Ceramiaceae,Spongoclonioideae,,,,,,,,Ceramiaceae,,recKWiAicrAhKgL04,,,
Spongoclonieae,TRIBE,ACCEPTED,,368735,http://www.marinespecies.org/aphia.php?p=taxdetails&id=368735,https://www.marinespecies.org/rest/AphiaClassificationByAphiaID/368735,urn:lsid:marinespecies.org:taxname:368735,https://airtable.com/tblLqtIyuwA7rbEC3/recGsxmFVF2V3NCDA?blocks=bli5ItEhTDGAFc32p,Plantae,Biliphyta,,Rhodophyta,Eurhodophytina,,,Florideophyceae,Rhodymeniophycidae,,,,Ceramiales,,,,,,,,Ceramiaceae,Spongoclonioideae,,Spongoclonieae,,,,,,Spongoclonioideae,,recGsxmFVF2V3NCDA,,,
Pleonosporium,GENUS,ACCEPTED,,143851,http://www.marinespecies.org/aphia.php?p=taxdetails&id=143851,https://www.marinespecies.org/rest/AphiaClassificationByAphiaID/143851,urn:lsid:marinespecies.org:taxname:143851,https://airtable.com/tblLqtIyuwA7rbEC3/recdHZqOI8R7njuez?blocks=bli5ItEhTDGAFc32p,Plantae,Biliphyta,,Rhodophyta,Eurhodophytina,,,Florideophyceae,Rhodymeniophycidae,,,,Ceramiales,,,,,,,,Ceramiaceae,Spongoclonioideae,,Spongoclonieae,,Pleonosporium,,,,Spongoclonieae,,recdHZqOI8R7njuez,,,
Pleonosporium vancouverianum,SPECIES,ACCEPTED,,372794,http://www.marinespecies.org/aphia.php?p=taxdetails&id=372794,https://www.marinespecies.org/rest/AphiaClassificationByAphiaID/372794,urn:lsid:marinespecies.org:taxname:372794,https://airtable.com/tblLqtIyuwA7rbEC3/recFWYxo1IS7v4bgu?blocks=bli5ItEhTDGAFc32p,Plantae,Biliphyta,,Rhodophyta,Eurhodophytina,,,Florideophyceae,Rhodymeniophycidae,,,,Ceramiales,,,,,,,,Ceramiaceae,Spongoclonioideae,,Spongoclonieae,,Pleonosporium,,Pleonosporium vancouverianum,,Pleonosporium,,recFWYxo1IS7v4bgu,,Vancouver,
Dasyaceae,FAMILY,ACCEPTED,,143672,http://www.marinespecies.org/aphia.php?p=taxdetails&id=143672,https://www.marinespecies.org/rest/AphiaClassificationByAphiaID/143672,urn:lsid:marinespecies.org:taxname:143672,https://airtable.com/tblLqtIyuwA7rbEC3/recTX4cG8nRgMWA0p?blocks=bli5ItEhTDGAFc32p,Plantae,Biliphyta,,Rhodophyta,Eurhodophytina,,,Florideophyceae,Rhodymeniophycidae,,,,Ceramiales,,,,,,,,Dasyaceae,,,,,,,,,Ceramiales,,recTX4cG8nRgMWA0p,,,
Delesseriaceae,FAMILY,ACCEPTED,,143673,http://www.marinespecies.org/aphia.php?p=taxdetails&id=143673,https://www.marinespecies.org/rest/AphiaClassificationByAphiaID/143673,urn:lsid:marinespecies.org:taxname:143673,https://airtable.com/tblLqtIyuwA7rbEC3/recT6TABBJZVtAro6?blocks=bli5ItEhTDGAFc32p,Plantae,Biliphyta,,Rhodophyta,Eurhodophytina,,,Florideophyceae,Rhodymeniophycidae,,,,Ceramiales,,,,,,,,Delesseriaceae,,,,,,,,,Ceramiales,,recT6TABBJZVtAro6,,,
Dasyoideae,SUBFAMILY,ACCEPTED,,599751,http://www.marinespecies.org/aphia.php?p=taxdetails&id=599751,https://www.marinespecies.org/rest/AphiaClassificationByAphiaID/599751,urn:lsid:marinespecies.org:taxname:599751,https://airtable.com/tblLqtIyuwA7rbEC3/recavImkLpPzXbJwd?blocks=bli5ItEhTDGAFc32p,Plantae,Biliphyta,,Rhodophyta,Eurhodophytina,,,Florideophyceae,Rhodymeniophycidae,,,,Ceramiales,,,,,,,,Delesseriaceae,Dasyoideae,,,,,,,,Delesseriaceae,,recavImkLpPzXbJwd,,,
Rhodoptilum,GENUS,ACCEPTED,,370172,http://www.marinespecies.org/aphia.php?p=taxdetails&id=370172,https://www.marinespecies.org/rest/AphiaClassificationByAphiaID/370172,urn:lsid:marinespecies.org:taxname:370172,https://airtable.com/tblLqtIyuwA7rbEC3/recIHTpnwaZei8eV9?blocks=bli5ItEhTDGAFc32p,Plantae,Biliphyta,,Rhodophyta,Eurhodophytina,,,Florideophyceae,Rhodymeniophycidae,,,,Ceramiales,,,,,,,,Delesseriaceae,Dasyoideae,,,,Rhodoptilum,,,,Dasyoideae,,recIHTpnwaZei8eV9,,,
Rhodoptilum plumosum,SPECIES,UNACCEPTED,,371571,http://www.marinespecies.org/aphia.php?p=taxdetails&id=371571,https://www.marinespecies.org/rest/AphiaClassificationByAphiaID/371571,urn:lsid:marinespecies.org:taxname:371571,https://airtable.com/tblLqtIyuwA7rbEC3/rech8S6xNIvyftwCj?blocks=bli5ItEhTDGAFc32p,Plantae,Biliphyta,,Rhodophyta,Eurhodophytina,,,Florideophyceae,Rhodymeniophycidae,,,,Ceramiales,,,,,,,,Delesseriaceae,Dasyoideae,,,,Rhodoptilum,,Rhodoptilum plumosum,,Rhodoptilum,,rech8S6xNIvyftwCj,,Vancouver,
Delesserioideae,SUBFAMILY,ACCEPTED,,172546,http://www.marinespecies.org/aphia.php?p=taxdetails&id=172546,https://www.marinespecies.org/rest/AphiaClassificationByAphiaID/172546,urn:lsid:marinespecies.org:taxname:172546,https://airtable.com/tblLqtIyuwA7rbEC3/recEuikilhGi4Shmx?blocks=bli5ItEhTDGAFc32p,Plantae,Biliphyta,,Rhodophyta,Eurhodophytina,,,Florideophyceae,Rhodymeniophycidae,,,,Ceramiales,,,,,,,,Delesseriaceae,Delesserioideae,,,,,,,,Delesseriaceae,,recEuikilhGi4Shmx,,,
Delesserieae,TRIBE,ACCEPTED,,172553,http://www.marinespecies.org/aphia.php?p=taxdetails&id=172553,https://www.marinespecies.org/rest/AphiaClassificationByAphiaID/172553,urn:lsid:marinespecies.org:taxname:172553,https://airtable.com/tblLqtIyuwA7rbEC3/recxQMAkkulfEbjQ1?blocks=bli5ItEhTDGAFc32p,Plantae,Biliphyta,,Rhodophyta,Eurhodophytina,,,Florideophyceae,Rhodymeniophycidae,,,,Ceramiales,,,,,,,,Delesseriaceae,Delesserioideae,,Delesserieae,,,,,,Delesserioideae,,recxQMAkkulfEbjQ1,,,
Cumathamnion,GENUS,ACCEPTED,Cumothamnion,369543,http://www.marinespecies.org/aphia.php?p=taxdetails&id=369543,https://www.marinespecies.org/rest/AphiaClassificationByAphiaID/369543,urn:lsid:marinespecies.org:taxname:369543,https://airtable.com/tblLqtIyuwA7rbEC3/recCgiaIq55WyexjX?blocks=bli5ItEhTDGAFc32p,Plantae,Biliphyta,,Rhodophyta,Eurhodophytina,,,Florideophyceae,Rhodymeniophycidae,,,,Ceramiales,,,,,,,,Delesseriaceae,Delesserioideae,,Delesserieae,,Cumathamnion,,,,Delesserieae,CUMO,recCgiaIq55WyexjX,,,
Cumathamnion decipiens,SPECIES,ACCEPTED,,708086,http://www.marinespecies.org/aphia.php?p=taxdetails&id=708086,https://www.marinespecies.org/rest/AphiaClassificationByAphiaID/708086,urn:lsid:marinespecies.org:taxname:708086,https://airtable.com/tblLqtIyuwA7rbEC3/recVsven5v2jYUrFT?blocks=bli5ItEhTDGAFc32p,Plantae,Biliphyta,,Rhodophyta,Eurhodophytina,,,Florideophyceae,Rhodymeniophycidae,,,,Ceramiales,,,,,,,,Delesseriaceae,Delesserioideae,,Delesserieae,,Cumathamnion,,Cumathamnion decipiens,,Cumathamnion,,recVsven5v2jYUrFT,,Vancouver,
Membranoptereae,TRIBE,ACCEPTED,,1311389,http://www.marinespecies.org/aphia.php?p=taxdetails&id=1311389,https://www.marinespecies.org/rest/AphiaClassificationByAphiaID/1311389,urn:lsid:marinespecies.org:taxname:1311389,https://airtable.com/tblLqtIyuwA7rbEC3/recP7f7z9WiGQcdON?blocks=bli5ItEhTDGAFc32p,Plantae,Biliphyta,,Rhodophyta,Eurhodophytina,,,Florideophyceae,Rhodymeniophycidae,,,,Ceramiales,,,,,,,,Delesseriaceae,Delesserioideae,,Membranoptereae,,,,,,Delesserioideae,,recP7f7z9WiGQcdON,,,
Membranoptera,GENUS,ACCEPTED,,143891,http://www.marinespecies.org/aphia.php?p=taxdetails&id=143891,https://www.marinespecies.org/rest/AphiaClassificationByAphiaID/143891,urn:lsid:marinespecies.org:taxname:143891,https://airtable.com/tblLqtIyuwA7rbEC3/recvC8ythyfr5Gb2T?blocks=bli5ItEhTDGAFc32p,Plantae,Biliphyta,,Rhodophyta,Eurhodophytina,,,Florideophyceae,Rhodymeniophycidae,,,,Ceramiales,,,,,,,,Delesseriaceae,Delesserioideae,,Membranoptereae,,Membranoptera,,,,Membranoptereae,,recvC8ythyfr5Gb2T,,,
Membranoptera platyphylla,SPECIES,ACCEPTED,,372606,http://www.marinespecies.org/aphia.php?p=taxdetails&id=372606,https://www.marinespecies.org/rest/AphiaClassificationByAphiaID/372606,urn:lsid:marinespecies.org:taxname:372606,https://airtable.com/tblLqtIyuwA7rbEC3/recBPImJ9OnDY6739?blocks=bli5ItEhTDGAFc32p,Plantae,Biliphyta,,Rhodophyta,Eurhodophytina,,,Florideophyceae,Rhodymeniophycidae,,,,Ceramiales,,,,,,,,Delesseriaceae,Delesserioideae,,Membranoptereae,,Membranoptera,,Membranoptera platyphylla,,Membranoptera,,recBPImJ9OnDY6739,,Vancouver,
Nitophylloideae,SUBFAMILY,ACCEPTED,,162850,http://www.marinespecies.org/aphia.php?p=taxdetails&id=162850,https://www.marinespecies.org/rest/AphiaClassificationByAphiaID/162850,urn:lsid:marinespecies.org:taxname:162850,https://airtable.com/tblLqtIyuwA7rbEC3/recypJvkgcyV1HfRW?blocks=bli5ItEhTDGAFc32p,Plantae,Biliphyta,,Rhodophyta,Eurhodophytina,,,Florideophyceae,Rhodymeniophycidae,,,,Ceramiales,,,,,,,,Delesseriaceae,Nitophylloideae,,,,,,,,Delesseriaceae,,recypJvkgcyV1HfRW,,,
Cryptopleureae,TRIBE,ACCEPTED,,172544,http://www.marinespecies.org/aphia.php?p=taxdetails&id=172544,https://www.marinespecies.org/rest/AphiaClassificationByAphiaID/172544,urn:lsid:marinespecies.org:taxname:172544,https://airtable.com/tblLqtIyuwA7rbEC3/recIhAMjRLjyEBpLR?blocks=bli5ItEhTDGAFc32p,Plantae,Biliphyta,,Rhodophyta,Eurhodophytina,,,Florideophyceae,Rhodymeniophycidae,,,,Ceramiales,,,,,,,,Delesseriaceae,Nitophylloideae,,Cryptopleureae,,,,,,Nitophylloideae,,recIhAMjRLjyEBpLR,,,CRYHYM
Cryptopleura,GENUS,ACCEPTED,Cryptopleura,143882,http://www.marinespecies.org/aphia.php?p=taxdetails&id=143882,https://www.marinespecies.org/rest/AphiaClassificationByAphiaID/143882,urn:lsid:marinespecies.org:taxname:143882,https://airtable.com/tblLqtIyuwA7rbEC3/rectK7VPFDMzcHZdH?blocks=bli5ItEhTDGAFc32p,Plantae,Biliphyta,,Rhodophyta,Eurhodophytina,,,Florideophyceae,Rhodymeniophycidae,,,,Ceramiales,,,,,,,,Delesseriaceae,Nitophylloideae,,Cryptopleureae,,Cryptopleura,,,,Cryptopleureae,cryp,rectK7VPFDMzcHZdH,,,
Hymenena,GENUS,ACCEPTED,Hymenena,369788,http://www.marinespecies.org/aphia.php?p=taxdetails&id=369788,https://www.marinespecies.org/rest/AphiaClassificationByAphiaID/369788,urn:lsid:marinespecies.org:taxname:369788,https://airtable.com/tblLqtIyuwA7rbEC3/recpLN1t3kY8kccBT?blocks=bli5ItEhTDGAFc32p,Plantae,Biliphyta,,Rhodophyta,Eurhodophytina,,,Florideophyceae,Rhodymeniophycidae,,,,Ceramiales,,,,,,,,Delesseriaceae,Nitophylloideae,,Cryptopleureae,,Hymenena,,,,Cryptopleureae,HYME,recpLN1t3kY8kccBT,,,
Phycodryeae,TRIBE,ACCEPTED,,172554,http://www.marinespecies.org/aphia.php?p=taxdetails&id=172554,https://www.marinespecies.org/rest/AphiaClassificationByAphiaID/172554,urn:lsid:marinespecies.org:taxname:172554,https://airtable.com/tblLqtIyuwA7rbEC3/recciDoUyYpdesFNS?blocks=bli5ItEhTDGAFc32p,Plantae,Biliphyta,,Rhodophyta,Eurhodophytina,,,Florideophyceae,Rhodymeniophycidae,,,,Ceramiales,,,,,,,,Delesseriaceae,Nitophylloideae,,Phycodryeae,,,,,,Nitophylloideae,,recciDoUyYpdesFNS,,,
Phycodrys,GENUS,ACCEPTED,,143895,http://www.marinespecies.org/aphia.php?p=taxdetails&id=143895,https://www.marinespecies.org/rest/AphiaClassificationByAphiaID/143895,urn:lsid:marinespecies.org:taxname:143895,https://airtable.com/tblLqtIyuwA7rbEC3/recvXqsGxLrdNBqN0?blocks=bli5ItEhTDGAFc32p,Plantae,Biliphyta,,Rhodophyta,Eurhodophytina,,,Florideophyceae,Rhodymeniophycidae,,,,Ceramiales,,,,,,,,Delesseriaceae,Nitophylloideae,,Phycodryeae,,Phycodrys,,,,Phycodryeae,,recvXqsGxLrdNBqN0,,,
Polyneura,GENUS,ACCEPTED,,143897,http://www.marinespecies.org/aphia.php?p=taxdetails&id=143897,https://www.marinespecies.org/rest/AphiaClassificationByAphiaID/143897,urn:lsid:marinespecies.org:taxname:143897,https://airtable.com/tblLqtIyuwA7rbEC3/recU8wVhambDp6MaT?blocks=bli5ItEhTDGAFc32p,Plantae,Biliphyta,,Rhodophyta,Eurhodophytina,,,Florideophyceae,Rhodymeniophycidae,,,,Ceramiales,,,,,,,,Delesseriaceae,Nitophylloideae,,Phycodryeae,,Polyneura,,,,Phycodryeae,,recU8wVhambDp6MaT,,,
Polyneura latissima,SPECIES,ACCEPTED,Polyneura latissima,372634,http://www.marinespecies.org/aphia.php?p=taxdetails&id=372634,https://www.marinespecies.org/rest/AphiaClassificationByAphiaID/372634,urn:lsid:marinespecies.org:taxname:372634,https://airtable.com/tblLqtIyuwA7rbEC3/recrpS9fyUH9kVBfc?blocks=bli5ItEhTDGAFc32p,Plantae,Biliphyta,,Rhodophyta,Eurhodophytina,,,Florideophyceae,Rhodymeniophycidae,,,,Ceramiales,,,,,,,,Delesseriaceae,Nitophylloideae,,Phycodryeae,,Polyneura,,Polyneura latissima,,Polyneura,POLL,recrpS9fyUH9kVBfc,,Vancouver,
Rhodomelaceae,FAMILY,ACCEPTED,,143674,http://www.marinespecies.org/aphia.php?p=taxdetails&id=143674,https://www.marinespecies.org/rest/AphiaClassificationByAphiaID/143674,urn:lsid:marinespecies.org:taxname:143674,https://airtable.com/tblLqtIyuwA7rbEC3/recbVkTGWEv39cUiz?blocks=bli5ItEhTDGAFc32p,Plantae,Biliphyta,,Rhodophyta,Eurhodophytina,,,Florideophyceae,Rhodymeniophycidae,,,,Ceramiales,,,,,,,,Rhodomelaceae,,,,,,,,,Ceramiales,,recbVkTGWEv39cUiz,,,NEOODO
Neorhodomela,GENUS,ACCEPTED,,369944,http://www.marinespecies.org/aphia.php?p=taxdetails&id=369944,https://www.marinespecies.org/rest/AphiaClassificationByAphiaID/369944,urn:lsid:marinespecies.org:taxname:369944,https://airtable.com/tblLqtIyuwA7rbEC3/recHXu45APMfRz99V?blocks=bli5ItEhTDGAFc32p,Plantae,Biliphyta,,Rhodophyta,Eurhodophytina,,,Florideophyceae,Rhodymeniophycidae,,,,Ceramiales,,,,,,,,Rhodomelaceae,,,,,Neorhodomela,,,,Rhodomelaceae,,recHXu45APMfRz99V,,,
Neorhodomela aculeata,SPECIES,ACCEPTED,Neorhodomela aculeata,372471,http://www.marinespecies.org/aphia.php?p=taxdetails&id=372471,https://www.marinespecies.org/rest/AphiaClassificationByAphiaID/372471,urn:lsid:marinespecies.org:taxname:372471,https://airtable.com/tblLqtIyuwA7rbEC3/recivYtwfCpz99pJ6?blocks=bli5ItEhTDGAFc32p,Plantae,Biliphyta,,Rhodophyta,Eurhodophytina,,,Florideophyceae,Rhodymeniophycidae,,,,Ceramiales,,,,,,,,Rhodomelaceae,,,,,Neorhodomela,,Neorhodomela aculeata,,Neorhodomela,NEOA,recivYtwfCpz99pJ6,,Quadra,
Neorhodomela larix,SPECIES,ACCEPTED,Black pine,372616,http://www.marinespecies.org/aphia.php?p=taxdetails&id=372616,https://www.marinespecies.org/rest/AphiaClassificationByAphiaID/372616,urn:lsid:marinespecies.org:taxname:372616,https://airtable.com/tblLqtIyuwA7rbEC3/recGQCQREwMTKEnd2?blocks=bli5ItEhTDGAFc32p,Plantae,Biliphyta,,Rhodophyta,Eurhodophytina,,,Florideophyceae,Rhodymeniophycidae,,,,Ceramiales,,,,,,,,Rhodomelaceae,,,,,Neorhodomela,,Neorhodomela larix,,Neorhodomela,"NELA,neol,NEOL",recGQCQREwMTKEnd2,,Vancouver,NEOLAR
Neorhodomela oregona,SPECIES,ACCEPTED,Oregon pine,372473,http://www.marinespecies.org/aphia.php?p=taxdetails&id=372473,https://www.marinespecies.org/rest/AphiaClassificationByAphiaID/372473,urn:lsid:marinespecies.org:taxname:372473,https://airtable.com/tblLqtIyuwA7rbEC3/recWf4CFU6zeGasPM?blocks=bli5ItEhTDGAFc32p,Plantae,Biliphyta,,Rhodophyta,Eurhodophytina,,,Florideophyceae,Rhodymeniophycidae,,,,Ceramiales,,,,,,,,Rhodomelaceae,,,,,Neorhodomela,,Neorhodomela oregona,,Neorhodomela,,recWf4CFU6zeGasPM,,"Quadra,Toby Island",
Odonthalia,GENUS,ACCEPTED,Odonthallia species,143918,http://www.marinespecies.org/aphia.php?p=taxdetails&id=143918,https://www.marinespecies.org/rest/AphiaClassificationByAphiaID/143918,urn:lsid:marinespecies.org:taxname:143918,https://airtable.com/tblLqtIyuwA7rbEC3/recRuqeLglx0zAFn3?blocks=bli5ItEhTDGAFc32p,Plantae,Biliphyta,,Rhodophyta,Eurhodophytina,,,Florideophyceae,Rhodymeniophycidae,,,,Ceramiales,,,,,,,,Rhodomelaceae,,,,,Odonthalia,,,,Rhodomelaceae,ODON,recRuqeLglx0zAFn3,,,ODOSPP
Odonthalia floccosa,SPECIES,ACCEPTED,Sea brush,372621,http://www.marinespecies.org/aphia.php?p=taxdetails&id=372621,https://www.marinespecies.org/rest/AphiaClassificationByAphiaID/372621,urn:lsid:marinespecies.org:taxname:372621,https://airtable.com/tblLqtIyuwA7rbEC3/recl1TsMhUA2tdsMM?blocks=bli5ItEhTDGAFc32p,Plantae,Biliphyta,,Rhodophyta,Eurhodophytina,,,Florideophyceae,Rhodymeniophycidae,,,,Ceramiales,,,,,,,,Rhodomelaceae,,,,,Odonthalia,,Odonthalia floccosa,,Odonthalia,"ODFL,odof,ODOF",recl1TsMhUA2tdsMM,"1718053777210_4953479067575068808.jpg (https://v5.airtableusercontent.com/v3/u/33/33/1727985600000/ZSerjdXPiwDTySJYxHOu6g/G0ErVSX4sK80JMn4xu1KkkyWwaCuenZ0n7qQYgBy3IqtPhBI7uDbffbk-3gRuSfryHc0G-m2qJuPX8TopwsZH1xQ2QbBAbeYFiDwoLBtvFp4K_VoW_c0zVfHSx9acLkfaD_4qzQi0HSF6hTy6c_zRPvAf4l_hEY7QdeoQ5QzZ27Hz6wrkOAXbk75Poe1zzwp/yVLooXTsNm_ozGishVVzH4Q9ichOolPryTvPSa3F7Ls),1718053798781_2678140103550203477.jpg (https://v5.airtableusercontent.com/v3/u/33/33/1727985600000/nlVkENLrURLAPwfqkw7VfQ/4pV0sXgDPnaWBvsIFRl69-UGF4FvHXqa9Yet1EBtJBE8YMIUdY6_jUUdCJXLXq2W0BoUqOS0ncv7_XmhLXSLdVz7RjWwxwqQ71ieUdw97EYzmHhYRz_Z0z2wMXBGj0RvI5yIT6nWfXLwSmfMaTdO3lZlUlZiB7XdD92R-jVkx0_cvzRgDHrDu9NltZm8HD3a/zXlhxHVvEYCrZVfK2LWFiktAmlTafDsAfaUN3Sn6pzY)",Vancouver,
Odonthalia washingtoniensis,SPECIES,ACCEPTED,,372622,http://www.marinespecies.org/aphia.php?p=taxdetails&id=372622,https://www.marinespecies.org/rest/AphiaClassificationByAphiaID/372622,urn:lsid:marinespecies.org:taxname:372622,https://airtable.com/tblLqtIyuwA7rbEC3/recYe58cyJaa1rcow?blocks=bli5ItEhTDGAFc32p,Plantae,Biliphyta,,Rhodophyta,Eurhodophytina,,,Florideophyceae,Rhodymeniophycidae,,,,Ceramiales,,,,,,,,Rhodomelaceae,,,,,Odonthalia,,Odonthalia washingtoniensis,,Odonthalia,,recYe58cyJaa1rcow,,Vancouver,
Chondrieae,TRIBE,ACCEPTED,,494004,http://www.marinespecies.org/aphia.php?p=taxdetails&id=494004,https://www.marinespecies.org/rest/AphiaClassificationByAphiaID/494004,urn:lsid:marinespecies.org:taxname:494004,https://airtable.com/tblLqtIyuwA7rbEC3/recj8J3Ua8HzFsz5T?blocks=bli5ItEhTDGAFc32p,Plantae,Biliphyta,,Rhodophyta,Eurhodophytina,,,Florideophyceae,Rhodymeniophycidae,,,,Ceramiales,,,,,,,,Rhodomelaceae,,,Chondrieae,,,,,,Rhodomelaceae,,recj8J3Ua8HzFsz5T,,,
Chondria,GENUS,ACCEPTED,,143906,http://www.marinespecies.org/aphia.php?p=taxdetails&id=143906,https://www.marinespecies.org/rest/AphiaClassificationByAphiaID/143906,urn:lsid:marinespecies.org:taxname:143906,https://airtable.com/tblLqtIyuwA7rbEC3/rectzJ2nT6kguKWsA?blocks=bli5ItEhTDGAFc32p,Plantae,Biliphyta,,Rhodophyta,Eurhodophytina,,,Florideophyceae,Rhodymeniophycidae,,,,Ceramiales,,,,,,,,Rhodomelaceae,,,Chondrieae,,Chondria,,,,Chondrieae,,rectzJ2nT6kguKWsA,,,
Chondria dasyphylla,SPECIES,ACCEPTED,,144799,http://www.marinespecies.org/aphia.php?p=taxdetails&id=144799,https://www.marinespecies.org/rest/AphiaClassificationByAphiaID/144799,urn:lsid:marinespecies.org:taxname:144799,https://airtable.com/tblLqtIyuwA7rbEC3/recr1tGUMcrYwQ3Sm?blocks=bli5ItEhTDGAFc32p,Plantae,Biliphyta,,Rhodophyta,Eurhodophytina,,,Florideophyceae,Rhodymeniophycidae,,,,Ceramiales,,,,,,,,Rhodomelaceae,,,Chondrieae,,Chondria,,Chondria dasyphylla,,Chondria,,recr1tGUMcrYwQ3Sm,,Vancouver,
Herposiphonieae,TRIBE,ACCEPTED,,393565,http://www.marinespecies.org/aphia.php?p=taxdetails&id=393565,https://www.marinespecies.org/rest/AphiaClassificationByAphiaID/393565,urn:lsid:marinespecies.org:taxname:393565,https://airtable.com/tblLqtIyuwA7rbEC3/recPXvj2HTd4Qc55a?blocks=bli5ItEhTDGAFc32p,Plantae,Biliphyta,,Rhodophyta,Eurhodophytina,,,Florideophyceae,Rhodymeniophycidae,,,,Ceramiales,,,,,,,,Rhodomelaceae,,,Herposiphonieae,,,,,,Rhodomelaceae,,recPXvj2HTd4Qc55a,,,
Herposiphonia,GENUS,ACCEPTED,,205966,http://www.marinespecies.org/aphia.php?p=taxdetails&id=205966,https://www.marinespecies.org/rest/AphiaClassificationByAphiaID/205966,urn:lsid:marinespecies.org:taxname:205966,https://airtable.com/tblLqtIyuwA7rbEC3/rechXk3dlrI2RWafd?blocks=bli5ItEhTDGAFc32p,Plantae,Biliphyta,,Rhodophyta,Eurhodophytina,,,Florideophyceae,Rhodymeniophycidae,,,,Ceramiales,,,,,,,,Rhodomelaceae,,,Herposiphonieae,,Herposiphonia,,,,Herposiphonieae,,rechXk3dlrI2RWafd,,,
Herposiphonia plumula,SPECIES,ACCEPTED,,372584,http://www.marinespecies.org/aphia.php?p=taxdetails&id=372584,https://www.marinespecies.org/rest/AphiaClassificationByAphiaID/372584,urn:lsid:marinespecies.org:taxname:372584,https://airtable.com/tblLqtIyuwA7rbEC3/recLazwyP6bWSqpNh?blocks=bli5ItEhTDGAFc32p,Plantae,Biliphyta,,Rhodophyta,Eurhodophytina,,,Florideophyceae,Rhodymeniophycidae,,,,Ceramiales,,,,,,,,Rhodomelaceae,,,Herposiphonieae,,Herposiphonia,,Herposiphonia plumula,,Herposiphonia,,recLazwyP6bWSqpNh,,Quadra,
Polysiphonieae,TRIBE,ACCEPTED,,393561,http://www.marinespecies.org/aphia.php?p=taxdetails&id=393561,https://www.marinespecies.org/rest/AphiaClassificationByAphiaID/393561,urn:lsid:marinespecies.org:taxname:393561,https://airtable.com/tblLqtIyuwA7rbEC3/rec1NPwbCia1fbFeN?blocks=bli5ItEhTDGAFc32p,Plantae,Biliphyta,,Rhodophyta,Eurhodophytina,,,Florideophyceae,Rhodymeniophycidae,,,,Ceramiales,,,,,,,,Rhodomelaceae,,,Polysiphonieae,,,,,,Rhodomelaceae,,rec1NPwbCia1fbFeN,,,
Eutrichosiphonia,GENUS,ACCEPTED,,1341903,http://www.marinespecies.org/aphia.php?p=taxdetails&id=1341903,https://www.marinespecies.org/rest/AphiaClassificationByAphiaID/1341903,urn:lsid:marinespecies.org:taxname:1341903,https://airtable.com/tblLqtIyuwA7rbEC3/recx6eMISqxgJKE8o?blocks=bli5ItEhTDGAFc32p,Plantae,Biliphyta,,Rhodophyta,Eurhodophytina,,,Florideophyceae,Rhodymeniophycidae,,,,Ceramiales,,,,,,,,Rhodomelaceae,,,Polysiphonieae,,Eutrichosiphonia,,,,Polysiphonieae,,recx6eMISqxgJKE8o,,,
Eutrichosiphonia paniculata,SPECIES,ACCEPTED,,1660526,http://www.marinespecies.org/aphia.php?p=taxdetails&id=1660526,https://www.marinespecies.org/rest/AphiaClassificationByAphiaID/1660526,urn:lsid:marinespecies.org:taxname:1660526,https://airtable.com/tblLqtIyuwA7rbEC3/recA6Pn3lRgiTtXkY?blocks=bli5ItEhTDGAFc32p,Plantae,Biliphyta,,Rhodophyta,Eurhodophytina,,,Florideophyceae,Rhodymeniophycidae,,,,Ceramiales,,,,,,,,Rhodomelaceae,,,Polysiphonieae,,Eutrichosiphonia,,Eutrichosiphonia paniculata,,Eutrichosiphonia,,recA6Pn3lRgiTtXkY,,"Quadra,Vancouver",
Polysiphonia,GENUS,ACCEPTED,Polysiphonia,143853,http://www.marinespecies.org/aphia.php?p=taxdetails&id=143853,https://www.marinespecies.org/rest/AphiaClassificationByAphiaID/143853,urn:lsid:marinespecies.org:taxname:143853,https://airtable.com/tblLqtIyuwA7rbEC3/recavVn2j32AbtJ8o?blocks=bli5ItEhTDGAFc32p,Plantae,Biliphyta,,Rhodophyta,Eurhodophytina,,,Florideophyceae,Rhodymeniophycidae,,,,Ceramiales,,,,,,,,Rhodomelaceae,,,Polysiphonieae,,Polysiphonia,,,,Polysiphonieae,POLYS,recavVn2j32AbtJ8o,,,
Polysiphonia pacifica,SPECIES,ACCEPTED,,372636,http://www.marinespecies.org/aphia.php?p=taxdetails&id=372636,https://www.marinespecies.org/rest/AphiaClassificationByAphiaID/372636,urn:lsid:marinespecies.org:taxname:372636,https://airtable.com/tblLqtIyuwA7rbEC3/recdUEW92AdkDf7DJ?blocks=bli5ItEhTDGAFc32p,Plantae,Biliphyta,,Rhodophyta,Eurhodophytina,,,Florideophyceae,Rhodymeniophycidae,,,,Ceramiales,,,,,,,,Rhodomelaceae,,,Polysiphonieae,,Polysiphonia,,Polysiphonia pacifica,,Polysiphonia,,recdUEW92AdkDf7DJ,,Vancouver,
Polysiphonia villum,SPECIES,ACCEPTED,,497690,http://www.marinespecies.org/aphia.php?p=taxdetails&id=497690,https://www.marinespecies.org/rest/AphiaClassificationByAphiaID/497690,urn:lsid:marinespecies.org:taxname:497690,https://airtable.com/tblLqtIyuwA7rbEC3/recXeBhTlu0g9wp4U?blocks=bli5ItEhTDGAFc32p,Plantae,Biliphyta,,Rhodophyta,Eurhodophytina,,,Florideophyceae,Rhodymeniophycidae,,,,Ceramiales,,,,,,,,Rhodomelaceae,,,Polysiphonieae,,Polysiphonia,,Polysiphonia villum,,Polysiphonia,,recXeBhTlu0g9wp4U,,Vancouver,
Pterosiphonieae,TRIBE,ACCEPTED,,494009,http://www.marinespecies.org/aphia.php?p=taxdetails&id=494009,https://www.marinespecies.org/rest/AphiaClassificationByAphiaID/494009,urn:lsid:marinespecies.org:taxname:494009,https://airtable.com/tblLqtIyuwA7rbEC3/rec1QdFBqdiVUpYgS?blocks=bli5ItEhTDGAFc32p,Plantae,Biliphyta,,Rhodophyta,Eurhodophytina,,,Florideophyceae,Rhodymeniophycidae,,,,Ceramiales,,,,,,,,Rhodomelaceae,,,Pterosiphonieae,,,,,,Rhodomelaceae,,rec1QdFBqdiVUpYgS,,,
Pterosiphonia,GENUS,ACCEPTED,Pterosiphonia species,143922,http://www.marinespecies.org/aphia.php?p=taxdetails&id=143922,https://www.marinespecies.org/rest/AphiaClassificationByAphiaID/143922,urn:lsid:marinespecies.org:taxname:143922,https://airtable.com/tblLqtIyuwA7rbEC3/recjpT04LwI3oMpv5?blocks=bli5ItEhTDGAFc32p,Plantae,Biliphyta,,Rhodophyta,Eurhodophytina,,,Florideophyceae,Rhodymeniophycidae,,,,Ceramiales,,,,,,,,Rhodomelaceae,,,Pterosiphonieae,,Pterosiphonia,,,,Pterosiphonieae,PTER,recjpT04LwI3oMpv5,,Vancouver,
Pterosiphonia bipinnata,SPECIES,UNACCEPTED,Pterosiphonia bipinnata,372489,http://www.marinespecies.org/aphia.php?p=taxdetails&id=372489,https://www.marinespecies.org/rest/AphiaClassificationByAphiaID/372489,urn:lsid:marinespecies.org:taxname:372489,https://airtable.com/tblLqtIyuwA7rbEC3/recQBUkJk0yXrHeEi?blocks=bli5ItEhTDGAFc32p,Plantae,Biliphyta,,Rhodophyta,Eurhodophytina,,,Florideophyceae,Rhodymeniophycidae,,,,Ceramiales,,,,,,,,Rhodomelaceae,,,Pterosiphonieae,,Pterosiphonia,,Pterosiphonia bipinnata,,Pterosiphonia,PTEB,recQBUkJk0yXrHeEi,,,
Savoiea,GENUS,ACCEPTED,,1345054,http://www.marinespecies.org/aphia.php?p=taxdetails&id=1345054,https://www.marinespecies.org/rest/AphiaClassificationByAphiaID/1345054,urn:lsid:marinespecies.org:taxname:1345054,https://airtable.com/tblLqtIyuwA7rbEC3/recu501iY2voLuVAG?blocks=bli5ItEhTDGAFc32p,Plantae,Biliphyta,,Rhodophyta,Eurhodophytina,,,Florideophyceae,Rhodymeniophycidae,,,,Ceramiales,,,,,,,,Rhodomelaceae,,,Pterosiphonieae,,Savoiea,,,,Pterosiphonieae,,recu501iY2voLuVAG,,,
Savoiea robusta,SPECIES,NOT IN WORMS,Black tassel,,,,,https://airtable.com/tblLqtIyuwA7rbEC3/recqdZDswZ5huqggT?blocks=bli5ItEhTDGAFc32p,Plantae,Biliphyta,,Rhodophyta,Eurhodophytina,,,Florideophyceae,Rhodymeniophycidae,,,,Ceramiales,,,,,,,,Rhodomelaceae,,,Pterosiphonieae,,Savoiea,,Savoiea robusta,,Savoiea,SARO,recqdZDswZ5huqggT,,"Quadra,Vancouver",
Rhodomeleae,TRIBE,ACCEPTED,,1646407,http://www.marinespecies.org/aphia.php?p=taxdetails&id=1646407,https://www.marinespecies.org/rest/AphiaClassificationByAphiaID/1646407,urn:lsid:marinespecies.org:taxname:1646407,https://airtable.com/tblLqtIyuwA7rbEC3/recV5x4HDwQR4j2Zk?blocks=bli5ItEhTDGAFc32p,Plantae,Biliphyta,,Rhodophyta,Eurhodophytina,,,Florideophyceae,Rhodymeniophycidae,,,,Ceramiales,,,,,,,,Rhodomelaceae,,,Rhodomeleae,,,,,,Rhodomelaceae,,recV5x4HDwQR4j2Zk,,,
Harveyella,GENUS,ACCEPTED,,144144,http://www.marinespecies.org/aphia.php?p=taxdetails&id=144144,https://www.marinespecies.org/rest/AphiaClassificationByAphiaID/144144,urn:lsid:marinespecies.org:taxname:144144,https://airtable.com/tblLqtIyuwA7rbEC3/recRkiqXB6QzBlEI1?blocks=bli5ItEhTDGAFc32p,Plantae,Biliphyta,,Rhodophyta,Eurhodophytina,,,Florideophyceae,Rhodymeniophycidae,,,,Ceramiales,,,,,,,,Rhodomelaceae,,,Rhodomeleae,,Harveyella,,,,Rhodomeleae,,recRkiqXB6QzBlEI1,,,
Harveyella mirabilis,SPECIES,ACCEPTED,,145610,http://www.marinespecies.org/aphia.php?p=taxdetails&id=145610,https://www.marinespecies.org/rest/AphiaClassificationByAphiaID/145610,urn:lsid:marinespecies.org:taxname:145610,https://airtable.com/tblLqtIyuwA7rbEC3/recQHU01CsjGk1wJh?blocks=bli5ItEhTDGAFc32p,Plantae,Biliphyta,,Rhodophyta,Eurhodophytina,,,Florideophyceae,Rhodymeniophycidae,,,,Ceramiales,,,,,,,,Rhodomelaceae,,,Rhodomeleae,,Harveyella,,Harveyella mirabilis,,Harveyella,,recQHU01CsjGk1wJh,,Vancouver,
Streblocladieae,TRIBE,ACCEPTED,,1309985,http://www.marinespecies.org/aphia.php?p=taxdetails&id=1309985,https://www.marinespecies.org/rest/AphiaClassificationByAphiaID/1309985,urn:lsid:marinespecies.org:taxname:1309985,https://airtable.com/tblLqtIyuwA7rbEC3/recvHPXXfBkQ7Bct6?blocks=bli5ItEhTDGAFc32p,Plantae,Biliphyta,,Rhodophyta,Eurhodophytina,,,Florideophyceae,Rhodymeniophycidae,,,,Ceramiales,,,,,,,,Rhodomelaceae,,,Streblocladieae,,,,,,Rhodomelaceae,,recvHPXXfBkQ7Bct6,,,
Leptosiphonia,GENUS,ACCEPTED,,143915,http://www.marinespecies.org/aphia.php?p=taxdetails&id=143915,https://www.marinespecies.org/rest/AphiaClassificationByAphiaID/143915,urn:lsid:marinespecies.org:taxname:143915,https://airtable.com/tblLqtIyuwA7rbEC3/rec1Epqy3TTkGdeXD?blocks=bli5ItEhTDGAFc32p,Plantae,Biliphyta,,Rhodophyta,Eurhodophytina,,,Florideophyceae,Rhodymeniophycidae,,,,Ceramiales,,,,,,,,Rhodomelaceae,,,Streblocladieae,,Leptosiphonia,,,,Streblocladieae,,rec1Epqy3TTkGdeXD,,,
Leptosiphonia brodiei,SPECIES,ACCEPTED,,1340377,http://www.marinespecies.org/aphia.php?p=taxdetails&id=1340377,https://www.marinespecies.org/rest/AphiaClassificationByAphiaID/1340377,urn:lsid:marinespecies.org:taxname:1340377,https://airtable.com/tblLqtIyuwA7rbEC3/rechJPHnWnKKBMInI?blocks=bli5ItEhTDGAFc32p,Plantae,Biliphyta,,Rhodophyta,Eurhodophytina,,,Florideophyceae,Rhodymeniophycidae,,,,Ceramiales,,,,,,,,Rhodomelaceae,,,Streblocladieae,,Leptosiphonia,,Leptosiphonia brodiei,,Leptosiphonia,,rechJPHnWnKKBMInI,,Vancouver,
Vertebrata (algae),GENUS,ACCEPTED,,370321,http://www.marinespecies.org/aphia.php?p=taxdetails&id=370321,https://www.marinespecies.org/rest/AphiaClassificationByAphiaID/370321,urn:lsid:marinespecies.org:taxname:370321,https://airtable.com/tblLqtIyuwA7rbEC3/rechsVDdK8wdBeXZK?blocks=bli5ItEhTDGAFc32p,Plantae,Biliphyta,,Rhodophyta,Eurhodophytina,,,Florideophyceae,Rhodymeniophycidae,,,,Ceramiales,,,,,,,,Rhodomelaceae,,,Streblocladieae,,Vertebrata ,,,,Streblocladieae,,rechsVDdK8wdBeXZK,,,
Vertebrata hendryi,SPECIES,ACCEPTED,,1347895,http://www.marinespecies.org/aphia.php?p=taxdetails&id=1347895,https://www.marinespecies.org/rest/AphiaClassificationByAphiaID/1347895,urn:lsid:marinespecies.org:taxname:1347895,https://airtable.com/tblLqtIyuwA7rbEC3/recDr8aPYvcC2YKUh?blocks=bli5ItEhTDGAFc32p,Plantae,Biliphyta,,Rhodophyta,Eurhodophytina,,,Florideophyceae,Rhodymeniophycidae,,,,Ceramiales,,,,,,,,Rhodomelaceae,,,Streblocladieae,,Vertebrata (algae),,Vertebrata hendryi,,Vertebrata (algae),,recDr8aPYvcC2YKUh,img_4317.jpg (https://v5.airtableusercontent.com/v3/u/33/33/1727985600000/4B-PNZKMrrSpGl0_NgnshQ/ioLvGXJAsGgxq7tRumJ8OvjXwRJHLQqTUc7aLkpmzLMQIAGzwSjVcZ3oOoKWtbsFWgnbBY1ih2gkMKteobDqh-c-ydWSS-QisXWWsokC7VsbT_ZfKDhNIplfx7azx0dB0Ft9w5fjkqCMeDLaEH1BskzxFZ35crJySm9r6WEfutA/1Ddd22DVf58uXgSmOYlhBT3juSNulmvcYXEZIOEsBIc),"Quadra,Vancouver",
Ceramiineae,SUBORDER,ACCEPTED,,1306591,http://www.marinespecies.org/aphia.php?p=taxdetails&id=1306591,https://www.marinespecies.org/rest/AphiaClassificationByAphiaID/1306591,urn:lsid:marinespecies.org:taxname:1306591,https://airtable.com/tblLqtIyuwA7rbEC3/recZgSULCT9D6OEgB?blocks=bli5ItEhTDGAFc32p,Plantae,Biliphyta,,Rhodophyta,Eurhodophytina,,,Florideophyceae,Rhodymeniophycidae,,,,Ceramiales,Ceramiineae,,,,,,,,,,,,,,,,Ceramiales,,recZgSULCT9D6OEgB,,,
Ceramiaceae,FAMILY,ACCEPTED,,143671,http://www.marinespecies.org/aphia.php?p=taxdetails&id=143671,https://www.marinespecies.org/rest/AphiaClassificationByAphiaID/143671,urn:lsid:marinespecies.org:taxname:143671,https://airtable.com/tblLqtIyuwA7rbEC3/reckPhRncFkbulfYl?blocks=bli5ItEhTDGAFc32p,Plantae,Biliphyta,,Rhodophyta,Eurhodophytina,,,Florideophyceae,Rhodymeniophycidae,,,,Ceramiales,Ceramiineae,,,,,,,Ceramiaceae,,,,,,,,,Ceramiineae,,reckPhRncFkbulfYl,,,
Ceramioideae,SUBFAMILY,ACCEPTED,,368722,http://www.marinespecies.org/aphia.php?p=taxdetails&id=368722,https://www.marinespecies.org/rest/AphiaClassificationByAphiaID/368722,urn:lsid:marinespecies.org:taxname:368722,https://airtable.com/tblLqtIyuwA7rbEC3/rec1KvUAqci7xlNSV?blocks=bli5ItEhTDGAFc32p,Plantae,Biliphyta,,Rhodophyta,Eurhodophytina,,,Florideophyceae,Rhodymeniophycidae,,,,Ceramiales,Ceramiineae,,,,,,,Ceramiaceae,Ceramioideae,,,,,,,,Ceramiaceae,,rec1KvUAqci7xlNSV,,,
Ceramieae,TRIBE,ACCEPTED,,163029,http://www.marinespecies.org/aphia.php?p=taxdetails&id=163029,https://www.marinespecies.org/rest/AphiaClassificationByAphiaID/163029,urn:lsid:marinespecies.org:taxname:163029,https://airtable.com/tblLqtIyuwA7rbEC3/rectOMgB5DaKYVuaO?blocks=bli5ItEhTDGAFc32p,Plantae,Biliphyta,,Rhodophyta,Eurhodophytina,,,Florideophyceae,Rhodymeniophycidae,,,,Ceramiales,Ceramiineae,,,,,,,Ceramiaceae,Ceramioideae,,Ceramieae,,,,,,Ceramioideae,,rectOMgB5DaKYVuaO,,,
Ceramium,GENUS,ACCEPTED,Ceramium,143834,http://www.marinespecies.org/aphia.php?p=taxdetails&id=143834,https://www.marinespecies.org/rest/AphiaClassificationByAphiaID/143834,urn:lsid:marinespecies.org:taxname:143834,https://airtable.com/tblLqtIyuwA7rbEC3/rec5sCocFZYaSP6bO?blocks=bli5ItEhTDGAFc32p,Plantae,Biliphyta,,Rhodophyta,Eurhodophytina,,,Florideophyceae,Rhodymeniophycidae,,,,Ceramiales,Ceramiineae,,,,,,,Ceramiaceae,Ceramioideae,,Ceramieae,,Ceramium,,,,Ceramieae,"CERA,CERA",rec5sCocFZYaSP6bO,,"Vancouver,Toby Island",
Ceramium gardneri,SPECIES,ACCEPTED,,1734913,http://www.marinespecies.org/aphia.php?p=taxdetails&id=1734913,https://www.marinespecies.org/rest/AphiaClassificationByAphiaID/1734913,urn:lsid:marinespecies.org:taxname:1734913,https://airtable.com/tblLqtIyuwA7rbEC3/reccWj6aXwcao2Htd?blocks=bli5ItEhTDGAFc32p,Plantae,Biliphyta,,Rhodophyta,Eurhodophytina,,,Florideophyceae,Rhodymeniophycidae,,,,Ceramiales,Ceramiineae,,,,,,,Ceramiaceae,Ceramioideae,,Ceramieae,,Ceramium,,Ceramium gardneri,,Ceramium,,reccWj6aXwcao2Htd,,Vancouver,
Ceramium kondoi,SPECIES,ACCEPTED,,1734918,http://www.marinespecies.org/aphia.php?p=taxdetails&id=1734918,https://www.marinespecies.org/rest/AphiaClassificationByAphiaID/1734918,urn:lsid:marinespecies.org:taxname:1734918,https://airtable.com/tblLqtIyuwA7rbEC3/recB1ISS5LIPtktz9?blocks=bli5ItEhTDGAFc32p,Plantae,Biliphyta,,Rhodophyta,Eurhodophytina,,,Florideophyceae,Rhodymeniophycidae,,,,Ceramiales,Ceramiineae,,,,,,,Ceramiaceae,Ceramioideae,,Ceramieae,,Ceramium,,Ceramium kondoi,,Ceramium,,recB1ISS5LIPtktz9,,Vancouver,
Ceramium pacificum,SPECIES,ACCEPTED,,1739124,http://www.marinespecies.org/aphia.php?p=taxdetails&id=1739124,https://www.marinespecies.org/rest/AphiaClassificationByAphiaID/1739124,urn:lsid:marinespecies.org:taxname:1739124,https://airtable.com/tblLqtIyuwA7rbEC3/recxTkuZ8eXtZyxDj?blocks=bli5ItEhTDGAFc32p,Plantae,Biliphyta,,Rhodophyta,Eurhodophytina,,,Florideophyceae,Rhodymeniophycidae,,,,Ceramiales,Ceramiineae,,,,,,,Ceramiaceae,Ceramioideae,,Ceramieae,,Ceramium,,Ceramium pacificum,,Ceramium,,recxTkuZ8eXtZyxDj,,Vancouver,
Microcladia,GENUS,ACCEPTED,,143848,http://www.marinespecies.org/aphia.php?p=taxdetails&id=143848,https://www.marinespecies.org/rest/AphiaClassificationByAphiaID/143848,urn:lsid:marinespecies.org:taxname:143848,https://airtable.com/tblLqtIyuwA7rbEC3/recxisb1wl06UImeC?blocks=bli5ItEhTDGAFc32p,Plantae,Biliphyta,,Rhodophyta,Eurhodophytina,,,Florideophyceae,Rhodymeniophycidae,,,,Ceramiales,Ceramiineae,,,,,,,Ceramiaceae,Ceramioideae,,Ceramieae,,Microcladia,,,,Ceramieae,,recxisb1wl06UImeC,,,
Microcladia borealis,SPECIES,ACCEPTED,Coarse sea lace,372610,http://www.marinespecies.org/aphia.php?p=taxdetails&id=372610,https://www.marinespecies.org/rest/AphiaClassificationByAphiaID/372610,urn:lsid:marinespecies.org:taxname:372610,https://airtable.com/tblLqtIyuwA7rbEC3/recRuz5CzOu8dYs6U?blocks=bli5ItEhTDGAFc32p,Plantae,Biliphyta,,Rhodophyta,Eurhodophytina,,,Florideophyceae,Rhodymeniophycidae,,,,Ceramiales,Ceramiineae,,,,,,,Ceramiaceae,Ceramioideae,,Ceramieae,,Microcladia,,Microcladia borealis,,Microcladia,"MIBO,micb,MICB",recRuz5CzOu8dYs6U,"PXL_20240610_184941327.MP.jpg (https://v5.airtableusercontent.com/v3/u/33/33/1727985600000/6wpmAfc9i3dPPNQfU2KQkQ/NCqwWQWJTGY1YtOalYZ7b5_HJSLBQxQTbBrVwwrJXl5lIIzAn9jjgRiaemCNl6E2bfGEjm9pE52c2qe8Vb-v1u_m3qxcJoMXUCnx5aWtryHGLrqx_ozfzyE2SFmKjPHerD6SIGH_jBj2UV32AC5fLz1lEV3pK9-WEojJQfOCt7-TVcDcUiITRklpgd9CE2z-/ssNi5KVN_akrOiD19OxzBd510q9_FGt306Uxy9KW114),PXL_20240610_184934682.jpg (https://v5.airtableusercontent.com/v3/u/33/33/1727985600000/FgaYRxHfAnAk1DRwtKn6ug/Y6MJpWtcnq987d1ywT608wqyOckNCXj8dA8W_pzG1icKUhux6n0AUNmvTf-D0sHtsOA7pYaXpA561ZtrJXJD3e1wjE_EbIt-nQh0bPQUTILjhJ1h5AKGOXLC2nFd3u7SYAuWihOGBOKIy-PDJBkrclVLGdWoMH-CodJs8lJIvvdirvcHZzrALjx14osJSkfQ/cCCXZ2ONq74TcLKjdtSCRfluMp587eYazxw_LzyRrJw)",,MICBOR
Microcladia coulteri,SPECIES,ACCEPTED,Microcladia coulteri,372611,http://www.marinespecies.org/aphia.php?p=taxdetails&id=372611,https://www.marinespecies.org/rest/AphiaClassificationByAphiaID/372611,urn:lsid:marinespecies.org:taxname:372611,https://airtable.com/tblLqtIyuwA7rbEC3/recPftKqFRt5nmF8T?blocks=bli5ItEhTDGAFc32p,Plantae,Biliphyta,,Rhodophyta,Eurhodophytina,,,Florideophyceae,Rhodymeniophycidae,,,,Ceramiales,Ceramiineae,,,,,,,Ceramiaceae,Ceramioideae,,Ceramieae,,Microcladia,,Microcladia coulteri,,Microcladia,micc,recPftKqFRt5nmF8T,,Vancouver,
Spermothamniineae,SUBORDER,ACCEPTED,,1304923,http://www.marinespecies.org/aphia.php?p=taxdetails&id=1304923,https://www.marinespecies.org/rest/AphiaClassificationByAphiaID/1304923,urn:lsid:marinespecies.org:taxname:1304923,https://airtable.com/tblLqtIyuwA7rbEC3/rec5I6yDMD05LXjGQ?blocks=bli5ItEhTDGAFc32p,Plantae,Biliphyta,,Rhodophyta,Eurhodophytina,,,Florideophyceae,Rhodymeniophycidae,,,,Ceramiales,Spermothamniineae,,,,,,,,,,,,,,,,Ceramiales,,rec5I6yDMD05LXjGQ,,,
Wrangeliaceae,FAMILY,ACCEPTED,,493877,http://www.marinespecies.org/aphia.php?p=taxdetails&id=493877,https://www.marinespecies.org/rest/AphiaClassificationByAphiaID/493877,urn:lsid:marinespecies.org:taxname:493877,https://airtable.com/tblLqtIyuwA7rbEC3/recH8TH3RPc0ogatq?blocks=bli5ItEhTDGAFc32p,Plantae,Biliphyta,,Rhodophyta,Eurhodophytina,,,Florideophyceae,Rhodymeniophycidae,,,,Ceramiales,Spermothamniineae,,,,,,,Wrangeliaceae,,,,,,,,,Spermothamniineae,,recH8TH3RPc0ogatq,,,
Gelidiales,ORDER,ACCEPTED,,146315,http://www.marinespecies.org/aphia.php?p=taxdetails&id=146315,https://www.marinespecies.org/rest/AphiaClassificationByAphiaID/146315,urn:lsid:marinespecies.org:taxname:146315,https://airtable.com/tblLqtIyuwA7rbEC3/recpafxeVTwlQqv1Z?blocks=bli5ItEhTDGAFc32p,Plantae,Biliphyta,,Rhodophyta,Eurhodophytina,,,Florideophyceae,Rhodymeniophycidae,,,,Gelidiales,,,,,,,,,,,,,,,,,Rhodymeniophycidae,,recpafxeVTwlQqv1Z,,,GELPTE
Gelidiaceae,FAMILY,ACCEPTED,,143726,http://www.marinespecies.org/aphia.php?p=taxdetails&id=143726,https://www.marinespecies.org/rest/AphiaClassificationByAphiaID/143726,urn:lsid:marinespecies.org:taxname:143726,https://airtable.com/tblLqtIyuwA7rbEC3/recYRtcthzwLycO4o?blocks=bli5ItEhTDGAFc32p,Plantae,Biliphyta,,Rhodophyta,Eurhodophytina,,,Florideophyceae,Rhodymeniophycidae,,,,Gelidiales,,,,,,,,Gelidiaceae,,,,,,,,,Gelidiales,,recYRtcthzwLycO4o,,,
Gelidium,GENUS,ACCEPTED,Gelidium,144135,http://www.marinespecies.org/aphia.php?p=taxdetails&id=144135,https://www.marinespecies.org/rest/AphiaClassificationByAphiaID/144135,urn:lsid:marinespecies.org:taxname:144135,https://airtable.com/tblLqtIyuwA7rbEC3/rec2WQVvY4LMIEXd2?blocks=bli5ItEhTDGAFc32p,Plantae,Biliphyta,,Rhodophyta,Eurhodophytina,,,Florideophyceae,Rhodymeniophycidae,,,,Gelidiales,,,,,,,,Gelidiaceae,,,,,Gelidium,,,,Gelidiaceae,geli,rec2WQVvY4LMIEXd2,,"Quadra,Vancouver",GELSPP
Gelidium coulteri,SPECIES,ACCEPTED,,372573,http://www.marinespecies.org/aphia.php?p=taxdetails&id=372573,https://www.marinespecies.org/rest/AphiaClassificationByAphiaID/372573,urn:lsid:marinespecies.org:taxname:372573,https://airtable.com/tblLqtIyuwA7rbEC3/recb3C8rpmCCXmBqG?blocks=bli5ItEhTDGAFc32p,Plantae,Biliphyta,,Rhodophyta,Eurhodophytina,,,Florideophyceae,Rhodymeniophycidae,,,,Gelidiales,,,,,,,,Gelidiaceae,,,,,Gelidium,,Gelidium coulteri,,Gelidium,,recb3C8rpmCCXmBqG,,"Quadra,Toby Island",
Pterocladiaceae,FAMILY,ACCEPTED,,368765,http://www.marinespecies.org/aphia.php?p=taxdetails&id=368765,https://www.marinespecies.org/rest/AphiaClassificationByAphiaID/368765,urn:lsid:marinespecies.org:taxname:368765,https://airtable.com/tblLqtIyuwA7rbEC3/recE3jSzvkM2utl7g?blocks=bli5ItEhTDGAFc32p,Plantae,Biliphyta,,Rhodophyta,Eurhodophytina,,,Florideophyceae,Rhodymeniophycidae,,,,Gelidiales,,,,,,,,Pterocladiaceae,,,,,,,,,Gelidiales,,recE3jSzvkM2utl7g,,,
Pterocladiella,GENUS,ACCEPTED,,144137,http://www.marinespecies.org/aphia.php?p=taxdetails&id=144137,https://www.marinespecies.org/rest/AphiaClassificationByAphiaID/144137,urn:lsid:marinespecies.org:taxname:144137,https://airtable.com/tblLqtIyuwA7rbEC3/recSd0YQKIUVGeUxQ?blocks=bli5ItEhTDGAFc32p,Plantae,Biliphyta,,Rhodophyta,Eurhodophytina,,,Florideophyceae,Rhodymeniophycidae,,,,Gelidiales,,,,,,,,Pterocladiaceae,,,,,Pterocladiella,,,,Pterocladiaceae,,recSd0YQKIUVGeUxQ,,,PTESPP
Pterocladiella caloglossoides,SPECIES,ACCEPTED,,374578,http://www.marinespecies.org/aphia.php?p=taxdetails&id=374578,https://www.marinespecies.org/rest/AphiaClassificationByAphiaID/374578,urn:lsid:marinespecies.org:taxname:374578,https://airtable.com/tblLqtIyuwA7rbEC3/recxI2CSrDjjWQHpc?blocks=bli5ItEhTDGAFc32p,Plantae,Biliphyta,,Rhodophyta,Eurhodophytina,,,Florideophyceae,Rhodymeniophycidae,,,,Gelidiales,,,,,,,,Pterocladiaceae,,,,,Pterocladiella,,Pterocladiella caloglossoides,,Pterocladiella,,recxI2CSrDjjWQHpc,,Quadra,
Gigartinales,ORDER,ACCEPTED,,871,http://www.marinespecies.org/aphia.php?p=taxdetails&id=871,https://www.marinespecies.org/rest/AphiaClassificationByAphiaID/871,urn:lsid:marinespecies.org:taxname:871,https://airtable.com/tblLqtIyuwA7rbEC3/recfktBRXaV0K9CBz?blocks=bli5ItEhTDGAFc32p,Plantae,Biliphyta,,Rhodophyta,Eurhodophytina,,,Florideophyceae,Rhodymeniophycidae,,,,Gigartinales,,,,,,,,,,,,,,,,,Rhodymeniophycidae,,recfktBRXaV0K9CBz,,,
Caulacanthaceae,FAMILY,ACCEPTED,,143728,http://www.marinespecies.org/aphia.php?p=taxdetails&id=143728,https://www.marinespecies.org/rest/AphiaClassificationByAphiaID/143728,urn:lsid:marinespecies.org:taxname:143728,https://airtable.com/tblLqtIyuwA7rbEC3/recvcux7w0A9Yg1Xl?blocks=bli5ItEhTDGAFc32p,Plantae,Biliphyta,,Rhodophyta,Eurhodophytina,,,Florideophyceae,Rhodymeniophycidae,,,,Gigartinales,,,,,,,,Caulacanthaceae,,,,,,,,,Gigartinales,,recvcux7w0A9Yg1Xl,,,
Caulacanthus,GENUS,ACCEPTED,,144141,http://www.marinespecies.org/aphia.php?p=taxdetails&id=144141,https://www.marinespecies.org/rest/AphiaClassificationByAphiaID/144141,urn:lsid:marinespecies.org:taxname:144141,https://airtable.com/tblLqtIyuwA7rbEC3/recRoEe7eN7ZlQyjn?blocks=bli5ItEhTDGAFc32p,Plantae,Biliphyta,,Rhodophyta,Eurhodophytina,,,Florideophyceae,Rhodymeniophycidae,,,,Gigartinales,,,,,,,,Caulacanthaceae,,,,,Caulacanthus,,,,Caulacanthaceae,,recRoEe7eN7ZlQyjn,,,
Caulacanthus ustulatus,SPECIES,ACCEPTED,,145606,http://www.marinespecies.org/aphia.php?p=taxdetails&id=145606,https://www.marinespecies.org/rest/AphiaClassificationByAphiaID/145606,urn:lsid:marinespecies.org:taxname:145606,https://airtable.com/tblLqtIyuwA7rbEC3/rec1yqw5AHi8TRLxN?blocks=bli5ItEhTDGAFc32p,Plantae,Biliphyta,,Rhodophyta,Eurhodophytina,,,Florideophyceae,Rhodymeniophycidae,,,,Gigartinales,,,,,,,,Caulacanthaceae,,,,,Caulacanthus,,Caulacanthus ustulatus,,Caulacanthus,,rec1yqw5AHi8TRLxN,,"Quadra,Vancouver",
Dumontiaceae,FAMILY,ACCEPTED,,143695,http://www.marinespecies.org/aphia.php?p=taxdetails&id=143695,https://www.marinespecies.org/rest/AphiaClassificationByAphiaID/143695,urn:lsid:marinespecies.org:taxname:143695,https://airtable.com/tblLqtIyuwA7rbEC3/recsxBQ3NfGgiyVp6?blocks=bli5ItEhTDGAFc32p,Plantae,Biliphyta,,Rhodophyta,Eurhodophytina,,,Florideophyceae,Rhodymeniophycidae,,,,Gigartinales,,,,,,,,Dumontiaceae,,,,,,,,,Gigartinales,,recsxBQ3NfGgiyVp6,,,
Constantinea,GENUS,ACCEPTED,Constantiniea,369518,http://www.marinespecies.org/aphia.php?p=taxdetails&id=369518,https://www.marinespecies.org/rest/AphiaClassificationByAphiaID/369518,urn:lsid:marinespecies.org:taxname:369518,https://airtable.com/tblLqtIyuwA7rbEC3/recQmji4j1O7Q6hVt?blocks=bli5ItEhTDGAFc32p,Plantae,Biliphyta,,Rhodophyta,Eurhodophytina,,,Florideophyceae,Rhodymeniophycidae,,,,Gigartinales,,,,,,,,Dumontiaceae,,,,,Constantinea,,,,Dumontiaceae,cons,recQmji4j1O7Q6hVt,,,
Constantinea simplex,SPECIES,ACCEPTED,,372553,http://www.marinespecies.org/aphia.php?p=taxdetails&id=372553,https://www.marinespecies.org/rest/AphiaClassificationByAphiaID/372553,urn:lsid:marinespecies.org:taxname:372553,https://airtable.com/tblLqtIyuwA7rbEC3/recpVDo7unT4pOdnW?blocks=bli5ItEhTDGAFc32p,Plantae,Biliphyta,,Rhodophyta,Eurhodophytina,,,Florideophyceae,Rhodymeniophycidae,,,,Gigartinales,,,,,,,,Dumontiaceae,,,,,Constantinea,,Constantinea simplex,,Constantinea,,recpVDo7unT4pOdnW,,Vancouver,
Constantinea subulifera,SPECIES,ACCEPTED,,372171,http://www.marinespecies.org/aphia.php?p=taxdetails&id=372171,https://www.marinespecies.org/rest/AphiaClassificationByAphiaID/372171,urn:lsid:marinespecies.org:taxname:372171,https://airtable.com/tblLqtIyuwA7rbEC3/rec9hkFWW8iW6ebCS?blocks=bli5ItEhTDGAFc32p,Plantae,Biliphyta,,Rhodophyta,Eurhodophytina,,,Florideophyceae,Rhodymeniophycidae,,,,Gigartinales,,,,,,,,Dumontiaceae,,,,,Constantinea,,Constantinea subulifera,,Constantinea,,rec9hkFWW8iW6ebCS,,Vancouver,
Cryptosiphonia,GENUS,ACCEPTED,,369539,http://www.marinespecies.org/aphia.php?p=taxdetails&id=369539,https://www.marinespecies.org/rest/AphiaClassificationByAphiaID/369539,urn:lsid:marinespecies.org:taxname:369539,https://airtable.com/tblLqtIyuwA7rbEC3/recJmTRmFtSWqri39?blocks=bli5ItEhTDGAFc32p,Plantae,Biliphyta,,Rhodophyta,Eurhodophytina,,,Florideophyceae,Rhodymeniophycidae,,,,Gigartinales,,,,,,,,Dumontiaceae,,,,,Cryptosiphonia,,,,Dumontiaceae,,recJmTRmFtSWqri39,,,
Cryptosiphonia woodii,SPECIES,ACCEPTED,Bleached brunette,372563,http://www.marinespecies.org/aphia.php?p=taxdetails&id=372563,https://www.marinespecies.org/rest/AphiaClassificationByAphiaID/372563,urn:lsid:marinespecies.org:taxname:372563,https://airtable.com/tblLqtIyuwA7rbEC3/recjVH62m9YELtZ22?blocks=bli5ItEhTDGAFc32p,Plantae,Biliphyta,,Rhodophyta,Eurhodophytina,,,Florideophyceae,Rhodymeniophycidae,,,,Gigartinales,,,,,,,,Dumontiaceae,,,,,Cryptosiphonia,,Cryptosiphonia woodii,,Cryptosiphonia,"CRWO,CRYW",recjVH62m9YELtZ22,PXL_20240507_183424100.MP.jpg (https://v5.airtableusercontent.com/v3/u/33/33/1727985600000/UzAxfaE2uQ4WiVFtHDMuHg/lmFABb3pPf1ln4uWmAbkhV2x_oWk9xGdw16KHyQ0lGua3ft7K5E0U06Ko7sHS6_PUWtQBcZVpAVKCOqtUUPhysE7f4Yc5HIWq9tMQbjfnfIMNg-7ziLnYU4j-jYkExgWQgElev2oieKK_IYrdq3oMeIh-eUZlrdDOX7gIBDYWYJVeDgH9LF9GzTaDhmSXlDD/tut9Jlo0__YKWh454Wl9fjkAJ7uGOSS8OCQHlNsc1Jw),"Quadra,Vancouver,Toby Island",CRYWOO
Dilsea,GENUS,ACCEPTED,Sea belt,144031,http://www.marinespecies.org/aphia.php?p=taxdetails&id=144031,https://www.marinespecies.org/rest/AphiaClassificationByAphiaID/144031,urn:lsid:marinespecies.org:taxname:144031,https://airtable.com/tblLqtIyuwA7rbEC3/rec9yc5jYnNPESI10?blocks=bli5ItEhTDGAFc32p,Plantae,Biliphyta,,Rhodophyta,Eurhodophytina,,,Florideophyceae,Rhodymeniophycidae,,,,Gigartinales,,,,,,,,Dumontiaceae,,,,,Dilsea,,,,Dumontiaceae,DILS,rec9yc5jYnNPESI10,,,
Farlowia,GENUS,ACCEPTED,,369648,http://www.marinespecies.org/aphia.php?p=taxdetails&id=369648,https://www.marinespecies.org/rest/AphiaClassificationByAphiaID/369648,urn:lsid:marinespecies.org:taxname:369648,https://airtable.com/tblLqtIyuwA7rbEC3/rec44tCvwaGIwyJ9J?blocks=bli5ItEhTDGAFc32p,Plantae,Biliphyta,,Rhodophyta,Eurhodophytina,,,Florideophyceae,Rhodymeniophycidae,,,,Gigartinales,,,,,,,,Dumontiaceae,,,,,Farlowia,,,,Dumontiaceae,,rec44tCvwaGIwyJ9J,,,
Farlowia mollis,SPECIES,ACCEPTED,,372571,http://www.marinespecies.org/aphia.php?p=taxdetails&id=372571,https://www.marinespecies.org/rest/AphiaClassificationByAphiaID/372571,urn:lsid:marinespecies.org:taxname:372571,https://airtable.com/tblLqtIyuwA7rbEC3/recbofqCLxJjIIT6I?blocks=bli5ItEhTDGAFc32p,Plantae,Biliphyta,,Rhodophyta,Eurhodophytina,,,Florideophyceae,Rhodymeniophycidae,,,,Gigartinales,,,,,,,,Dumontiaceae,,,,,Farlowia,,Farlowia mollis,,Farlowia,FAMO,recbofqCLxJjIIT6I,,"Quadra,Vancouver",FARMOL
Neodilsea,GENUS,ACCEPTED,,204928,http://www.marinespecies.org/aphia.php?p=taxdetails&id=204928,https://www.marinespecies.org/rest/AphiaClassificationByAphiaID/204928,urn:lsid:marinespecies.org:taxname:204928,https://airtable.com/tblLqtIyuwA7rbEC3/recYTcBH01pDGHgZX?blocks=bli5ItEhTDGAFc32p,Plantae,Biliphyta,,Rhodophyta,Eurhodophytina,,,Florideophyceae,Rhodymeniophycidae,,,,Gigartinales,,,,,,,,Dumontiaceae,,,,,Neodilsea,,,,Dumontiaceae,,recYTcBH01pDGHgZX,,,
Neodilsea borealis,SPECIES,ACCEPTED,,373956,http://www.marinespecies.org/aphia.php?p=taxdetails&id=373956,https://www.marinespecies.org/rest/AphiaClassificationByAphiaID/373956,urn:lsid:marinespecies.org:taxname:373956,https://airtable.com/tblLqtIyuwA7rbEC3/recHGbKqAORzllaH3?blocks=bli5ItEhTDGAFc32p,Plantae,Biliphyta,,Rhodophyta,Eurhodophytina,,,Florideophyceae,Rhodymeniophycidae,,,,Gigartinales,,,,,,,,Dumontiaceae,,,,,Neodilsea,,Neodilsea borealis,,Neodilsea,,recHGbKqAORzllaH3,,Vancouver,
Endocladiaceae,FAMILY,ACCEPTED,,368772,http://www.marinespecies.org/aphia.php?p=taxdetails&id=368772,https://www.marinespecies.org/rest/AphiaClassificationByAphiaID/368772,urn:lsid:marinespecies.org:taxname:368772,https://airtable.com/tblLqtIyuwA7rbEC3/recoertf2HTyitIgz?blocks=bli5ItEhTDGAFc32p,Plantae,Biliphyta,,Rhodophyta,Eurhodophytina,,,Florideophyceae,Rhodymeniophycidae,,,,Gigartinales,,,,,,,,Endocladiaceae,,,,,,,,,Gigartinales,,recoertf2HTyitIgz,,,
Endocladia,GENUS,ACCEPTED,,369617,http://www.marinespecies.org/aphia.php?p=taxdetails&id=369617,https://www.marinespecies.org/rest/AphiaClassificationByAphiaID/369617,urn:lsid:marinespecies.org:taxname:369617,https://airtable.com/tblLqtIyuwA7rbEC3/rec2vusqrFMHCd4ul?blocks=bli5ItEhTDGAFc32p,Plantae,Biliphyta,,Rhodophyta,Eurhodophytina,,,Florideophyceae,Rhodymeniophycidae,,,,Gigartinales,,,,,,,,Endocladiaceae,,,,,Endocladia,,,,Endocladiaceae,,rec2vusqrFMHCd4ul,,,
Endocladia muricata,SPECIES,ACCEPTED,Turfweed,372566,http://www.marinespecies.org/aphia.php?p=taxdetails&id=372566,https://www.marinespecies.org/rest/AphiaClassificationByAphiaID/372566,urn:lsid:marinespecies.org:taxname:372566,https://airtable.com/tblLqtIyuwA7rbEC3/recdhMU6kWOzZziiB?blocks=bli5ItEhTDGAFc32p,Plantae,Biliphyta,,Rhodophyta,Eurhodophytina,,,Florideophyceae,Rhodymeniophycidae,,,,Gigartinales,,,,,,,,Endocladiaceae,,,,,Endocladia,,Endocladia muricata,,Endocladia,"ENMU,endm,ENDM",recdhMU6kWOzZziiB,,"Quadra,Vancouver",ENDMUR
Gloiopeltis,GENUS,ACCEPTED,,369683,http://www.marinespecies.org/aphia.php?p=taxdetails&id=369683,https://www.marinespecies.org/rest/AphiaClassificationByAphiaID/369683,urn:lsid:marinespecies.org:taxname:369683,https://airtable.com/tblLqtIyuwA7rbEC3/rec2uKHdg3YCEtG5p?blocks=bli5ItEhTDGAFc32p,Plantae,Biliphyta,,Rhodophyta,Eurhodophytina,,,Florideophyceae,Rhodymeniophycidae,,,,Gigartinales,,,,,,,,Endocladiaceae,,,,,Gloiopeltis,,,,Endocladiaceae,,rec2uKHdg3YCEtG5p,,,
Gloiopeltis furcata,SPECIES,ACCEPTED,Jelly moss,372181,http://www.marinespecies.org/aphia.php?p=taxdetails&id=372181,https://www.marinespecies.org/rest/AphiaClassificationByAphiaID/372181,urn:lsid:marinespecies.org:taxname:372181,https://airtable.com/tblLqtIyuwA7rbEC3/recyNtQ5akM0uXsHP?blocks=bli5ItEhTDGAFc32p,Plantae,Biliphyta,,Rhodophyta,Eurhodophytina,,,Florideophyceae,Rhodymeniophycidae,,,,Gigartinales,,,,,,,,Endocladiaceae,,,,,Gloiopeltis,,Gloiopeltis furcata,,Gloiopeltis,"GLFU,GLOF",recyNtQ5akM0uXsHP,"PXL_20240505_173819747.jpg (https://v5.airtableusercontent.com/v3/u/33/33/1727985600000/jb_laJzD42GwNWrtaIYwFw/OZM7eDnYdYvs1n6fU7s3A3yDtKh46yAgf-bzPYSNod5Yze5tyTp7vyM8u2QGQvrz6dMd_h0T3suWYhGyragjSPChsdQxhx4nyPj50TryJtDsdmkIECLSPUBWPp9W3IfrpSZOFbFmXEGALpPwH3m3o4D4foTpPyIK6n-ttNOLOQjLKNz_NkfoizNI-5GYA9x2/7EcQkhi8SNhR303aFIOAdGejzILbEXx0aVGgWuUnOg8),PXL_20240507_181849719.jpg (https://v5.airtableusercontent.com/v3/u/33/33/1727985600000/pT04Wdgo-JpqXKm_2xVx9A/YFCoskQQ9X3WpNXaqhEOY5RjbVOL_6Cg4awoU_v2fHlJVBoSWHHnxVhkU0k5vYa0zH0Sk_ghjPFjmQlZhAKDBM9uLNmfXWycruDhCFAdOtcw5alqXulms4OjxxVXyMUNs6-GVUNvPqOVJf9w12KQ-oXc4x40KgnbaxjsLRAuNb-Gi1XvtQng9bBYowPdPWJO/pY0YIIt9rggAfkD_RbXJLffbt8E8xUuEKyGkFu6Gukk)",Quadra,GLOFUR
Furcellariaceae,FAMILY,ACCEPTED,,143732,http://www.marinespecies.org/aphia.php?p=taxdetails&id=143732,https://www.marinespecies.org/rest/AphiaClassificationByAphiaID/143732,urn:lsid:marinespecies.org:taxname:143732,https://airtable.com/tblLqtIyuwA7rbEC3/rec0jrcBkiWH7trkF?blocks=bli5ItEhTDGAFc32p,Plantae,Biliphyta,,Rhodophyta,Eurhodophytina,,,Florideophyceae,Rhodymeniophycidae,,,,Gigartinales,,,,,,,,Furcellariaceae,,,,,,,,,Gigartinales,,rec0jrcBkiWH7trkF,,,
Opuntiella,GENUS,ACCEPTED,,369969,http://www.marinespecies.org/aphia.php?p=taxdetails&id=369969,https://www.marinespecies.org/rest/AphiaClassificationByAphiaID/369969,urn:lsid:marinespecies.org:taxname:369969,https://airtable.com/tblLqtIyuwA7rbEC3/rec2n0v9RcdAywaqF?blocks=bli5ItEhTDGAFc32p,Plantae,Biliphyta,,Rhodophyta,Eurhodophytina,,,Florideophyceae,Rhodymeniophycidae,,,,Gigartinales,,,,,,,,Furcellariaceae,,,,,Opuntiella,,,,Furcellariaceae,,rec2n0v9RcdAywaqF,,,
Opuntiella californica,SPECIES,ACCEPTED,Opuntiella calfornica,372623,http://www.marinespecies.org/aphia.php?p=taxdetails&id=372623,https://www.marinespecies.org/rest/AphiaClassificationByAphiaID/372623,urn:lsid:marinespecies.org:taxname:372623,https://airtable.com/tblLqtIyuwA7rbEC3/recqT55vipbp6XmUw?blocks=bli5ItEhTDGAFc32p,Plantae,Biliphyta,,Rhodophyta,Eurhodophytina,,,Florideophyceae,Rhodymeniophycidae,,,,Gigartinales,,,,,,,,Furcellariaceae,,,,,Opuntiella,,Opuntiella californica,,Opuntiella,opuc,recqT55vipbp6XmUw,,,
Gigartinaceae,FAMILY,ACCEPTED,,143733,http://www.marinespecies.org/aphia.php?p=taxdetails&id=143733,https://www.marinespecies.org/rest/AphiaClassificationByAphiaID/143733,urn:lsid:marinespecies.org:taxname:143733,https://airtable.com/tblLqtIyuwA7rbEC3/recOqguCcalxNpuh4?blocks=bli5ItEhTDGAFc32p,Plantae,Biliphyta,,Rhodophyta,Eurhodophytina,,,Florideophyceae,Rhodymeniophycidae,,,,Gigartinales,,,,,,,,Gigartinaceae,,,,,,,,,Gigartinales,,recOqguCcalxNpuh4,,,
Chondracanthus,GENUS,ACCEPTED,,144153,http://www.marinespecies.org/aphia.php?p=taxdetails&id=144153,https://www.marinespecies.org/rest/AphiaClassificationByAphiaID/144153,urn:lsid:marinespecies.org:taxname:144153,https://airtable.com/tblLqtIyuwA7rbEC3/recygpEgWTLYoqe0i?blocks=bli5ItEhTDGAFc32p,Plantae,Biliphyta,,Rhodophyta,Eurhodophytina,,,Florideophyceae,Rhodymeniophycidae,,,,Gigartinales,,,,,,,,Gigartinaceae,,,,,Chondracanthus,,,,Gigartinaceae,,recygpEgWTLYoqe0i,,Vancouver,CHOCOR
Chondracanthus exasperatus,SPECIES,ACCEPTED,Turkish towel,372551,http://www.marinespecies.org/aphia.php?p=taxdetails&id=372551,https://www.marinespecies.org/rest/AphiaClassificationByAphiaID/372551,urn:lsid:marinespecies.org:taxname:372551,https://airtable.com/tblLqtIyuwA7rbEC3/recMr1AIkno3LbfjK?blocks=bli5ItEhTDGAFc32p,Plantae,Biliphyta,,Rhodophyta,Eurhodophytina,,,Florideophyceae,Rhodymeniophycidae,,,,Gigartinales,,,,,,,,Gigartinaceae,,,,,Chondracanthus,,Chondracanthus exasperatus,,Chondracanthus,"choe,CHEX",recMr1AIkno3LbfjK,"PXL_20240509_203722495.PORTRAIT.ORIGINAL.jpg (https://v5.airtableusercontent.com/v3/u/33/33/1727985600000/CEki0oxTW2KEg1sz29GbnQ/s8mn0UnrhAlNyGhBNpt0TYFXa9HSyXwRiuHuf3xii2w16d1nDm3RH4PcFseQRfgwNu8X9erm3R7aDq1BIGweTHWhd1sB7pkNcHTzwFxxijWG9vV8oUfd1VFXWshAXkfD9l3_trdNQ_LBTbkA9eI5kCasHwWQNeolSkx2bhZUsHETupvCV2FaQ2fFeThXVvm7JaO1incM-UTcXXSG6-uohg/kbzrwmqaK-m-mB1gTjPIARqSjIUwV-RNjyzRsOcuw80),IMG_20190914_121137.jpg (https://v5.airtableusercontent.com/v3/u/33/33/1727985600000/9FWnZsCeXvyqvbEPTV5pjw/umgr0K8RdTR0y--iadN--X2csxoiYhK4u5toHHHxiQ4LBr6FMqy8AF8jJOAPIJOPHjAD2z4RBooZtLARZL332Wu_N9bOJBsb1eYqjdUvAn-w5Ed-hMnAatk6vL1n5y9jTAHpYeuHILCM6NsdtKUuehhu9YRamZzhxtu4NamEOQ8/ydJi5UW9LVl2ClYqZct6U-WXOLKbmT0RcvPSdEy-UkA)","Quadra,Vancouver,Toby Island",
Mazzaella,GENUS,ACCEPTED,Mazzaella species,369878,http://www.marinespecies.org/aphia.php?p=taxdetails&id=369878,https://www.marinespecies.org/rest/AphiaClassificationByAphiaID/369878,urn:lsid:marinespecies.org:taxname:369878,https://airtable.com/tblLqtIyuwA7rbEC3/recWs5A7Q6MuIviV6?blocks=bli5ItEhTDGAFc32p,Plantae,Biliphyta,,Rhodophyta,Eurhodophytina,,,Florideophyceae,Rhodymeniophycidae,,,,Gigartinales,,,,,,,,Gigartinaceae,,,,,Mazzaella,,,,Gigartinaceae,"MAZZ,mazz,MAZZ",recWs5A7Q6MuIviV6,,Vancouver,MAZSPP
Mazzaella splendens,SPECIES,ACCEPTED,,372601,http://www.marinespecies.org/aphia.php?p=taxdetails&id=372601,https://www.marinespecies.org/rest/AphiaClassificationByAphiaID/372601,urn:lsid:marinespecies.org:taxname:372601,https://airtable.com/tblLqtIyuwA7rbEC3/recOEYe9zmwv2zAaG?blocks=bli5ItEhTDGAFc32p,Plantae,Biliphyta,,Rhodophyta,Eurhodophytina,,,Florideophyceae,Rhodymeniophycidae,,,,Gigartinales,,,,,,,,Gigartinaceae,,,,,Mazzaella,,Mazzaella splendens,,Mazzaella,,recOEYe9zmwv2zAaG,,Vancouver,
Kallymeniaceae,FAMILY,ACCEPTED,,143698,http://www.marinespecies.org/aphia.php?p=taxdetails&id=143698,https://www.marinespecies.org/rest/AphiaClassificationByAphiaID/143698,urn:lsid:marinespecies.org:taxname:143698,https://airtable.com/tblLqtIyuwA7rbEC3/rec4K0rAFs4VisPt7?blocks=bli5ItEhTDGAFc32p,Plantae,Biliphyta,,Rhodophyta,Eurhodophytina,,,Florideophyceae,Rhodymeniophycidae,,,,Gigartinales,,,,,,,,Kallymeniaceae,,,,,,,,,Gigartinales,,rec4K0rAFs4VisPt7,,,
Callophyllis,GENUS,ACCEPTED,Callophyllis,144047,http://www.marinespecies.org/aphia.php?p=taxdetails&id=144047,https://www.marinespecies.org/rest/AphiaClassificationByAphiaID/144047,urn:lsid:marinespecies.org:taxname:144047,https://airtable.com/tblLqtIyuwA7rbEC3/rec0iCpLDJ25J9m3Y?blocks=bli5ItEhTDGAFc32p,Plantae,Biliphyta,,Rhodophyta,Eurhodophytina,,,Florideophyceae,Rhodymeniophycidae,,,,Gigartinales,,,,,,,,Kallymeniaceae,,,,,Callophyllis,,,,Kallymeniaceae,"calo,CALO",rec0iCpLDJ25J9m3Y,,Vancouver,
Pugetia,GENUS,ACCEPTED,,206340,http://www.marinespecies.org/aphia.php?p=taxdetails&id=206340,https://www.marinespecies.org/rest/AphiaClassificationByAphiaID/206340,urn:lsid:marinespecies.org:taxname:206340,https://airtable.com/tblLqtIyuwA7rbEC3/recd0wgP1CGW2NPYi?blocks=bli5ItEhTDGAFc32p,Plantae,Biliphyta,,Rhodophyta,Eurhodophytina,,,Florideophyceae,Rhodymeniophycidae,,,,Gigartinales,,,,,,,,Kallymeniaceae,,,,,Pugetia,,,,Kallymeniaceae,,recd0wgP1CGW2NPYi,,,
Pugetia cryptica,SPECIES,ACCEPTED,,626260,http://www.marinespecies.org/aphia.php?p=taxdetails&id=626260,https://www.marinespecies.org/rest/AphiaClassificationByAphiaID/626260,urn:lsid:marinespecies.org:taxname:626260,https://airtable.com/tblLqtIyuwA7rbEC3/recmcFStDmc4PRd2x?blocks=bli5ItEhTDGAFc32p,Plantae,Biliphyta,,Rhodophyta,Eurhodophytina,,,Florideophyceae,Rhodymeniophycidae,,,,Gigartinales,,,,,,,,Kallymeniaceae,,,,,Pugetia,,Pugetia cryptica,,Pugetia,,recmcFStDmc4PRd2x,,Vancouver,
Phyllophoraceae,FAMILY,ACCEPTED,,143738,http://www.marinespecies.org/aphia.php?p=taxdetails&id=143738,https://www.marinespecies.org/rest/AphiaClassificationByAphiaID/143738,urn:lsid:marinespecies.org:taxname:143738,https://airtable.com/tblLqtIyuwA7rbEC3/recst9oGJlE1kMxQ7?blocks=bli5ItEhTDGAFc32p,Plantae,Biliphyta,,Rhodophyta,Eurhodophytina,,,Florideophyceae,Rhodymeniophycidae,,,,Gigartinales,,,,,,,,Phyllophoraceae,,,,,,,,,Gigartinales,,recst9oGJlE1kMxQ7,,,
Fredericqia,GENUS,ACCEPTED,,743670,http://www.marinespecies.org/aphia.php?p=taxdetails&id=743670,https://www.marinespecies.org/rest/AphiaClassificationByAphiaID/743670,urn:lsid:marinespecies.org:taxname:743670,https://airtable.com/tblLqtIyuwA7rbEC3/recPOHtFLEm5SozC7?blocks=bli5ItEhTDGAFc32p,Plantae,Biliphyta,,Rhodophyta,Eurhodophytina,,,Florideophyceae,Rhodymeniophycidae,,,,Gigartinales,,,,,,,,Phyllophoraceae,,,,,Fredericqia,,,,Phyllophoraceae,,recPOHtFLEm5SozC7,,,
Fredericqia deveauniensis,SPECIES,ACCEPTED,,743671,http://www.marinespecies.org/aphia.php?p=taxdetails&id=743671,https://www.marinespecies.org/rest/AphiaClassificationByAphiaID/743671,urn:lsid:marinespecies.org:taxname:743671,https://airtable.com/tblLqtIyuwA7rbEC3/rec0uNT7grdEkkb2U?blocks=bli5ItEhTDGAFc32p,Plantae,Biliphyta,,Rhodophyta,Eurhodophytina,,,Florideophyceae,Rhodymeniophycidae,,,,Gigartinales,,,,,,,,Phyllophoraceae,,,,,Fredericqia,,Fredericqia deveauniensis,,Fredericqia,,rec0uNT7grdEkkb2U,,Vancouver,
Mastocarpus,GENUS,ACCEPTED,Mastocarpus species,144163,http://www.marinespecies.org/aphia.php?p=taxdetails&id=144163,https://www.marinespecies.org/rest/AphiaClassificationByAphiaID/144163,urn:lsid:marinespecies.org:taxname:144163,https://airtable.com/tblLqtIyuwA7rbEC3/recH0HzYlVRViMT2e?blocks=bli5ItEhTDGAFc32p,Plantae,Biliphyta,,Rhodophyta,Eurhodophytina,,,Florideophyceae,Rhodymeniophycidae,,,,Gigartinales,,,,,,,,Phyllophoraceae,,,,,Mastocarpus,,,,Phyllophoraceae,"MAST,MAST,PETR",recH0HzYlVRViMT2e,,"Quadra,Vancouver,Toby Island","MASSPP,PETROC"
Mastocarpus alaskensis,SPECIES,ACCEPTED,,625998,http://www.marinespecies.org/aphia.php?p=taxdetails&id=625998,https://www.marinespecies.org/rest/AphiaClassificationByAphiaID/625998,urn:lsid:marinespecies.org:taxname:625998,https://airtable.com/tblLqtIyuwA7rbEC3/rechzR129oGDj3BPw?blocks=bli5ItEhTDGAFc32p,Plantae,Biliphyta,,Rhodophyta,Eurhodophytina,,,Florideophyceae,Rhodymeniophycidae,,,,Gigartinales,,,,,,,,Phyllophoraceae,,,,,Mastocarpus,,Mastocarpus alaskensis,,Mastocarpus,,rechzR129oGDj3BPw,,"Quadra,Vancouver",
Mastocarpus latissimus,SPECIES,ACCEPTED,,625994,http://www.marinespecies.org/aphia.php?p=taxdetails&id=625994,https://www.marinespecies.org/rest/AphiaClassificationByAphiaID/625994,urn:lsid:marinespecies.org:taxname:625994,https://airtable.com/tblLqtIyuwA7rbEC3/recoPIG69EOPAytrP?blocks=bli5ItEhTDGAFc32p,Plantae,Biliphyta,,Rhodophyta,Eurhodophytina,,,Florideophyceae,Rhodymeniophycidae,,,,Gigartinales,,,,,,,,Phyllophoraceae,,,,,Mastocarpus,,Mastocarpus latissimus,,Mastocarpus,,recoPIG69EOPAytrP,,Vancouver,
Mastocarpus papillatus,SPECIES,ACCEPTED,Mastocarpus pappillatus,163258,http://www.marinespecies.org/aphia.php?p=taxdetails&id=163258,https://www.marinespecies.org/rest/AphiaClassificationByAphiaID/163258,urn:lsid:marinespecies.org:taxname:163258,https://airtable.com/tblLqtIyuwA7rbEC3/recpObF61Lhlc0uG3?blocks=bli5ItEhTDGAFc32p,Plantae,Biliphyta,,Rhodophyta,Eurhodophytina,,,Florideophyceae,Rhodymeniophycidae,,,,Gigartinales,,,,,,,,Phyllophoraceae,,,,,Mastocarpus,,Mastocarpus papillatus,,Mastocarpus,masp,recpObF61Lhlc0uG3,,,
Solieriaceae,FAMILY,ACCEPTED,,143744,http://www.marinespecies.org/aphia.php?p=taxdetails&id=143744,https://www.marinespecies.org/rest/AphiaClassificationByAphiaID/143744,urn:lsid:marinespecies.org:taxname:143744,https://airtable.com/tblLqtIyuwA7rbEC3/recrGG1ZeQPL40Isq?blocks=bli5ItEhTDGAFc32p,Plantae,Biliphyta,,Rhodophyta,Eurhodophytina,,,Florideophyceae,Rhodymeniophycidae,,,,Gigartinales,,,,,,,,Solieriaceae,,,,,,,,,Gigartinales,,recrGG1ZeQPL40Isq,,,
Sarcodiotheca,GENUS,ACCEPTED,,144181,http://www.marinespecies.org/aphia.php?p=taxdetails&id=144181,https://www.marinespecies.org/rest/AphiaClassificationByAphiaID/144181,urn:lsid:marinespecies.org:taxname:144181,https://airtable.com/tblLqtIyuwA7rbEC3/reczkK94IqDvdzPD6?blocks=bli5ItEhTDGAFc32p,Plantae,Biliphyta,,Rhodophyta,Eurhodophytina,,,Florideophyceae,Rhodymeniophycidae,,,,Gigartinales,,,,,,,,Solieriaceae,,,,,Sarcodiotheca,,,,Solieriaceae,,reczkK94IqDvdzPD6,,,
Sarcodiotheca furcata,SPECIES,ACCEPTED,,372759,http://www.marinespecies.org/aphia.php?p=taxdetails&id=372759,https://www.marinespecies.org/rest/AphiaClassificationByAphiaID/372759,urn:lsid:marinespecies.org:taxname:372759,https://airtable.com/tblLqtIyuwA7rbEC3/recq61GtPc2cUJbXz?blocks=bli5ItEhTDGAFc32p,Plantae,Biliphyta,,Rhodophyta,Eurhodophytina,,,Florideophyceae,Rhodymeniophycidae,,,,Gigartinales,,,,,,,,Solieriaceae,,,,,Sarcodiotheca,,Sarcodiotheca furcata,,Sarcodiotheca,,recq61GtPc2cUJbXz,,Vancouver,
Sarcodiotheca gaudichaudii,SPECIES,ACCEPTED,,372656,http://www.marinespecies.org/aphia.php?p=taxdetails&id=372656,https://www.marinespecies.org/rest/AphiaClassificationByAphiaID/372656,urn:lsid:marinespecies.org:taxname:372656,https://airtable.com/tblLqtIyuwA7rbEC3/rec8zoKomebAx0FXo?blocks=bli5ItEhTDGAFc32p,Plantae,Biliphyta,,Rhodophyta,Eurhodophytina,,,Florideophyceae,Rhodymeniophycidae,,,,Gigartinales,,,,,,,,Solieriaceae,,,,,Sarcodiotheca,,Sarcodiotheca gaudichaudii,,Sarcodiotheca,,rec8zoKomebAx0FXo,,"Quadra,Vancouver",
Gracilariales,ORDER,ACCEPTED,,876,http://www.marinespecies.org/aphia.php?p=taxdetails&id=876,https://www.marinespecies.org/rest/AphiaClassificationByAphiaID/876,urn:lsid:marinespecies.org:taxname:876,https://airtable.com/tblLqtIyuwA7rbEC3/recwDHgPaRaB8lcyu?blocks=bli5ItEhTDGAFc32p,Plantae,Biliphyta,,Rhodophyta,Eurhodophytina,,,Florideophyceae,Rhodymeniophycidae,,,,Gracilariales,,,,,,,,,,,,,,,,,Rhodymeniophycidae,,recwDHgPaRaB8lcyu,,,
Gracilariaceae,FAMILY,ACCEPTED,,143748,http://www.marinespecies.org/aphia.php?p=taxdetails&id=143748,https://www.marinespecies.org/rest/AphiaClassificationByAphiaID/143748,urn:lsid:marinespecies.org:taxname:143748,https://airtable.com/tblLqtIyuwA7rbEC3/recJS6ObZIjc2lHnz?blocks=bli5ItEhTDGAFc32p,Plantae,Biliphyta,,Rhodophyta,Eurhodophytina,,,Florideophyceae,Rhodymeniophycidae,,,,Gracilariales,,,,,,,,Gracilariaceae,,,,,,,,,Gracilariales,,recJS6ObZIjc2lHnz,,,
Gracilarioideae,SUBFAMILY,ACCEPTED,,1309270,http://www.marinespecies.org/aphia.php?p=taxdetails&id=1309270,https://www.marinespecies.org/rest/AphiaClassificationByAphiaID/1309270,urn:lsid:marinespecies.org:taxname:1309270,https://airtable.com/tblLqtIyuwA7rbEC3/recoVgERMONKu6ihX?blocks=bli5ItEhTDGAFc32p,Plantae,Biliphyta,,Rhodophyta,Eurhodophytina,,,Florideophyceae,Rhodymeniophycidae,,,,Gracilariales,,,,,,,,Gracilariaceae,Gracilarioideae,,,,,,,,Gracilariaceae,,recoVgERMONKu6ihX,,,
Gracilarieae,TRIBE,ACCEPTED,,1309271,http://www.marinespecies.org/aphia.php?p=taxdetails&id=1309271,https://www.marinespecies.org/rest/AphiaClassificationByAphiaID/1309271,urn:lsid:marinespecies.org:taxname:1309271,https://airtable.com/tblLqtIyuwA7rbEC3/recHkDKRj3eMRKGiL?blocks=bli5ItEhTDGAFc32p,Plantae,Biliphyta,,Rhodophyta,Eurhodophytina,,,Florideophyceae,Rhodymeniophycidae,,,,Gracilariales,,,,,,,,Gracilariaceae,Gracilarioideae,,Gracilarieae,,,,,,Gracilarioideae,,recHkDKRj3eMRKGiL,,,
Agarophyton,GENUS,ACCEPTED,,1327785,http://www.marinespecies.org/aphia.php?p=taxdetails&id=1327785,https://www.marinespecies.org/rest/AphiaClassificationByAphiaID/1327785,urn:lsid:marinespecies.org:taxname:1327785,https://airtable.com/tblLqtIyuwA7rbEC3/rec9tqqh6PKaVASjk?blocks=bli5ItEhTDGAFc32p,Plantae,Biliphyta,,Rhodophyta,Eurhodophytina,,,Florideophyceae,Rhodymeniophycidae,,,,Gracilariales,,,,,,,,Gracilariaceae,Gracilarioideae,,Gracilarieae,,Agarophyton,,,,Gracilarieae,,rec9tqqh6PKaVASjk,,,
Gracilaria,GENUS,ACCEPTED,Gracilaria,144188,http://www.marinespecies.org/aphia.php?p=taxdetails&id=144188,https://www.marinespecies.org/rest/AphiaClassificationByAphiaID/144188,urn:lsid:marinespecies.org:taxname:144188,https://airtable.com/tblLqtIyuwA7rbEC3/recaCls2uDKdHH7yG?blocks=bli5ItEhTDGAFc32p,Plantae,Biliphyta,,Rhodophyta,Eurhodophytina,,,Florideophyceae,Rhodymeniophycidae,,,,Gracilariales,,,,,,,,Gracilariaceae,Gracilarioideae,,Gracilarieae,,Gracilaria,,,,Gracilarieae,"grac,GRAC",recaCls2uDKdHH7yG,,Vancouver,
Gracilaria vermiculophylla,SPECIES,ACCEPTED,,236157,http://www.marinespecies.org/aphia.php?p=taxdetails&id=236157,https://www.marinespecies.org/rest/AphiaClassificationByAphiaID/236157,urn:lsid:marinespecies.org:taxname:236157,https://airtable.com/tblLqtIyuwA7rbEC3/recsdJldi5wuTnzIv?blocks=bli5ItEhTDGAFc32p,Plantae,Biliphyta,,Rhodophyta,Eurhodophytina,,,Florideophyceae,Rhodymeniophycidae,,,,Gracilariales,,,,,,,,Gracilariaceae,Gracilarioideae,,Gracilarieae,,Gracilaria,,Gracilaria vermiculophylla,,Gracilaria,,recsdJldi5wuTnzIv,,"Quadra,Vancouver",
Gracilariopsideae,TRIBE,ACCEPTED,,1309275,http://www.marinespecies.org/aphia.php?p=taxdetails&id=1309275,https://www.marinespecies.org/rest/AphiaClassificationByAphiaID/1309275,urn:lsid:marinespecies.org:taxname:1309275,https://airtable.com/tblLqtIyuwA7rbEC3/receM5yjdWYSREvoQ?blocks=bli5ItEhTDGAFc32p,Plantae,Biliphyta,,Rhodophyta,Eurhodophytina,,,Florideophyceae,Rhodymeniophycidae,,,,Gracilariales,,,,,,,,Gracilariaceae,Gracilarioideae,,Gracilariopsideae,,,,,,Gracilarioideae,,receM5yjdWYSREvoQ,,,
Gracilariopsis,GENUS,ACCEPTED,,146959,http://www.marinespecies.org/aphia.php?p=taxdetails&id=146959,https://www.marinespecies.org/rest/AphiaClassificationByAphiaID/146959,urn:lsid:marinespecies.org:taxname:146959,https://airtable.com/tblLqtIyuwA7rbEC3/reczBTNYu9oHio1Di?blocks=bli5ItEhTDGAFc32p,Plantae,Biliphyta,,Rhodophyta,Eurhodophytina,,,Florideophyceae,Rhodymeniophycidae,,,,Gracilariales,,,,,,,,Gracilariaceae,Gracilarioideae,,Gracilariopsideae,,Gracilariopsis,,,,Gracilariopsideae,,reczBTNYu9oHio1Di,,Vancouver,
Gracilariopsis andersonii,SPECIES,ACCEPTED,,373885,http://www.marinespecies.org/aphia.php?p=taxdetails&id=373885,https://www.marinespecies.org/rest/AphiaClassificationByAphiaID/373885,urn:lsid:marinespecies.org:taxname:373885,https://airtable.com/tblLqtIyuwA7rbEC3/reck9sqEFYSVMh9Yx?blocks=bli5ItEhTDGAFc32p,Plantae,Biliphyta,,Rhodophyta,Eurhodophytina,,,Florideophyceae,Rhodymeniophycidae,,,,Gracilariales,,,,,,,,Gracilariaceae,Gracilarioideae,,Gracilariopsideae,,Gracilariopsis,,Gracilariopsis andersonii,,Gracilariopsis,,reck9sqEFYSVMh9Yx,,Vancouver,
Halymeniales,ORDER,ACCEPTED,,162592,http://www.marinespecies.org/aphia.php?p=taxdetails&id=162592,https://www.marinespecies.org/rest/AphiaClassificationByAphiaID/162592,urn:lsid:marinespecies.org:taxname:162592,https://airtable.com/tblLqtIyuwA7rbEC3/recNULFnP12AAf8Py?blocks=bli5ItEhTDGAFc32p,Plantae,Biliphyta,,Rhodophyta,Eurhodophytina,,,Florideophyceae,Rhodymeniophycidae,,,,Halymeniales,,,,,,,,,,,,,,,,,Rhodymeniophycidae,,recNULFnP12AAf8Py,,,
Grateloupiaceae,FAMILY,ACCEPTED,,1647662,http://www.marinespecies.org/aphia.php?p=taxdetails&id=1647662,https://www.marinespecies.org/rest/AphiaClassificationByAphiaID/1647662,urn:lsid:marinespecies.org:taxname:1647662,https://airtable.com/tblLqtIyuwA7rbEC3/recEttAHws1f0hzXm?blocks=bli5ItEhTDGAFc32p,Plantae,Biliphyta,,Rhodophyta,Eurhodophytina,,,Florideophyceae,Rhodymeniophycidae,,,,Halymeniales,,,,,,,,Grateloupiaceae,,,,,,,,,Halymeniales,,recEttAHws1f0hzXm,,,
Grateloupia,GENUS,ACCEPTED,,144044,http://www.marinespecies.org/aphia.php?p=taxdetails&id=144044,https://www.marinespecies.org/rest/AphiaClassificationByAphiaID/144044,urn:lsid:marinespecies.org:taxname:144044,https://airtable.com/tblLqtIyuwA7rbEC3/recEKxIHwPXxc0XlV?blocks=bli5ItEhTDGAFc32p,Plantae,Biliphyta,,Rhodophyta,Eurhodophytina,,,Florideophyceae,Rhodymeniophycidae,,,,Halymeniales,,,,,,,,Grateloupiaceae,,,,,Grateloupia,,,,Grateloupiaceae,,recEKxIHwPXxc0XlV,,,
Grateloupia californica,SPECIES,ACCEPTED,,499360,http://www.marinespecies.org/aphia.php?p=taxdetails&id=499360,https://www.marinespecies.org/rest/AphiaClassificationByAphiaID/499360,urn:lsid:marinespecies.org:taxname:499360,https://airtable.com/tblLqtIyuwA7rbEC3/rec0MOnNyo8TVPH8f?blocks=bli5ItEhTDGAFc32p,Plantae,Biliphyta,,Rhodophyta,Eurhodophytina,,,Florideophyceae,Rhodymeniophycidae,,,,Halymeniales,,,,,,,,Grateloupiaceae,,,,,Grateloupia,,Grateloupia californica,,Grateloupia,,rec0MOnNyo8TVPH8f,,Vancouver,
Halymeniaceae,FAMILY,ACCEPTED,,143697,http://www.marinespecies.org/aphia.php?p=taxdetails&id=143697,https://www.marinespecies.org/rest/AphiaClassificationByAphiaID/143697,urn:lsid:marinespecies.org:taxname:143697,https://airtable.com/tblLqtIyuwA7rbEC3/recv5LP3YxNr8KtYS?blocks=bli5ItEhTDGAFc32p,Plantae,Biliphyta,,Rhodophyta,Eurhodophytina,,,Florideophyceae,Rhodymeniophycidae,,,,Halymeniales,,,,,,,,Halymeniaceae,,,,,,,,,Halymeniales,,recv5LP3YxNr8KtYS,,,
Halymenia,GENUS,ACCEPTED,,144045,http://www.marinespecies.org/aphia.php?p=taxdetails&id=144045,https://www.marinespecies.org/rest/AphiaClassificationByAphiaID/144045,urn:lsid:marinespecies.org:taxname:144045,https://airtable.com/tblLqtIyuwA7rbEC3/recIOoZps20tvFvti?blocks=bli5ItEhTDGAFc32p,Plantae,Biliphyta,,Rhodophyta,Eurhodophytina,,,Florideophyceae,Rhodymeniophycidae,,,,Halymeniales,,,,,,,,Halymeniaceae,,,,,Halymenia,,,,Halymeniaceae,,recIOoZps20tvFvti,,,
Halymenia gardneri,SPECIES,ACCEPTED,,372580,http://www.marinespecies.org/aphia.php?p=taxdetails&id=372580,https://www.marinespecies.org/rest/AphiaClassificationByAphiaID/372580,urn:lsid:marinespecies.org:taxname:372580,https://airtable.com/tblLqtIyuwA7rbEC3/recpFv48Q8FhT65AZ?blocks=bli5ItEhTDGAFc32p,Plantae,Biliphyta,,Rhodophyta,Eurhodophytina,,,Florideophyceae,Rhodymeniophycidae,,,,Halymeniales,,,,,,,,Halymeniaceae,,,,,Halymenia,,Halymenia gardneri,,Halymenia,,recpFv48Q8FhT65AZ,,Vancouver,
Prionitis,GENUS,UNACCEPTED,Prionitis species,205954,http://www.marinespecies.org/aphia.php?p=taxdetails&id=205954,https://www.marinespecies.org/rest/AphiaClassificationByAphiaID/205954,urn:lsid:marinespecies.org:taxname:205954,https://airtable.com/tblLqtIyuwA7rbEC3/recfsOwxUWA6CFSf7?blocks=bli5ItEhTDGAFc32p,Plantae,Biliphyta,,Rhodophyta,Eurhodophytina,,,Florideophyceae,Rhodymeniophycidae,,,,Halymeniales,,,,,,,,Halymeniaceae,,,,,Prionitis,,,,Halymeniaceae,"PRIO,prio",recfsOwxUWA6CFSf7,,Toby Island,PRISPP
Prionitis lanceolata,SPECIES,ACCEPTED,Narrow bleachweed,496247,http://www.marinespecies.org/aphia.php?p=taxdetails&id=496247,https://www.marinespecies.org/rest/AphiaClassificationByAphiaID/496247,urn:lsid:marinespecies.org:taxname:496247,https://airtable.com/tblLqtIyuwA7rbEC3/reciFTbtTHUCpAFot?blocks=bli5ItEhTDGAFc32p,Plantae,Biliphyta,,Rhodophyta,Eurhodophytina,,,Florideophyceae,Rhodymeniophycidae,,,,Halymeniales,,,,,,,,Halymeniaceae,,,,,Prionitis,,Prionitis lanceolata,,Prionitis,,reciFTbtTHUCpAFot,PXL_20240609_142047159.PORTRAIT.ORIGINAL.jpg (https://v5.airtableusercontent.com/v3/u/33/33/1727985600000/07m4SiVc6GJp0FGyVTuyfw/5BMCiiWcauOo5escWnfhN8wfO-xbaIQPhuzqiR5iuingTwU_2mIozwoySoxzxFuQiGtrvLbBJ3bC3lAAuPLIINUMXM9cvii64oHKT0uOMgKuv9SGxTXc6bLGkcsPm02TKsVaJey84TqYyBUUv6jIFdG0beWf1AxzimHvOyh50dUuPIIKgDc0wHIjPRtAxCZbGS_RT-qXSLucpKEcrjoK6A/A4XljcmWy89RbQ9ohjcMj5OXuwmJcGya0v48aL-YzCg),Vancouver,
Prionitis sternbergii,SPECIES,ACCEPTED,Bleachweed,375614,http://www.marinespecies.org/aphia.php?p=taxdetails&id=375614,https://www.marinespecies.org/rest/AphiaClassificationByAphiaID/375614,urn:lsid:marinespecies.org:taxname:375614,https://airtable.com/tblLqtIyuwA7rbEC3/recbuqLqnDIaThMsb?blocks=bli5ItEhTDGAFc32p,Plantae,Biliphyta,,Rhodophyta,Eurhodophytina,,,Florideophyceae,Rhodymeniophycidae,,,,Halymeniales,,,,,,,,Halymeniaceae,,,,,Prionitis,,Prionitis sternbergii,,Prionitis,,recbuqLqnDIaThMsb,,Vancouver,
Nemastomatales,ORDER,ACCEPTED,,368694,http://www.marinespecies.org/aphia.php?p=taxdetails&id=368694,https://www.marinespecies.org/rest/AphiaClassificationByAphiaID/368694,urn:lsid:marinespecies.org:taxname:368694,https://airtable.com/tblLqtIyuwA7rbEC3/rectD83gcUOm7PJti?blocks=bli5ItEhTDGAFc32p,Plantae,Biliphyta,,Rhodophyta,Eurhodophytina,,,Florideophyceae,Rhodymeniophycidae,,,,Nemastomatales,,,,,,,,,,,,,,,,,Rhodymeniophycidae,,rectD83gcUOm7PJti,,,
Schizymeniaceae,FAMILY,ACCEPTED,,143742,http://www.marinespecies.org/aphia.php?p=taxdetails&id=143742,https://www.marinespecies.org/rest/AphiaClassificationByAphiaID/143742,urn:lsid:marinespecies.org:taxname:143742,https://airtable.com/tblLqtIyuwA7rbEC3/recrFW6sNvIXkH7my?blocks=bli5ItEhTDGAFc32p,Plantae,Biliphyta,,Rhodophyta,Eurhodophytina,,,Florideophyceae,Rhodymeniophycidae,,,,Nemastomatales,,,,,,,,Schizymeniaceae,,,,,,,,,Nemastomatales,,recrFW6sNvIXkH7my,,,
Schizymenia,GENUS,ACCEPTED,Schizymenia,144176,http://www.marinespecies.org/aphia.php?p=taxdetails&id=144176,https://www.marinespecies.org/rest/AphiaClassificationByAphiaID/144176,urn:lsid:marinespecies.org:taxname:144176,https://airtable.com/tblLqtIyuwA7rbEC3/recifTXNfQtLoVrU1?blocks=bli5ItEhTDGAFc32p,Plantae,Biliphyta,,Rhodophyta,Eurhodophytina,,,Florideophyceae,Rhodymeniophycidae,,,,Nemastomatales,,,,,,,,Schizymeniaceae,,,,,Schizymenia,,,,Schizymeniaceae,schi,recifTXNfQtLoVrU1,,,
Plocamiales,ORDER,ACCEPTED,,146317,http://www.marinespecies.org/aphia.php?p=taxdetails&id=146317,https://www.marinespecies.org/rest/AphiaClassificationByAphiaID/146317,urn:lsid:marinespecies.org:taxname:146317,https://airtable.com/tblLqtIyuwA7rbEC3/rec9eAghWcS2tXuSK?blocks=bli5ItEhTDGAFc32p,Plantae,Biliphyta,,Rhodophyta,Eurhodophytina,,,Florideophyceae,Rhodymeniophycidae,,,,Plocamiales,,,,,,,,,,,,,,,,,Rhodymeniophycidae,,rec9eAghWcS2tXuSK,,,
Plocamiaceae,FAMILY,ACCEPTED,,143765,http://www.marinespecies.org/aphia.php?p=taxdetails&id=143765,https://www.marinespecies.org/rest/AphiaClassificationByAphiaID/143765,urn:lsid:marinespecies.org:taxname:143765,https://airtable.com/tblLqtIyuwA7rbEC3/reckmt0WstOEoS1Wa?blocks=bli5ItEhTDGAFc32p,Plantae,Biliphyta,,Rhodophyta,Eurhodophytina,,,Florideophyceae,Rhodymeniophycidae,,,,Plocamiales,,,,,,,,Plocamiaceae,,,,,,,,,Plocamiales,,reckmt0WstOEoS1Wa,,,
Plocamium,GENUS,ACCEPTED,Plocamium species,144223,http://www.marinespecies.org/aphia.php?p=taxdetails&id=144223,https://www.marinespecies.org/rest/AphiaClassificationByAphiaID/144223,urn:lsid:marinespecies.org:taxname:144223,https://airtable.com/tblLqtIyuwA7rbEC3/recxnldJKg2BNn2Ot?blocks=bli5ItEhTDGAFc32p,Plantae,Biliphyta,,Rhodophyta,Eurhodophytina,,,Florideophyceae,Rhodymeniophycidae,,,,Plocamiales,,,,,,,,Plocamiaceae,,,,,Plocamium,,,,Plocamiaceae,"PLOC,ploc",recxnldJKg2BNn2Ot,,,
Plocamium violaceum,SPECIES,ACCEPTED,Plocamium violaceum,372633,http://www.marinespecies.org/aphia.php?p=taxdetails&id=372633,https://www.marinespecies.org/rest/AphiaClassificationByAphiaID/372633,urn:lsid:marinespecies.org:taxname:372633,https://airtable.com/tblLqtIyuwA7rbEC3/recHxQoQSAQwHhBRm?blocks=bli5ItEhTDGAFc32p,Plantae,Biliphyta,,Rhodophyta,Eurhodophytina,,,Florideophyceae,Rhodymeniophycidae,,,,Plocamiales,,,,,,,,Plocamiaceae,,,,,Plocamium,,Plocamium violaceum,,Plocamium,"PLOV,PLVI",recHxQoQSAQwHhBRm,,,
Rhodymeniales,ORDER,ACCEPTED,,15241,http://www.marinespecies.org/aphia.php?p=taxdetails&id=15241,https://www.marinespecies.org/rest/AphiaClassificationByAphiaID/15241,urn:lsid:marinespecies.org:taxname:15241,https://airtable.com/tblLqtIyuwA7rbEC3/recwJnnjH81dhVRmQ?blocks=bli5ItEhTDGAFc32p,Plantae,Biliphyta,,Rhodophyta,Eurhodophytina,,,Florideophyceae,Rhodymeniophycidae,,,,Rhodymeniales,,,,,,,,,,,,,,,,,Rhodymeniophycidae,,recwJnnjH81dhVRmQ,,,
Champiaceae,FAMILY,ACCEPTED,,143773,http://www.marinespecies.org/aphia.php?p=taxdetails&id=143773,https://www.marinespecies.org/rest/AphiaClassificationByAphiaID/143773,urn:lsid:marinespecies.org:taxname:143773,https://airtable.com/tblLqtIyuwA7rbEC3/recG14gwj2vqFDn1m?blocks=bli5ItEhTDGAFc32p,Plantae,Biliphyta,,Rhodophyta,Eurhodophytina,,,Florideophyceae,Rhodymeniophycidae,,,,Rhodymeniales,,,,,,,,Champiaceae,,,,,,,,,Rhodymeniales,,recG14gwj2vqFDn1m,,,
Neogastroclonium,GENUS,ACCEPTED,,503970,http://www.marinespecies.org/aphia.php?p=taxdetails&id=503970,https://www.marinespecies.org/rest/AphiaClassificationByAphiaID/503970,urn:lsid:marinespecies.org:taxname:503970,https://airtable.com/tblLqtIyuwA7rbEC3/recgF9HHp3NtU38XE?blocks=bli5ItEhTDGAFc32p,Plantae,Biliphyta,,Rhodophyta,Eurhodophytina,,,Florideophyceae,Rhodymeniophycidae,,,,Rhodymeniales,,,,,,,,Champiaceae,,,,,Neogastroclonium,,,,Champiaceae,,recgF9HHp3NtU38XE,,,
Neogastroclonium subarticulatum,SPECIES,ACCEPTED,,503971,http://www.marinespecies.org/aphia.php?p=taxdetails&id=503971,https://www.marinespecies.org/rest/AphiaClassificationByAphiaID/503971,urn:lsid:marinespecies.org:taxname:503971,https://airtable.com/tblLqtIyuwA7rbEC3/recFa17G9eh5dQkJ4?blocks=bli5ItEhTDGAFc32p,Plantae,Biliphyta,,Rhodophyta,Eurhodophytina,,,Florideophyceae,Rhodymeniophycidae,,,,Rhodymeniales,,,,,,,,Champiaceae,,,,,Neogastroclonium,,Neogastroclonium subarticulatum,,Neogastroclonium,,recFa17G9eh5dQkJ4,"PXL_20240704_220904451.jpg (https://v5.airtableusercontent.com/v3/u/33/33/1727985600000/-DM09uJ_sLBO0KUPjnKzTw/BV8ZTz2Ypt3mZMh6is9K1hX18je_QLzbgtDvBlaprHWFjeMGLBa8DrOCgcaVSlY0a7EHGQD-zm2WFPyQn0SQ4jTfvhp7UM0dbzOy-32wAP3FrYZfxJQ8F_QyNEebv7u3dyBId7Xaf0elCUBYmWr4rYfFnIpA8cTDret_Vq99nyahZbgCUMJKDKgTBJfrNnBo/87aBoikch-JKI2NCh8T_92jX4N7YBPMFRSCM9gZKgGM),PXL_20240704_220922160.jpg (https://v5.airtableusercontent.com/v3/u/33/33/1727985600000/STTPEmUwuF-JmrXY0bBjQA/yyoiWparCbmIId1SyPC51eiqFgDiJjGAaEtUxxYEfjyDwv-dQnLPcR8ToFJQq4QX8ydI1tvO_xTlSHwbm2mxbqL7dmLD8nw12rhxHItgjYDBxfMQ4CXML2ernVmBE73PGeCs4-RIZWN52i3ZXswdWIszG_xpbG6aFDlglybb5Y5dViu66hQJVQ9e9z03SJnt/QZE2mDL4cvLa1zR8UTUXi08KDZITx6nOaf9Ip70lIN4)",Toby Island,GASSUB
Faucheaceae,FAMILY,ACCEPTED,,143774,http://www.marinespecies.org/aphia.php?p=taxdetails&id=143774,https://www.marinespecies.org/rest/AphiaClassificationByAphiaID/143774,urn:lsid:marinespecies.org:taxname:143774,https://airtable.com/tblLqtIyuwA7rbEC3/recbrKh7K37C0uysr?blocks=bli5ItEhTDGAFc32p,Plantae,Biliphyta,,Rhodophyta,Eurhodophytina,,,Florideophyceae,Rhodymeniophycidae,,,,Rhodymeniales,,,,,,,,Faucheaceae,,,,,,,,,Rhodymeniales,,recbrKh7K37C0uysr,,,
Fauchea,GENUS,UNACCEPTED,,144240,http://www.marinespecies.org/aphia.php?p=taxdetails&id=144240,https://www.marinespecies.org/rest/AphiaClassificationByAphiaID/144240,urn:lsid:marinespecies.org:taxname:144240,https://airtable.com/tblLqtIyuwA7rbEC3/rec11nCYjJt62IVM3?blocks=bli5ItEhTDGAFc32p,Plantae,Biliphyta,,Rhodophyta,Eurhodophytina,,,Florideophyceae,Rhodymeniophycidae,,,,Rhodymeniales,,,,,,,,Faucheaceae,,,,,Fauchea,,,,Faucheaceae,,rec11nCYjJt62IVM3,,,
Fauchea laciniata,SPECIES,UNACCEPTED,Fauchea laciniata,526732,http://www.marinespecies.org/aphia.php?p=taxdetails&id=526732,https://www.marinespecies.org/rest/AphiaClassificationByAphiaID/526732,urn:lsid:marinespecies.org:taxname:526732,https://airtable.com/tblLqtIyuwA7rbEC3/rec7SXuowH2LkiZoy?blocks=bli5ItEhTDGAFc32p,Plantae,Biliphyta,,Rhodophyta,Eurhodophytina,,,Florideophyceae,Rhodymeniophycidae,,,,Rhodymeniales,,,,,,,,Faucheaceae,,,,,Fauchea,,Fauchea laciniata,,Fauchea,faul,rec7SXuowH2LkiZoy,,,
Gloiocladia,GENUS,ACCEPTED,,144241,http://www.marinespecies.org/aphia.php?p=taxdetails&id=144241,https://www.marinespecies.org/rest/AphiaClassificationByAphiaID/144241,urn:lsid:marinespecies.org:taxname:144241,https://airtable.com/tblLqtIyuwA7rbEC3/recpec4gNvKfxKGg9?blocks=bli5ItEhTDGAFc32p,Plantae,Biliphyta,,Rhodophyta,Eurhodophytina,,,Florideophyceae,Rhodymeniophycidae,,,,Rhodymeniales,,,,,,,,Faucheaceae,,,,,Gloiocladia,,,,Faucheaceae,,recpec4gNvKfxKGg9,,,
Lomentariaceae,FAMILY,ACCEPTED,,143775,http://www.marinespecies.org/aphia.php?p=taxdetails&id=143775,https://www.marinespecies.org/rest/AphiaClassificationByAphiaID/143775,urn:lsid:marinespecies.org:taxname:143775,https://airtable.com/tblLqtIyuwA7rbEC3/recOYjMIuP7qUyAZu?blocks=bli5ItEhTDGAFc32p,Plantae,Biliphyta,,Rhodophyta,Eurhodophytina,,,Florideophyceae,Rhodymeniophycidae,,,,Rhodymeniales,,,,,,,,Lomentariaceae,,,,,,,,,Rhodymeniales,,recOYjMIuP7qUyAZu,,,
Yendoa,GENUS,ACCEPTED,,1647701,http://www.marinespecies.org/aphia.php?p=taxdetails&id=1647701,https://www.marinespecies.org/rest/AphiaClassificationByAphiaID/1647701,urn:lsid:marinespecies.org:taxname:1647701,https://airtable.com/tblLqtIyuwA7rbEC3/rec4Av1J1LGYXNL3C?blocks=bli5ItEhTDGAFc32p,Plantae,Biliphyta,,Rhodophyta,Eurhodophytina,,,Florideophyceae,Rhodymeniophycidae,,,,Rhodymeniales,,,,,,,,Lomentariaceae,,,,,Yendoa,,,,Lomentariaceae,,rec4Av1J1LGYXNL3C,,,
Yendoa hakodatensis,SPECIES,ACCEPTED,,1647702,http://www.marinespecies.org/aphia.php?p=taxdetails&id=1647702,https://www.marinespecies.org/rest/AphiaClassificationByAphiaID/1647702,urn:lsid:marinespecies.org:taxname:1647702,https://airtable.com/tblLqtIyuwA7rbEC3/recgAlGlW6OAuskjq?blocks=bli5ItEhTDGAFc32p,Plantae,Biliphyta,,Rhodophyta,Eurhodophytina,,,Florideophyceae,Rhodymeniophycidae,,,,Rhodymeniales,,,,,,,,Lomentariaceae,,,,,Yendoa,,Yendoa hakodatensis,,Yendoa,,recgAlGlW6OAuskjq,,Quadra,
Rhodymeniaceae,FAMILY,ACCEPTED,,143776,http://www.marinespecies.org/aphia.php?p=taxdetails&id=143776,https://www.marinespecies.org/rest/AphiaClassificationByAphiaID/143776,urn:lsid:marinespecies.org:taxname:143776,https://airtable.com/tblLqtIyuwA7rbEC3/recRHREsEt54G7UI4?blocks=bli5ItEhTDGAFc32p,Plantae,Biliphyta,,Rhodophyta,Eurhodophytina,,,Florideophyceae,Rhodymeniophycidae,,,,Rhodymeniales,,,,,,,,Rhodymeniaceae,,,,,,,,,Rhodymeniales,,recRHREsEt54G7UI4,,,
Sparlingia,GENUS,ACCEPTED,,370230,http://www.marinespecies.org/aphia.php?p=taxdetails&id=370230,https://www.marinespecies.org/rest/AphiaClassificationByAphiaID/370230,urn:lsid:marinespecies.org:taxname:370230,https://airtable.com/tblLqtIyuwA7rbEC3/recC97klIbbC1RcOz?blocks=bli5ItEhTDGAFc32p,Plantae,Biliphyta,,Rhodophyta,Eurhodophytina,,,Florideophyceae,Rhodymeniophycidae,,,,Rhodymeniales,,,,,,,,Rhodymeniaceae,,,,,Sparlingia,,,,Rhodymeniaceae,,recC97klIbbC1RcOz,,,
Sparlingia pertusa,SPECIES,ACCEPTED,Sparlingia pertusa,375031,http://www.marinespecies.org/aphia.php?p=taxdetails&id=375031,https://www.marinespecies.org/rest/AphiaClassificationByAphiaID/375031,urn:lsid:marinespecies.org:taxname:375031,https://airtable.com/tblLqtIyuwA7rbEC3/recmT1fnCLT60zIed?blocks=bli5ItEhTDGAFc32p,Plantae,Biliphyta,,Rhodophyta,Eurhodophytina,,,Florideophyceae,Rhodymeniophycidae,,,,Rhodymeniales,,,,,,,,Rhodymeniaceae,,,,,Sparlingia,,Sparlingia pertusa,,Sparlingia,spap,recmT1fnCLT60zIed,,Vancouver,
Proteorhodophytina,SUBPHYLUM,ACCEPTED,,1309276,http://www.marinespecies.org/aphia.php?p=taxdetails&id=1309276,https://www.marinespecies.org/rest/AphiaClassificationByAphiaID/1309276,urn:lsid:marinespecies.org:taxname:1309276,https://airtable.com/tblLqtIyuwA7rbEC3/recuKgtFLINMryyaT?blocks=bli5ItEhTDGAFc32p,Plantae,Biliphyta,,Rhodophyta,Proteorhodophytina,,,,,,,,,,,,,,,,,,,,,,,,,Rhodophyta,,recuKgtFLINMryyaT,,,
Compsopogonophyceae,CLASS,ACCEPTED,,368669,http://www.marinespecies.org/aphia.php?p=taxdetails&id=368669,https://www.marinespecies.org/rest/AphiaClassificationByAphiaID/368669,urn:lsid:marinespecies.org:taxname:368669,https://airtable.com/tblLqtIyuwA7rbEC3/rec3UQg5Xf5mgRo36?blocks=bli5ItEhTDGAFc32p,Plantae,Biliphyta,,Rhodophyta,Proteorhodophytina,,,Compsopogonophyceae,,,,,,,,,,,,,,,,,,,,,,Proteorhodophytina,,rec3UQg5Xf5mgRo36,,,
Erythropeltales,ORDER,ACCEPTED,,146320,http://www.marinespecies.org/aphia.php?p=taxdetails&id=146320,https://www.marinespecies.org/rest/AphiaClassificationByAphiaID/146320,urn:lsid:marinespecies.org:taxname:146320,https://airtable.com/tblLqtIyuwA7rbEC3/recDYVV18QHU86LDB?blocks=bli5ItEhTDGAFc32p,Plantae,Biliphyta,,Rhodophyta,Proteorhodophytina,,,Compsopogonophyceae,,,,,Erythropeltales,,,,,,,,,,,,,,,,,Compsopogonophyceae,,recDYVV18QHU86LDB,,,
Erythrotrichiaceae,FAMILY,ACCEPTED,,162774,http://www.marinespecies.org/aphia.php?p=taxdetails&id=162774,https://www.marinespecies.org/rest/AphiaClassificationByAphiaID/162774,urn:lsid:marinespecies.org:taxname:162774,https://airtable.com/tblLqtIyuwA7rbEC3/recI7AmxQxpdTqkiP?blocks=bli5ItEhTDGAFc32p,Plantae,Biliphyta,,Rhodophyta,Proteorhodophytina,,,Compsopogonophyceae,,,,,Erythropeltales,,,,,,,,Erythrotrichiaceae,,,,,,,,,Erythropeltales,,recI7AmxQxpdTqkiP,,,
Smithora,GENUS,ACCEPTED,,494143,http://www.marinespecies.org/aphia.php?p=taxdetails&id=494143,https://www.marinespecies.org/rest/AphiaClassificationByAphiaID/494143,urn:lsid:marinespecies.org:taxname:494143,https://airtable.com/tblLqtIyuwA7rbEC3/recbp12JdAO4Qm5cF?blocks=bli5ItEhTDGAFc32p,Plantae,Biliphyta,,Rhodophyta,Proteorhodophytina,,,Compsopogonophyceae,,,,,Erythropeltales,,,,,,,,Erythrotrichiaceae,,,,,Smithora,,,,Erythrotrichiaceae,,recbp12JdAO4Qm5cF,,,
Smithora naiadum,SPECIES,ACCEPTED,Seagrass laver,494903,http://www.marinespecies.org/aphia.php?p=taxdetails&id=494903,https://www.marinespecies.org/rest/AphiaClassificationByAphiaID/494903,urn:lsid:marinespecies.org:taxname:494903,https://airtable.com/tblLqtIyuwA7rbEC3/recoNJAt4EVRm35PV?blocks=bli5ItEhTDGAFc32p,Plantae,Biliphyta,,Rhodophyta,Proteorhodophytina,,,Compsopogonophyceae,,,,,Erythropeltales,,,,,,,,Erythrotrichiaceae,,,,,Smithora,,Smithora naiadum,,Smithora,"SMIT,SMITH",recoNJAt4EVRm35PV,,Vancouver,
Viridiplantae,SUBKINGDOM,ACCEPTED,,368663,http://www.marinespecies.org/aphia.php?p=taxdetails&id=368663,https://www.marinespecies.org/rest/AphiaClassificationByAphiaID/368663,urn:lsid:marinespecies.org:taxname:368663,https://airtable.com/tblLqtIyuwA7rbEC3/recajfsmAev3PjhpK?blocks=bli5ItEhTDGAFc32p,Plantae,Viridiplantae,,,,,,,,,,,,,,,,,,,,,,,,,,,,Plantae,,recajfsmAev3PjhpK,,,ACRSPP
Chlorophyta,PHYLUM,ACCEPTED,,801,http://www.marinespecies.org/aphia.php?p=taxdetails&id=801,https://www.marinespecies.org/rest/AphiaClassificationByAphiaID/801,urn:lsid:marinespecies.org:taxname:801,https://airtable.com/tblLqtIyuwA7rbEC3/recmyJtcaVkPb2Hzq?blocks=bli5ItEhTDGAFc32p,Plantae,Viridiplantae,,Chlorophyta,,,,,,,,,,,,,,,,,,,,,,,,,,Viridiplantae,,recmyJtcaVkPb2Hzq,,,
Chlorophytina,SUBPHYLUM,ACCEPTED,,1304953,http://www.marinespecies.org/aphia.php?p=taxdetails&id=1304953,https://www.marinespecies.org/rest/AphiaClassificationByAphiaID/1304953,urn:lsid:marinespecies.org:taxname:1304953,https://airtable.com/tblLqtIyuwA7rbEC3/recM1DIlMfChI39we?blocks=bli5ItEhTDGAFc32p,Plantae,Viridiplantae,,Chlorophyta,Chlorophytina,,,,,,,,,,,,,,,,,,,,,,,,,Chlorophyta,,recM1DIlMfChI39we,,,
Chlorophyceae,CLASS,ACCEPTED,,802,http://www.marinespecies.org/aphia.php?p=taxdetails&id=802,https://www.marinespecies.org/rest/AphiaClassificationByAphiaID/802,urn:lsid:marinespecies.org:taxname:802,https://airtable.com/tblLqtIyuwA7rbEC3/recyapI00UnYKHM4N?blocks=bli5ItEhTDGAFc32p,Plantae,Viridiplantae,,Chlorophyta,Chlorophytina,,,Chlorophyceae,,,,,,,,,,,,,,,,,,,,,,Chlorophytina,,recyapI00UnYKHM4N,,,
Acrosiphoniales,ORDER,ACCEPTED,,803,http://www.marinespecies.org/aphia.php?p=taxdetails&id=803,https://www.marinespecies.org/rest/AphiaClassificationByAphiaID/803,urn:lsid:marinespecies.org:taxname:803,https://airtable.com/tblLqtIyuwA7rbEC3/recoh2KE85rIDxdKk?blocks=bli5ItEhTDGAFc32p,Plantae,Viridiplantae,,Chlorophyta,Chlorophytina,,,Chlorophyceae,,,,,Acrosiphoniales,,,,,,,,,,,,,,,,,Chlorophyceae,,recoh2KE85rIDxdKk,,,
Acrosiphoniaceae,FAMILY,ACCEPTED,,143662,http://www.marinespecies.org/aphia.php?p=taxdetails&id=143662,https://www.marinespecies.org/rest/AphiaClassificationByAphiaID/143662,urn:lsid:marinespecies.org:taxname:143662,https://airtable.com/tblLqtIyuwA7rbEC3/recNLIUQbSdW9u0xf?blocks=bli5ItEhTDGAFc32p,Plantae,Viridiplantae,,Chlorophyta,Chlorophytina,,,Chlorophyceae,,,,,Acrosiphoniales,,,,,,,,Acrosiphoniaceae,,,,,,,,,Acrosiphoniales,,recNLIUQbSdW9u0xf,,,
Acrosiphonia,GENUS,ACCEPTED,Acrosiphonia,143803,http://www.marinespecies.org/aphia.php?p=taxdetails&id=143803,https://www.marinespecies.org/rest/AphiaClassificationByAphiaID/143803,urn:lsid:marinespecies.org:taxname:143803,https://airtable.com/tblLqtIyuwA7rbEC3/recQ6Ob1qvClHft1B?blocks=bli5ItEhTDGAFc32p,Plantae,Viridiplantae,,Chlorophyta,Chlorophytina,,,Chlorophyceae,,,,,Acrosiphoniales,,,,,,,,Acrosiphoniaceae,,,,,Acrosiphonia,,,,Acrosiphoniaceae,"acro,ACRO",recQ6Ob1qvClHft1B,,"Quadra,Vancouver",
Acrosiphonia arcta,SPECIES,ACCEPTED,,144407,http://www.marinespecies.org/aphia.php?p=taxdetails&id=144407,https://www.marinespecies.org/rest/AphiaClassificationByAphiaID/144407,urn:lsid:marinespecies.org:taxname:144407,https://airtable.com/tblLqtIyuwA7rbEC3/recEcScnJK6hDiJan?blocks=bli5ItEhTDGAFc32p,Plantae,Viridiplantae,,Chlorophyta,Chlorophytina,,,Chlorophyceae,,,,,Acrosiphoniales,,,,,,,,Acrosiphoniaceae,,,,,Acrosiphonia,,Acrosiphonia arcta,,Acrosiphonia,,recEcScnJK6hDiJan,,Quadra,
Acrosiphonia coalita,SPECIES,ACCEPTED,Green rope,366445,http://www.marinespecies.org/aphia.php?p=taxdetails&id=366445,https://www.marinespecies.org/rest/AphiaClassificationByAphiaID/366445,urn:lsid:marinespecies.org:taxname:366445,https://airtable.com/tblLqtIyuwA7rbEC3/recOSlUi8xFzP8Qe5?blocks=bli5ItEhTDGAFc32p,Plantae,Viridiplantae,,Chlorophyta,Chlorophytina,,,Chlorophyceae,,,,,Acrosiphoniales,,,,,,,,Acrosiphoniaceae,,,,,Acrosiphonia,,Acrosiphonia coalita,,Acrosiphonia,,recOSlUi8xFzP8Qe5,PXL_20240610_184641042.jpg (https://v5.airtableusercontent.com/v3/u/33/33/1727985600000/LTjb47n2JfDmkwOk1jJUeQ/oiMY0vlk9h9FF9vek3y8QJpUw9cnDKJqwEoi9j8KSCk7vfDZLpdpOrMpqj4r26F-3_yh1mUE43IeywERoqT8485Zv2OdJVF-cO2ymYEpdQAofQAUZC2IfSN-9TTR27LA65f8PMKCqrIK85kCyWm9j7AZGxX7ISgqLhdvgg9sv7zAJzxCSgzz37pylznu5xTP/fwIGT7RPPRUTyg9ImioFjZwZSTrXbsBYvrI31KGRWls),Vancouver,
Trebouxiophyceae,CLASS,ACCEPTED,,160573,http://www.marinespecies.org/aphia.php?p=taxdetails&id=160573,https://www.marinespecies.org/rest/AphiaClassificationByAphiaID/160573,urn:lsid:marinespecies.org:taxname:160573,https://airtable.com/tblLqtIyuwA7rbEC3/recD4bDygLM7CVWPf?blocks=bli5ItEhTDGAFc32p,Plantae,Viridiplantae,,Chlorophyta,Chlorophytina,,,Trebouxiophyceae,,,,,,,,,,,,,,,,,,,,,,Viridiplantae,,recD4bDygLM7CVWPf,,,
Prasiolales,ORDER,ACCEPTED,,820,http://www.marinespecies.org/aphia.php?p=taxdetails&id=820,https://www.marinespecies.org/rest/AphiaClassificationByAphiaID/820,urn:lsid:marinespecies.org:taxname:820,https://airtable.com/tblLqtIyuwA7rbEC3/recQK87EFbgyH3ULn?blocks=bli5ItEhTDGAFc32p,Plantae,Viridiplantae,,Chlorophyta,Chlorophytina,,,Trebouxiophyceae,,,,,Prasiolales,,,,,,,,,,,,,,,,,Trebouxiophyceae,,recQK87EFbgyH3ULn,,,
Prasiolaceae,FAMILY,ACCEPTED,,143771,http://www.marinespecies.org/aphia.php?p=taxdetails&id=143771,https://www.marinespecies.org/rest/AphiaClassificationByAphiaID/143771,urn:lsid:marinespecies.org:taxname:143771,https://airtable.com/tblLqtIyuwA7rbEC3/rec4JTRheDA7L0xvR?blocks=bli5ItEhTDGAFc32p,Plantae,Viridiplantae,,Chlorophyta,Chlorophytina,,,Trebouxiophyceae,,,,,Prasiolales,,,,,,,,Prasiolaceae,,,,,,,,,Prasiolales,,rec4JTRheDA7L0xvR,,,
Prasiola,GENUS,ACCEPTED,Prasiola,144234,http://www.marinespecies.org/aphia.php?p=taxdetails&id=144234,https://www.marinespecies.org/rest/AphiaClassificationByAphiaID/144234,urn:lsid:marinespecies.org:taxname:144234,https://airtable.com/tblLqtIyuwA7rbEC3/recD8WdTojCSn8Mpa?blocks=bli5ItEhTDGAFc32p,Plantae,Viridiplantae,,Chlorophyta,Chlorophytina,,,Trebouxiophyceae,,,,,Prasiolales,,,,,,,,Prasiolaceae,,,,,Prasiola,,,,Prasiolaceae,PRAS,recD8WdTojCSn8Mpa,,Toby Island,
Prasiola meridionalis,SPECIES,ACCEPTED,,608206,http://www.marinespecies.org/aphia.php?p=taxdetails&id=608206,https://www.marinespecies.org/rest/AphiaClassificationByAphiaID/608206,urn:lsid:marinespecies.org:taxname:608206,https://airtable.com/tblLqtIyuwA7rbEC3/recYyVr7n6aBstjAB?blocks=bli5ItEhTDGAFc32p,Plantae,Viridiplantae,,Chlorophyta,Chlorophytina,,,Trebouxiophyceae,,,,,Prasiolales,,,,,,,,Prasiolaceae,,,,,Prasiola,,Prasiola meridionalis,,Prasiolaceae,,recYyVr7n6aBstjAB,,Vancouver,
Ulvophyceae,CLASS,ACCEPTED,Ulva-like algae,146216,http://www.marinespecies.org/aphia.php?p=taxdetails&id=146216,https://www.marinespecies.org/rest/AphiaClassificationByAphiaID/146216,urn:lsid:marinespecies.org:taxname:146216,https://airtable.com/tblLqtIyuwA7rbEC3/recwf7ZLSEJso6GvP?blocks=bli5ItEhTDGAFc32p,Plantae,Viridiplantae,,Chlorophyta,Chlorophytina,,,Ulvophyceae,,,,,,,,,,,,,,,,,,,,,,Viridiplantae,CLAC,recwf7ZLSEJso6GvP,,,ULVENT
Codiaceae,FAMILY,ACCEPTED,,143689,http://www.marinespecies.org/aphia.php?p=taxdetails&id=143689,https://www.marinespecies.org/rest/AphiaClassificationByAphiaID/143689,urn:lsid:marinespecies.org:taxname:143689,https://airtable.com/tblLqtIyuwA7rbEC3/recANyHJR4VHnRURt?blocks=bli5ItEhTDGAFc32p,Plantae,Viridiplantae,,Chlorophyta,Chlorophytina,,,Ulvophyceae,,,,,Bryopsidales,,,,,,,,Codiaceae,,,,,,,,,Bryopsidales,,recANyHJR4VHnRURt,,,
Codium,GENUS,ACCEPTED,,143999,http://www.marinespecies.org/aphia.php?p=taxdetails&id=143999,https://www.marinespecies.org/rest/AphiaClassificationByAphiaID/143999,urn:lsid:marinespecies.org:taxname:143999,https://airtable.com/tblLqtIyuwA7rbEC3/recZFpd3nymheIMWS?blocks=bli5ItEhTDGAFc32p,Plantae,Viridiplantae,,Chlorophyta,Chlorophytina,,,Ulvophyceae,,,,,Bryopsidales,,,,,,,,Codiaceae,,,,,Codium,,,,Codiaceae,,recZFpd3nymheIMWS,,,
Codium fragile,SPECIES,ACCEPTED,Green sea fingers,145086,http://www.marinespecies.org/aphia.php?p=taxdetails&id=145086,https://www.marinespecies.org/rest/AphiaClassificationByAphiaID/145086,urn:lsid:marinespecies.org:taxname:145086,https://airtable.com/tblLqtIyuwA7rbEC3/recgYd8KC5eBT8C3h?blocks=bli5ItEhTDGAFc32p,Plantae,Viridiplantae,,Chlorophyta,Chlorophytina,,,Ulvophyceae,,,,,Bryopsidales,,,,,,,,Codiaceae,,,,,Codium,,Codium fragile,,Codium,"COFR,codf,CODF",recgYd8KC5eBT8C3h,,Quadra,
Codium setchellii,SPECIES,ACCEPTED,Codium setchellii,371787,http://www.marinespecies.org/aphia.php?p=taxdetails&id=371787,https://www.marinespecies.org/rest/AphiaClassificationByAphiaID/371787,urn:lsid:marinespecies.org:taxname:371787,https://airtable.com/tblLqtIyuwA7rbEC3/recseMd2aBmS4nm3b?blocks=bli5ItEhTDGAFc32p,Plantae,Viridiplantae,,Chlorophyta,Chlorophytina,,,Ulvophyceae,,,,,Bryopsidales,,,,,,,,Codiaceae,,,,,Codium,,Codium setchellii,,Codium,cods,recseMd2aBmS4nm3b,,,
Derbesiaceae,FAMILY,ACCEPTED,,143667,http://www.marinespecies.org/aphia.php?p=taxdetails&id=143667,https://www.marinespecies.org/rest/AphiaClassificationByAphiaID/143667,urn:lsid:marinespecies.org:taxname:143667,https://airtable.com/tblLqtIyuwA7rbEC3/recFbuMcKfyxk6LQr?blocks=bli5ItEhTDGAFc32p,Plantae,Viridiplantae,,Chlorophyta,Chlorophytina,,,Ulvophyceae,,,,,Bryopsidales,,,,,,,,Derbesiaceae,,,,,,,,,Bryopsidales,,recFbuMcKfyxk6LQr,,,
Derbesia,GENUS,ACCEPTED,,143814,http://www.marinespecies.org/aphia.php?p=taxdetails&id=143814,https://www.marinespecies.org/rest/AphiaClassificationByAphiaID/143814,urn:lsid:marinespecies.org:taxname:143814,https://airtable.com/tblLqtIyuwA7rbEC3/recj3qOll5so5E4Ln?blocks=bli5ItEhTDGAFc32p,Plantae,Viridiplantae,,Chlorophyta,Chlorophytina,,,Ulvophyceae,,,,,Bryopsidales,,,,,,,,Derbesiaceae,,,,,Derbesia,,,,Derbesiaceae,,recj3qOll5so5E4Ln,,Quadra,
Derbesia marina,SPECIES,ACCEPTED,Little green balls,144462,http://www.marinespecies.org/aphia.php?p=taxdetails&id=144462,https://www.marinespecies.org/rest/AphiaClassificationByAphiaID/144462,urn:lsid:marinespecies.org:taxname:144462,https://airtable.com/tblLqtIyuwA7rbEC3/recwYIkRjjSRf0dl4?blocks=bli5ItEhTDGAFc32p,Plantae,Viridiplantae,,Chlorophyta,Chlorophytina,,,Ulvophyceae,,,,,Bryopsidales,,,,,,,,Derbesiaceae,,,,,Derbesia,,Derbesia marina,,Derbesia,DEMA,recwYIkRjjSRf0dl4,,,DERMAR
Bryopsidales,ORDER,ACCEPTED,,808,http://www.marinespecies.org/aphia.php?p=taxdetails&id=808,https://www.marinespecies.org/rest/AphiaClassificationByAphiaID/808,urn:lsid:marinespecies.org:taxname:808,https://airtable.com/tblLqtIyuwA7rbEC3/recf4TSVIeKzDXD7q?blocks=bli5ItEhTDGAFc32p,Plantae,Viridiplantae,,Chlorophyta,Chlorophytina,,,Ulvophyceae,,,,,Bryopsidales,Bryopsidineae,,,,,,,,,,,,,,,,Ulvophyceae,,recf4TSVIeKzDXD7q,,,
Bryopsidineae,SUBORDER,ACCEPTED,,1649444,http://www.marinespecies.org/aphia.php?p=taxdetails&id=1649444,https://www.marinespecies.org/rest/AphiaClassificationByAphiaID/1649444,urn:lsid:marinespecies.org:taxname:1649444,https://airtable.com/tblLqtIyuwA7rbEC3/rechYYcfbMTMaj71g?blocks=bli5ItEhTDGAFc32p,Plantae,Viridiplantae,,Chlorophyta,Chlorophytina,,,Ulvophyceae,,,,,Bryopsidales,Bryopsidineae,,,,,,,,,,,,,,,,Bryopsidales,,rechYYcfbMTMaj71g,,,
Bryopsidaceae,FAMILY,ACCEPTED,,143666,http://www.marinespecies.org/aphia.php?p=taxdetails&id=143666,https://www.marinespecies.org/rest/AphiaClassificationByAphiaID/143666,urn:lsid:marinespecies.org:taxname:143666,https://airtable.com/tblLqtIyuwA7rbEC3/rec6yTNyRVjsIuoCL?blocks=bli5ItEhTDGAFc32p,Plantae,Viridiplantae,,Chlorophyta,Chlorophytina,,,Ulvophyceae,,,,,Bryopsidales,Bryopsidineae,,,,,,,Bryopsidaceae,,,,,,,,,Bryopsidales,,rec6yTNyRVjsIuoCL,,,
Bryopsis,GENUS,ACCEPTED,Sea fern,143812,http://www.marinespecies.org/aphia.php?p=taxdetails&id=143812,https://www.marinespecies.org/rest/AphiaClassificationByAphiaID/143812,urn:lsid:marinespecies.org:taxname:143812,https://airtable.com/tblLqtIyuwA7rbEC3/recR4AO15mGmhc99I?blocks=bli5ItEhTDGAFc32p,Plantae,Viridiplantae,,Chlorophyta,Chlorophytina,,,Ulvophyceae,,,,,Bryopsidales,Bryopsidineae,,,,,,,Bryopsidaceae,,,,,Bryopsis,,,,Bryopsidaceae,BRYP,recR4AO15mGmhc99I,,,
Bryopsis corticulans,SPECIES,ACCEPTED,,371783,http://www.marinespecies.org/aphia.php?p=taxdetails&id=371783,https://www.marinespecies.org/rest/AphiaClassificationByAphiaID/371783,urn:lsid:marinespecies.org:taxname:371783,https://airtable.com/tblLqtIyuwA7rbEC3/recyYZqyAEdXORWU6?blocks=bli5ItEhTDGAFc32p,Plantae,Viridiplantae,,Chlorophyta,Chlorophytina,,,Ulvophyceae,,,,,Bryopsidales,Bryopsidineae,,,,,,,Bryopsidaceae,,,,,Bryopsis,,Bryopsis corticulans,,Bryopsis,,recyYZqyAEdXORWU6,,Vancouver,
Cladophorales,ORDER,ACCEPTED,,813,http://www.marinespecies.org/aphia.php?p=taxdetails&id=813,https://www.marinespecies.org/rest/AphiaClassificationByAphiaID/813,urn:lsid:marinespecies.org:taxname:813,https://airtable.com/tblLqtIyuwA7rbEC3/rec44uMJ1qaPeZXt1?blocks=bli5ItEhTDGAFc32p,Plantae,Viridiplantae,,Chlorophyta,Chlorophytina,,,Ulvophyceae,,,,,Cladophorales,,,,,,,,,,,,,,,,,Ulvophyceae,,rec44uMJ1qaPeZXt1,,,
Cladophoraceae,FAMILY,ACCEPTED,,143687,http://www.marinespecies.org/aphia.php?p=taxdetails&id=143687,https://www.marinespecies.org/rest/AphiaClassificationByAphiaID/143687,urn:lsid:marinespecies.org:taxname:143687,https://airtable.com/tblLqtIyuwA7rbEC3/recnHIAASGAdQVVmt?blocks=bli5ItEhTDGAFc32p,Plantae,Viridiplantae,,Chlorophyta,Chlorophytina,,,Ulvophyceae,,,,,Cladophorales,,,,,,,,Cladophoraceae,,,,,,,,,Cladophorales,,recnHIAASGAdQVVmt,,,
Chaetomorpha,GENUS,ACCEPTED,,143995,http://www.marinespecies.org/aphia.php?p=taxdetails&id=143995,https://www.marinespecies.org/rest/AphiaClassificationByAphiaID/143995,urn:lsid:marinespecies.org:taxname:143995,https://airtable.com/tblLqtIyuwA7rbEC3/recgYewQUKVTcRjMV?blocks=bli5ItEhTDGAFc32p,Plantae,Viridiplantae,,Chlorophyta,Chlorophytina,,,Ulvophyceae,,,,,Cladophorales,,,,,,,,Cladophoraceae,,,,,Chaetomorpha,,,,Cladophoraceae,,recgYewQUKVTcRjMV,,,
Chaetomorpha linum,SPECIES,ACCEPTED,,145027,http://www.marinespecies.org/aphia.php?p=taxdetails&id=145027,https://www.marinespecies.org/rest/AphiaClassificationByAphiaID/145027,urn:lsid:marinespecies.org:taxname:145027,https://airtable.com/tblLqtIyuwA7rbEC3/recFbiyQRxQmlNu9A?blocks=bli5ItEhTDGAFc32p,Plantae,Viridiplantae,,Chlorophyta,Chlorophytina,,,Ulvophyceae,,,,,Cladophorales,,,,,,,,Cladophoraceae,,,,,Chaetomorpha,,Chaetomorpha linum,,Chaetomorpha,,recFbiyQRxQmlNu9A,,Quadra,
Cladophora,GENUS,ACCEPTED,Cladophora,143996,http://www.marinespecies.org/aphia.php?p=taxdetails&id=143996,https://www.marinespecies.org/rest/AphiaClassificationByAphiaID/143996,urn:lsid:marinespecies.org:taxname:143996,https://airtable.com/tblLqtIyuwA7rbEC3/recxKZWh85G2JoYCR?blocks=bli5ItEhTDGAFc32p,Plantae,Viridiplantae,,Chlorophyta,Chlorophytina,,,Ulvophyceae,,,,,Cladophorales,,,,,,,,Cladophoraceae,,,,,Cladophora,,,,Cladophoraceae,"CLAD,clad",recxKZWh85G2JoYCR,,,
Cladophora columbiana,SPECIES,ACCEPTED,Cladophora columbiana,371784,http://www.marinespecies.org/aphia.php?p=taxdetails&id=371784,https://www.marinespecies.org/rest/AphiaClassificationByAphiaID/371784,urn:lsid:marinespecies.org:taxname:371784,https://airtable.com/tblLqtIyuwA7rbEC3/recBNOoVPWvTMR4Pq?blocks=bli5ItEhTDGAFc32p,Plantae,Viridiplantae,,Chlorophyta,Chlorophytina,,,Ulvophyceae,,,,,Cladophorales,,,,,,,,Cladophoraceae,,,,,Cladophora,,Cladophora columbiana,,Cladophora,CLAC,recBNOoVPWvTMR4Pq,,"Quadra,Vancouver",CLACOL
Cladophora sericea,SPECIES,ACCEPTED,Cladophora sericea,145065,http://www.marinespecies.org/aphia.php?p=taxdetails&id=145065,https://www.marinespecies.org/rest/AphiaClassificationByAphiaID/145065,urn:lsid:marinespecies.org:taxname:145065,https://airtable.com/tblLqtIyuwA7rbEC3/rectNZOxJ0iyBmvFn?blocks=bli5ItEhTDGAFc32p,Plantae,Viridiplantae,,Chlorophyta,Chlorophytina,,,Ulvophyceae,,,,,Cladophorales,,,,,,,,Cladophoraceae,,,,,Cladophora,,Cladophora sericea,,Cladophora,CLAS,rectNZOxJ0iyBmvFn,,Quadra,
Ulotrichales,ORDER,ACCEPTED,,824,http://www.marinespecies.org/aphia.php?p=taxdetails&id=824,https://www.marinespecies.org/rest/AphiaClassificationByAphiaID/824,urn:lsid:marinespecies.org:taxname:824,https://airtable.com/tblLqtIyuwA7rbEC3/recVO94DQs3LUdLKT?blocks=bli5ItEhTDGAFc32p,Plantae,Viridiplantae,,Chlorophyta,Chlorophytina,,,Ulvophyceae,,,,,Ulotrichales,,,,,,,,,,,,,,,,,Ulvophyceae,,recVO94DQs3LUdLKT,,,
Gomontiaceae,FAMILY,ACCEPTED,,196248,http://www.marinespecies.org/aphia.php?p=taxdetails&id=196248,https://www.marinespecies.org/rest/AphiaClassificationByAphiaID/196248,urn:lsid:marinespecies.org:taxname:196248,https://airtable.com/tblLqtIyuwA7rbEC3/recbRxv13SW1tpXB4?blocks=bli5ItEhTDGAFc32p,Plantae,Viridiplantae,,Chlorophyta,Chlorophytina,,,Ulvophyceae,,,,,Ulotrichales,,,,,,,,Gomontiaceae,,,,,,,,,Ulotrichales,,recbRxv13SW1tpXB4,,,
Monostromataceae,FAMILY,ACCEPTED,,143793,http://www.marinespecies.org/aphia.php?p=taxdetails&id=143793,https://www.marinespecies.org/rest/AphiaClassificationByAphiaID/143793,urn:lsid:marinespecies.org:taxname:143793,https://airtable.com/tblLqtIyuwA7rbEC3/recwwRSdzYE466uuH?blocks=bli5ItEhTDGAFc32p,Plantae,Viridiplantae,,Chlorophyta,Chlorophytina,,,Ulvophyceae,,,,,Ulotrichales,,,,,,,,Monostromataceae,,,,,,,,,Ulotrichales,,recwwRSdzYE466uuH,,,
Monostroma,GENUS,ACCEPTED,Monostroma,144290,http://www.marinespecies.org/aphia.php?p=taxdetails&id=144290,https://www.marinespecies.org/rest/AphiaClassificationByAphiaID/144290,urn:lsid:marinespecies.org:taxname:144290,https://airtable.com/tblLqtIyuwA7rbEC3/rec95a3zBTWNsLiZ1?blocks=bli5ItEhTDGAFc32p,Plantae,Viridiplantae,,Chlorophyta,Chlorophytina,,,Ulvophyceae,,,,,Ulotrichales,,,,,,,,Monostromataceae,,,,,Monostroma,,,,Monostromataceae,MONO,rec95a3zBTWNsLiZ1,,"Quadra,Vancouver",
Ulotrichaceae,FAMILY,ACCEPTED,,143790,http://www.marinespecies.org/aphia.php?p=taxdetails&id=143790,https://www.marinespecies.org/rest/AphiaClassificationByAphiaID/143790,urn:lsid:marinespecies.org:taxname:143790,https://airtable.com/tblLqtIyuwA7rbEC3/rec2ScIMJ7AaY5vDF?blocks=bli5ItEhTDGAFc32p,Plantae,Viridiplantae,,Chlorophyta,Chlorophytina,,,Ulvophyceae,,,,,Ulotrichales,,,,,,,,Ulotrichaceae,,,,,,,,,Ulotrichales,,rec2ScIMJ7AaY5vDF,,,
Ulvales,ORDER,ACCEPTED,,827,http://www.marinespecies.org/aphia.php?p=taxdetails&id=827,https://www.marinespecies.org/rest/AphiaClassificationByAphiaID/827,urn:lsid:marinespecies.org:taxname:827,https://airtable.com/tblLqtIyuwA7rbEC3/recB2LbqebyQvPK6k?blocks=bli5ItEhTDGAFc32p,Plantae,Viridiplantae,,Chlorophyta,Chlorophytina,,,Ulvophyceae,,,,,Ulvales,,,,,,,,,,,,,,,,,Ulvophyceae,,recB2LbqebyQvPK6k,,,
Kornmanniaceae,FAMILY,ACCEPTED,,143792,http://www.marinespecies.org/aphia.php?p=taxdetails&id=143792,https://www.marinespecies.org/rest/AphiaClassificationByAphiaID/143792,urn:lsid:marinespecies.org:taxname:143792,https://airtable.com/tblLqtIyuwA7rbEC3/recbpV7vK3np4vO3f?blocks=bli5ItEhTDGAFc32p,Plantae,Viridiplantae,,Chlorophyta,Chlorophytina,,,Ulvophyceae,,,,,Ulvales,,,,,,,,Kornmanniaceae,,,,,,,,,Ulvales,,recbpV7vK3np4vO3f,,,
Blidingia,GENUS,ACCEPTED,,144293,http://www.marinespecies.org/aphia.php?p=taxdetails&id=144293,https://www.marinespecies.org/rest/AphiaClassificationByAphiaID/144293,urn:lsid:marinespecies.org:taxname:144293,https://airtable.com/tblLqtIyuwA7rbEC3/recqOvrbajB6Goo9M?blocks=bli5ItEhTDGAFc32p,Plantae,Viridiplantae,,Chlorophyta,Chlorophytina,,,Ulvophyceae,,,,,Ulvales,,,,,,,,Kornmanniaceae,,,,,Blidingia,,,,Kornmanniaceae,,recqOvrbajB6Goo9M,,Vancouver,
Blidingia subsalsa,SPECIES,ACCEPTED,,145952,http://www.marinespecies.org/aphia.php?p=taxdetails&id=145952,https://www.marinespecies.org/rest/AphiaClassificationByAphiaID/145952,urn:lsid:marinespecies.org:taxname:145952,https://airtable.com/tblLqtIyuwA7rbEC3/reclAJMeqJB3eJuoz?blocks=bli5ItEhTDGAFc32p,Plantae,Viridiplantae,,Chlorophyta,Chlorophytina,,,Ulvophyceae,,,,,Ulvales,,,,,,,,Kornmanniaceae,,,,,Blidingia,,Blidingia subsalsa,,Blidingia,,reclAJMeqJB3eJuoz,,Vancouver,
Ulvaceae,FAMILY,ACCEPTED,,143794,http://www.marinespecies.org/aphia.php?p=taxdetails&id=143794,https://www.marinespecies.org/rest/AphiaClassificationByAphiaID/143794,urn:lsid:marinespecies.org:taxname:143794,https://airtable.com/tblLqtIyuwA7rbEC3/rec0QT2lM0o2K5R6f?blocks=bli5ItEhTDGAFc32p,Plantae,Viridiplantae,,Chlorophyta,Chlorophytina,,,Ulvophyceae,,,,,Ulvales,,,,,,,,Ulvaceae,,,,,,,,,Ulvales,,rec0QT2lM0o2K5R6f,,,
Lola,GENUS,ACCEPTED,,394972,http://www.marinespecies.org/aphia.php?p=taxdetails&id=394972,https://www.marinespecies.org/rest/AphiaClassificationByAphiaID/394972,urn:lsid:marinespecies.org:taxname:394972,https://airtable.com/tblLqtIyuwA7rbEC3/recj580Pz8LNS1Qnv?blocks=bli5ItEhTDGAFc32p,Plantae,Viridiplantae,,Chlorophyta,Chlorophytina,,,Ulvophyceae,,,,,Ulvales,,,,,,,,Ulvaceae,,,,,Lola,,,,Ulvaceae,,recj580Pz8LNS1Qnv,,,
Lola lubrica,SPECIES,UNACCEPTED,Lola,394973,http://www.marinespecies.org/aphia.php?p=taxdetails&id=394973,https://www.marinespecies.org/rest/AphiaClassificationByAphiaID/394973,urn:lsid:marinespecies.org:taxname:394973,https://airtable.com/tblLqtIyuwA7rbEC3/recFBi5mg6J62FZ0z?blocks=bli5ItEhTDGAFc32p,Plantae,Viridiplantae,,Chlorophyta,Chlorophytina,,,Ulvophyceae,,,,,Ulvales,,,,,,,,Ulvaceae,,,,,Lola,,Lola lubrica,,Lola,LOLL,recFBi5mg6J62FZ0z,,,
Ulva,GENUS,ACCEPTED,Ulva species,144296,http://www.marinespecies.org/aphia.php?p=taxdetails&id=144296,https://www.marinespecies.org/rest/AphiaClassificationByAphiaID/144296,urn:lsid:marinespecies.org:taxname:144296,https://airtable.com/tblLqtIyuwA7rbEC3/recMnQnr5oZystogF?blocks=bli5ItEhTDGAFc32p,Plantae,Viridiplantae,,Chlorophyta,Chlorophytina,,,Ulvophyceae,,,,,Ulvales,,,,,,,,Ulvaceae,,,,,Ulva,,,,Ulvaceae,"ULVA,ulva,ULVA,ULVA,BULV,TULV",recMnQnr5oZystogF,,"Quadra,Vancouver,Toby Island",
Ulva californica,SPECIES,ACCEPTED,,371788,http://www.marinespecies.org/aphia.php?p=taxdetails&id=371788,https://www.marinespecies.org/rest/AphiaClassificationByAphiaID/371788,urn:lsid:marinespecies.org:taxname:371788,https://airtable.com/tblLqtIyuwA7rbEC3/rech1ih1gSbXpQ1qv?blocks=bli5ItEhTDGAFc32p,Plantae,Viridiplantae,,Chlorophyta,Chlorophytina,,,Ulvophyceae,,,,,Ulvales,,,,,,,,Ulvaceae,,,,,Ulva,,Ulva californica,,Ulva,,rech1ih1gSbXpQ1qv,,Vancouver,
Ulva fenestrata,SPECIES,ACCEPTED,,211462,http://www.marinespecies.org/aphia.php?p=taxdetails&id=211462,https://www.marinespecies.org/rest/AphiaClassificationByAphiaID/211462,urn:lsid:marinespecies.org:taxname:211462,https://airtable.com/tblLqtIyuwA7rbEC3/recM6WGkuvmRvwDM7?blocks=bli5ItEhTDGAFc32p,Plantae,Viridiplantae,,Chlorophyta,Chlorophytina,,,Ulvophyceae,,,,,Ulvales,,,,,,,,Ulvaceae,,,,,Ulva,,Ulva fenestrata,,Ulva,,recM6WGkuvmRvwDM7,,Vancouver,
Ulva intestinalis,SPECIES,ACCEPTED,Gutweed,234471,http://www.marinespecies.org/aphia.php?p=taxdetails&id=234471,https://www.marinespecies.org/rest/AphiaClassificationByAphiaID/234471,urn:lsid:marinespecies.org:taxname:234471,https://airtable.com/tblLqtIyuwA7rbEC3/rec6rDq2u2ZrVra6K?blocks=bli5ItEhTDGAFc32p,Plantae,Viridiplantae,,Chlorophyta,Chlorophytina,,,Ulvophyceae,,,,,Ulvales,,,,,,,,Ulvaceae,,,,,Ulva,,Ulva intestinalis,,Ulva,"ulvi,ULVI",rec6rDq2u2ZrVra6K,PXL_20240509_210402534.jpg (https://v5.airtableusercontent.com/v3/u/33/33/1727985600000/uPfh8WQ9yClFecTtM2aVSQ/b2ZCIi7WturDqgWit6V-KrkDRRZ1lpuRME_1gzP01l8jtGmM0ZJgHcLME0ugZycQ26EJXQJV97Uf3PQmoFaG0YnWmzrdgRMyblEr2pJMIwXLayFgoyFNFMAsCO6DcRT_re_5HyLvQidHQBOvDf66eTam1Aqd-uIZ-oYHxCZkTnOdLfmxSCY6jcYs0y1GT5x0/kxltjcBfYXwBXRJaj-Zs-fx5kHXI08RhKYVGA1ot_PE),Vancouver,
Ulva lactuca,SPECIES,ACCEPTED,Sea lettuce,145984,http://www.marinespecies.org/aphia.php?p=taxdetails&id=145984,https://www.marinespecies.org/rest/AphiaClassificationByAphiaID/145984,urn:lsid:marinespecies.org:taxname:145984,https://airtable.com/tblLqtIyuwA7rbEC3/recwZWwpnI1Us4ITx?blocks=bli5ItEhTDGAFc32p,Plantae,Viridiplantae,,Chlorophyta,Chlorophytina,,,Ulvophyceae,,,,,Ulvales,,,,,,,,Ulvaceae,,,,,Ulva,,Ulva lactuca,,Ulva,ULLA,recwZWwpnI1Us4ITx,,,
Ulva linza,SPECIES,ACCEPTED,,234474,http://www.marinespecies.org/aphia.php?p=taxdetails&id=234474,https://www.marinespecies.org/rest/AphiaClassificationByAphiaID/234474,urn:lsid:marinespecies.org:taxname:234474,https://airtable.com/tblLqtIyuwA7rbEC3/recLpUCjydDKToYRB?blocks=bli5ItEhTDGAFc32p,Plantae,Viridiplantae,,Chlorophyta,Chlorophytina,,,Ulvophyceae,,,,,Ulvales,,,,,,,,Ulvaceae,,,,,Ulva,,Ulva linza,,Ulva,,recLpUCjydDKToYRB,,"Quadra,Vancouver",
Ulva prolifera,SPECIES,ACCEPTED,,234476,http://www.marinespecies.org/aphia.php?p=taxdetails&id=234476,https://www.marinespecies.org/rest/AphiaClassificationByAphiaID/234476,urn:lsid:marinespecies.org:taxname:234476,https://airtable.com/tblLqtIyuwA7rbEC3/recEvoWyNv7e8wGbH?blocks=bli5ItEhTDGAFc32p,Plantae,Viridiplantae,,Chlorophyta,Chlorophytina,,,Ulvophyceae,,,,,Ulvales,,,,,,,,Ulvaceae,,,,,Ulva,,Ulva prolifera,,Ulva,,recEvoWyNv7e8wGbH,,"Quadra,Vancouver",
Streptophyta,INFRAKINGDOM,ACCEPTED,,536191,http://www.marinespecies.org/aphia.php?p=taxdetails&id=536191,https://www.marinespecies.org/rest/AphiaClassificationByAphiaID/536191,urn:lsid:marinespecies.org:taxname:536191,https://airtable.com/tblLqtIyuwA7rbEC3/recnZNUzzaSL8Urpq?blocks=bli5ItEhTDGAFc32p,Plantae,Viridiplantae,Streptophyta,,,,,,,,,,,,,,,,,,,,,,,,,,,Viridiplantae,,recnZNUzzaSL8Urpq,,,
Tracheophyta,PHYLUM,ACCEPTED,,596326,http://www.marinespecies.org/aphia.php?p=taxdetails&id=596326,https://www.marinespecies.org/rest/AphiaClassificationByAphiaID/596326,urn:lsid:marinespecies.org:taxname:596326,https://airtable.com/tblLqtIyuwA7rbEC3/rec6x3SHjTYaWf1fZ?blocks=bli5ItEhTDGAFc32p,Plantae,Viridiplantae,Streptophyta,Tracheophyta,,,,,,,,,,,,,,,,,,,,,,,,,,Streptophyta,,rec6x3SHjTYaWf1fZ,,,
Spermatophytina,SUBPHYLUM,ACCEPTED,,596331,http://www.marinespecies.org/aphia.php?p=taxdetails&id=596331,https://www.marinespecies.org/rest/AphiaClassificationByAphiaID/596331,urn:lsid:marinespecies.org:taxname:596331,https://airtable.com/tblLqtIyuwA7rbEC3/recHGkd7E0Vztl2tr?blocks=bli5ItEhTDGAFc32p,Plantae,Viridiplantae,Streptophyta,Tracheophyta,Spermatophytina,,,,,,,,,,,,,,,,,,,,,,,,,Tracheophyta,,recHGkd7E0Vztl2tr,,,
Magnoliopsida,CLASS,ACCEPTED,,182757,http://www.marinespecies.org/aphia.php?p=taxdetails&id=182757,https://www.marinespecies.org/rest/AphiaClassificationByAphiaID/182757,urn:lsid:marinespecies.org:taxname:182757,https://airtable.com/tblLqtIyuwA7rbEC3/rec58n3wvA5zBl7YH?blocks=bli5ItEhTDGAFc32p,Plantae,Viridiplantae,Streptophyta,Tracheophyta,Spermatophytina,,,Magnoliopsida,,,,,,,,,,,,,,,,,,,,,,Streptophyta,,rec58n3wvA5zBl7YH,,,
Lilianae,SUPERORDER,ACCEPTED,,449895,http://www.marinespecies.org/aphia.php?p=taxdetails&id=449895,https://www.marinespecies.org/rest/AphiaClassificationByAphiaID/449895,urn:lsid:marinespecies.org:taxname:449895,https://airtable.com/tblLqtIyuwA7rbEC3/reclDE9wzVHvXgd0N?blocks=bli5ItEhTDGAFc32p,Plantae,Viridiplantae,Streptophyta,Tracheophyta,Spermatophytina,,,Magnoliopsida,,,,Lilianae,,,,,,,,,,,,,,,,,,Magnoliopsida,,reclDE9wzVHvXgd0N,,,
Alismatales,ORDER,ACCEPTED,,153491,http://www.marinespecies.org/aphia.php?p=taxdetails&id=153491,https://www.marinespecies.org/rest/AphiaClassificationByAphiaID/153491,urn:lsid:marinespecies.org:taxname:153491,https://airtable.com/tblLqtIyuwA7rbEC3/recSaW5uEfbiypJWC?blocks=bli5ItEhTDGAFc32p,Plantae,Viridiplantae,Streptophyta,Tracheophyta,Spermatophytina,,,Magnoliopsida,,,,Lilianae,Alismatales,,,,,,,,,,,,,,,,,Lilianae,,recSaW5uEfbiypJWC,,,
Cymodoceaceae,FAMILY,ACCEPTED,,143768,http://www.marinespecies.org/aphia.php?p=taxdetails&id=143768,https://www.marinespecies.org/rest/AphiaClassificationByAphiaID/143768,urn:lsid:marinespecies.org:taxname:143768,https://airtable.com/tblLqtIyuwA7rbEC3/recOGMSTAeE60Mj0H?blocks=bli5ItEhTDGAFc32p,Plantae,Viridiplantae,Streptophyta,Tracheophyta,Spermatophytina,,,Magnoliopsida,,,,Lilianae,Alismatales,,,,,,,,Cymodoceaceae,,,,,,,,,Alismatales,,recOGMSTAeE60Mj0H,,,
Phyllospadix,GENUS,ACCEPTED,Surfgrass,370041,http://www.marinespecies.org/aphia.php?p=taxdetails&id=370041,https://www.marinespecies.org/rest/AphiaClassificationByAphiaID/370041,urn:lsid:marinespecies.org:taxname:370041,https://airtable.com/tblLqtIyuwA7rbEC3/recyY2vQ9MmgaWpJt?blocks=bli5ItEhTDGAFc32p,Plantae,Viridiplantae,Streptophyta,Tracheophyta,Spermatophytina,,,Magnoliopsida,,,,Lilianae,Alismatales,,,,,,,,Cymodoceaceae,,,,,Phyllospadix,,,,Cymodoceaceae,"PHYL,PHYL",recyY2vQ9MmgaWpJt,,,PHYSPP
Phyllospadix scouleri,SPECIES,ACCEPTED,Scouler’s surfgrass,374707,http://www.marinespecies.org/aphia.php?p=taxdetails&id=374707,https://www.marinespecies.org/rest/AphiaClassificationByAphiaID/374707,urn:lsid:marinespecies.org:taxname:374707,https://airtable.com/tblLqtIyuwA7rbEC3/recZDcljvzHUKefUp?blocks=bli5ItEhTDGAFc32p,Plantae,Viridiplantae,Streptophyta,Tracheophyta,Spermatophytina,,,Magnoliopsida,,,,Lilianae,Alismatales,,,,,,,,Cymodoceaceae,,,,,Phyllospadix,,Phyllospadix scouleri,,Phyllospadix,"PHSC,phyc",recZDcljvzHUKefUp,,,
Phyllospadix serrulatus,SPECIES,ACCEPTED,Serrated surfgrass,374708,http://www.marinespecies.org/aphia.php?p=taxdetails&id=374708,https://www.marinespecies.org/rest/AphiaClassificationByAphiaID/374708,urn:lsid:marinespecies.org:taxname:374708,https://airtable.com/tblLqtIyuwA7rbEC3/recxtHqTcOYSleiAm?blocks=bli5ItEhTDGAFc32p,Plantae,Viridiplantae,Streptophyta,Tracheophyta,Spermatophytina,,,Magnoliopsida,,,,Lilianae,Alismatales,,,,,,,,Cymodoceaceae,,,,,Phyllospadix,,Phyllospadix serrulatus,,Phyllospadix,phys,recxtHqTcOYSleiAm,,,
Phyllospadix torreyi,SPECIES,ACCEPTED,Torrey’s surfgrass,374709,http://www.marinespecies.org/aphia.php?p=taxdetails&id=374709,https://www.marinespecies.org/rest/AphiaClassificationByAphiaID/374709,urn:lsid:marinespecies.org:taxname:374709,https://airtable.com/tblLqtIyuwA7rbEC3/rec2ohED5BgxS1SVY?blocks=bli5ItEhTDGAFc32p,Plantae,Viridiplantae,Streptophyta,Tracheophyta,Spermatophytina,,,Magnoliopsida,,,,Lilianae,Alismatales,,,,,,,,Cymodoceaceae,,,,,Phyllospadix,,Phyllospadix torreyi,,Phyllospadix,"PHYT,PHTO,phyt",rec2ohED5BgxS1SVY,,,
Zosteraceae,FAMILY,ACCEPTED,,143770,http://www.marinespecies.org/aphia.php?p=taxdetails&id=143770,https://www.marinespecies.org/rest/AphiaClassificationByAphiaID/143770,urn:lsid:marinespecies.org:taxname:143770,https://airtable.com/tblLqtIyuwA7rbEC3/recH2FhksUKsg65qy?blocks=bli5ItEhTDGAFc32p,Plantae,Viridiplantae,Streptophyta,Tracheophyta,Spermatophytina,,,Magnoliopsida,,,,Lilianae,Alismatales,,,,,,,,Zosteraceae,,,,,,,,,Alismatales,,recH2FhksUKsg65qy,,,
Zostera,GENUS,ACCEPTED,Seagrass,144233,http://www.marinespecies.org/aphia.php?p=taxdetails&id=144233,https://www.marinespecies.org/rest/AphiaClassificationByAphiaID/144233,urn:lsid:marinespecies.org:taxname:144233,https://airtable.com/tblLqtIyuwA7rbEC3/recUAlTmdE4mzqBjL?blocks=bli5ItEhTDGAFc32p,Plantae,Viridiplantae,Streptophyta,Tracheophyta,Spermatophytina,,,Magnoliopsida,,,,Lilianae,Alismatales,,,,,,,,Zosteraceae,,,,,Zostera,,,,Zosteraceae,zost,recUAlTmdE4mzqBjL,,,
Zostera marina,SPECIES,ALTERNATE REPRESENTATION,Seagrass,495077,http://www.marinespecies.org/aphia.php?p=taxdetails&id=495077,https://www.marinespecies.org/rest/AphiaClassificationByAphiaID/495077,urn:lsid:marinespecies.org:taxname:495077,https://airtable.com/tblLqtIyuwA7rbEC3/recwTKKonZTLKLrIk?blocks=bli5ItEhTDGAFc32p,Plantae,Viridiplantae,Streptophyta,Tracheophyta,Spermatophytina,,,Magnoliopsida,,,,Lilianae,Alismatales,,,,,,,,Zosteraceae,,,,,Zostera,,Zostera marina,,Zostera,"ZOSH,ZONB",recwTKKonZTLKLrIk,,"Quadra,Vancouver",